37.957229 0.331748
37.944283 0.331748
37.931338 0.331749
37.918392 0.331749
37.905446 0.331749
37.892500 0.331749
37.879554 0.331749
37.866608 0.331749
37.853663 0.331749
37.840717 0.331749
37.827771 0.331749
37.814825 0.331749
37.801879 0.331749
37.788933 0.331749
37.775987 0.331749
37.763042 0.331749
37.750096 0.331749
37.737150 0.331749
37.724204 0.331749
37.711258 0.331749
37.698312 0.331749
37.685366 0.331749
37.672421 0.331749
37.659475 0.331749
37.646529 0.331749
37.633583 0.331749
37.620637 0.331749
37.607691 0.331749
37.594746 0.331749
37.581800 0.331749
37.568854 0.331749
37.555908 0.331749
37.542962 0.331749
37.530016 0.331749
37.517070 0.331749
37.504125 0.331749
37.491179 0.331749
37.478233 0.331749
37.465287 0.331749
37.452341 0.331749
37.439395 0.331750
37.426450 0.331750
37.413504 0.331750
37.400558 0.331750
37.387612 0.331750
37.374666 0.331750
37.361720 0.331750
37.348774 0.331750
37.335829 0.331750
37.322883 0.331750
37.309937 0.331750
37.296991 0.331750
37.284045 0.331750
37.271099 0.331750
37.258153 0.331750
37.245208 0.331750
37.232262 0.331750
37.219316 0.331750
37.206370 0.331750
37.193424 0.331750
37.180478 0.331750
37.167533 0.331750
37.154587 0.331750
37.141641 0.331750
37.128695 0.331750
37.115749 0.331750
37.102803 0.331750
37.089857 0.331750
37.076912 0.331750
37.063966 0.331750
37.051020 0.331750
37.038074 0.331750
37.025128 0.331750
37.012182 0.331750
36.999236 0.331750
36.986291 0.331750
36.973345 0.331750
36.960399 0.331750
36.947453 0.331750
36.934507 0.331750
36.921561 0.331750
36.908616 0.331751
36.895670 0.331751
36.882724 0.331751
36.869778 0.331751
36.856832 0.331751
36.843886 0.331751
36.830940 0.331751
36.817995 0.331751
36.805049 0.331751
36.792103 0.331751
36.779157 0.331751
36.766211 0.331751
36.753265 0.331751
36.740320 0.331751
36.727374 0.331751
36.714428 0.331751
36.701482 0.331751
36.688536 0.331751
36.675590 0.331751
36.662644 0.331751
36.649699 0.331751
36.636753 0.331751
36.623807 0.331751
36.610861 0.331751
36.597915 0.331751
36.584969 0.331751
36.572023 0.331751
36.559078 0.331751
36.546132 0.331751
36.533186 0.331751
36.520240 0.331751
36.507294 0.331751
36.494348 0.331751
36.481403 0.331751
36.468457 0.331751
36.455511 0.331751
36.442565 0.331751
36.429619 0.331751
36.416673 0.331752
36.403727 0.331751
36.390782 0.331752
36.377836 0.331752
36.364890 0.331752
36.351944 0.331752
36.338998 0.331752
36.326052 0.331752
36.313107 0.331752
36.300161 0.331752
36.287215 0.331752
36.274269 0.331752
36.261323 0.331752
36.248377 0.331752
36.235431 0.331752
36.222486 0.331752
36.209540 0.331752
36.196594 0.331752
36.183648 0.331752
36.170702 0.331752
36.157756 0.331752
36.144810 0.331752
36.131865 0.331752
36.118919 0.331752
36.105973 0.331752
36.093027 0.331752
36.080081 0.331752
36.067135 0.331752
36.054190 0.331752
36.041244 0.331752
36.028298 0.331752
36.015352 0.331752
36.002406 0.331752
35.989460 0.331752
35.976514 0.331752
35.963569 0.331752
35.950623 0.331752
35.937677 0.331752
35.924731 0.331752
35.911785 0.331752
35.898839 0.331753
35.885893 0.331753
35.872948 0.331753
35.860002 0.331753
35.847056 0.331753
35.834110 0.331753
35.821164 0.331753
35.808218 0.331753
35.795273 0.331753
35.782327 0.331753
35.769381 0.331753
35.756435 0.331753
35.743489 0.331753
35.730543 0.331753
35.717597 0.331753
35.704652 0.331753
35.691706 0.331753
35.678760 0.331753
35.665814 0.331753
35.652868 0.331753
35.639922 0.331753
35.626977 0.331753
35.614031 0.331753
35.601085 0.331753
35.588139 0.331753
35.575193 0.331753
35.562247 0.331753
35.549301 0.331753
35.536356 0.331753
35.523410 0.331753
35.510464 0.331753
35.497518 0.331753
35.484572 0.331753
35.471626 0.331753
35.458680 0.331753
35.445735 0.331753
35.432789 0.331753
35.419843 0.331753
35.406897 0.331753
35.393951 0.331754
35.381005 0.331754
35.368060 0.331754
35.355114 0.331754
35.342168 0.331754
35.329222 0.331754
35.316276 0.331754
35.303330 0.331754
35.290384 0.331754
35.277439 0.331754
35.264493 0.331754
35.251547 0.331754
35.238601 0.331754
35.225655 0.331754
35.212709 0.331754
35.199763 0.331754
35.186818 0.331754
35.173872 0.331754
35.160926 0.331754
35.147980 0.331754
35.135034 0.331754
35.122088 0.331754
35.109143 0.331754
35.096197 0.331754
35.083251 0.331754
35.070305 0.331754
35.057359 0.331754
35.044413 0.331754
35.031467 0.331754
35.018522 0.331754
35.005576 0.331754
34.992630 0.331754
34.979684 0.331754
34.966738 0.331754
34.953792 0.331754
34.940847 0.331754
34.927901 0.331754
34.914955 0.331754
34.902009 0.331754
34.889063 0.331754
34.876117 0.331754
34.863171 0.331754
34.850226 0.331755
34.837280 0.331755
34.824334 0.331755
34.811388 0.331755
34.798442 0.331755
34.785496 0.331755
34.772550 0.331755
34.759605 0.331755
34.746659 0.331755
34.733713 0.331755
34.720767 0.331755
34.707821 0.331755
34.694875 0.331755
34.681930 0.331755
34.668984 0.331755
34.656038 0.331755
34.643092 0.331755
34.630146 0.331755
34.617200 0.331755
34.604254 0.331755
34.591309 0.331755
34.578363 0.331755
34.565417 0.331755
34.552471 0.331755
34.539525 0.331755
34.526579 0.331755
34.513633 0.331755
34.500688 0.331755
34.487742 0.331755
34.474796 0.331755
34.461850 0.331755
34.448904 0.331755
34.435958 0.331755
34.423013 0.331755
34.410067 0.331755
34.397121 0.331755
34.384175 0.331756
34.371229 0.331755
34.358283 0.331756
34.345337 0.331756
34.332392 0.331756
34.319446 0.331756
34.306500 0.331756
34.293554 0.331756
34.280608 0.331756
34.267662 0.331756
34.254717 0.331756
34.241771 0.331756
34.228825 0.331756
34.215879 0.331756
34.202933 0.331756
34.189987 0.331756
34.177041 0.331756
34.164096 0.331756
34.151150 0.331756
34.138204 0.331756
34.125258 0.331756
34.112312 0.331756
34.099366 0.331756
34.086420 0.331756
34.073475 0.331756
34.060529 0.331756
34.047583 0.331756
34.034637 0.331756
34.021691 0.331756
34.008745 0.331756
33.995800 0.331756
33.982854 0.331756
33.969908 0.331756
33.956962 0.331756
33.944016 0.331756
33.931070 0.331756
33.918124 0.331756
33.905179 0.331756
33.892233 0.331756
33.879287 0.331756
33.866341 0.331757
33.853395 0.331757
33.840449 0.331757
33.827503 0.331757
33.814558 0.331757
33.801612 0.331757
33.788666 0.331757
33.775720 0.331757
33.762774 0.331757
33.749828 0.331757
33.736883 0.331757
33.723937 0.331757
33.710991 0.331757
33.698045 0.331757
33.685099 0.331757
33.672153 0.331757
33.659207 0.331757
33.646262 0.331757
33.633316 0.331757
33.620370 0.331757
33.607424 0.331757
33.594478 0.331757
33.581532 0.331757
33.568587 0.331757
33.555641 0.331757
33.542695 0.331757
33.529749 0.331757
33.516803 0.331757
33.503857 0.331757
33.490911 0.331757
33.477966 0.331757
33.465020 0.331757
33.452074 0.331757
33.439128 0.331757
33.426182 0.331757
33.413236 0.331757
33.400290 0.331757
33.387345 0.331757
33.374399 0.331757
33.361453 0.331757
33.348507 0.331758
33.335561 0.331758
33.322615 0.331758
33.309670 0.331758
33.296724 0.331758
33.283778 0.331758
33.270832 0.331758
33.257886 0.331758
33.244940 0.331758
33.231994 0.331758
33.219049 0.331758
33.206103 0.331758
33.193157 0.331758
33.180211 0.331758
33.167265 0.331758
33.154319 0.331758
33.141373 0.331758
33.128428 0.331758
33.115482 0.331758
33.102536 0.331758
33.089590 0.331758
33.076644 0.331758
33.063698 0.331758
33.050753 0.331758
33.037807 0.331758
33.024861 0.331758
33.011915 0.331758
32.998969 0.331758
32.986023 0.331758
32.973077 0.331758
32.960132 0.331758
32.947186 0.331758
32.934240 0.331758
32.921294 0.331758
32.908348 0.331758
32.895402 0.331758
32.882457 0.331758
32.869511 0.331758
32.856565 0.331758
32.843619 0.331758
32.830673 0.331759
32.817727 0.331759
32.804781 0.331759
32.791836 0.331759
32.778890 0.331759
32.765944 0.331759
32.752998 0.331759
32.740052 0.331759
32.727106 0.331759
32.714160 0.331759
32.701215 0.331759
32.688269 0.331759
32.675323 0.331759
32.662377 0.331759
32.649431 0.331759
32.636485 0.331759
32.623540 0.331759
32.610594 0.331759
32.597648 0.331759
32.584702 0.331759
32.571756 0.331759
32.558810 0.331759
32.545864 0.331759
32.532919 0.331759
32.519973 0.331759
32.507027 0.331759
32.494081 0.331759
32.481135 0.331759
32.468189 0.331759
32.455243 0.331759
32.442298 0.331759
32.429352 0.331759
32.416406 0.331759
32.403460 0.331759
32.390514 0.331759
32.377568 0.331759
32.364623 0.331759
32.351677 0.331759
32.338731 0.331760
32.325785 0.331760
32.312839 0.331760
32.299893 0.331760
32.286947 0.331760
32.274002 0.331760
32.261056 0.331760
32.248110 0.331760
32.235164 0.331760
32.222218 0.331760
32.209272 0.331760
32.196327 0.331760
32.183381 0.331760
32.170435 0.331760
32.157489 0.331760
32.144543 0.331760
32.131597 0.331760
32.118651 0.331760
32.105706 0.331760
32.092760 0.331760
32.079814 0.331760
32.066868 0.331760
32.053922 0.331760
32.040976 0.331760
32.028030 0.331760
32.015085 0.331760
32.002139 0.331760
31.989193 0.331760
31.976247 0.331760
31.963301 0.331760
31.950355 0.331760
31.937410 0.331760
31.924464 0.331760
31.911518 0.331760
31.898572 0.331760
31.885626 0.331760
31.872680 0.331760
31.859734 0.331760
31.846789 0.331760
31.833843 0.331761
31.820897 0.331761
31.807951 0.331761
31.795005 0.331761
31.782059 0.331761
31.769113 0.331761
31.756168 0.331761
31.743222 0.331761
31.730276 0.331761
31.717330 0.331761
31.704384 0.331761
31.691438 0.331761
31.678493 0.331761
31.665547 0.331761
31.652601 0.331761
31.639655 0.331761
31.626709 0.331761
31.613763 0.331761
31.600817 0.331761
31.587872 0.331761
31.574926 0.331761
31.561980 0.331761
31.549034 0.331761
31.536088 0.331761
31.523142 0.331761
31.510197 0.331761
31.497251 0.331761
31.484305 0.331761
31.471359 0.331761
31.458413 0.331761
31.445467 0.331761
31.432521 0.331761
31.419576 0.331761
31.406630 0.331761
31.393684 0.331761
31.380738 0.331761
31.367792 0.331761
31.354846 0.331761
31.341900 0.331761
31.328955 0.331761
31.316009 0.331761
31.303063 0.331761
31.290117 0.331762
31.277171 0.331762
31.264225 0.331762
31.251280 0.331762
31.238334 0.331762
31.225388 0.331762
31.212442 0.331762
31.199496 0.331762
31.186550 0.331762
31.173604 0.331762
31.160659 0.331762
31.147713 0.331762
31.134767 0.331762
31.121821 0.331762
31.108875 0.331762
31.095929 0.331762
31.082983 0.331762
31.070038 0.331762
31.057092 0.331762
31.044146 0.331762
31.031200 0.331762
31.018254 0.331762
31.005308 0.331762
30.992363 0.331762
30.979417 0.331762
30.966471 0.331762
30.953525 0.331762
30.940579 0.331762
30.927633 0.331762
30.914687 0.331762
30.901742 0.331762
30.888796 0.331762
30.875850 0.331762
30.862904 0.331762
30.849958 0.331762
30.837012 0.331762
30.824067 0.331762
30.811121 0.331762
30.798175 0.331763
30.785229 0.331763
30.772283 0.331763
30.759337 0.331763
30.746391 0.331763
30.733446 0.331763
30.720500 0.331763
30.707554 0.331763
30.694608 0.331763
30.681662 0.331763
30.668716 0.331763
30.655770 0.331763
30.642825 0.331763
30.629879 0.331763
30.616933 0.331763
30.603987 0.331763
30.591041 0.331763
30.578095 0.331763
30.565150 0.331763
30.552204 0.331763
30.539258 0.331763
30.526312 0.331763
30.513366 0.331763
30.500420 0.331763
30.487474 0.331763
30.474529 0.331763
30.461583 0.331763
30.448637 0.331763
30.435691 0.331763
30.422745 0.331763
30.409799 0.331763
30.396853 0.331763
30.383908 0.331763
30.370962 0.331763
30.358016 0.331763
30.345070 0.331763
30.332124 0.331763
30.319178 0.331763
30.306233 0.331764
30.293287 0.331764
30.280341 0.331764
30.267395 0.331764
30.254449 0.331764
30.241503 0.331764
30.228557 0.331764
30.215612 0.331764
30.202666 0.331764
30.189720 0.331764
30.176774 0.331764
30.163828 0.331764
30.150882 0.331764
30.137937 0.331764
30.124991 0.331764
30.112045 0.331764
30.099099 0.331764
30.086153 0.331764
30.073207 0.331764
30.060261 0.331764
30.047316 0.331764
30.034370 0.331764
30.021424 0.331764
30.008478 0.331764
29.995532 0.331764
29.982586 0.331764
29.969640 0.331764
29.956695 0.331764
29.943749 0.331764
29.930803 0.331764
29.917857 0.331764
29.904911 0.331764
29.891965 0.331764
29.879020 0.331764
29.866074 0.331764
29.853128 0.331764
29.840182 0.331764
29.827236 0.331764
29.814290 0.331764
29.801344 0.331764
29.788399 0.331765
29.775453 0.331765
29.762507 0.331765
29.749561 0.331765
29.736615 0.331765
29.723669 0.331765
29.710724 0.331765
29.697778 0.331765
29.684832 0.331765
29.671886 0.331765
29.658940 0.331765
29.645994 0.331765
29.633048 0.331765
29.620103 0.331765
29.607157 0.331765
29.594211 0.331765
29.581265 0.331765
29.568319 0.331765
29.555373 0.331765
29.542427 0.331765
29.529482 0.331765
29.516536 0.331765
29.503590 0.331765
29.490644 0.331765
29.477698 0.331765
29.464752 0.331765
29.451807 0.331765
29.438861 0.331765
29.425915 0.331765
29.412969 0.331765
29.400023 0.331765
29.387077 0.331765
29.374131 0.331765
29.361186 0.331765
29.348240 0.331765
29.335294 0.331765
29.322348 0.331765
29.309402 0.331765
29.296456 0.331765
29.283510 0.331766
29.270565 0.331766
29.257619 0.331766
29.244673 0.331766
29.231727 0.331766
29.218781 0.331766
29.205835 0.331766
29.192890 0.331766
29.179944 0.331766
29.166998 0.331766
29.154052 0.331766
29.141106 0.331766
29.128160 0.331766
29.115214 0.331766
29.102269 0.331766
29.089323 0.331766
29.076377 0.331766
29.063431 0.331766
29.050485 0.331766
29.037539 0.331766
29.024594 0.331766
29.011648 0.331766
28.998702 0.331766
28.985756 0.331766
28.972810 0.331766
28.959864 0.331766
28.946918 0.331766
28.933973 0.331766
28.921027 0.331766
28.908081 0.331766
28.895135 0.331766
28.882189 0.331766
28.869243 0.331766
28.856297 0.331766
28.843352 0.331766
28.830406 0.331766
28.817460 0.331766
28.804514 0.331766
28.791568 0.331766
28.778622 0.331766
28.765677 0.331767
28.752731 0.331767
28.739785 0.331767
28.726839 0.331767
28.713893 0.331767
28.700947 0.331767
28.688001 0.331767
28.675056 0.331767
28.662110 0.331767
28.649164 0.331767
28.636218 0.331767
28.623272 0.331767
28.610326 0.331767
28.597380 0.331767
28.584435 0.331767
28.571489 0.331767
28.558543 0.331767
28.545597 0.331767
28.532651 0.331767
28.519705 0.331767
28.506760 0.331767
28.493814 0.331767
28.480868 0.331767
28.467922 0.331767
28.454976 0.331767
28.442030 0.331767
28.429084 0.331767
28.416139 0.331767
28.403193 0.331767
28.390247 0.331767
28.377301 0.331767
28.364355 0.331767
28.351409 0.331767
28.338464 0.331767
28.325518 0.331767
28.312572 0.331767
28.299626 0.331767
28.286680 0.331768
28.273734 0.331768
28.260788 0.331768
28.247843 0.331768
28.234897 0.331768
28.221951 0.331768
28.209005 0.331768
28.196059 0.331768
28.183113 0.331768
28.170167 0.331768
28.157222 0.331768
28.144276 0.331768
28.131330 0.331768
28.118384 0.331768
28.105438 0.331768
28.092492 0.331768
28.079547 0.331768
28.066601 0.331768
28.053655 0.331768
28.040709 0.331768
28.027763 0.331768
28.014817 0.331768
28.001871 0.331768
27.988926 0.331768
27.975980 0.331768
27.963034 0.331768
27.950088 0.331768
27.937142 0.331768
27.924196 0.331768
27.911250 0.331768
27.898305 0.331768
27.885359 0.331768
27.872413 0.331768
27.859467 0.331768
27.846521 0.331768
27.833575 0.331768
27.820630 0.331768
27.807684 0.331768
27.794738 0.331768
27.781792 0.331768
27.768846 0.331768
27.755900 0.331768
27.742954 0.331769
27.730009 0.331769
27.717063 0.331769
27.704117 0.331769
27.691171 0.331769
27.678225 0.331769
27.665279 0.331769
27.652334 0.331769
27.639388 0.331769
27.626442 0.331769
27.613496 0.331769
27.600550 0.331769
27.587604 0.331769
27.574658 0.331769
27.561713 0.331769
27.548767 0.331769
27.535821 0.331769
27.522875 0.331769
27.509929 0.331769
27.496983 0.331769
27.484037 0.331769
27.471092 0.331769
27.458146 0.331769
27.445200 0.331769
27.432254 0.331769
27.419308 0.331769
27.406362 0.331769
27.393417 0.331769
27.380471 0.331769
27.367525 0.331769
27.354579 0.331769
27.341633 0.331769
27.328687 0.331769
27.315741 0.331769
27.302796 0.331769
27.289850 0.331769
27.276904 0.331769
27.263958 0.331769
27.251012 0.331770
27.238066 0.331770
27.225120 0.331770
27.212175 0.331770
27.199229 0.331770
27.186283 0.331770
27.173337 0.331770
27.160391 0.331770
27.147445 0.331770
27.134500 0.331770
27.121554 0.331770
27.108608 0.331770
27.095662 0.331770
27.082716 0.331770
27.069770 0.331770
27.056824 0.331770
27.043879 0.331770
27.030933 0.331770
27.017987 0.331770
27.005041 0.331770
26.992095 0.331770
26.979149 0.331770
26.966204 0.331770
26.953258 0.331770
26.940312 0.331770
26.927366 0.331770
26.914420 0.331770
26.901474 0.331770
26.888528 0.331770
26.875583 0.331770
26.862637 0.331770
26.849691 0.331770
26.836745 0.331770
26.823799 0.331770
26.810853 0.331770
26.797907 0.331770
26.784962 0.331770
26.772016 0.331770
26.759070 0.331770
26.746124 0.331770
26.733178 0.331771
26.720232 0.331771
26.707287 0.331771
26.694341 0.331771
26.681395 0.331771
26.668449 0.331771
26.655503 0.331771
26.642557 0.331771
26.629611 0.331771
26.616666 0.331771
26.603720 0.331771
26.590774 0.331771
26.577828 0.331771
26.564882 0.331771
26.551936 0.331771
26.538990 0.331771
26.526045 0.331771
26.513099 0.331771
26.500153 0.331771
26.487207 0.331771
26.474261 0.331771
26.461315 0.331771
26.448370 0.331771
26.435424 0.331771
26.422478 0.331771
26.409532 0.331771
26.396586 0.331771
26.383640 0.331771
26.370694 0.331771
26.357749 0.331771
26.344803 0.331771
26.331857 0.331771
26.318911 0.331771
26.305965 0.331771
26.293019 0.331771
26.280074 0.331771
26.267128 0.331771
26.254182 0.331771
26.241236 0.331772
26.228290 0.331772
26.215344 0.331772
26.202398 0.331772
26.189453 0.331772
26.176507 0.331772
26.163561 0.331772
26.150615 0.331772
26.137669 0.331772
26.124723 0.331772
26.111777 0.331772
26.098832 0.331772
26.085886 0.331772
26.072940 0.331772
26.059994 0.331772
26.047048 0.331772
26.034102 0.331772
26.021157 0.331772
26.008211 0.331772
25.995265 0.331772
25.982319 0.331772
25.969373 0.331772
25.956427 0.331772
25.943481 0.331772
25.930536 0.331772
25.917590 0.331772
25.904644 0.331772
25.891698 0.331772
25.878752 0.331772
25.865806 0.331772
25.852860 0.331772
25.839915 0.331772
25.826969 0.331772
25.814023 0.331772
25.801077 0.331772
25.788131 0.331772
25.775185 0.331772
25.762240 0.331772
25.749294 0.331772
25.736348 0.331772
25.723402 0.331772
25.710456 0.331773
25.697510 0.331773
25.684564 0.331773
25.671619 0.331773
25.658673 0.331773
25.645727 0.331773
25.632781 0.331773
25.619835 0.331773
25.606889 0.331773
25.593944 0.331773
25.580998 0.331773
25.568052 0.331773
25.555106 0.331773
25.542160 0.331773
25.529214 0.331773
25.516268 0.331773
25.503323 0.331773
25.490377 0.331773
25.477431 0.331773
25.464485 0.331773
25.451539 0.331773
25.438593 0.331773
25.425647 0.331773
25.412702 0.331773
25.399756 0.331773
25.386810 0.331773
25.373864 0.331773
25.360918 0.331773
25.347972 0.331773
25.335027 0.331773
25.322081 0.331773
25.309135 0.331773
25.296189 0.331773
25.283243 0.331773
25.270297 0.331773
25.257351 0.331773
25.244406 0.331773
25.231460 0.331773
25.218514 0.331774
25.205568 0.331774
25.192622 0.331774
25.179676 0.331774
25.166730 0.331774
25.153785 0.331774
25.140839 0.331774
25.127893 0.331774
25.114947 0.331774
25.102001 0.331774
25.089055 0.331774
25.076110 0.331774
25.063164 0.331774
25.050218 0.331774
25.037272 0.331774
25.024326 0.331774
25.011380 0.331774
24.998434 0.331774
24.985489 0.331774
24.972543 0.331774
24.959597 0.331774
24.946651 0.331774
24.933705 0.331774
24.920759 0.331774
24.907814 0.331774
24.894868 0.331774
24.881922 0.331774
24.868976 0.331774
24.856030 0.331774
24.843084 0.331774
24.830138 0.331774
24.817193 0.331774
24.804247 0.331774
24.791301 0.331774
24.778355 0.331774
24.765409 0.331774
24.752463 0.331774
24.739517 0.331774
24.726572 0.331775
24.713626 0.331774
24.700680 0.331775
24.687734 0.331775
24.674788 0.331775
24.661842 0.331775
24.648897 0.331775
24.635951 0.331775
24.623005 0.331775
24.610059 0.331775
24.597113 0.331775
24.584167 0.331775
24.571221 0.331775
24.558276 0.331775
24.545330 0.331775
24.532384 0.331775
24.519438 0.331775
24.506492 0.331775
24.493546 0.331775
24.480600 0.331775
24.467655 0.331775
24.454709 0.331775
24.441763 0.331775
24.428817 0.331775
24.415871 0.331775
24.402925 0.331775
24.389980 0.331775
24.377034 0.331775
24.364088 0.331775
24.351142 0.331775
24.338196 0.331775
24.325250 0.331775
24.312304 0.331775
24.299359 0.331775
24.286413 0.331775
24.273467 0.331775
24.260521 0.331775
24.247575 0.331775
24.234629 0.331775
24.221684 0.331775
24.208738 0.331775
24.195792 0.331775
24.182846 0.331776
24.169900 0.331776
24.156954 0.331776
24.144008 0.331776
24.131063 0.331776
24.118117 0.331776
24.105171 0.331776
24.092225 0.331776
24.079279 0.331776
24.066333 0.331776
24.053387 0.331776
24.040442 0.331776
24.027496 0.331776
24.014550 0.331776
24.001604 0.331776
23.988658 0.331776
23.975712 0.331776
23.962767 0.331776
23.949821 0.331776
23.936875 0.331776
23.923929 0.331776
23.910983 0.331776
23.898037 0.331776
23.885091 0.331776
23.872146 0.331776
23.859200 0.331776
23.846254 0.331776
23.833308 0.331776
23.820362 0.331776
23.807416 0.331776
23.794471 0.331776
23.781525 0.331776
23.768579 0.331776
23.755633 0.331776
23.742687 0.331776
23.729741 0.331776
23.716795 0.331776
23.703850 0.331776
23.690904 0.331777
23.677958 0.331777
23.665012 0.331777
23.652066 0.331777
23.639120 0.331777
23.626174 0.331777
23.613229 0.331777
23.600283 0.331777
23.587337 0.331777
23.574391 0.331777
23.561445 0.331777
23.548499 0.331777
23.535554 0.331777
23.522608 0.331777
23.509662 0.331777
23.496716 0.331777
23.483770 0.331777
23.470824 0.331777
23.457878 0.331777
23.444933 0.331777
23.431987 0.331777
23.419041 0.331777
23.406095 0.331777
23.393149 0.331777
23.380203 0.331777
23.367257 0.331777
23.354312 0.331777
23.341366 0.331777
23.328420 0.331777
23.315474 0.331777
23.302528 0.331777
23.289582 0.331777
23.276637 0.331777
23.263691 0.331777
23.250745 0.331777
23.237799 0.331777
23.224853 0.331777
23.211907 0.331777
23.198961 0.331777
23.186016 0.331777
23.173070 0.331778
23.160124 0.331778
23.147178 0.331778
23.134232 0.331778
23.121286 0.331778
23.108341 0.331778
23.095395 0.331778
23.082449 0.331778
23.069503 0.331778
23.056557 0.331778
23.043611 0.331778
23.030665 0.331778
23.017720 0.331778
23.004774 0.331778
22.991828 0.331778
22.978882 0.331778
22.965936 0.331778
22.952990 0.331778
22.940044 0.331778
22.927099 0.331778
22.914153 0.331778
22.901207 0.331778
22.888261 0.331778
22.875315 0.331778
22.862369 0.331778
22.849424 0.331778
22.836478 0.331778
22.823532 0.331778
22.810586 0.331778
22.797640 0.331778
22.784694 0.331778
22.771748 0.331778
22.758803 0.331778
22.745857 0.331778
22.732911 0.331778
22.719965 0.331778
22.707019 0.331778
22.694073 0.331779
22.681127 0.331779
22.668182 0.331779
22.655236 0.331779
22.642290 0.331779
22.629344 0.331779
22.616398 0.331779
22.603452 0.331779
22.590507 0.331779
22.577561 0.331779
22.564615 0.331779
22.551669 0.331779
22.538723 0.331779
22.525777 0.331779
22.512831 0.331779
22.499886 0.331779
22.486940 0.331779
22.473994 0.331779
22.461048 0.331779
22.448102 0.331779
22.435156 0.331779
22.422211 0.331779
22.409265 0.331779
22.396319 0.331779
22.383373 0.331779
22.370427 0.331779
22.357481 0.331779
22.344535 0.331779
22.331590 0.331779
22.318644 0.331779
22.305698 0.331779
22.292752 0.331779
22.279806 0.331779
22.266860 0.331779
22.253914 0.331779
22.240969 0.331779
22.228023 0.331779
22.215077 0.331779
22.202131 0.331779
22.189185 0.331779
22.176239 0.331779
22.163294 0.331779
22.150348 0.331780
22.137402 0.331780
22.124456 0.331780
22.111510 0.331780
22.098564 0.331780
22.085618 0.331780
22.072673 0.331780
22.059727 0.331780
22.046781 0.331780
22.033835 0.331780
22.020889 0.331780
22.007943 0.331780
21.994997 0.331780
21.982052 0.331780
21.969106 0.331780
21.956160 0.331780
21.943214 0.331780
21.930268 0.331780
21.917322 0.331780
21.904377 0.331780
21.891431 0.331780
21.878485 0.331780
21.865539 0.331780
21.852593 0.331780
21.839647 0.331780
21.826701 0.331780
21.813756 0.331780
21.800810 0.331780
21.787864 0.331780
21.774918 0.331780
21.761972 0.331780
21.749026 0.331780
21.736081 0.331780
21.723135 0.331780
21.710189 0.331780
21.697243 0.331780
21.684297 0.331780
21.671351 0.331780
21.658405 0.331781
21.645460 0.331781
21.632514 0.331781
21.619568 0.331781
21.606622 0.331781
21.593676 0.331781
21.580730 0.331781
21.567784 0.331781
21.554839 0.331781
21.541893 0.331781
21.528947 0.331781
21.516001 0.331781
21.503055 0.331781
21.490109 0.331781
21.477164 0.331781
21.464218 0.331781
21.451272 0.331781
21.438326 0.331781
21.425380 0.331781
21.412434 0.331781
21.399488 0.331781
21.386543 0.331781
21.373597 0.331781
21.360651 0.331781
21.347705 0.331781
21.334759 0.331781
21.321813 0.331781
21.308867 0.331781
21.295922 0.331781
21.282976 0.331781
21.270030 0.331781
21.257084 0.331781
21.244138 0.331781
21.231192 0.331781
21.218247 0.331781
21.205301 0.331781
21.192355 0.331781
21.179409 0.331781
21.166463 0.331781
21.153517 0.331781
21.140571 0.331782
21.127626 0.331782
21.114680 0.331782
21.101734 0.331782
21.088788 0.331782
21.075842 0.331782
21.062896 0.331782
21.049951 0.331782
21.037005 0.331782
21.024059 0.331782
21.011113 0.331782
20.998167 0.331782
20.985221 0.331782
20.972275 0.331782
20.959330 0.331782
20.946384 0.331782
20.933438 0.331782
20.920492 0.331782
20.907546 0.331782
20.894600 0.331782
20.881654 0.331782
20.868709 0.331782
20.855763 0.331782
20.842817 0.331782
20.829871 0.331782
20.816925 0.331782
20.803979 0.331782
20.791034 0.331782
20.778088 0.331782
20.765142 0.331782
20.752196 0.331782
20.739250 0.331782
20.726304 0.331782
20.713358 0.331782
20.700413 0.331782
20.687467 0.331782
20.674521 0.331782
20.661575 0.331782
20.648629 0.331782
20.635683 0.331783
20.622737 0.331783
20.609792 0.331783
20.596846 0.331783
20.583900 0.331783
20.570954 0.331783
20.558008 0.331783
20.545062 0.331783
20.532117 0.331783
20.519171 0.331783
20.506225 0.331783
20.493279 0.331783
20.480333 0.331783
20.467387 0.331783
20.454441 0.331783
20.441496 0.331783
20.428550 0.331783
20.415604 0.331783
20.402658 0.331783
20.389712 0.331783
20.376766 0.331783
20.363821 0.331783
20.350875 0.331783
20.337929 0.331783
20.324983 0.331783
20.312037 0.331784
20.299091 0.331784
20.286145 0.331784
20.273200 0.331784
20.260254 0.331785
20.247308 0.331786
20.234362 0.331787
20.221416 0.331789
20.208470 0.331791
20.195524 0.331795
20.182579 0.331800
20.169633 0.331806
20.156687 0.331816
20.143741 0.331828
20.130795 0.331846
20.117849 0.331869
20.104904 0.331900
20.091958 0.331942
20.079012 0.331997
20.066066 0.332069
20.053120 0.332164
20.040174 0.332287
20.027228 0.332445
20.014283 0.332648
20.001337 0.332905
19.988391 0.333229
19.975445 0.333636
19.962499 0.334142
19.949553 0.334766
19.936607 0.335533
19.923662 0.336466
19.910716 0.337595
19.897770 0.338950
19.884824 0.340564
19.871878 0.342474
19.858932 0.344716
19.845987 0.347329
19.833041 0.350351
19.820095 0.353818
19.807149 0.357766
19.794203 0.362225
19.781257 0.367222
19.768311 0.372777
19.755366 0.378899
19.742420 0.385592
19.729474 0.392847
19.716528 0.400642
19.703582 0.408945
19.690636 0.417710
19.677691 0.426878
19.664745 0.436377
19.651799 0.446126
19.638853 0.456031
19.625907 0.465991
19.612961 0.475899
19.600015 0.485641
19.587070 0.495104
19.574124 0.504173
19.561178 0.512737
19.548232 0.520687
19.535286 0.527923
19.522340 0.534353
19.509394 0.539894
19.496449 0.544475
19.483503 0.548038
19.470557 0.550535
19.457611 0.551936
19.444665 0.552222
19.431719 0.551390
19.418774 0.549450
19.405828 0.546427
19.392882 0.542361
19.379936 0.537303
19.366990 0.531319
19.354044 0.524486
19.341098 0.516890
19.328153 0.508629
19.315207 0.499807
19.302261 0.490533
19.289315 0.480922
19.276369 0.471086
19.263423 0.461141
19.250477 0.451196
19.237532 0.441356
19.224586 0.431719
19.211640 0.422372
19.198694 0.413393
19.185748 0.404846
19.172802 0.396785
19.159857 0.389250
19.146911 0.382266
19.133965 0.375850
19.121019 0.370004
19.108073 0.364723
19.095127 0.359990
19.082181 0.355782
19.069236 0.352072
19.056290 0.348826
19.043344 0.346008
19.030398 0.343580
19.017452 0.341504
19.004506 0.339743
18.991561 0.338259
18.978615 0.337018
18.965669 0.335989
18.952723 0.335140
18.939777 0.334446
18.926831 0.333882
18.913885 0.333427
18.900940 0.333063
18.887994 0.332773
18.875048 0.332544
18.862102 0.332365
18.849156 0.332225
18.836210 0.332117
18.823264 0.332034
18.810319 0.331970
18.797373 0.331922
18.784427 0.331886
18.771481 0.331859
18.758535 0.331839
18.745589 0.331824
18.732644 0.331813
18.719698 0.331806
18.706752 0.331800
18.693806 0.331796
18.680860 0.331793
18.667914 0.331791
18.654968 0.331790
18.642023 0.331789
18.629077 0.331788
18.616131 0.331787
18.603185 0.331787
18.590239 0.331787
18.577293 0.331787
18.564347 0.331787
18.551402 0.331787
18.538456 0.331787
18.525510 0.331787
18.512564 0.331787
18.499618 0.331787
18.486672 0.331787
18.473727 0.331787
18.460781 0.331787
18.447835 0.331787
18.434889 0.331787
18.421943 0.331787
18.408997 0.331787
18.396051 0.331787
18.383106 0.331787
18.370160 0.331787
18.357214 0.331787
18.344268 0.331787
18.331322 0.331787
18.318376 0.331787
18.305431 0.331787
18.292485 0.331787
18.279539 0.331787
18.266593 0.331787
18.253647 0.331787
18.240701 0.331787
18.227755 0.331787
18.214810 0.331787
18.201864 0.331787
18.188918 0.331787
18.175972 0.331787
18.163026 0.331787
18.150080 0.331787
18.137134 0.331787
18.124189 0.331787
18.111243 0.331787
18.098297 0.331788
18.085351 0.331788
18.072405 0.331788
18.059459 0.331788
18.046514 0.331788
18.033568 0.331788
18.020622 0.331788
18.007676 0.331788
17.994730 0.331788
17.981784 0.331788
17.968838 0.331788
17.955893 0.331788
17.942947 0.331788
17.930001 0.331788
17.917055 0.331788
17.904109 0.331788
17.891163 0.331788
17.878218 0.331788
17.865272 0.331788
17.852326 0.331788
17.839380 0.331788
17.826434 0.331788
17.813488 0.331788
17.800542 0.331788
17.787597 0.331788
17.774651 0.331788
17.761705 0.331788
17.748759 0.331788
17.735813 0.331788
17.722867 0.331788
17.709921 0.331788
17.696976 0.331788
17.684030 0.331788
17.671084 0.331788
17.658138 0.331788
17.645192 0.331788
17.632246 0.331788
17.619301 0.331788
17.606355 0.331788
17.593409 0.331789
17.580463 0.331789
17.567517 0.331789
17.554571 0.331789
17.541625 0.331789
17.528680 0.331789
17.515734 0.331789
17.502788 0.331789
17.489842 0.331789
17.476896 0.331789
17.463950 0.331789
17.451004 0.331789
17.438059 0.331789
17.425113 0.331789
17.412167 0.331789
17.399221 0.331789
17.386275 0.331789
17.373329 0.331789
17.360384 0.331789
17.347438 0.331789
17.334492 0.331789
17.321546 0.331789
17.308600 0.331789
17.295654 0.331789
17.282708 0.331789
17.269763 0.331789
17.256817 0.331789
17.243871 0.331789
17.230925 0.331789
17.217979 0.331789
17.205033 0.331789
17.192088 0.331789
17.179142 0.331789
17.166196 0.331789
17.153250 0.331789
17.140304 0.331789
17.127358 0.331789
17.114412 0.331789
17.101467 0.331789
17.088521 0.331789
17.075575 0.331790
17.062629 0.331790
17.049683 0.331790
17.036737 0.331790
17.023791 0.331790
17.010846 0.331790
16.997900 0.331790
16.984954 0.331790
16.972008 0.331790
16.959062 0.331790
16.946116 0.331790
16.933171 0.331790
16.920225 0.331790
16.907279 0.331790
16.894333 0.331790
16.881387 0.331790
16.868441 0.331790
16.855495 0.331790
16.842550 0.331790
16.829604 0.331790
16.816658 0.331790
16.803712 0.331790
16.790766 0.331790
16.777820 0.331790
16.764874 0.331790
16.751929 0.331790
16.738983 0.331790
16.726037 0.331790
16.713091 0.331790
16.700145 0.331790
16.687199 0.331790
16.674254 0.331790
16.661308 0.331790
16.648362 0.331790
16.635416 0.331790
16.622470 0.331790
16.609524 0.331790
16.596578 0.331790
16.583633 0.331790
16.570687 0.331791
16.557741 0.331791
16.544795 0.331791
16.531849 0.331791
16.518903 0.331791
16.505958 0.331791
16.493012 0.331791
16.480066 0.331791
16.467120 0.331791
16.454174 0.331791
16.441228 0.331791
16.428282 0.331791
16.415337 0.331791
16.402391 0.331791
16.389445 0.331791
16.376499 0.331791
16.363553 0.331791
16.350607 0.331791
16.337661 0.331791
16.324716 0.331791
16.311770 0.331791
16.298824 0.331791
16.285878 0.331791
16.272932 0.331791
16.259986 0.331791
16.247041 0.331791
16.234095 0.331791
16.221149 0.331791
16.208203 0.331791
16.195257 0.331791
16.182311 0.331791
16.169365 0.331791
16.156420 0.331791
16.143474 0.331791
16.130528 0.331791
16.117582 0.331791
16.104636 0.331791
16.091690 0.331791
16.078744 0.331791
16.065799 0.331792
16.052853 0.331792
16.039907 0.331792
16.026961 0.331792
16.014015 0.331792
16.001069 0.331792
15.988124 0.331792
15.975178 0.331792
15.962232 0.331792
15.949286 0.331792
15.936340 0.331792
15.923394 0.331792
15.910448 0.331792
15.897503 0.331792
15.884557 0.331792
15.871611 0.331792
15.858665 0.331792
15.845719 0.331792
15.832773 0.331792
15.819828 0.331792
15.806882 0.331792
15.793936 0.331792
15.780990 0.331792
15.768044 0.331792
15.755098 0.331792
15.742152 0.331792
15.729207 0.331792
15.716261 0.331792
15.703315 0.331792
15.690369 0.331792
15.677423 0.331792
15.664477 0.331792
15.651531 0.331792
15.638586 0.331792
15.625640 0.331792
15.612694 0.331792
15.599748 0.331792
15.586802 0.331792
15.573856 0.331792
15.560911 0.331793
15.547965 0.331793
15.535019 0.331793
15.522073 0.331793
15.509127 0.331793
15.496181 0.331793
15.483235 0.331793
15.470290 0.331793
15.457344 0.331793
15.444398 0.331793
15.431452 0.331793
15.418506 0.331793
15.405560 0.331793
15.392614 0.331793
15.379669 0.331793
15.366723 0.331793
15.353777 0.331793
15.340831 0.331793
15.327885 0.331793
15.314939 0.331793
15.301994 0.331793
15.289048 0.331793
15.276102 0.331793
15.263156 0.331793
15.250210 0.331793
15.237264 0.331793
15.224318 0.331793
15.211373 0.331793
15.198427 0.331793
15.185481 0.331793
15.172535 0.331793
15.159589 0.331793
15.146643 0.331793
15.133698 0.331793
15.120752 0.331793
15.107806 0.331793
15.094860 0.331793
15.081914 0.331793
15.068968 0.331793
15.056022 0.331793
15.043077 0.331794
15.030131 0.331794
15.017185 0.331794
15.004239 0.331794
14.991293 0.331794
14.978347 0.331794
14.965401 0.331794
14.952456 0.331794
14.939510 0.331794
14.926564 0.331794
14.913618 0.331794
14.900672 0.331794
14.887726 0.331794
14.874781 0.331794
14.861835 0.331794
14.848889 0.331794
14.835943 0.331794
14.822997 0.331794
14.810051 0.331794
14.797105 0.331794
14.784160 0.331794
14.771214 0.331794
14.758268 0.331794
14.745322 0.331794
14.732376 0.331794
14.719430 0.331794
14.706484 0.331794
14.693539 0.331794
14.680593 0.331794
14.667647 0.331794
14.654701 0.331794
14.641755 0.331794
14.628809 0.331794
14.615864 0.331794
14.602918 0.331794
14.589972 0.331794
14.577026 0.331794
14.564080 0.331794
14.551134 0.331794
14.538188 0.331795
14.525243 0.331795
14.512297 0.331795
14.499351 0.331795
14.486405 0.331795
14.473459 0.331795
14.460513 0.331795
14.447568 0.331795
14.434622 0.331795
14.421676 0.331795
14.408730 0.331795
14.395784 0.331795
14.382838 0.331795
14.369892 0.331795
14.356947 0.331795
14.344001 0.331795
14.331055 0.331795
14.318109 0.331795
14.305163 0.331795
14.292217 0.331795
14.279271 0.331795
14.266326 0.331795
14.253380 0.331795
14.240434 0.331795
14.227488 0.331795
14.214542 0.331795
14.201596 0.331795
14.188651 0.331795
14.175705 0.331795
14.162759 0.331795
14.149813 0.331795
14.136867 0.331795
14.123921 0.331795
14.110975 0.331795
14.098030 0.331795
14.085084 0.331795
14.072138 0.331795
14.059192 0.331795
14.046246 0.331795
14.033300 0.331796
14.020354 0.331796
14.007409 0.331796
13.994463 0.331796
13.981517 0.331796
13.968571 0.331796
13.955625 0.331796
13.942679 0.331796
13.929734 0.331796
13.916788 0.331796
13.903842 0.331796
13.890896 0.331796
13.877950 0.331796
13.865004 0.331796
13.852058 0.331796
13.839113 0.331796
13.826167 0.331796
13.813221 0.331796
13.800275 0.331796
13.787329 0.331796
13.774383 0.331796
13.761438 0.331796
13.748492 0.331796
13.735546 0.331796
13.722600 0.331796
13.709654 0.331796
13.696708 0.331796
13.683762 0.331796
13.670817 0.331796
13.657871 0.331796
13.644925 0.331796
13.631979 0.331796
13.619033 0.331796
13.606087 0.331796
13.593141 0.331796
13.580196 0.331796
13.567250 0.331796
13.554304 0.331796
13.541358 0.331796
13.528412 0.331796
13.515466 0.331797
13.502521 0.331797
13.489575 0.331797
13.476629 0.331797
13.463683 0.331797
13.450737 0.331797
13.437791 0.331797
13.424845 0.331797
13.411900 0.331797
13.398954 0.331797
13.386008 0.331797
13.373062 0.331797
13.360116 0.331797
13.347170 0.331797
13.334224 0.331797
13.321279 0.331797
13.308333 0.331797
13.295387 0.331797
13.282441 0.331797
13.269495 0.331797
13.256549 0.331797
13.243604 0.331797
13.230658 0.331797
13.217712 0.331797
13.204766 0.331797
13.191820 0.331797
13.178874 0.331797
13.165928 0.331797
13.152983 0.331797
13.140037 0.331797
13.127091 0.331797
13.114145 0.331797
13.101199 0.331797
13.088253 0.331797
13.075308 0.331797
13.062362 0.331797
13.049416 0.331797
13.036470 0.331797
13.023524 0.331797
13.010578 0.331798
12.997632 0.331798
12.984687 0.331798
12.971741 0.331798
12.958795 0.331798
12.945849 0.331798
12.932903 0.331798
12.919957 0.331798
12.907011 0.331798
12.894066 0.331798
12.881120 0.331798
12.868174 0.331798
12.855228 0.331798
12.842282 0.331798
12.829336 0.331798
12.816391 0.331798
12.803445 0.331798
12.790499 0.331798
12.777553 0.331798
12.764607 0.331798
12.751661 0.331798
12.738715 0.331798
12.725770 0.331798
12.712824 0.331798
12.699878 0.331798
12.686932 0.331798
12.673986 0.331798
12.661040 0.331798
12.648094 0.331798
12.635149 0.331798
12.622203 0.331798
12.609257 0.331798
12.596311 0.331798
12.583365 0.331798
12.570419 0.331798
12.557474 0.331798
12.544528 0.331798
12.531582 0.331798
12.518636 0.331799
12.505690 0.331799
12.492744 0.331799
12.479798 0.331799
12.466853 0.331799
12.453907 0.331799
12.440961 0.331799
12.428015 0.331799
12.415069 0.331799
12.402123 0.331799
12.389178 0.331799
12.376232 0.331799
12.363286 0.331799
12.350340 0.331799
12.337394 0.331799
12.324448 0.331799
12.311502 0.331799
12.298557 0.331799
12.285611 0.331799
12.272665 0.331799
12.259719 0.331799
12.246773 0.331799
12.233827 0.331799
12.220881 0.331799
12.207936 0.331799
12.194990 0.331799
12.182044 0.331799
12.169098 0.331799
12.156152 0.331799
12.143206 0.331799
12.130261 0.331799
12.117315 0.331799
12.104369 0.331799
12.091423 0.331799
12.078477 0.331799
12.065531 0.331799
12.052585 0.331799
12.039640 0.331799
12.026694 0.331799
12.013748 0.331799
12.000802 0.331800
11.987856 0.331800
11.974910 0.331800
11.961965 0.331800
11.949019 0.331800
11.936073 0.331800
11.923127 0.331800
11.910181 0.331800
11.897235 0.331800
11.884289 0.331800
11.871344 0.331800
11.858398 0.331800
11.845452 0.331800
11.832506 0.331800
11.819560 0.331800
11.806614 0.331800
11.793668 0.331800
11.780723 0.331800
11.767777 0.331800
11.754831 0.331800
11.741885 0.331800
11.728939 0.331800
11.715993 0.331800
11.703048 0.331800
11.690102 0.331800
11.677156 0.331800
11.664210 0.331800
11.651264 0.331800
11.638318 0.331800
11.625372 0.331800
11.612427 0.331800
11.599481 0.331800
11.586535 0.331800
11.573589 0.331800
11.560643 0.331800
11.547697 0.331800
11.534751 0.331800
11.521806 0.331800
11.508860 0.331800
11.495914 0.331800
11.482968 0.331801
11.470022 0.331801
11.457076 0.331801
11.444131 0.331801
11.431185 0.331801
11.418239 0.331801
11.405293 0.331801
11.392347 0.331801
11.379401 0.331801
11.366455 0.331801
11.353510 0.331801
11.340564 0.331801
11.327618 0.331801
11.314672 0.331801
11.301726 0.331801
11.288780 0.331801
11.275835 0.331801
11.262889 0.331801
11.249943 0.331801
11.236997 0.331801
11.224051 0.331801
11.211105 0.331801
11.198159 0.331801
11.185214 0.331801
11.172268 0.331801
11.159322 0.331801
11.146376 0.331801
11.133430 0.331801
11.120484 0.331801
11.107538 0.331801
11.094593 0.331801
11.081647 0.331801
11.068701 0.331801
11.055755 0.331801
11.042809 0.331801
11.029863 0.331801
11.016918 0.331801
11.003972 0.331801
10.991026 0.331801
10.978080 0.331802
10.965134 0.331802
10.952188 0.331802
10.939242 0.331802
10.926297 0.331802
10.913351 0.331802
10.900405 0.331802
10.887459 0.331802
10.874513 0.331802
10.861567 0.331802
10.848621 0.331802
10.835676 0.331802
10.822730 0.331802
10.809784 0.331802
10.796838 0.331802
10.783892 0.331802
10.770946 0.331802
10.758001 0.331802
10.745055 0.331802
10.732109 0.331802
10.719163 0.331802
10.706217 0.331802
10.693271 0.331802
10.680325 0.331802
10.667380 0.331802
10.654434 0.331802
10.641488 0.331802
10.628542 0.331802
10.615596 0.331802
10.602650 0.331802
10.589705 0.331802
10.576759 0.331802
10.563813 0.331802
10.550867 0.331802
10.537921 0.331802
10.524975 0.331802
10.512029 0.331802
10.499084 0.331802
10.486138 0.331802
10.473192 0.331802
10.460246 0.331803
10.447300 0.331803
10.434354 0.331803
10.421408 0.331803
10.408463 0.331803
10.395517 0.331803
10.382571 0.331803
10.369625 0.331803
10.356679 0.331803
10.343733 0.331803
10.330788 0.331803
10.317842 0.331803
10.304896 0.331803
10.291950 0.331803
10.279004 0.331803
10.266058 0.331803
10.253112 0.331803
10.240167 0.331803
10.227221 0.331803
10.214275 0.331803
10.201329 0.331803
10.188383 0.331803
10.175437 0.331803
10.162491 0.331803
10.149546 0.331803
10.136600 0.331803
10.123654 0.331803
10.110708 0.331803
10.097762 0.331803
10.084816 0.331803
10.071871 0.331803
10.058925 0.331803
10.045979 0.331803
10.033033 0.331803
10.020087 0.331803
10.007141 0.331803
9.994195 0.331803
9.981250 0.331803
9.968304 0.331804
9.955358 0.331804
9.942412 0.331804
9.929466 0.331804
9.916520 0.331804
9.903575 0.331804
9.890629 0.331804
9.877683 0.331804
9.864737 0.331804
9.851791 0.331804
9.838845 0.331804
9.825899 0.331804
9.812954 0.331804
9.800008 0.331804
9.787062 0.331804
9.774116 0.331804
9.761170 0.331804
9.748224 0.331804
9.735278 0.331804
9.722333 0.331804
9.709387 0.331804
9.696441 0.331804
9.683495 0.331804
9.670549 0.331804
9.657603 0.331804
9.644658 0.331804
9.631712 0.331804
9.618766 0.331804
9.605820 0.331804
9.592874 0.331804
9.579928 0.331804
9.566982 0.331804
9.554037 0.331804
9.541091 0.331804
9.528145 0.331804
9.515199 0.331804
9.502253 0.331804
9.489307 0.331804
9.476361 0.331804
9.463416 0.331805
9.450470 0.331805
9.437524 0.331805
9.424578 0.331805
9.411632 0.331805
9.398686 0.331805
9.385741 0.331805
9.372795 0.331805
9.359849 0.331805
9.346903 0.331805
9.333957 0.331805
9.321011 0.331805
9.308065 0.331805
9.295120 0.331805
9.282174 0.331805
9.269228 0.331805
9.256282 0.331805
9.243336 0.331805
9.230390 0.331805
9.217445 0.331805
9.204499 0.331805
9.191553 0.331805
9.178607 0.331805
9.165661 0.331805
9.152715 0.331805
9.139769 0.331805
9.126824 0.331805
9.113878 0.331805
9.100932 0.331805
9.087986 0.331805
9.075040 0.331805
9.062094 0.331805
9.049148 0.331805
9.036203 0.331805
9.023257 0.331805
9.010311 0.331805
8.997365 0.331805
8.984419 0.331805
8.971473 0.331805
8.958528 0.331805
8.945582 0.331806
8.932636 0.331806
8.919690 0.331806
8.906744 0.331806
8.893798 0.331806
8.880852 0.331806
8.867907 0.331806
8.854961 0.331806
8.842015 0.331806
8.829069 0.331806
8.816123 0.331806
8.803177 0.331806
8.790231 0.331806
8.777286 0.331806
8.764340 0.331806
8.751394 0.331806
8.738448 0.331806
8.725502 0.331806
8.712556 0.331806
8.699611 0.331806
8.686665 0.331806
8.673719 0.331806
8.660773 0.331806
8.647827 0.331806
8.634881 0.331806
8.621935 0.331806
8.608990 0.331806
8.596044 0.331806
8.583098 0.331806
8.570152 0.331807
8.557206 0.331807
8.544260 0.331807
8.531315 0.331807
8.518369 0.331808
8.505423 0.331808
8.492477 0.331809
8.479531 0.331811
8.466585 0.331813
8.453639 0.331816
8.440694 0.331819
8.427748 0.331825
8.414802 0.331833
8.401856 0.331843
8.388910 0.331858
8.375964 0.331877
8.363018 0.331904
8.350073 0.331940
8.337127 0.331988
8.324181 0.332052
8.311235 0.332135
8.298289 0.332245
8.285343 0.332388
8.272398 0.332572
8.259452 0.332807
8.246506 0.333108
8.233560 0.333487
8.220614 0.333964
8.207668 0.334557
8.194722 0.335292
8.181777 0.336196
8.168831 0.337298
8.155885 0.338633
8.142939 0.340238
8.129993 0.342154
8.117047 0.344425
8.104101 0.347095
8.091156 0.350211
8.078210 0.353819
8.065264 0.357965
8.052318 0.362692
8.039372 0.368038
8.026426 0.374034
8.013481 0.380705
8.000535 0.388065
7.987589 0.396116
7.974643 0.404848
7.961697 0.414234
7.948751 0.424235
7.935805 0.434796
7.922860 0.445843
7.909914 0.457292
7.896968 0.469043
7.884022 0.480984
7.871076 0.492994
7.858130 0.504945
7.845185 0.516703
7.832239 0.528134
7.819293 0.539102
7.806347 0.549478
7.793401 0.559137
7.780455 0.567961
7.767509 0.575845
7.754564 0.582693
7.741618 0.588423
7.728672 0.592965
7.715726 0.596266
7.702780 0.598287
7.689834 0.599004
7.676888 0.598407
7.663943 0.596506
7.650997 0.593321
7.638051 0.588891
7.625105 0.583270
7.612159 0.576523
7.599213 0.568733
7.586268 0.559993
7.573322 0.550410
7.560376 0.540098
7.547430 0.529182
7.534484 0.517792
7.521538 0.506062
7.508592 0.494127
7.495647 0.482119
7.482701 0.470169
7.469755 0.458398
7.456809 0.446917
7.443863 0.435829
7.430917 0.425220
7.417971 0.415164
7.405026 0.405718
7.392080 0.396923
7.379134 0.388806
7.366188 0.381380
7.353242 0.374643
7.340296 0.368582
7.327351 0.363175
7.314405 0.358391
7.301459 0.354190
7.288513 0.350532
7.275567 0.347371
7.262621 0.344660
7.249675 0.342354
7.236730 0.340406
7.223784 0.338772
7.210838 0.337414
7.197892 0.336291
7.184946 0.335370
7.172000 0.334621
7.159055 0.334015
7.146109 0.333529
7.133163 0.333141
7.120217 0.332834
7.107271 0.332593
7.094325 0.332405
7.081379 0.332259
7.068434 0.332146
7.055488 0.332061
7.042542 0.331995
7.029596 0.331946
7.016650 0.331909
7.003704 0.331882
6.990758 0.331862
6.977813 0.331847
6.964867 0.331836
6.951921 0.331828
6.938975 0.331823
6.926029 0.331819
6.913083 0.331816
6.900138 0.331814
6.887192 0.331813
6.874246 0.331812
6.861300 0.331811
6.848354 0.331811
6.835408 0.331810
6.822462 0.331810
6.809517 0.331810
6.796571 0.331810
6.783625 0.331810
6.770679 0.331810
6.757733 0.331810
6.744787 0.331810
6.731841 0.331810
6.718896 0.331810
6.705950 0.331810
6.693004 0.331810
6.680058 0.331810
6.667112 0.331810
6.654166 0.331810
6.641221 0.331810
6.628275 0.331810
6.615329 0.331810
6.602383 0.331810
6.589437 0.331810
6.576491 0.331810
6.563545 0.331810
6.550600 0.331810
6.537654 0.331810
6.524708 0.331810
6.511762 0.331810
6.498816 0.331810
6.485870 0.331810
6.472925 0.331810
6.459979 0.331810
6.447033 0.331810
6.434087 0.331810
6.421141 0.331810
6.408195 0.331811
6.395249 0.331811
6.382304 0.331811
6.369358 0.331811
6.356412 0.331811
6.343466 0.331811
6.330520 0.331811
6.317574 0.331811
6.304628 0.331811
6.291683 0.331811
6.278737 0.331811
6.265791 0.331811
6.252845 0.331811
6.239899 0.331811
6.226953 0.331811
6.214008 0.331811
6.201062 0.331811
6.188116 0.331811
6.175170 0.331811
6.162224 0.331811
6.149278 0.331811
6.136332 0.331811
6.123387 0.331811
6.110441 0.331811
6.097495 0.331811
6.084549 0.331811
6.071603 0.331811
6.058657 0.331811
6.045711 0.331811
6.032766 0.331811
6.019820 0.331811
6.006874 0.331811
5.993928 0.331811
5.980982 0.331811
5.968036 0.331811
5.955091 0.331811
5.942145 0.331811
5.929199 0.331811
5.916253 0.331811
5.903307 0.331811
5.890361 0.331812
5.877415 0.331812
5.864470 0.331812
5.851524 0.331812
5.838578 0.331812
5.825632 0.331812
5.812686 0.331812
5.799740 0.331812
5.786795 0.331812
5.773849 0.331812
5.760903 0.331812
5.747957 0.331812
5.735011 0.331812
5.722065 0.331812
5.709119 0.331812
5.696174 0.331812
5.683228 0.331812
5.670282 0.331812
5.657336 0.331812
5.644390 0.331812
5.631444 0.331812
5.618498 0.331812
5.605553 0.331812
5.592607 0.331812
5.579661 0.331812
5.566715 0.331812
5.553769 0.331812
5.540823 0.331812
5.527878 0.331812
5.514932 0.331812
5.501986 0.331812
5.489040 0.331812
5.476094 0.331812
5.463148 0.331812
5.450202 0.331812
5.437257 0.331812
5.424311 0.331812
5.411365 0.331812
5.398419 0.331812
5.385473 0.331813
5.372527 0.331813
5.359582 0.331813
5.346636 0.331813
5.333690 0.331813
5.320744 0.331813
5.307798 0.331813
5.294852 0.331813
5.281906 0.331813
5.268961 0.331813
5.256015 0.331813
5.243069 0.331813
5.230123 0.331813
5.217177 0.331813
5.204231 0.331813
5.191285 0.331813
5.178340 0.331813
5.165394 0.331813
5.152448 0.331813
5.139502 0.331813
5.126556 0.331813
5.113610 0.331813
5.100665 0.331813
5.087719 0.331813
5.074773 0.331813
5.061827 0.331813
5.048881 0.331813
5.035935 0.331813
5.022989 0.331813
5.010044 0.331813
4.997098 0.331813
4.984152 0.331813
4.971206 0.331813
4.958260 0.331813
4.945314 0.331813
4.932368 0.331813
4.919423 0.331813
4.906477 0.331813
4.893531 0.331813
4.880585 0.331813
4.867639 0.331814
4.854693 0.331814
4.841748 0.331814
4.828802 0.331814
4.815856 0.331814
4.802910 0.331814
4.789964 0.331814
4.777018 0.331814
4.764072 0.331814
4.751127 0.331814
4.738181 0.331814
4.725235 0.331814
4.712289 0.331814
4.699343 0.331814
4.686397 0.331814
4.673452 0.331814
4.660506 0.331814
4.647560 0.331814
4.634614 0.331814
4.621668 0.331814
4.608722 0.331814
4.595776 0.331814
4.582831 0.331814
4.569885 0.331814
4.556939 0.331814
4.543993 0.331814
4.531047 0.331814
4.518101 0.331814
4.505155 0.331814
4.492210 0.331814
4.479264 0.331814
4.466318 0.331814
4.453372 0.331814
4.440426 0.331814
4.427480 0.331814
4.414535 0.331814
4.401589 0.331814
4.388643 0.331814
4.375697 0.331814
4.362751 0.331815
4.349805 0.331815
4.336859 0.331815
4.323914 0.331815
4.310968 0.331815
4.298022 0.331815
4.285076 0.331815
4.272130 0.331815
4.259184 0.331815
4.246238 0.331815
4.233293 0.331815
4.220347 0.331815
4.207401 0.331815
4.194455 0.331815
4.181509 0.331815
4.168563 0.331815
4.155618 0.331815
4.142672 0.331815
4.129726 0.331815
4.116780 0.331815
4.103834 0.331815
4.090888 0.331815
4.077942 0.331815
4.064997 0.331815
4.052051 0.331815
4.039105 0.331815
4.026159 0.331815
4.013213 0.331815
4.000267 0.331815
3.987322 0.331815
3.974376 0.331815
3.961430 0.331815
3.948484 0.331815
3.935538 0.331815
3.922592 0.331815
3.909646 0.331815
3.896701 0.331815
3.883755 0.331815
3.870809 0.331815
3.857863 0.331816
3.844917 0.331816
3.831971 0.331816
3.819025 0.331816
3.806080 0.331816
3.793134 0.331816
3.780188 0.331816
3.767242 0.331816
3.754296 0.331816
3.741350 0.331816
3.728405 0.331816
3.715459 0.331816
3.702513 0.331816
3.689567 0.331816
3.676621 0.331816
3.663675 0.331816
3.650729 0.331816
3.637784 0.331816
3.624838 0.331816
3.611892 0.331816
3.598946 0.331816
3.586000 0.331816
3.573054 0.331816
3.560108 0.331816
3.547163 0.331816
3.534217 0.331816
3.521271 0.331816
3.508325 0.331816
3.495379 0.331816
3.482433 0.331816
3.469488 0.331816
3.456542 0.331816
3.443596 0.331816
3.430650 0.331816
3.417704 0.331816
3.404758 0.331816
3.391812 0.331816
3.378867 0.331816
3.365921 0.331816
3.352975 0.331817
3.340029 0.331817
3.327083 0.331817
3.314137 0.331817
3.301192 0.331817
3.288246 0.331817
3.275300 0.331817
3.262354 0.331817
3.249408 0.331817
3.236462 0.331817
3.223516 0.331817
3.210571 0.331817
3.197625 0.331817
3.184679 0.331817
3.171733 0.331817
3.158787 0.331817
3.145841 0.331817
3.132895 0.331817
3.119950 0.331817
3.107004 0.331817
3.094058 0.331817
3.081112 0.331817
3.068166 0.331817
3.055220 0.331817
3.042275 0.331817
3.029329 0.331817
3.016383 0.331817
3.003437 0.331817
2.990491 0.331817
2.977545 0.331817
2.964599 0.331817
2.951654 0.331817
2.938708 0.331817
2.925762 0.331817
2.912816 0.331817
2.899870 0.331817
2.886924 0.331817
2.873978 0.331817
2.861033 0.331817
2.848087 0.331817
2.835141 0.331818
2.822195 0.331818
2.809249 0.331818
2.796303 0.331818
2.783358 0.331818
2.770412 0.331818
2.757466 0.331818
2.744520 0.331818
2.731574 0.331818
2.718628 0.331818
2.705682 0.331818
2.692737 0.331818
2.679791 0.331818
2.666845 0.331818
2.653899 0.331818
2.640953 0.331818
2.628007 0.331818
2.615062 0.331818
2.602116 0.331818
2.589170 0.331818
2.576224 0.331818
2.563278 0.331818
2.550332 0.331818
2.537386 0.331818
2.524441 0.331818
2.511495 0.331818
2.498549 0.331818
2.485603 0.331818
2.472657 0.331818
2.459711 0.331818
2.446765 0.331818
2.433820 0.331818
2.420874 0.331818
2.407928 0.331818
2.394982 0.331818
2.382036 0.331818
2.369090 0.331818
2.356145 0.331818
2.343199 0.331818
2.330253 0.331819
2.317307 0.331819
2.304361 0.331819
2.291415 0.331819
2.278469 0.331819
2.265524 0.331819
2.252578 0.331819
2.239632 0.331819
2.226686 0.331819
2.213740 0.331819
2.200794 0.331819
2.187848 0.331819
2.174903 0.331819
2.161957 0.331819
2.149011 0.331819
2.136065 0.331819
2.123119 0.331819
2.110173 0.331819
2.097228 0.331819
2.084282 0.331819
2.071336 0.331819
2.058390 0.331819
2.045444 0.331819
2.032498 0.331819
2.019552 0.331819
2.006607 0.331819
1.993661 0.331819
1.980715 0.331819
1.967769 0.331819
1.954823 0.331819
1.941877 0.331819
1.928932 0.331819
1.915986 0.331819
1.903040 0.331819
1.890094 0.331819
1.877148 0.331819
1.864202 0.331819
1.851256 0.331819
1.838311 0.331819
1.825365 0.331820
1.812419 0.331820
1.799473 0.331820
1.786527 0.331820
1.773581 0.331820
1.760635 0.331820
1.747690 0.331820
1.734744 0.331820
1.721798 0.331820
1.708852 0.331820
1.695906 0.331820
1.682960 0.331820
1.670015 0.331820
1.657069 0.331820
1.644123 0.331820
1.631177 0.331820
1.618231 0.331820
1.605285 0.331820
1.592339 0.331820
1.579394 0.331820
1.566448 0.331820
1.553502 0.331820
1.540556 0.331820
1.527610 0.331820
1.514664 0.331820
1.501718 0.331820
1.488773 0.331820
1.475827 0.331820
1.462881 0.331820
1.449935 0.331820
1.436989 0.331820
1.424043 0.331820
1.411098 0.331820
1.398152 0.331820
1.385206 0.331820
1.372260 0.331820
1.359314 0.331820
1.346368 0.331820
1.333422 0.331820
1.320477 0.331821
1.307531 0.331821
1.294585 0.331821
1.281639 0.331821
1.268693 0.331821
1.255747 0.331821
1.242802 0.331821
1.229856 0.331821
1.216910 0.331821
1.203964 0.331821
1.191018 0.331821
1.178072 0.331821
1.165126 0.331821
1.152181 0.331821
1.139235 0.331821
1.126289 0.331821
1.113343 0.331821
1.100397 0.331821
1.087451 0.331821
1.074505 0.331821
1.061560 0.331821
1.048614 0.331821
1.035668 0.331821
1.022722 0.331821
1.009776 0.331822
0.996830 0.331822
0.983885 0.331822
0.970939 0.331823
0.957993 0.331823
0.945047 0.331825
0.932101 0.331826
0.919155 0.331829
0.906209 0.331832
0.893264 0.331837
0.880318 0.331844
0.867372 0.331854
0.854426 0.331868
0.841480 0.331888
0.828534 0.331915
0.815588 0.331953
0.802643 0.332006
0.789697 0.332077
0.776751 0.332173
0.763805 0.332302
0.750859 0.332475
0.737913 0.332704
0.724968 0.333006
0.712022 0.333402
0.699076 0.333915
0.686130 0.334577
0.673184 0.335425
0.660238 0.336503
0.647292 0.337865
0.634347 0.339572
0.621401 0.341696
0.608455 0.344319
0.595509 0.347534
0.582563 0.351445
0.569617 0.356163
0.556672 0.361811
0.543726 0.368516
0.530780 0.376410
0.517834 0.385623
0.504888 0.396282
0.491942 0.408503
0.478996 0.422385
0.466051 0.438004
0.453105 0.455411
0.440159 0.474616
0.427213 0.495595
0.414267 0.518276
0.401321 0.542544
0.388375 0.568239
0.375430 0.595155
0.362484 0.623052
0.349538 0.651656
0.336592 0.680672
0.323646 0.709791
0.310700 0.738699
0.297755 0.767092
0.284809 0.794680
0.271863 0.821193
0.258917 0.846393
0.245971 0.870072
0.233025 0.892056
0.220079 0.912202
0.207134 0.930401
0.194188 0.946571
0.181242 0.960654
0.168296 0.972611
0.155350 0.982418
0.142404 0.990064
0.129458 0.995543
0.116513 0.998855
0.103567 1.000000
0.090621 0.998978
0.077675 0.995791
0.064729 0.990438
0.051783 0.982922
0.038838 0.973249
0.025892 0.961431
0.012946 0.947491
0.000000 0.931466
-0.012946 0.913414
-0.025892 0.893415
-0.038838 0.871577
-0.051783 0.848037
-0.064729 0.822968
-0.077675 0.796574
-0.090621 0.769089
-0.103567 0.740780
-0.116513 0.711934
-0.129458 0.682854
-0.142404 0.653850
-0.155350 0.625232
-0.168296 0.597296
-0.181242 0.570315
-0.194188 0.544535
-0.207134 0.520163
-0.220079 0.497361
-0.233025 0.476252
-0.245971 0.456908
-0.258917 0.439360
-0.271863 0.423598
-0.284809 0.409579
-0.297755 0.397226
-0.310700 0.386444
-0.323646 0.377116
-0.336592 0.369118
-0.349538 0.362320
-0.362484 0.356589
-0.375430 0.351799
-0.388375 0.347826
-0.401321 0.344558
-0.414267 0.341890
-0.427213 0.339729
-0.440159 0.337990
-0.453105 0.336603
-0.466051 0.335504
-0.478996 0.334639
-0.491942 0.333963
-0.504888 0.333440
-0.517834 0.333036
-0.530780 0.332728
-0.543726 0.332493
-0.556671 0.332316
-0.569617 0.332184
-0.582563 0.332086
-0.595509 0.332013
-0.608455 0.331960
-0.621401 0.331921
-0.634347 0.331893
-0.647292 0.331872
-0.660238 0.331858
-0.673184 0.331848
-0.686130 0.331840
-0.699076 0.331835
-0.712022 0.331832
-0.724968 0.331830
-0.737913 0.331828
-0.750859 0.331827
-0.763805 0.331826
-0.776751 0.331826
-0.789697 0.331825
-0.802643 0.331825
-0.815588 0.331825
-0.828534 0.331825
-0.841480 0.331825
-0.854426 0.331825
-0.867372 0.331825
-0.880318 0.331825
-0.893264 0.331825
-0.906209 0.331825
-0.919155 0.331825
-0.932101 0.331825
-0.945047 0.331825
-0.957993 0.331825
-0.970939 0.331825
-0.983885 0.331825
-0.996830 0.331825
-1.009776 0.331825
-1.022722 0.331825
-1.035668 0.331825
-1.048614 0.331825
-1.061560 0.331825
-1.074505 0.331825
-1.087451 0.331825
-1.100397 0.331825
-1.113343 0.331825
-1.126289 0.331825
-1.139235 0.331825
-1.152181 0.331825
-1.165126 0.331825
-1.178072 0.331825
-1.191018 0.331825
-1.203964 0.331825
-1.216910 0.331825
-1.229856 0.331826
-1.242801 0.331826
-1.255747 0.331826
-1.268693 0.331826
-1.281639 0.331826
-1.294585 0.331826
-1.307531 0.331826
-1.320477 0.331826
-1.333422 0.331826
-1.346368 0.331826
-1.359314 0.331826
-1.372260 0.331826
-1.385206 0.331826
-1.398152 0.331826
-1.411098 0.331826
-1.424043 0.331826
-1.436989 0.331826
-1.449935 0.331826
-1.462881 0.331826
-1.475827 0.331826
-1.488773 0.331826
-1.501718 0.331826
-1.514664 0.331826
-1.527610 0.331826
-1.540556 0.331826
-1.553502 0.331826
-1.566448 0.331826
-1.579394 0.331826
-1.592339 0.331826
-1.605285 0.331826
-1.618231 0.331826
-1.631177 0.331826
-1.644123 0.331826
-1.657069 0.331826
-1.670015 0.331826
-1.682960 0.331826
-1.695906 0.331826
-1.708852 0.331826
-1.721798 0.331826
-1.734744 0.331827
-1.747690 0.331827
-1.760635 0.331827
-1.773581 0.331827
-1.786527 0.331827
-1.799473 0.331827
-1.812419 0.331827
-1.825365 0.331827
-1.838311 0.331827
-1.851256 0.331827
-1.864202 0.331827
-1.877148 0.331827
-1.890094 0.331827
-1.903040 0.331827
-1.915986 0.331827
-1.928931 0.331827
-1.941877 0.331827
-1.954823 0.331827
-1.967769 0.331827
-1.980715 0.331827
-1.993661 0.331827
-2.006607 0.331827
-2.019552 0.331827
-2.032498 0.331827
-2.045444 0.331827
-2.058390 0.331827
-2.071336 0.331827
-2.084282 0.331827
-2.097228 0.331827
-2.110173 0.331827
-2.123119 0.331827
-2.136065 0.331827
-2.149011 0.331827
-2.161957 0.331827
-2.174903 0.331827
-2.187848 0.331827
-2.200794 0.331827
-2.213740 0.331827
-2.226686 0.331827
-2.239632 0.331828
-2.252578 0.331828
-2.265524 0.331828
-2.278469 0.331828
-2.291415 0.331828
-2.304361 0.331828
-2.317307 0.331828
-2.330253 0.331828
-2.343199 0.331828
-2.356145 0.331828
-2.369090 0.331828
-2.382036 0.331828
-2.394982 0.331828
-2.407928 0.331828
-2.420874 0.331828
-2.433820 0.331828
-2.446765 0.331828
-2.459711 0.331828
-2.472657 0.331828
-2.485603 0.331828
-2.498549 0.331828
-2.511495 0.331828
-2.524441 0.331828
-2.537386 0.331828
-2.550332 0.331828
-2.563278 0.331828
-2.576224 0.331828
-2.589170 0.331828
-2.602116 0.331828
-2.615061 0.331828
-2.628007 0.331828
-2.640953 0.331828
-2.653899 0.331828
-2.666845 0.331828
-2.679791 0.331828
-2.692737 0.331828
-2.705682 0.331828
-2.718628 0.331828
-2.731574 0.331828
-2.744520 0.331828
-2.757466 0.331829
-2.770412 0.331829
-2.783358 0.331829
-2.796303 0.331829
-2.809249 0.331829
-2.822195 0.331829
-2.835141 0.331829
-2.848087 0.331829
-2.861033 0.331829
-2.873978 0.331829
-2.886924 0.331829
-2.899870 0.331829
-2.912816 0.331829
-2.925762 0.331829
-2.938708 0.331829
-2.951654 0.331829
-2.964599 0.331829
-2.977545 0.331829
-2.990491 0.331829
-3.003437 0.331829
-3.016383 0.331829
-3.029329 0.331829
-3.042275 0.331829
-3.055220 0.331829
-3.068166 0.331829
-3.081112 0.331829
-3.094058 0.331829
-3.107004 0.331829
-3.119950 0.331829
-3.132895 0.331829
-3.145841 0.331829
-3.158787 0.331829
-3.171733 0.331829
-3.184679 0.331829
-3.197625 0.331829
-3.210571 0.331829
-3.223516 0.331829
-3.236462 0.331829
-3.249408 0.331829
-3.262354 0.331830
-3.275300 0.331830
-3.288246 0.331830
-3.301191 0.331830
-3.314137 0.331830
-3.327083 0.331830
-3.340029 0.331830
-3.352975 0.331830
-3.365921 0.331830
-3.378867 0.331830
-3.391812 0.331830
-3.404758 0.331830
-3.417704 0.331830
-3.430650 0.331830
-3.443596 0.331830
-3.456542 0.331830
-3.469488 0.331830
-3.482433 0.331830
-3.495379 0.331830
-3.508325 0.331830
-3.521271 0.331830
-3.534217 0.331830
-3.547163 0.331830
-3.560108 0.331830
-3.573054 0.331830
-3.586000 0.331830
-3.598946 0.331830
-3.611892 0.331830
-3.624838 0.331830
-3.637784 0.331830
-3.650729 0.331830
-3.663675 0.331830
-3.676621 0.331830
-3.689567 0.331830
-3.702513 0.331830
-3.715459 0.331830
-3.728405 0.331830
-3.741350 0.331830
-3.754296 0.331831
-3.767242 0.331831
-3.780188 0.331831
-3.793134 0.331831
-3.806080 0.331831
-3.819025 0.331831
-3.831971 0.331831
-3.844917 0.331831
-3.857863 0.331831
-3.870809 0.331831
-3.883755 0.331831
-3.896701 0.331831
-3.909646 0.331831
-3.922592 0.331831
-3.935538 0.331831
-3.948484 0.331831
-3.961430 0.331831
-3.974376 0.331831
-3.987321 0.331831
-4.000267 0.331831
-4.013213 0.331831
-4.026159 0.331831
-4.039105 0.331831
-4.052051 0.331831
-4.064997 0.331831
-4.077942 0.331831
-4.090888 0.331831
-4.103834 0.331831
-4.116780 0.331831
-4.129726 0.331831
-4.142672 0.331831
-4.155618 0.331831
-4.168563 0.331831
-4.181509 0.331831
-4.194455 0.331831
-4.207401 0.331831
-4.220347 0.331831
-4.233293 0.331831
-4.246238 0.331831
-4.259184 0.331831
-4.272130 0.331832
-4.285076 0.331832
-4.298022 0.331832
-4.310968 0.331832
-4.323914 0.331832
-4.336859 0.331832
-4.349805 0.331832
-4.362751 0.331832
-4.375697 0.331832
-4.388643 0.331832
-4.401589 0.331832
-4.414535 0.331832
-4.427480 0.331832
-4.440426 0.331832
-4.453372 0.331832
-4.466318 0.331832
-4.479264 0.331832
-4.492210 0.331832
-4.505155 0.331832
-4.518101 0.331832
-4.531047 0.331832
-4.543993 0.331832
-4.556939 0.331832
-4.569885 0.331832
-4.582831 0.331832
-4.595776 0.331832
-4.608722 0.331832
-4.621668 0.331832
-4.634614 0.331832
-4.647560 0.331832
-4.660506 0.331832
-4.673451 0.331832
-4.686397 0.331832
-4.699343 0.331832
-4.712289 0.331832
-4.725235 0.331832
-4.738181 0.331832
-4.751127 0.331832
-4.764072 0.331832
-4.777018 0.331832
-4.789964 0.331833
-4.802910 0.331833
-4.815856 0.331833
-4.828802 0.331833
-4.841748 0.331833
-4.854693 0.331833
-4.867639 0.331833
-4.880585 0.331833
-4.893531 0.331833
-4.906477 0.331833
-4.919423 0.331833
-4.932368 0.331833
-4.945314 0.331833
-4.958260 0.331833
-4.971206 0.331833
-4.984152 0.331833
-4.997098 0.331833
-5.010044 0.331833
-5.022989 0.331833
-5.035935 0.331833
-5.048881 0.331833
-5.061827 0.331833
-5.074773 0.331833
-5.087719 0.331833
-5.100665 0.331833
-5.113610 0.331833
-5.126556 0.331833
-5.139502 0.331833
-5.152448 0.331833
-5.165394 0.331833
-5.178340 0.331833
-5.191285 0.331833
-5.204231 0.331833
-5.217177 0.331833
-5.230123 0.331833
-5.243069 0.331833
-5.256015 0.331833
-5.268961 0.331833
-5.281906 0.331833
-5.294852 0.331834
-5.307798 0.331834
-5.320744 0.331834
-5.333690 0.331834
-5.346636 0.331834
-5.359581 0.331834
-5.372527 0.331834
-5.385473 0.331834
-5.398419 0.331834
-5.411365 0.331834
-5.424311 0.331834
-5.437257 0.331834
-5.450202 0.331834
-5.463148 0.331834
-5.476094 0.331834
-5.489040 0.331834
-5.501986 0.331834
-5.514932 0.331834
-5.527878 0.331834
-5.540823 0.331834
-5.553769 0.331834
-5.566715 0.331834
-5.579661 0.331834
-5.592607 0.331834
-5.605553 0.331834
-5.618498 0.331834
-5.631444 0.331834
-5.644390 0.331834
-5.657336 0.331834
-5.670282 0.331834
-5.683228 0.331834
-5.696174 0.331834
-5.709119 0.331834
-5.722065 0.331834
-5.735011 0.331834
-5.747957 0.331834
-5.760903 0.331834
-5.773849 0.331834
-5.786795 0.331834
-5.799740 0.331835
-5.812686 0.331835
-5.825632 0.331835
-5.838578 0.331835
-5.851524 0.331835
-5.864470 0.331835
-5.877415 0.331835
-5.890361 0.331835
-5.903307 0.331835
-5.916253 0.331835
-5.929199 0.331835
-5.942145 0.331835
-5.955091 0.331835
-5.968036 0.331835
-5.980982 0.331835
-5.993928 0.331835
-6.006874 0.331835
-6.019820 0.331835
-6.032766 0.331835
-6.045711 0.331835
-6.058657 0.331835
-6.071603 0.331835
-6.084549 0.331835
-6.097495 0.331835
-6.110441 0.331835
-6.123387 0.331835
-6.136332 0.331835
-6.149278 0.331835
-6.162224 0.331835
-6.175170 0.331835
-6.188116 0.331835
-6.201062 0.331835
-6.214008 0.331835
-6.226953 0.331835
-6.239899 0.331835
-6.252845 0.331835
-6.265791 0.331835
-6.278737 0.331835
-6.291683 0.331835
-6.304628 0.331836
-6.317574 0.331836
-6.330520 0.331836
-6.343466 0.331836
-6.356412 0.331836
-6.369358 0.331836
-6.382304 0.331836
-6.395249 0.331836
-6.408195 0.331836
-6.421141 0.331836
-6.434087 0.331836
-6.447033 0.331836
-6.459979 0.331836
-6.472924 0.331836
-6.485870 0.331836
-6.498816 0.331836
-6.511762 0.331836
-6.524708 0.331836
-6.537654 0.331836
-6.550600 0.331836
-6.563545 0.331836
-6.576491 0.331836
-6.589437 0.331836
-6.602383 0.331836
-6.615329 0.331837
-6.628275 0.331837
-6.641221 0.331837
-6.654166 0.331838
-6.667112 0.331838
-6.680058 0.331839
-6.693004 0.331841
-6.705950 0.331843
-6.718896 0.331845
-6.731841 0.331849
-6.744787 0.331855
-6.757733 0.331863
-6.770679 0.331873
-6.783625 0.331888
-6.796571 0.331907
-6.809517 0.331934
-6.822462 0.331970
-6.835408 0.332018
-6.848354 0.332082
-6.861300 0.332167
-6.874246 0.332277
-6.887192 0.332420
-6.900138 0.332604
-6.913083 0.332841
-6.926029 0.333142
-6.938975 0.333523
-6.951921 0.334001
-6.964867 0.334597
-6.977813 0.335334
-6.990758 0.336240
-7.003704 0.337345
-7.016650 0.338683
-7.029596 0.340293
-7.042542 0.342213
-7.055488 0.344489
-7.068434 0.347165
-7.081379 0.350287
-7.094325 0.353903
-7.107271 0.358057
-7.120217 0.362792
-7.133163 0.368147
-7.146109 0.374152
-7.159054 0.380833
-7.172000 0.388203
-7.184946 0.396263
-7.197892 0.405004
-7.210838 0.414400
-7.223784 0.424410
-7.236730 0.434978
-7.249675 0.446032
-7.262621 0.457487
-7.275567 0.469242
-7.288513 0.481186
-7.301459 0.493198
-7.314405 0.505149
-7.327351 0.516905
-7.340296 0.528332
-7.353242 0.539296
-7.366188 0.549665
-7.379134 0.559316
-7.392080 0.568131
-7.405026 0.576004
-7.417971 0.582840
-7.430917 0.588557
-7.443863 0.593086
-7.456809 0.596373
-7.469755 0.598379
-7.482701 0.599081
-7.495647 0.598470
-7.508592 0.596554
-7.521538 0.593354
-7.534484 0.588911
-7.547430 0.583275
-7.560376 0.576516
-7.573322 0.568714
-7.586268 0.559963
-7.599213 0.550370
-7.612159 0.540050
-7.625105 0.529127
-7.638051 0.517731
-7.650997 0.505997
-7.663943 0.494058
-7.676888 0.482050
-7.689834 0.470099
-7.702780 0.458328
-7.715726 0.446850
-7.728672 0.435765
-7.741618 0.425161
-7.754564 0.415109
-7.767509 0.405668
-7.780455 0.396878
-7.793401 0.388768
-7.806347 0.381347
-7.819293 0.374617
-7.832239 0.368562
-7.845184 0.363161
-7.858130 0.358381
-7.871076 0.354186
-7.884022 0.350532
-7.896968 0.347375
-7.909914 0.344668
-7.922860 0.342365
-7.935805 0.340420
-7.948751 0.338789
-7.961697 0.337433
-7.974643 0.336312
-7.987589 0.335393
-8.000535 0.334645
-8.013481 0.334040
-8.026426 0.333555
-8.039372 0.333168
-8.052318 0.332862
-8.065264 0.332621
-8.078210 0.332433
-8.091156 0.332288
-8.104101 0.332175
-8.117047 0.332090
-8.129993 0.332025
-8.142939 0.331976
-8.155885 0.331939
-8.168831 0.331912
-8.181777 0.331892
-8.194722 0.331877
-8.207668 0.331866
-8.220614 0.331858
-8.233560 0.331853
-8.246506 0.331849
-8.259452 0.331846
-8.272398 0.331844
-8.285343 0.331842
-8.298289 0.331841
-8.311235 0.331841
-8.324181 0.331840
-8.337127 0.331840
-8.350073 0.331840
-8.363018 0.331840
-8.375964 0.331840
-8.388910 0.331840
-8.401856 0.331840
-8.414802 0.331840
-8.427748 0.331840
-8.440694 0.331840
-8.453639 0.331840
-8.466585 0.331840
-8.479531 0.331840
-8.492477 0.331840
-8.505423 0.331840
-8.518369 0.331840
-8.531314 0.331840
-8.544260 0.331840
-8.557206 0.331840
-8.570152 0.331840
-8.583098 0.331840
-8.596044 0.331840
-8.608990 0.331840
-8.621935 0.331840
-8.634881 0.331840
-8.647827 0.331840
-8.660773 0.331840
-8.673719 0.331840
-8.686665 0.331840
-8.699611 0.331840
-8.712556 0.331840
-8.725502 0.331840
-8.738448 0.331840
-8.751394 0.331840
-8.764340 0.331840
-8.777286 0.331840
-8.790231 0.331840
-8.803177 0.331840
-8.816123 0.331840
-8.829069 0.331840
-8.842015 0.331840
-8.854961 0.331841
-8.867907 0.331841
-8.880852 0.331841
-8.893798 0.331841
-8.906744 0.331841
-8.919690 0.331841
-8.932636 0.331841
-8.945582 0.331841
-8.958528 0.331841
-8.971473 0.331841
-8.984419 0.331841
-8.997365 0.331841
-9.010311 0.331841
-9.023257 0.331841
-9.036203 0.331841
-9.049148 0.331841
-9.062094 0.331841
-9.075040 0.331841
-9.087986 0.331841
-9.100932 0.331841
-9.113878 0.331841
-9.126824 0.331841
-9.139769 0.331841
-9.152715 0.331841
-9.165661 0.331841
-9.178607 0.331841
-9.191553 0.331841
-9.204499 0.331841
-9.217444 0.331841
-9.230390 0.331841
-9.243336 0.331841
-9.256282 0.331841
-9.269228 0.331841
-9.282174 0.331841
-9.295120 0.331841
-9.308065 0.331841
-9.321011 0.331841
-9.333957 0.331841
-9.346903 0.331842
-9.359849 0.331842
-9.372795 0.331842
-9.385741 0.331842
-9.398686 0.331842
-9.411632 0.331842
-9.424578 0.331842
-9.437524 0.331842
-9.450470 0.331842
-9.463416 0.331842
-9.476361 0.331842
-9.489307 0.331842
-9.502253 0.331842
-9.515199 0.331842
-9.528145 0.331842
-9.541091 0.331842
-9.554037 0.331842
-9.566982 0.331842
-9.579928 0.331842
-9.592874 0.331842
-9.605820 0.331842
-9.618766 0.331842
-9.631712 0.331842
-9.644658 0.331842
-9.657603 0.331842
-9.670549 0.331842
-9.683495 0.331842
-9.696441 0.331842
-9.709387 0.331842
-9.722333 0.331842
-9.735278 0.331842
-9.748224 0.331842
-9.761170 0.331842
-9.774116 0.331842
-9.787062 0.331842
-9.800008 0.331842
-9.812954 0.331842
-9.825899 0.331842
-9.838845 0.331842
-9.851791 0.331842
-9.864737 0.331843
-9.877683 0.331843
-9.890629 0.331843
-9.903574 0.331843
-9.916520 0.331843
-9.929466 0.331843
-9.942412 0.331843
-9.955358 0.331843
-9.968304 0.331843
-9.981250 0.331843
-9.994195 0.331843
-10.007141 0.331843
-10.020087 0.331843
-10.033033 0.331843
-10.045979 0.331843
-10.058925 0.331843
-10.071871 0.331843
-10.084816 0.331843
-10.097762 0.331843
-10.110708 0.331843
-10.123654 0.331843
-10.136600 0.331843
-10.149546 0.331843
-10.162491 0.331843
-10.175437 0.331843
-10.188383 0.331843
-10.201329 0.331843
-10.214275 0.331843
-10.227221 0.331843
-10.240167 0.331843
-10.253112 0.331843
-10.266058 0.331843
-10.279004 0.331843
-10.291950 0.331843
-10.304896 0.331843
-10.317842 0.331843
-10.330788 0.331843
-10.343733 0.331843
-10.356679 0.331843
-10.369625 0.331843
-10.382571 0.331844
-10.395517 0.331844
-10.408463 0.331844
-10.421408 0.331844
-10.434354 0.331844
-10.447300 0.331844
-10.460246 0.331844
-10.473192 0.331844
-10.486138 0.331844
-10.499084 0.331844
-10.512029 0.331844
-10.524975 0.331844
-10.537921 0.331844
-10.550867 0.331844
-10.563813 0.331844
-10.576759 0.331844
-10.589704 0.331844
-10.602650 0.331844
-10.615596 0.331844
-10.628542 0.331844
-10.641488 0.331844
-10.654434 0.331844
-10.667380 0.331844
-10.680325 0.331844
-10.693271 0.331844
-10.706217 0.331844
-10.719163 0.331844
-10.732109 0.331844
-10.745055 0.331844
-10.758001 0.331844
-10.770946 0.331844
-10.783892 0.331844
-10.796838 0.331844
-10.809784 0.331844
-10.822730 0.331844
-10.835676 0.331844
-10.848621 0.331844
-10.861567 0.331844
-10.874513 0.331845
-10.887459 0.331845
-10.900405 0.331845
-10.913351 0.331845
-10.926297 0.331845
-10.939242 0.331845
-10.952188 0.331845
-10.965134 0.331845
-10.978080 0.331845
-10.991026 0.331845
-11.003972 0.331845
-11.016918 0.331845
-11.029863 0.331845
-11.042809 0.331845
-11.055755 0.331845
-11.068701 0.331845
-11.081647 0.331845
-11.094593 0.331845
-11.107538 0.331845
-11.120484 0.331845
-11.133430 0.331845
-11.146376 0.331845
-11.159322 0.331845
-11.172268 0.331845
-11.185214 0.331845
-11.198159 0.331845
-11.211105 0.331845
-11.224051 0.331845
-11.236997 0.331845
-11.249943 0.331845
-11.262889 0.331845
-11.275834 0.331845
-11.288780 0.331845
-11.301726 0.331845
-11.314672 0.331845
-11.327618 0.331845
-11.340564 0.331845
-11.353510 0.331845
-11.366455 0.331845
-11.379401 0.331845
-11.392347 0.331846
-11.405293 0.331846
-11.418239 0.331846
-11.431185 0.331846
-11.444131 0.331846
-11.457076 0.331846
-11.470022 0.331846
-11.482968 0.331846
-11.495914 0.331846
-11.508860 0.331846
-11.521806 0.331846
-11.534751 0.331846
-11.547697 0.331846
-11.560643 0.331846
-11.573589 0.331846
-11.586535 0.331846
-11.599481 0.331846
-11.612427 0.331846
-11.625372 0.331846
-11.638318 0.331846
-11.651264 0.331846
-11.664210 0.331846
-11.677156 0.331846
-11.690102 0.331846
-11.703048 0.331846
-11.715993 0.331846
-11.728939 0.331846
-11.741885 0.331846
-11.754831 0.331846
-11.767777 0.331846
-11.780723 0.331846
-11.793668 0.331846
-11.806614 0.331846
-11.819560 0.331846
-11.832506 0.331846
-11.845452 0.331846
-11.858398 0.331846
-11.871344 0.331846
-11.884289 0.331846
-11.897235 0.331847
-11.910181 0.331847
-11.923127 0.331847
-11.936073 0.331847
-11.949019 0.331847
-11.961964 0.331847
-11.974910 0.331847
-11.987856 0.331847
-12.000802 0.331847
-12.013748 0.331847
-12.026694 0.331847
-12.039640 0.331847
-12.052585 0.331847
-12.065531 0.331847
-12.078477 0.331847
-12.091423 0.331847
-12.104369 0.331847
-12.117315 0.331847
-12.130261 0.331847
-12.143206 0.331847
-12.156152 0.331847
-12.169098 0.331847
-12.182044 0.331847
-12.194990 0.331847
-12.207936 0.331847
-12.220881 0.331847
-12.233827 0.331847
-12.246773 0.331847
-12.259719 0.331847
-12.272665 0.331847
-12.285611 0.331847
-12.298557 0.331847
-12.311502 0.331847
-12.324448 0.331847
-12.337394 0.331847
-12.350340 0.331847
-12.363286 0.331847
-12.376232 0.331847
-12.389177 0.331847
-12.402123 0.331847
-12.415069 0.331848
-12.428015 0.331848
-12.440961 0.331848
-12.453907 0.331848
-12.466853 0.331848
-12.479798 0.331848
-12.492744 0.331848
-12.505690 0.331848
-12.518636 0.331848
-12.531582 0.331848
-12.544528 0.331848
-12.557474 0.331848
-12.570419 0.331848
-12.583365 0.331848
-12.596311 0.331848
-12.609257 0.331848
-12.622203 0.331848
-12.635149 0.331848
-12.648094 0.331848
-12.661040 0.331848
-12.673986 0.331848
-12.686932 0.331848
-12.699878 0.331848
-12.712824 0.331848
-12.725770 0.331848
-12.738715 0.331848
-12.751661 0.331848
-12.764607 0.331848
-12.777553 0.331848
-12.790499 0.331848
-12.803445 0.331848
-12.816391 0.331848
-12.829336 0.331848
-12.842282 0.331848
-12.855228 0.331848
-12.868174 0.331848
-12.881120 0.331848
-12.894066 0.331848
-12.907011 0.331849
-12.919957 0.331849
-12.932903 0.331849
-12.945849 0.331849
-12.958795 0.331849
-12.971741 0.331849
-12.984687 0.331849
-12.997632 0.331849
-13.010578 0.331849
-13.023524 0.331849
-13.036470 0.331849
-13.049416 0.331849
-13.062362 0.331849
-13.075307 0.331849
-13.088253 0.331849
-13.101199 0.331849
-13.114145 0.331849
-13.127091 0.331849
-13.140037 0.331849
-13.152983 0.331849
-13.165928 0.331849
-13.178874 0.331849
-13.191820 0.331849
-13.204766 0.331849
-13.217712 0.331849
-13.230658 0.331849
-13.243604 0.331849
-13.256549 0.331849
-13.269495 0.331849
-13.282441 0.331849
-13.295387 0.331849
-13.308333 0.331849
-13.321279 0.331849
-13.334224 0.331849
-13.347170 0.331849
-13.360116 0.331849
-13.373062 0.331849
-13.386008 0.331849
-13.398954 0.331849
-13.411900 0.331849
-13.424845 0.331849
-13.437791 0.331850
-13.450737 0.331850
-13.463683 0.331850
-13.476629 0.331850
-13.489575 0.331850
-13.502521 0.331850
-13.515466 0.331850
-13.528412 0.331850
-13.541358 0.331850
-13.554304 0.331850
-13.567250 0.331850
-13.580196 0.331850
-13.593141 0.331850
-13.606087 0.331850
-13.619033 0.331850
-13.631979 0.331850
-13.644925 0.331850
-13.657871 0.331850
-13.670817 0.331850
-13.683762 0.331850
-13.696708 0.331850
-13.709654 0.331850
-13.722600 0.331850
-13.735546 0.331850
-13.748492 0.331850
-13.761437 0.331850
-13.774383 0.331850
-13.787329 0.331850
-13.800275 0.331850
-13.813221 0.331850
-13.826167 0.331850
-13.839113 0.331850
-13.852058 0.331850
-13.865004 0.331850
-13.877950 0.331850
-13.890896 0.331850
-13.903842 0.331850
-13.916788 0.331850
-13.929734 0.331851
-13.942679 0.331851
-13.955625 0.331851
-13.968571 0.331851
-13.981517 0.331851
-13.994463 0.331851
-14.007409 0.331851
-14.020354 0.331851
-14.033300 0.331851
-14.046246 0.331851
-14.059192 0.331851
-14.072138 0.331851
-14.085084 0.331851
-14.098030 0.331851
-14.110975 0.331851
-14.123921 0.331851
-14.136867 0.331851
-14.149813 0.331851
-14.162759 0.331851
-14.175705 0.331851
-14.188651 0.331851
-14.201596 0.331851
-14.214542 0.331851
-14.227488 0.331851
-14.240434 0.331851
-14.253380 0.331851
-14.266326 0.331851
-14.279271 0.331851
-14.292217 0.331851
-14.305163 0.331851
-14.318109 0.331851
-14.331055 0.331851
-14.344001 0.331851
-14.356947 0.331851
-14.369892 0.331851
-14.382838 0.331851
-14.395784 0.331851
-14.408730 0.331851
-14.421676 0.331851
-14.434622 0.331851
-14.447567 0.331852
-14.460513 0.331852
-14.473459 0.331852
-14.486405 0.331852
-14.499351 0.331852
-14.512297 0.331852
-14.525243 0.331852
-14.538188 0.331852
-14.551134 0.331852
-14.564080 0.331852
-14.577026 0.331852
-14.589972 0.331852
-14.602918 0.331852
-14.615864 0.331852
-14.628809 0.331852
-14.641755 0.331852
-14.654701 0.331852
-14.667647 0.331852
-14.680593 0.331852
-14.693539 0.331852
-14.706484 0.331852
-14.719430 0.331852
-14.732376 0.331852
-14.745322 0.331852
-14.758268 0.331852
-14.771214 0.331852
-14.784160 0.331852
-14.797105 0.331852
-14.810051 0.331852
-14.822997 0.331852
-14.835943 0.331852
-14.848889 0.331852
-14.861835 0.331852
-14.874781 0.331852
-14.887726 0.331852
-14.900672 0.331852
-14.913618 0.331852
-14.926564 0.331852
-14.939510 0.331852
-14.952456 0.331853
-14.965401 0.331853
-14.978347 0.331853
-14.991293 0.331853
-15.004239 0.331853
-15.017185 0.331853
-15.030131 0.331853
-15.043077 0.331853
-15.056022 0.331853
-15.068968 0.331853
-15.081914 0.331853
-15.094860 0.331853
-15.107806 0.331853
-15.120752 0.331853
-15.133697 0.331853
-15.146643 0.331853
-15.159589 0.331853
-15.172535 0.331853
-15.185481 0.331853
-15.198427 0.331853
-15.211373 0.331853
-15.224318 0.331853
-15.237264 0.331853
-15.250210 0.331853
-15.263156 0.331853
-15.276102 0.331853
-15.289048 0.331853
-15.301994 0.331853
-15.314939 0.331853
-15.327885 0.331853
-15.340831 0.331853
-15.353777 0.331853
-15.366723 0.331853
-15.379669 0.331853
-15.392614 0.331853
-15.405560 0.331853
-15.418506 0.331853
-15.431452 0.331853
-15.444398 0.331853
-15.457344 0.331853
-15.470290 0.331854
-15.483235 0.331854
-15.496181 0.331854
-15.509127 0.331854
-15.522073 0.331854
-15.535019 0.331854
-15.547965 0.331854
-15.560911 0.331854
-15.573856 0.331854
-15.586802 0.331854
-15.599748 0.331854
-15.612694 0.331854
-15.625640 0.331854
-15.638586 0.331854
-15.651531 0.331854
-15.664477 0.331854
-15.677423 0.331854
-15.690369 0.331854
-15.703315 0.331854
-15.716261 0.331854
-15.729207 0.331854
-15.742152 0.331854
-15.755098 0.331854
-15.768044 0.331854
-15.780990 0.331854
-15.793936 0.331854
-15.806882 0.331854
-15.819827 0.331854
-15.832773 0.331854
-15.845719 0.331854
-15.858665 0.331854
-15.871611 0.331854
-15.884557 0.331854
-15.897503 0.331854
-15.910448 0.331854
-15.923394 0.331854
-15.936340 0.331854
-15.949286 0.331854
-15.962232 0.331855
-15.975178 0.331855
-15.988124 0.331855
-16.001069 0.331855
-16.014015 0.331855
-16.026961 0.331855
-16.039907 0.331855
-16.052853 0.331855
-16.065799 0.331855
-16.078744 0.331855
-16.091690 0.331855
-16.104636 0.331855
-16.117582 0.331855
-16.130528 0.331855
-16.143474 0.331855
-16.156420 0.331855
-16.169365 0.331855
-16.182311 0.331855
-16.195257 0.331855
-16.208203 0.331855
-16.221149 0.331855
-16.234095 0.331855
-16.247041 0.331855
-16.259986 0.331855
-16.272932 0.331855
-16.285878 0.331855
-16.298824 0.331855
-16.311770 0.331855
-16.324716 0.331855
-16.337661 0.331855
-16.350607 0.331855
-16.363553 0.331855
-16.376499 0.331855
-16.389445 0.331855
-16.402391 0.331855
-16.415337 0.331855
-16.428282 0.331855
-16.441228 0.331855
-16.454174 0.331855
-16.467120 0.331856
-16.480066 0.331856
-16.493012 0.331856
-16.505957 0.331856
-16.518903 0.331856
-16.531849 0.331856
-16.544795 0.331856
-16.557741 0.331856
-16.570687 0.331856
-16.583633 0.331856
-16.596578 0.331856
-16.609524 0.331856
-16.622470 0.331856
-16.635416 0.331856
-16.648362 0.331856
-16.661308 0.331856
-16.674254 0.331856
-16.687199 0.331856
-16.700145 0.331856
-16.713091 0.331856
-16.726037 0.331856
-16.738983 0.331856
-16.751929 0.331856
-16.764874 0.331856
-16.777820 0.331856
-16.790766 0.331856
-16.803712 0.331856
-16.816658 0.331856
-16.829604 0.331856
-16.842550 0.331856
-16.855495 0.331856
-16.868441 0.331856
-16.881387 0.331856
-16.894333 0.331856
-16.907279 0.331856
-16.920225 0.331856
-16.933171 0.331856
-16.946116 0.331856
-16.959062 0.331856
-16.972008 0.331856
-16.984954 0.331856
-16.997900 0.331856
-17.010846 0.331857
-17.023791 0.331857
-17.036737 0.331857
-17.049683 0.331857
-17.062629 0.331857
-17.075575 0.331857
-17.088521 0.331857
-17.101467 0.331857
-17.114412 0.331857
-17.127358 0.331857
-17.140304 0.331857
-17.153250 0.331857
-17.166196 0.331857
-17.179142 0.331857
-17.192087 0.331857
-17.205033 0.331857
-17.217979 0.331857
-17.230925 0.331857
-17.243871 0.331857
-17.256817 0.331857
-17.269763 0.331857
-17.282708 0.331857
-17.295654 0.331857
-17.308600 0.331857
-17.321546 0.331857
-17.334492 0.331857
-17.347438 0.331857
-17.360384 0.331857
-17.373329 0.331857
-17.386275 0.331857
-17.399221 0.331857
-17.412167 0.331857
-17.425113 0.331857
-17.438059 0.331857
-17.451004 0.331857
-17.463950 0.331857
-17.476896 0.331857
-17.489842 0.331858
-17.502788 0.331858
-17.515734 0.331858
-17.528680 0.331858
-17.541625 0.331858
-17.554571 0.331858
-17.567517 0.331858
-17.580463 0.331858
-17.593409 0.331858
-17.606355 0.331858
-17.619301 0.331858
-17.632246 0.331858
-17.645192 0.331858
-17.658138 0.331858
-17.671084 0.331858
-17.684030 0.331858
-17.696976 0.331858
-17.709921 0.331858
-17.722867 0.331858
-17.735813 0.331858
-17.748759 0.331858
-17.761705 0.331858
-17.774651 0.331858
-17.787597 0.331858
-17.800542 0.331858
-17.813488 0.331858
-17.826434 0.331858
-17.839380 0.331858
-17.852326 0.331858
-17.865272 0.331858
-17.878217 0.331858
-17.891163 0.331858
-17.904109 0.331858
-17.917055 0.331858
-17.930001 0.331858
-17.942947 0.331858
-17.955893 0.331858
-17.968838 0.331858
-17.981784 0.331858
-17.994730 0.331859
-18.007676 0.331859
-18.020622 0.331859
-18.033568 0.331859
-18.046514 0.331859
-18.059459 0.331859
-18.072405 0.331859
-18.085351 0.331859
-18.098297 0.331859
-18.111243 0.331859
-18.124189 0.331859
-18.137134 0.331859
-18.150080 0.331859
-18.163026 0.331859
-18.175972 0.331859
-18.188918 0.331859
-18.201864 0.331859
-18.214810 0.331859
-18.227755 0.331859
-18.240701 0.331859
-18.253647 0.331859
-18.266593 0.331859
-18.279539 0.331859
-18.292485 0.331859
-18.305431 0.331859
-18.318376 0.331859
-18.331322 0.331859
-18.344268 0.331859
-18.357214 0.331859
-18.370160 0.331859
-18.383106 0.331859
-18.396051 0.331859
-18.408997 0.331859
-18.421943 0.331859
-18.434889 0.331859
-18.447835 0.331859
-18.460781 0.331859
-18.473727 0.331859
-18.486672 0.331859
-18.499618 0.331859
-18.512564 0.331860
-18.525510 0.331860
-18.538456 0.331860
-18.551402 0.331860
-18.564347 0.331860
-18.577293 0.331860
-18.590239 0.331860
-18.603185 0.331860
-18.616131 0.331860
-18.629077 0.331860
-18.642023 0.331860
-18.654968 0.331860
-18.667914 0.331860
-18.680860 0.331860
-18.693806 0.331860
-18.706752 0.331860
-18.719698 0.331860
-18.732644 0.331860
-18.745589 0.331860
-18.758535 0.331860
-18.771481 0.331861
-18.784427 0.331861
-18.797373 0.331861
-18.810319 0.331862
-18.823264 0.331863
-18.836210 0.331864
-18.849156 0.331866
-18.862102 0.331869
-18.875048 0.331872
-18.887994 0.331877
-18.900940 0.331884
-18.913885 0.331894
-18.926831 0.331907
-18.939777 0.331925
-18.952723 0.331949
-18.965669 0.331982
-18.978615 0.332025
-18.991560 0.332082
-19.004506 0.332158
-19.017452 0.332256
-19.030398 0.332383
-19.043344 0.332547
-19.056290 0.332756
-19.069236 0.333021
-19.082181 0.333356
-19.095127 0.333775
-19.108073 0.334295
-19.121019 0.334938
-19.133965 0.335725
-19.146911 0.336683
-19.159857 0.337840
-19.172802 0.339228
-19.185748 0.340880
-19.198694 0.342832
-19.211640 0.345122
-19.224586 0.347787
-19.237532 0.350866
-19.250477 0.354395
-19.263423 0.358410
-19.276369 0.362939
-19.289315 0.368010
-19.302261 0.373639
-19.315207 0.379838
-19.328153 0.386606
-19.341098 0.393934
-19.354044 0.401799
-19.366990 0.410166
-19.379936 0.418988
-19.392882 0.428204
-19.405828 0.437742
-19.418774 0.447517
-19.431719 0.457436
-19.444665 0.467396
-19.457611 0.477289
-19.470557 0.487002
-19.483503 0.496421
-19.496449 0.505431
-19.509394 0.513921
-19.522340 0.521784
-19.535286 0.528921
-19.548232 0.535240
-19.561178 0.540660
-19.574124 0.545113
-19.587070 0.548540
-19.600015 0.550897
-19.612961 0.552154
-19.625907 0.552296
-19.638853 0.551319
-19.651799 0.549238
-19.664745 0.546078
-19.677690 0.541881
-19.690636 0.536700
-19.703582 0.530602
-19.716528 0.523665
-19.729474 0.515978
-19.742420 0.507639
-19.755366 0.498752
-19.768311 0.489428
-19.781257 0.479781
-19.794203 0.469924
-19.807149 0.459972
-19.820095 0.450034
-19.833041 0.440215
-19.845987 0.430609
-19.858932 0.421304
-19.871878 0.412376
-19.884824 0.403888
-19.897770 0.395891
-19.910716 0.388424
-19.923662 0.381511
-19.936607 0.375166
-19.949553 0.369392
-19.962499 0.364180
-19.975445 0.359514
-19.988391 0.355371
-20.001337 0.351721
-20.014283 0.348530
-20.027228 0.345763
-20.040174 0.343381
-20.053120 0.341346
-20.066066 0.339621
-20.079012 0.338170
-20.091958 0.336957
-20.104904 0.335951
-20.117849 0.335124
-20.130795 0.334447
-20.143741 0.333897
-20.156687 0.333455
-20.169633 0.333100
-20.182579 0.332819
-20.195524 0.332596
-20.208470 0.332422
-20.221416 0.332287
-20.234362 0.332182
-20.247308 0.332102
-20.260254 0.332040
-20.273200 0.331994
-20.286145 0.331959
-20.299091 0.331933
-20.312037 0.331914
-20.324983 0.331900
-20.337929 0.331889
-20.350875 0.331882
-20.363820 0.331876
-20.376766 0.331872
-20.389712 0.331870
-20.402658 0.331868
-20.415604 0.331866
-20.428550 0.331865
-20.441496 0.331865
-20.454441 0.331864
-20.467387 0.331864
-20.480333 0.331864
-20.493279 0.331864
-20.506225 0.331864
-20.519171 0.331864
-20.532117 0.331864
-20.545062 0.331864
-20.558008 0.331864
-20.570954 0.331864
-20.583900 0.331864
-20.596846 0.331864
-20.609792 0.331864
-20.622737 0.331864
-20.635683 0.331864
-20.648629 0.331864
-20.661575 0.331864
-20.674521 0.331864
-20.687467 0.331864
-20.700413 0.331864
-20.713358 0.331864
-20.726304 0.331864
-20.739250 0.331864
-20.752196 0.331864
-20.765142 0.331864
-20.778088 0.331864
-20.791034 0.331864
-20.803979 0.331864
-20.816925 0.331864
-20.829871 0.331864
-20.842817 0.331864
-20.855763 0.331864
-20.868709 0.331864
-20.881654 0.331864
-20.894600 0.331864
-20.907546 0.331864
-20.920492 0.331864
-20.933438 0.331864
-20.946384 0.331864
-20.959330 0.331864
-20.972275 0.331864
-20.985221 0.331864
-20.998167 0.331864
-21.011113 0.331864
-21.024059 0.331864
-21.037005 0.331864
-21.049950 0.331864
-21.062896 0.331865
-21.075842 0.331865
-21.088788 0.331865
-21.101734 0.331865
-21.114680 0.331865
-21.127626 0.331865
-21.140571 0.331865
-21.153517 0.331865
-21.166463 0.331865
-21.179409 0.331865
-21.192355 0.331865
-21.205301 0.331865
-21.218247 0.331865
-21.231192 0.331865
-21.244138 0.331865
-21.257084 0.331865
-21.270030 0.331865
-21.282976 0.331865
-21.295922 0.331865
-21.308867 0.331865
-21.321813 0.331865
-21.334759 0.331865
-21.347705 0.331865
-21.360651 0.331865
-21.373597 0.331865
-21.386543 0.331865
-21.399488 0.331865
-21.412434 0.331865
-21.425380 0.331865
-21.438326 0.331865
-21.451272 0.331865
-21.464218 0.331865
-21.477164 0.331865
-21.490109 0.331865
-21.503055 0.331865
-21.516001 0.331865
-21.528947 0.331865
-21.541893 0.331866
-21.554839 0.331866
-21.567784 0.331866
-21.580730 0.331866
-21.593676 0.331866
-21.606622 0.331866
-21.619568 0.331866
-21.632514 0.331866
-21.645460 0.331866
-21.658405 0.331866
-21.671351 0.331866
-21.684297 0.331866
-21.697243 0.331866
-21.710189 0.331866
-21.723135 0.331866
-21.736080 0.331866
-21.749026 0.331866
-21.761972 0.331866
-21.774918 0.331866
-21.787864 0.331866
-21.800810 0.331866
-21.813756 0.331866
-21.826701 0.331866
-21.839647 0.331866
-21.852593 0.331866
-21.865539 0.331866
-21.878485 0.331866
-21.891431 0.331866
-21.904377 0.331866
-21.917322 0.331866
-21.930268 0.331866
-21.943214 0.331866
-21.956160 0.331866
-21.969106 0.331866
-21.982052 0.331866
-21.994997 0.331866
-22.007943 0.331866
-22.020889 0.331866
-22.033835 0.331866
-22.046781 0.331866
-22.059727 0.331866
-22.072673 0.331866
-22.085618 0.331867
-22.098564 0.331867
-22.111510 0.331867
-22.124456 0.331867
-22.137402 0.331867
-22.150348 0.331867
-22.163294 0.331867
-22.176239 0.331867
-22.189185 0.331867
-22.202131 0.331867
-22.215077 0.331867
-22.228023 0.331867
-22.240969 0.331867
-22.253914 0.331867
-22.266860 0.331867
-22.279806 0.331867
-22.292752 0.331867
-22.305698 0.331867
-22.318644 0.331867
-22.331590 0.331867
-22.344535 0.331867
-22.357481 0.331867
-22.370427 0.331867
-22.383373 0.331867
-22.396319 0.331867
-22.409265 0.331867
-22.422210 0.331867
-22.435156 0.331867
-22.448102 0.331867
-22.461048 0.331867
-22.473994 0.331867
-22.486940 0.331867
-22.499886 0.331867
-22.512831 0.331867
-22.525777 0.331867
-22.538723 0.331867
-22.551669 0.331867
-22.564615 0.331867
-22.577561 0.331867
-22.590507 0.331867
-22.603452 0.331868
-22.616398 0.331868
-22.629344 0.331868
-22.642290 0.331868
-22.655236 0.331868
-22.668182 0.331868
-22.681127 0.331868
-22.694073 0.331868
-22.707019 0.331868
-22.719965 0.331868
-22.732911 0.331868
-22.745857 0.331868
-22.758803 0.331868
-22.771748 0.331868
-22.784694 0.331868
-22.797640 0.331868
-22.810586 0.331868
-22.823532 0.331868
-22.836478 0.331868
-22.849424 0.331868
-22.862369 0.331868
-22.875315 0.331868
-22.888261 0.331868
-22.901207 0.331868
-22.914153 0.331868
-22.927099 0.331868
-22.940044 0.331868
-22.952990 0.331868
-22.965936 0.331868
-22.978882 0.331868
-22.991828 0.331868
-23.004774 0.331868
-23.017720 0.331868
-23.030665 0.331868
-23.043611 0.331868
-23.056557 0.331868
-23.069503 0.331868
-23.082449 0.331868
-23.095395 0.331869
-23.108340 0.331869
-23.121286 0.331869
-23.134232 0.331869
-23.147178 0.331869
-23.160124 0.331869
-23.173070 0.331869
-23.186016 0.331869
-23.198961 0.331869
-23.211907 0.331869
-23.224853 0.331869
-23.237799 0.331869
-23.250745 0.331869
-23.263691 0.331869
-23.276637 0.331869
-23.289582 0.331869
-23.302528 0.331869
-23.315474 0.331869
-23.328420 0.331869
-23.341366 0.331869
-23.354312 0.331869
-23.367257 0.331869
-23.380203 0.331869
-23.393149 0.331869
-23.406095 0.331869
-23.419041 0.331869
-23.431987 0.331869
-23.444933 0.331869
-23.457878 0.331869
-23.470824 0.331869
-23.483770 0.331869
-23.496716 0.331869
-23.509662 0.331869
-23.522608 0.331869
-23.535554 0.331869
-23.548499 0.331869
-23.561445 0.331869
-23.574391 0.331870
-23.587337 0.331870
-23.600283 0.331870
-23.613229 0.331870
-23.626174 0.331870
-23.639120 0.331870
-23.652066 0.331870
-23.665012 0.331870
-23.677958 0.331870
-23.690904 0.331870
-23.703850 0.331870
-23.716795 0.331870
-23.729741 0.331870
-23.742687 0.331870
-23.755633 0.331870
-23.768579 0.331870
-23.781525 0.331870
-23.794470 0.331870
-23.807416 0.331870
-23.820362 0.331870
-23.833308 0.331870
-23.846254 0.331870
-23.859200 0.331870
-23.872146 0.331870
-23.885091 0.331870
-23.898037 0.331870
-23.910983 0.331870
-23.923929 0.331870
-23.936875 0.331870
-23.949821 0.331870
-23.962767 0.331870
-23.975712 0.331870
-23.988658 0.331870
-24.001604 0.331870
-24.014550 0.331870
-24.027496 0.331870
-24.040442 0.331870
-24.053387 0.331870
-24.066333 0.331870
-24.079279 0.331870
-24.092225 0.331870
-24.105171 0.331870
-24.118117 0.331871
-24.131063 0.331871
-24.144008 0.331871
-24.156954 0.331871
-24.169900 0.331871
-24.182846 0.331871
-24.195792 0.331871
-24.208738 0.331871
-24.221684 0.331871
-24.234629 0.331871
-24.247575 0.331871
-24.260521 0.331871
-24.273467 0.331871
-24.286413 0.331871
-24.299359 0.331871
-24.312304 0.331871
-24.325250 0.331871
-24.338196 0.331871
-24.351142 0.331871
-24.364088 0.331871
-24.377034 0.331871
-24.389980 0.331871
-24.402925 0.331871
-24.415871 0.331871
-24.428817 0.331871
-24.441763 0.331871
-24.454709 0.331871
-24.467655 0.331871
-24.480600 0.331871
-24.493546 0.331871
-24.506492 0.331871
-24.519438 0.331871
-24.532384 0.331871
-24.545330 0.331871
-24.558276 0.331871
-24.571221 0.331871
-24.584167 0.331871
-24.597113 0.331871
-24.610059 0.331872
-24.623005 0.331872
-24.635951 0.331872
-24.648897 0.331872
-24.661842 0.331872
-24.674788 0.331872
-24.687734 0.331872
-24.700680 0.331872
-24.713626 0.331872
-24.726572 0.331872
-24.739517 0.331872
-24.752463 0.331872
-24.765409 0.331872
-24.778355 0.331872
-24.791301 0.331872
-24.804247 0.331872
-24.817193 0.331872
-24.830138 0.331872
-24.843084 0.331872
-24.856030 0.331872
-24.868976 0.331872
-24.881922 0.331872
-24.894868 0.331872
-24.907813 0.331872
-24.920759 0.331872
-24.933705 0.331872
-24.946651 0.331872
-24.959597 0.331872
-24.972543 0.331872
-24.985489 0.331872
-24.998434 0.331872
-25.011380 0.331872
-25.024326 0.331872
-25.037272 0.331872
-25.050218 0.331872
-25.063164 0.331872
-25.076110 0.331872
-25.089055 0.331872
-25.102001 0.331872
-25.114947 0.331873
-25.127893 0.331873
-25.140839 0.331873
-25.153785 0.331873
-25.166730 0.331873
-25.179676 0.331873
-25.192622 0.331873
-25.205568 0.331873
-25.218514 0.331873
-25.231460 0.331873
-25.244406 0.331873
-25.257351 0.331873
-25.270297 0.331873
-25.283243 0.331873
-25.296189 0.331873
-25.309135 0.331873
-25.322081 0.331873
-25.335027 0.331873
-25.347972 0.331873
-25.360918 0.331873
-25.373864 0.331873
-25.386810 0.331873
-25.399756 0.331873
-25.412702 0.331873
-25.425647 0.331873
-25.438593 0.331873
-25.451539 0.331873
-25.464485 0.331873
-25.477431 0.331873
-25.490377 0.331873
-25.503323 0.331873
-25.516268 0.331873
-25.529214 0.331873
-25.542160 0.331873
-25.555106 0.331873
-25.568052 0.331873
-25.580998 0.331873
-25.593943 0.331873
-25.606889 0.331873
-25.619835 0.331874
-25.632781 0.331874
-25.645727 0.331874
-25.658673 0.331874
-25.671619 0.331874
-25.684564 0.331874
-25.697510 0.331874
-25.710456 0.331874
-25.723402 0.331874
-25.736348 0.331874
-25.749294 0.331874
-25.762240 0.331874
-25.775185 0.331874
-25.788131 0.331874
-25.801077 0.331874
-25.814023 0.331874
-25.826969 0.331874
-25.839915 0.331874
-25.852860 0.331874
-25.865806 0.331874
-25.878752 0.331874
-25.891698 0.331874
-25.904644 0.331874
-25.917590 0.331874
-25.930536 0.331874
-25.943481 0.331874
-25.956427 0.331874
-25.969373 0.331874
-25.982319 0.331874
-25.995265 0.331874
-26.008211 0.331874
-26.021157 0.331874
-26.034102 0.331874
-26.047048 0.331874
-26.059994 0.331874
-26.072940 0.331874
-26.085886 0.331874
-26.098832 0.331874
-26.111777 0.331874
-26.124723 0.331874
-26.137669 0.331874
-26.150615 0.331874
-26.163561 0.331875
-26.176507 0.331875
-26.189453 0.331875
-26.202398 0.331875
-26.215344 0.331875
-26.228290 0.331875
-26.241236 0.331875
-26.254182 0.331875
-26.267128 0.331875
-26.280073 0.331875
-26.293019 0.331875
-26.305965 0.331875
-26.318911 0.331875
-26.331857 0.331875
-26.344803 0.331875
-26.357749 0.331875
-26.370694 0.331875
-26.383640 0.331875
-26.396586 0.331875
-26.409532 0.331875
-26.422478 0.331875
-26.435424 0.331875
-26.448370 0.331875
-26.461315 0.331875
-26.474261 0.331875
-26.487207 0.331875
-26.500153 0.331875
-26.513099 0.331875
-26.526045 0.331875
-26.538990 0.331875
-26.551936 0.331875
-26.564882 0.331875
-26.577828 0.331875
-26.590774 0.331875
-26.603720 0.331875
-26.616666 0.331875
-26.629611 0.331875
-26.642557 0.331875
-26.655503 0.331876
-26.668449 0.331876
-26.681395 0.331876
-26.694341 0.331876
-26.707287 0.331876
-26.720232 0.331876
-26.733178 0.331876
-26.746124 0.331876
-26.759070 0.331876
-26.772016 0.331876
-26.784962 0.331876
-26.797907 0.331876
-26.810853 0.331876
-26.823799 0.331876
-26.836745 0.331876
-26.849691 0.331876
-26.862637 0.331876
-26.875583 0.331876
-26.888528 0.331876
-26.901474 0.331876
-26.914420 0.331876
-26.927366 0.331876
-26.940312 0.331876
-26.953258 0.331876
-26.966203 0.331876
-26.979149 0.331876
-26.992095 0.331876
-27.005041 0.331876
-27.017987 0.331876
-27.030933 0.331876
-27.043879 0.331876
-27.056824 0.331876
-27.069770 0.331876
-27.082716 0.331876
-27.095662 0.331876
-27.108608 0.331876
-27.121554 0.331876
-27.134500 0.331877
-27.147445 0.331877
-27.160391 0.331877
-27.173337 0.331877
-27.186283 0.331877
-27.199229 0.331877
-27.212175 0.331877
-27.225120 0.331877
-27.238066 0.331877
-27.251012 0.331877
-27.263958 0.331877
-27.276904 0.331877
-27.289850 0.331877
-27.302796 0.331877
-27.315741 0.331877
-27.328687 0.331877
-27.341633 0.331877
-27.354579 0.331877
-27.367525 0.331877
-27.380471 0.331877
-27.393417 0.331877
-27.406362 0.331877
-27.419308 0.331877
-27.432254 0.331877
-27.445200 0.331877
-27.458146 0.331877
-27.471092 0.331877
-27.484037 0.331877
-27.496983 0.331877
-27.509929 0.331877
-27.522875 0.331877
-27.535821 0.331877
-27.548767 0.331877
-27.561713 0.331877
-27.574658 0.331877
-27.587604 0.331877
-27.600550 0.331877
-27.613496 0.331877
-27.626442 0.331877
-27.639388 0.331877
-27.652333 0.331877
-27.665279 0.331877
-27.678225 0.331878
-27.691171 0.331878
-27.704117 0.331878
-27.717063 0.331878
-27.730009 0.331878
-27.742954 0.331878
-27.755900 0.331878
-27.768846 0.331878
-27.781792 0.331878
-27.794738 0.331878
-27.807684 0.331878
-27.820630 0.331878
-27.833575 0.331878
-27.846521 0.331878
-27.859467 0.331878
-27.872413 0.331878
-27.885359 0.331878
-27.898305 0.331878
-27.911250 0.331878
-27.924196 0.331878
-27.937142 0.331878
-27.950088 0.331878
-27.963034 0.331878
-27.975980 0.331878
-27.988926 0.331878
-28.001871 0.331878
-28.014817 0.331878
-28.027763 0.331878
-28.040709 0.331878
-28.053655 0.331878
-28.066601 0.331878
-28.079547 0.331878
-28.092492 0.331878
-28.105438 0.331878
-28.118384 0.331878
-28.131330 0.331878
-28.144276 0.331878
-28.157222 0.331878
-28.170167 0.331879
-28.183113 0.331879
-28.196059 0.331879
-28.209005 0.331879
-28.221951 0.331879
-28.234897 0.331879
-28.247843 0.331879
-28.260788 0.331879
-28.273734 0.331879
-28.286680 0.331879
-28.299626 0.331879
-28.312572 0.331879
-28.325518 0.331879
-28.338463 0.331879
-28.351409 0.331879
-28.364355 0.331879
-28.377301 0.331879
-28.390247 0.331879
-28.403193 0.331879
-28.416139 0.331879
-28.429084 0.331879
-28.442030 0.331879
-28.454976 0.331879
-28.467922 0.331879
-28.480868 0.331879
-28.493814 0.331879
-28.506760 0.331879
-28.519705 0.331879
-28.532651 0.331879
-28.545597 0.331879
-28.558543 0.331879
-28.571489 0.331879
-28.584435 0.331879
-28.597380 0.331879
-28.610326 0.331879
-28.623272 0.331879
-28.636218 0.331879
-28.649164 0.331879
-28.662110 0.331879
-28.675056 0.331879
-28.688001 0.331880
-28.700947 0.331880
-28.713893 0.331880
-28.726839 0.331880
-28.739785 0.331880
-28.752731 0.331880
-28.765677 0.331880
-28.778622 0.331880
-28.791568 0.331880
-28.804514 0.331880
-28.817460 0.331880
-28.830406 0.331880
-28.843352 0.331880
-28.856297 0.331880
-28.869243 0.331880
-28.882189 0.331880
-28.895135 0.331880
-28.908081 0.331880
-28.921027 0.331880
-28.933973 0.331880
-28.946918 0.331880
-28.959864 0.331880
-28.972810 0.331880
-28.985756 0.331880
-28.998702 0.331880
-29.011648 0.331880
-29.024593 0.331880
-29.037539 0.331880
-29.050485 0.331880
-29.063431 0.331880
-29.076377 0.331880
-29.089323 0.331880
-29.102269 0.331880
-29.115214 0.331880
-29.128160 0.331880
-29.141106 0.331880
-29.154052 0.331880
-29.166998 0.331880
-29.179944 0.331881
-29.192890 0.331881
-29.205835 0.331881
-29.218781 0.331881
-29.231727 0.331881
-29.244673 0.331881
-29.257619 0.331881
-29.270565 0.331881
-29.283510 0.331881
-29.296456 0.331881
-29.309402 0.331881
-29.322348 0.331881
-29.335294 0.331881
-29.348240 0.331881
-29.361186 0.331881
-29.374131 0.331881
-29.387077 0.331881
-29.400023 0.331881
-29.412969 0.331881
-29.425915 0.331881
-29.438861 0.331881
-29.451807 0.331881
-29.464752 0.331881
-29.477698 0.331881
-29.490644 0.331881
-29.503590 0.331881
-29.516536 0.331881
-29.529482 0.331881
-29.542427 0.331881
-29.555373 0.331881
-29.568319 0.331881
-29.581265 0.331881
-29.594211 0.331881
-29.607157 0.331881
-29.620103 0.331881
-29.633048 0.331881
-29.645994 0.331881
-29.658940 0.331881
-29.671886 0.331881
-29.684832 0.331881
-29.697778 0.331882
-29.710723 0.331882
-29.723669 0.331882
-29.736615 0.331882
-29.749561 0.331882
-29.762507 0.331882
-29.775453 0.331882
-29.788399 0.331882
-29.801344 0.331882
-29.814290 0.331882
-29.827236 0.331882
-29.840182 0.331882
-29.853128 0.331882
-29.866074 0.331882
-29.879020 0.331882
-29.891965 0.331882
-29.904911 0.331882
-29.917857 0.331882
-29.930803 0.331882
-29.943749 0.331882
-29.956695 0.331882
-29.969640 0.331882
-29.982586 0.331882
-29.995532 0.331882
-30.008478 0.331882
-30.021424 0.331882
-30.034370 0.331882
-30.047316 0.331882
-30.060261 0.331882
-30.073207 0.331882
-30.086153 0.331882
-30.099099 0.331882
-30.112045 0.331882
-30.124991 0.331882
-30.137937 0.331882
-30.150882 0.331882
-30.163828 0.331882
-30.176774 0.331882
-30.189720 0.331882
-30.202666 0.331883
-30.215612 0.331883
-30.228557 0.331883
-30.241503 0.331883
-30.254449 0.331883
-30.267395 0.331883
-30.280341 0.331883
-30.293287 0.331883
-30.306233 0.331883
-30.319178 0.331883
-30.332124 0.331883
-30.345070 0.331883
-30.358016 0.331883
-30.370962 0.331883
-30.383908 0.331883
-30.396853 0.331883
-30.409799 0.331883
-30.422745 0.331883
-30.435691 0.331883
-30.448637 0.331883
-30.461583 0.331883
-30.474529 0.331883
-30.487474 0.331883
-30.500420 0.331883
-30.513366 0.331883
-30.526312 0.331883
-30.539258 0.331883
-30.552204 0.331883
-30.565150 0.331883
-30.578095 0.331883
-30.591041 0.331883
-30.603987 0.331883
-30.616933 0.331883
-30.629879 0.331883
-30.642825 0.331883
-30.655770 0.331883
-30.668716 0.331883
-30.681662 0.331883
-30.694608 0.331883
-30.707554 0.331883
-30.720500 0.331884
-30.733446 0.331884
-30.746391 0.331884
-30.759337 0.331884
-30.772283 0.331884
-30.785229 0.331884
-30.798175 0.331884
-30.811121 0.331884
-30.824066 0.331884
-30.837012 0.331884
-30.849958 0.331884
-30.862904 0.331884
-30.875850 0.331884
-30.888796 0.331884
-30.901742 0.331884
-30.914687 0.331884
-30.927633 0.331884
-30.940579 0.331884
-30.953525 0.331884
-30.966471 0.331884
-30.979417 0.331884
-30.992363 0.331884
-31.005308 0.331884
-31.018254 0.331884
-31.031200 0.331884
-31.044146 0.331884
-31.057092 0.331884
-31.070038 0.331884
-31.082983 0.331884
-31.095929 0.331884
-31.108875 0.331884
-31.121821 0.331884
-31.134767 0.331884
-31.147713 0.331884
-31.160659 0.331884
-31.173604 0.331884
-31.186550 0.331884
-31.199496 0.331884
-31.212442 0.331884
-31.225388 0.331885
-31.238334 0.331885
-31.251280 0.331885
-31.264225 0.331885
-31.277171 0.331885
-31.290117 0.331885
-31.303063 0.331885
-31.316009 0.331885
-31.328955 0.331885
-31.341900 0.331885
-31.354846 0.331885
-31.367792 0.331885
-31.380738 0.331885
-31.393684 0.331885
-31.406630 0.331885
-31.419576 0.331885
-31.432521 0.331885
-31.445467 0.331885
-31.458413 0.331885
-31.471359 0.331885
-31.484305 0.331885
-31.497251 0.331885
-31.510196 0.331885
-31.523142 0.331885
-31.536088 0.331885
-31.549034 0.331885
-31.561980 0.331885
-31.574926 0.331885
-31.587872 0.331885
-31.600817 0.331885
-31.613763 0.331885
-31.626709 0.331885
-31.639655 0.331885
-31.652601 0.331885
-31.665547 0.331885
-31.678493 0.331885
-31.691438 0.331885
-31.704384 0.331885
-31.717330 0.331885
-31.730276 0.331886
-31.743222 0.331886
-31.756168 0.331886
-31.769113 0.331886
-31.782059 0.331886
-31.795005 0.331886
-31.807951 0.331886
-31.820897 0.331886
-31.833843 0.331886
-31.846789 0.331886
-31.859734 0.331886
-31.872680 0.331886
-31.885626 0.331886
-31.898572 0.331886
-31.911518 0.331886
-31.924464 0.331886
-31.937410 0.331886
-31.950355 0.331886
-31.963301 0.331886
-31.976247 0.331886
-31.989193 0.331886
-32.002139 0.331886
-32.015085 0.331886
-32.028030 0.331886
-32.040976 0.331886
-32.053922 0.331886
-32.066868 0.331886
-32.079814 0.331886
-32.092760 0.331886
-32.105706 0.331886
-32.118651 0.331886
-32.131597 0.331886
-32.144543 0.331886
-32.157489 0.331886
-32.170435 0.331886
-32.183381 0.331886
-32.196326 0.331886
-32.209272 0.331886
-32.222218 0.331886
-32.235164 0.331887
-32.248110 0.331887
-32.261056 0.331887
-32.274002 0.331887
-32.286947 0.331887
-32.299893 0.331887
-32.312839 0.331887
-32.325785 0.331887
-32.338731 0.331887
-32.351677 0.331887
-32.364623 0.331887
-32.377568 0.331887
-32.390514 0.331887
-32.403460 0.331887
-32.416406 0.331887
-32.429352 0.331887
-32.442298 0.331887
-32.455243 0.331887
-32.468189 0.331887
-32.481135 0.331887
-32.494081 0.331887
-32.507027 0.331887
-32.519973 0.331887
-32.532919 0.331887
-32.545864 0.331887
-32.558810 0.331887
-32.571756 0.331887
-32.584702 0.331887
-32.597648 0.331887
-32.610594 0.331887
-32.623540 0.331887
-32.636485 0.331887
-32.649431 0.331887
-32.662377 0.331887
-32.675323 0.331887
-32.688269 0.331887
-32.701215 0.331887
-32.714160 0.331887
-32.727106 0.331887
-32.740052 0.331887
-32.752998 0.331888
-32.765944 0.331888
-32.778890 0.331888
-32.791836 0.331888
-32.804781 0.331888
-32.817727 0.331888
-32.830673 0.331888
-32.843619 0.331888
-32.856565 0.331888
-32.869511 0.331888
-32.882456 0.331888
-32.895402 0.331888
-32.908348 0.331888
-32.921294 0.331888
-32.934240 0.331888
-32.947186 0.331888
-32.960132 0.331888
-32.973077 0.331888
-32.986023 0.331888
-32.998969 0.331888
-33.011915 0.331888
-33.024861 0.331888
-33.037807 0.331888
-33.050753 0.331888
-33.063698 0.331888
-33.076644 0.331888
-33.089590 0.331888
-33.102536 0.331888
-33.115482 0.331888
-33.128428 0.331888
-33.141373 0.331888
-33.154319 0.331888
-33.167265 0.331888
-33.180211 0.331888
-33.193157 0.331888
-33.206103 0.331888
-33.219049 0.331888
-33.231994 0.331888
-33.244940 0.331888
-33.257886 0.331888
-33.270832 0.331889
-33.283778 0.331889
-33.296724 0.331889
-33.309670 0.331889
-33.322615 0.331889
-33.335561 0.331889
-33.348507 0.331889
-33.361453 0.331889
-33.374399 0.331889
-33.387345 0.331889
-33.400290 0.331889
-33.413236 0.331889
-33.426182 0.331889
-33.439128 0.331889
-33.452074 0.331889
-33.465020 0.331889
-33.477966 0.331889
-33.490911 0.331889
-33.503857 0.331889
-33.516803 0.331889
-33.529749 0.331889
-33.542695 0.331889
-33.555641 0.331889
-33.568586 0.331889
-33.581532 0.331889
-33.594478 0.331889
-33.607424 0.331889
-33.620370 0.331889
-33.633316 0.331889
-33.646262 0.331889
-33.659207 0.331889
-33.672153 0.331889
-33.685099 0.331889
-33.698045 0.331889
-33.710991 0.331889
-33.723937 0.331889
-33.736883 0.331889
-33.749828 0.331889
-33.762774 0.331890
-33.775720 0.331890
-33.788666 0.331890
-33.801612 0.331890
-33.814558 0.331890
-33.827503 0.331890
-33.840449 0.331890
-33.853395 0.331890
-33.866341 0.331890
-33.879287 0.331890
-33.892233 0.331890
-33.905179 0.331890
-33.918124 0.331890
-33.931070 0.331890
-33.944016 0.331890
-33.956962 0.331890
-33.969908 0.331890
-33.982854 0.331890
-33.995800 0.331890
-34.008745 0.331890
-34.021691 0.331890
-34.034637 0.331890
-34.047583 0.331890
-34.060529 0.331890
-34.073475 0.331890
-34.086420 0.331890
-34.099366 0.331890
-34.112312 0.331890
-34.125258 0.331890
-34.138204 0.331890
-34.151150 0.331890
-34.164096 0.331890
-34.177041 0.331890
-34.189987 0.331890
-34.202933 0.331890
-34.215879 0.331890
-34.228825 0.331890
-34.241771 0.331890
-34.254716 0.331890
-34.267662 0.331891
-34.280608 0.331891
-34.293554 0.331891
-34.306500 0.331891
-34.319446 0.331891
-34.332392 0.331891
-34.345337 0.331891
-34.358283 0.331891
-34.371229 0.331891
-34.384175 0.331891
-34.397121 0.331891
-34.410067 0.331891
-34.423013 0.331891
-34.435958 0.331891
-34.448904 0.331891
-34.461850 0.331891
-34.474796 0.331891
-34.487742 0.331891
-34.500688 0.331891
-34.513633 0.331891
-34.526579 0.331891
-34.539525 0.331891
-34.552471 0.331891
-34.565417 0.331891
-34.578363 0.331891
-34.591309 0.331891
-34.604254 0.331891
-34.617200 0.331891
-34.630146 0.331891
-34.643092 0.331891
-34.656038 0.331891
-34.668984 0.331891
-34.681930 0.331891
-34.694875 0.331891
-34.707821 0.331891
-34.720767 0.331891
-34.733713 0.331891
-34.746659 0.331891
-34.759605 0.331891
-34.772550 0.331891
-34.785496 0.331892
-34.798442 0.331892
-34.811388 0.331892
-34.824334 0.331892
-34.837280 0.331892
-34.850226 0.331892
-34.863171 0.331892
-34.876117 0.331892
-34.889063 0.331892
-34.902009 0.331892
-34.914955 0.331892
-34.927901 0.331892
-34.940846 0.331892
-34.953792 0.331892
-34.966738 0.331892
-34.979684 0.331892
-34.992630 0.331892
-35.005576 0.331892
-35.018522 0.331892
-35.031467 0.331892
-35.044413 0.331892
-35.057359 0.331892
-35.070305 0.331892
-35.083251 0.331892
-35.096197 0.331892
-35.109143 0.331892
-35.122088 0.331892
-35.135034 0.331892
-35.147980 0.331892
-35.160926 0.331892
-35.173872 0.331892
-35.186818 0.331892
-35.199763 0.331892
-35.212709 0.331892
-35.225655 0.331892
-35.238601 0.331892
-35.251547 0.331892
-35.264493 0.331892
-35.277439 0.331892
-35.290384 0.331893
-35.303330 0.331893
-35.316276 0.331893
-35.329222 0.331893
-35.342168 0.331893
-35.355114 0.331893
-35.368060 0.331893
-35.381005 0.331893
-35.393951 0.331893
-35.406897 0.331893
-35.419843 0.331893
-35.432789 0.331893
-35.445735 0.331893
-35.458680 0.331893
-35.471626 0.331893
-35.484572 0.331893
-35.497518 0.331893
-35.510464 0.331893
-35.523410 0.331893
-35.536356 0.331893
-35.549301 0.331893
-35.562247 0.331893
-35.575193 0.331893
-35.588139 0.331893
-35.601085 0.331893
-35.614031 0.331893
-35.626976 0.331893
-35.639922 0.331893
-35.652868 0.331893
-35.665814 0.331893
-35.678760 0.331893
-35.691706 0.331893
-35.704652 0.331893
-35.717597 0.331893
-35.730543 0.331893
-35.743489 0.331893
-35.756435 0.331893
-35.769381 0.331893
-35.782327 0.331893
-35.795273 0.331894
-35.808218 0.331894
-35.821164 0.331894
-35.834110 0.331894
-35.847056 0.331894
-35.860002 0.331894
-35.872948 0.331894
-35.885893 0.331894
-35.898839 0.331894
-35.911785 0.331894
-35.924731 0.331894
-35.937677 0.331894
-35.950623 0.331894
-35.963569 0.331894
-35.976514 0.331894
-35.989460 0.331894
-36.002406 0.331894
-36.015352 0.331894
-36.028298 0.331894
-36.041244 0.331894
-36.054190 0.331894
-36.067135 0.331894
-36.080081 0.331894
-36.093027 0.331894
-36.105973 0.331894
-36.118919 0.331894
-36.131865 0.331894
-36.144810 0.331894
-36.157756 0.331894
-36.170702 0.331894
-36.183648 0.331894
-36.196594 0.331894
-36.209540 0.331894
-36.222486 0.331894
-36.235431 0.331894
-36.248377 0.331894
-36.261323 0.331894
-36.274269 0.331894
-36.287215 0.331894
-36.300161 0.331894
-36.313106 0.331895
-36.326052 0.331895
-36.338998 0.331895
-36.351944 0.331895
-36.364890 0.331895
-36.377836 0.331895
-36.390782 0.331895
-36.403727 0.331895
-36.416673 0.331895
-36.429619 0.331895
-36.442565 0.331895
-36.455511 0.331895
-36.468457 0.331895
-36.481403 0.331895
-36.494348 0.331895
-36.507294 0.331895
-36.520240 0.331895
-36.533186 0.331895
-36.546132 0.331895
-36.559078 0.331895
-36.572023 0.331895
-36.584969 0.331895
-36.597915 0.331895
-36.610861 0.331895
-36.623807 0.331895
-36.636753 0.331895
-36.649699 0.331895
-36.662644 0.331895
-36.675590 0.331895
-36.688536 0.331895
-36.701482 0.331895
-36.714428 0.331895
-36.727374 0.331895
-36.740319 0.331895
-36.753265 0.331895
-36.766211 0.331895
-36.779157 0.331895
-36.792103 0.331895
-36.805049 0.331895
-36.817995 0.331896
-36.830940 0.331896
-36.843886 0.331896
-36.856832 0.331896
-36.869778 0.331896
-36.882724 0.331896
-36.895670 0.331896
-36.908616 0.331896
-36.921561 0.331896
-36.934507 0.331896
-36.947453 0.331896
-36.960399 0.331896
-36.973345 0.331896
-36.986291 0.331896
-36.999236 0.331896
-37.012182 0.331896
-37.025128 0.331896
-37.038074 0.331896
-37.051020 0.331896
-37.063966 0.331896
-37.076912 0.331896
-37.089857 0.331896
-37.102803 0.331896
-37.115749 0.331896
-37.128695 0.331896
-37.141641 0.331896
-37.154587 0.331896
-37.167533 0.331896
-37.180478 0.331896
-37.193424 0.331896
-37.206370 0.331896
-37.219316 0.331896
-37.232262 0.331896
-37.245208 0.331896
-37.258153 0.331896
-37.271099 0.331896
-37.284045 0.331896
-37.296991 0.331896
-37.309937 0.331897
-37.322883 0.331897
-37.335829 0.331897
-37.348774 0.331897
-37.361720 0.331897
-37.374666 0.331897
-37.387612 0.331897
-37.400558 0.331897
-37.413504 0.331897
-37.426449 0.331897
-37.439395 0.331897
-37.452341 0.331897
-37.465287 0.331897
-37.478233 0.331897
-37.491179 0.331897
-37.504125 0.331897
-37.517070 0.331897
-37.530016 0.331897
-37.542962 0.331897
-37.555908 0.331897
-37.568854 0.331897
-37.581800 0.331897
-37.594746 0.331897
-37.607691 0.331897
-37.620637 0.331897
-37.633583 0.331897
-37.646529 0.331897
-37.659475 0.331897
-37.672421 0.331897
-37.685366 0.331897
-37.698312 0.331897
-37.711258 0.331897
-37.724204 0.331897
-37.737150 0.331897
-37.750096 0.331897
-37.763042 0.331897
-37.775987 0.331897
-37.788933 0.331897
-37.801879 0.331897
-37.814825 0.331897
-37.827771 0.331898
-37.840717 0.331898
-37.853663 0.331898
-37.866608 0.331898
-37.879554 0.331898
-37.892500 0.331898
-37.905446 0.331898
-37.918392 0.331898
-37.931338 0.331898
-37.944283 0.331898
-37.957229 0.331898
