T_k,log_n_H2,log_N_dv,n_H2,tau_main,T_B_main,T_B_outer_01,T_B_outer_10,T_B_inner_12,T_B_inner_21,T_B_22_main,T_B_21_main,R_01,R_10,R_12,R_21,R_2211,R_21_11,any_maser,converged,n_iter,max_residual
18.0,3.5,14.222878745280337,3162.2776601683795,1.0685470820680147,1.822352531849,0.9592734042229211,0.2550362583985196,0.7467030175785108,0.8081578987237584,0.614967381544216,0.00010989720888013276,0.5263928836258814,0.13994891435179893,0.4097467446767224,0.4434695727636097,0.3374579675427873,6.030513139443364e-05,True,True,190,2.1470597764446905e-18
18.0,3.5,14.240600264267679,3162.2776601683795,1.1130513012027627,1.854486397317421,0.9941506599482797,0.2628375994401932,0.7710140711648426,0.8347640273913522,0.6344343816346882,0.00011447436212750764,0.5360787015673737,0.14173066991507563,0.4157561210910693,0.4501321921793912,0.34210786477184174,6.172833744863201e-05,True,True,85,3.817388737902008e-10
18.0,3.5,14.25832178325502,3162.2776601683795,1.1594090891264133,1.8860348627269865,1.0300904145252716,0.2707734938654669,0.7958573973721654,0.8619751076873547,0.6542864947967628,0.00011924215166386463,0.5461672182643967,0.14356759740589312,0.42197385271099835,0.4570303151454153,0.3469111349568273,6.322372614653282e-05,True,True,85,7.570088962102647e-10
18.0,3.5,14.276043302242362,3162.2776601683795,1.1850747664791579,1.9766998488686596,1.1063410698206353,0.27029366014939904,0.8368015046646078,0.9092636266836519,0.684489730487622,0.00013896022325790022,0.5596909770868027,0.13673985977390465,0.42333260921911897,0.4599907402249553,0.34627904225286477,7.029910147331292e-05,True,True,131,1.0587911840678754e-22
18.0,3.5,14.293764821229704,3162.2776601683795,1.2344322800445657,2.008436453790203,1.1461427707523104,0.278205664064171,0.863283416637147,0.9384157815192662,0.7054379968422582,0.00014474783769749384,0.5706641943235881,0.13851852944570772,0.42982859378399024,0.4672369791677219,0.3512373993765136,7.206991160926911e-05,True,True,85,3.8296857116932527e-10
18.0,3.5,14.311486340217046,3162.2776601683795,1.2858454986289887,2.03943290514091,1.187123573215773,0.2862288333153103,0.89028867058395,0.9681724470248262,0.7267483248495964,0.00015077650389361228,0.5820851326970972,0.14034726643558493,0.4365373670002826,0.47472630483910555,0.3563482392667306,7.393060272467984e-05,True,True,85,7.595588977969549e-10
18.0,3.5,14.329207859204388,3162.2776601683795,1.3127127029076737,2.1386846602160836,1.2716401415981404,0.28816205370592884,0.9370961261707451,1.0216487113194659,0.7606356912920432,0.0001768726316399861,0.5945898267534492,0.13473798127715292,0.4381647016985033,0.47769955539693393,0.3556558409200877,8.27015945502296e-05,True,True,146,5.293955920339377e-23
18.0,3.5,14.34692937819173,3162.2776601683795,1.3673862449270904,2.1696936947408436,1.3168673191602445,0.296191451504194,0.9658393408519872,1.0534622324675025,0.7830540968267107,0.0001842392840356416,0.6069369710352299,0.13651302588108974,0.4451500887858508,0.4855350020240216,0.3609053659162897,8.491488198643994e-05,True,True,85,3.8433973637272246e-10
18.0,3.5,14.364650897179072,3162.2776601683795,1.424336900735631,2.1998164448569297,1.363393341312394,0.3043055527153041,0.9950840579880066,1.0858662647777493,0.8057985506749312,0.0001919127551238084,0.6197759565348943,0.1383322474139861,0.452348676779132,0.49361675939665556,0.3663026306394115,8.724034933573282e-05,True,True,85,7.621430310737806e-10
18.0,3.5,14.382372416166413,3162.2776601683795,1.452343097258074,2.308161870363804,1.4566076493463818,0.30936386896658064,1.04854635863186,1.1462113943784096,0.8437772457053349,0.0002266986751543269,0.6310682400783255,0.13403040442645378,0.454277653614732,0.49659055939510344,0.36556242286956325,9.821610783241797e-05,True,True,135,1.0587911840678754e-22
18.0,3.5,14.400093935153755,3162.2776601683795,1.5128321449976643,2.3381289325588637,1.5077693934417866,0.31752300717961224,1.0796222989704647,1.1807769369623815,0.8676252032117985,0.00023614057089243402,0.6448615268584329,0.13580218043498268,0.461746263833671,0.5050093348231791,0.37107671485945976,0.00010099553006001265,True,True,85,3.8548778819126863e-10
18.0,3.5,14.417815454141095,3162.2776601683795,1.5758405181661708,2.3670788901544957,1.5603500992343515,0.3257371456550409,1.1111626456618318,1.2159026164423532,0.8917486304882207,0.00024597571978786175,0.6591880421579485,0.13761144464170375,0.4694235795365941,0.5136721980411025,0.37672957762299913,0.0001039153028701157,True,True,85,7.640796258211757e-10
18.0,3.5,14.435536973128437,3162.2776601683795,1.6049249634729486,2.4849836742466223,1.6626941734895238,0.3346820100930633,1.172139953047061,1.2838307062424823,0.9342587580031123,0.00029252268793387775,0.6690966185094179,0.13468177419496713,0.4716891966714515,0.5166354690968761,0.3759617287169315,0.0001177161407398632,True,True,134,1.0587911840678754e-22
18.0,3.5,14.45325849211578,3162.2776601683795,1.6717689364413586,2.5136238796092116,1.7202982949700396,0.3429861370811102,1.2055955365583169,1.3212068297764166,0.9594623005750139,0.00030470615153134137,0.6843897008320478,0.1364508588032803,0.4796244761749115,0.5256183474760043,0.38170480013269914,0.00012122185582463254,True,True,85,3.8609809176172525e-10
18.0,3.5,14.470980011103121,3162.2776601683795,1.7413969129139157,2.5411376339318945,1.7794382771027686,0.3513120876020723,1.239460849639862,1.3590934907870031,0.9848749141846296,0.0003173970564598794,0.7002526165217777,0.13824992511660542,0.48775825169376913,0.5348366309006577,0.3875724404036847,0.00012490352833379272,True,True,85,7.647920967070557e-10
18.0,3.5,14.488701530090463,3162.2776601683795,1.7715028339720056,2.669025267979399,1.8913329016869773,0.3649221403308567,1.3088906737186854,1.435355872046419,1.032388355201416,0.00037972888195223837,0.7086230783865234,0.13672487282487328,0.49040025563699086,0.5377827963139006,0.38680351497121324,0.0001422724941977467,True,True,133,5.293955920339377e-23
18.0,3.5,14.506423049077805,3162.2776601683795,1.8452846557035625,2.6960957411343176,1.9558738167505418,0.3733854263374791,1.344743023622896,1.4755617236197993,1.0588370405004206,0.00039554450378766963,0.7254467216834276,0.13849115988009617,0.4987742100943076,0.5472957436589371,0.3927297626511365,0.00014671011038400801,True,True,85,3.859292852781239e-10
18.0,3.5,14.524144568065147,3162.2776601683795,1.9221394373613654,2.721956927132641,2.0220597352586127,0.381833642928804,1.3809306913322146,1.5162065725048584,1.085411860555056,0.00041201885076946475,0.7428698504015959,0.1402790907977499,0.507330104149338,0.5570281283260635,0.3987615857310603,0.00015136861522768215,True,True,85,7.638272578436324e-10
18.0,3.5,14.541866087052489,3162.2776601683795,1.9532149149147993,2.860210240978948,2.143940862542456,0.4008502473964092,1.4598295128693863,1.60159487085144,1.1384295181563677,0.0004953029539175964,0.7495745703674781,0.14014712682771616,0.510392380236265,0.5599570436833592,0.398023020072372,0.00017317012114049065,True,True,136,2.429925767435774e-20
18.0,3.5,14.55958760603983,3162.2776601683795,2.0345649144135525,2.885520258572467,2.2158861710448146,0.4094805274133282,1.4980609576689847,1.6446033263721014,1.1659745710763045,0.0005159323039156691,0.7679329800100119,0.14190873420376107,0.5191649419956281,0.5699503656182002,0.4040777629657464,0.00017880044417740897,True,True,85,3.8479278891333127e-10
18.0,3.5,14.577309125027172,3162.2776601683795,2.1193030830113186,2.9095680355739746,2.2895723630046745,0.4180549758405321,1.536531755472883,1.6879549215834302,1.1935463033051243,0.0005374208802232923,0.7869114366844517,0.14368283220366826,0.5280961767129702,0.5801393543459261,0.41021426160590596,0.00018470813318420117,True,True,85,7.608519024527561e-10
18.0,3.5,14.595030644014514,3162.2776601683795,2.1513006699384896,3.058533056313816,2.421965585406712,0.4431107262702541,1.6259862216177723,1.7833006255999604,1.2525932797159076,0.0006481253147933634,0.7918716393818207,0.14487687990016265,0.5316229027707263,0.5830574961152186,0.4095405400736618,0.00021190724535588066,True,True,135,2.514629062161204e-22
18.0,3.5,14.612752163001856,3162.2776601683795,2.240900798979485,3.08195075663777,2.50174361094496,0.45190339355750714,1.6665396292035706,1.8290322292273267,1.2810473870294563,0.0006751198766387389,0.811740293240187,0.14662901170118225,0.5407418095874019,0.5934657538859235,0.4156612120652456,0.00021905602326211584,True,True,85,3.8255272432227865e-10
18.0,3.5,14.630473681989198,3162.2776601683795,2.3342327090942963,3.1040844701673396,2.5833387834084656,0.4605956810451661,1.7072135691862789,1.8749849881458884,1.309413139127636,0.0007032387942809275,0.8322385580148852,0.14838374582645802,0.5499894044746289,0.6040380041735169,0.4218355369230807,0.0002265527246566896,True,True,85,7.55649229219405e-10
18.0,3.5,14.64819520097654,3162.2776601683795,2.3671080042011363,3.26407652727882,2.7269827199515038,0.49213634400546036,1.8083586285877413,1.9811539120124102,1.3750313229269544,0.0008492513895510073,0.8354530591306086,0.15077353116341985,0.554018453144334,0.6069569433974177,0.4212619745387171,0.00026018121280355126,True,True,147,1.025121624414517e-18
18.0,3.5,14.665916719963882,3162.2776601683795,2.4656963538419423,3.2855314368055146,2.8149737233444143,0.5010682691399054,1.8511330925553464,2.029471930010766,1.404170441125421,0.0008846231790645844,0.8567788126481546,0.15250752542702453,0.5634196866352867,0.617699744788928,0.42738000476741145,0.00026924812502317544,True,True,85,3.7913749876259284e-10
18.0,3.5,14.683638238951223,3162.2776601683795,2.568390837494228,3.305710945045628,2.9048316085975827,0.5098519748502892,1.8938858076300165,2.07786198889055,1.4330925991774528,0.0009214682699428274,0.8787312795606478,0.1542336832609095,0.5729133124807667,0.628567356140048,0.43352023906544923,0.0002787504065725591,True,True,85,7.48112475088482e-10
18.0,3.5,14.701359757938565,3162.2776601683795,2.60210247060581,3.4770177685107093,3.0608639023136894,0.5480606681464342,2.007864046774174,2.195739266582093,1.5058300086231085,0.0011121979199915488,0.8803129883413657,0.15762377549804177,0.5774672953811768,0.6315007321698506,0.4330809069371227,0.00031987122127015476,True,True,180,2.3525016621008107e-21
18.0,3.5,14.719081276925907,3162.2776601683795,2.7104781711306645,3.4964988298802324,3.1573986463443657,0.557085229212632,2.052710811251015,2.2464460302581974,1.5353974322232833,0.0011585220383234591,0.9030172180702597,0.1593265882007214,0.5870760755613716,0.6424844221484113,0.4391242516949094,0.0003313377451818403,True,True,85,3.745268369452641e-10
18.0,3.5,14.736802795913249,3162.2776601683795,2.823367641807514,3.5147404578417825,3.2558164930923805,0.5659115127709675,2.0973703528542034,2.2970486230437346,1.5646088751876184,0.0012067756822128938,0.9263319815914961,0.1610108966960434,0.5967354853115067,0.6535471539352956,0.4451563049831459,0.0003433470256731023,True,True,85,7.382346832652066e-10
18.0,3.5,14.75452431490059,3162.2776601683795,2.8578821793810967,3.697617329443689,3.4260020375414393,0.6106586887277189,2.2252724408882454,2.427510907651436,1.6450053306904286,0.0014533150099084436,0.9265431580116716,0.1651492391776499,0.6018125302390446,0.6565067965041851,0.44488252410314233,0.00039304094513401054,True,True,181,5.936575994619573e-19
18.0,3.5,14.772245833887931,3162.2776601683795,2.9769109212183906,3.7151666872993294,3.531370712864916,0.6197032913297016,2.2719910045255878,2.480345506362385,1.6747181027396003,0.0015138477000706076,0.9505282023919038,0.1668036304934095,0.6115448365459933,0.6676269775032424,0.4507787250743802,0.00040747773316493393,True,True,85,3.6874504403358643e-10
18.0,3.5,14.789967352875273,3162.2776601683795,3.100897124733282,3.7315353408144407,3.6385987517093725,0.6284990979614263,2.318334980706653,2.5328738970633196,1.7039297384303915,0.0015769018022862582,0.975094276050784,0.16842908898304867,0.6212817966238678,0.6787752669415955,0.4566296665593133,0.0004225879318463283,True,True,85,7.261083497379955e-10
18.0,3.5,14.807688871862615,3162.2776601683795,3.136204463147193,3.926184806544787,3.82556863404471,0.6793445490894906,2.4611227236554463,2.6767446166846933,1.7924986080921759,0.0018924575029419287,0.9743730421623674,0.17302918292512656,0.6268484151721174,0.6817673514050259,0.4565497286587618,0.0004820092777566865,True,True,257,2.117582368135751e-22
18.0,3.5,14.825410390849957,3162.2776601683795,3.234319706639057,4.004198344991414,3.9671000584664893,0.7034465747601459,2.543886475676157,2.7637176737960947,1.8434901414745735,0.002064699600050443,0.990735152625162,0.17567725525885614,0.6353048117254572,0.6902049887845955,0.46038931707278513,0.0005156336979742871,True,True,51,1.0587911840678754e-22
18.0,3.5,14.843131909837298,3162.2776601683795,3.369026801339576,4.019311290815673,4.084668928358002,0.7123632414496497,2.5926926637126173,2.8188724804527885,1.872927569742018,0.002150698901498284,1.0162609046210664,0.17723515047899754,0.6450589357527619,0.7013322125345337,0.46598221292830716,0.0005350913989699525,True,True,85,3.631932721614533e-10
18.0,3.5,14.86085342882464,3162.2776601683795,3.5093443498630137,4.033347373169495,4.203994434202501,0.7209673118515789,2.6408448634272648,2.8734163634242247,1.9016699856716826,0.0022402805261527627,1.0423090414101643,0.1787516038533092,0.6547526456547256,0.7124148003067312,0.4714867849771411,0.000555439519307334,True,True,85,7.067864452730432e-10
18.0,3.5,14.878574947811982,3162.2776601683795,3.5457826471642466,4.243858303992213,4.419280368507693,0.7788392645503756,2.8046126967370384,3.0362512436964604,2.0018461730239916,0.0026738211520965036,1.0413355140416587,0.18352150537583184,0.6608638874909487,0.7154459518217768,0.4717042911496002,0.0006300448696840869,True,True,220,1.5881867761018131e-22
18.0,3.5,14.896296466799324,3162.2776601683795,3.655592297979484,4.325645772443768,4.579907820921637,0.8048635774555436,2.8956328198645593,3.130925117453294,2.0563946789040077,0.002911827434539438,1.0587801363897218,0.18606784276763302,0.669410527859445,0.7238052494724925,0.47539599566939345,0.0006731543884358345,True,True,50,1.0587911840678754e-22
18.0,3.5,14.914017985786666,3162.2776601683795,3.8078450937867734,4.3385440941846705,4.710203071655559,0.8134401757616563,2.9459333894906057,3.187672203298938,2.0850113655505873,0.0030331138129172804,1.0856644462756655,0.1874915082347512,0.6790142788773997,0.7347331579668981,0.4805785812676907,0.0006991086749545378,True,True,85,3.587577152522516e-10
18.0,3.5,14.931739504774008,3162.2776601683795,3.9664391092765614,4.350485661716952,4.842063872116475,0.8216508771232447,2.9952757308508327,3.2434732486217905,2.1127519688918746,0.0031594526049757168,1.1129938697937272,0.18886417310911766,0.6884922658654906,0.745542797017685,0.4856358883063324,0.0007262298627433735,True,True,85,6.966952262603954e-10
18.0,3.5,14.94946102376135,3162.2776601683795,4.0042761062072785,4.576799802884245,5.094839014694312,0.8850469546744455,3.1807594324997934,3.426153473871048,2.225170549836632,0.0037516491804419918,1.113188086462424,0.1933768119192584,0.6949745607171449,0.7485915096640073,0.4861848115869862,0.0008197101341591885,True,True,184,4.698385879301197e-22
18.0,3.5,14.967182542748692,3162.2776601683795,4.171051332397398,4.5882043616427275,5.235111520745802,0.8932242794284891,3.231709773786547,3.4835336210747996,2.252827524578633,0.00390791884751079,1.140993536493536,0.19467839900415543,0.7043517505025624,0.7592368051861536,0.4910041809410701,0.0008517316447760898,True,True,85,3.5171424609353485e-10
18.0,3.5,14.984904061736033,3162.2776601683795,4.344772627073565,4.598745307725881,5.376746122969001,0.9010067922424084,3.2814656193396,3.539705629396908,2.279489933317951,0.00407069840913849,1.1691767565244546,0.19592448199484305,0.7135567203138529,0.7697111695771042,0.49567649016970194,0.0008851758766243754,True,True,85,6.826073215057388e-10
18.0,3.5,15.002625580723375,3162.2776601683795,4.525729289003443,4.608482371512994,5.519583801589031,0.9083968346961014,3.329951635483547,3.594580529546803,2.305134759756945,0.004240259114700833,1.197700968915048,0.19711409558845053,0.7225701146363076,0.7799922490246348,0.5001938976713834,0.0009200988032224431,True,True,85,9.9387783859538e-10
18.0,3.5,15.020347099710717,3162.2776601683795,4.5179507614559,4.925327471878894,5.868599390014964,0.9954769579354672,3.587976094170414,3.844831380198836,2.461631333980554,0.00523666828231178,1.191514558883987,0.20211386219883498,0.7284746272518784,0.7806245172835432,0.499790389174164,0.001063212205119453,True,True,227,2.739549396881723e-18
18.0,3.5,15.038068618698059,3162.2776601683795,4.706120168403041,4.93496895163241,6.022929462440091,1.0029526256934675,3.639072278777798,3.90221753554768,2.4875966596167354,0.005454797893241261,1.2204594439135834,0.2032338269041605,0.7374053037505028,0.7907278797077107,0.5040754428239873,0.0011053358079257825,True,True,85,3.4002758403946796e-10
18.0,3.5,15.0557901376854,3162.2776601683795,4.902126696111415,4.943867331071976,6.178269306883977,1.010013766009007,3.6886622932738815,3.958047560605869,2.512443344429963,0.005682014668278301,1.2496834751316732,0.2042962924310524,0.7461086728785804,0.8005974464018734,0.5081939251564,0.0011493056523922281,True,True,85,6.600653280913083e-10
18.0,3.5,15.073511656672743,3162.2776601683795,5.106296755036489,4.952077152595466,6.334420357985636,1.0166692818375807,3.7366835554424718,4.012244754839249,2.5361649347350506,0.0059186972702538025,1.2791441172651483,0.20530158366065185,0.7545689294206601,0.8102145082162875,0.5121416441191358,0.0011951948824447767,True,True,85,9.614081561162476e-10
18.0,3.5,15.091233175660083,3162.2776601683795,5.094073711878701,5.289611363739232,6.7592807894280575,1.1080253138076885,4.023900702620869,4.289901230545683,2.7100750248946346,0.0072868487872907875,1.2778407192187204,0.20947197017219507,0.7607176455731843,0.811004993666141,0.5123391566103411,0.0013775773466540094,True,True,261,2.220446049250313e-16
18.0,3.5,15.108954694647425,3162.2776601683795,5.3062382262614,5.297739323462753,6.928757767219464,1.1146594923066009,4.074252966450716,4.346275597942679,2.7339602697479446,0.007590380639328054,1.3078706490017769,0.21040285756793858,0.769055009635255,0.8204019361039134,0.5160616826954314,0.0014327584231469445,True,True,85,3.2840170062925816e-10
18.0,3.5,15.126676213634767,3162.2776601683795,5.527239240410147,5.305234844426016,7.098798259931147,1.120882575803763,4.12281008619461,4.400768728063715,2.756650855048267,0.007906557761996943,1.3380742734489035,0.2112785972107204,0.7771211279225972,0.8295144055097609,0.5196095810809511,0.0014903313413738935,True,True,85,6.381163219403416e-10
18.0,3.5,15.144397732622108,3162.2776601683795,5.757444788198761,5.312145992006665,7.269162126192601,1.1267091996381224,4.169529068931658,4.453323999345137,2.7781584078224224,0.008235907109745609,1.3684040568784654,0.21210057128202298,0.7849048341678985,0.8383286163531984,0.522982314869131,0.0015503917102689588,True,True,85,9.304106608167515e-10
18.0,3.5,15.16211925160945,3162.2776601683795,5.740944038770214,5.669810874953792,7.787179049832565,1.220990400853513,4.4857742661933475,4.758497818625374,2.9690006735182966,0.010123695535975518,1.3734459969788726,0.215349405435585,0.7911682356124279,0.8392692320031142,0.5236507423261263,0.0017855437790167954,True,True,233,7.392016826018877e-20
18.0,3.5,15.179840770596792,3162.2776601683795,5.980050238047164,5.6766510208538445,7.973122916188169,1.2267160250758293,4.534480815168161,4.812841019510049,2.9905308432897804,0.010545396656276665,1.4045469568056879,0.21609854482323185,0.7987950639400261,0.8478310542306569,0.5268125224368583,0.001857679222755972,True,True,85,3.1850921855703616e-10
18.0,3.5,15.197562289584134,3162.2776601683795,6.229115038931541,5.682956534600609,8.159086379595621,1.2320550654903284,4.581147526519906,4.865025219587479,3.0108436010315764,0.010984666127116427,1.4357115578694166,0.2167982559762646,0.806120458361356,0.8560729243602049,0.5298023278376481,0.0019329139788834256,True,True,85,6.196639163414281e-10
18.0,3.5,15.215283808571476,3162.2776601683795,6.488553210033598,5.6887687931495625,8.34478647390124,1.237026122144838,4.6257569247478445,4.915020855416869,3.029967961516164,0.011442236065992128,1.4668879642199668,0.2174505885411391,0.8131385002530247,0.8639867490019205,0.5326227997110488,0.002011373019724569,True,True,85,9.045887591417198e-10
18.0,3.5,15.233005327558818,3162.2776601683795,6.758796794778541,5.694126110151807,8.529932660446608,1.2416481170555955,4.668301880759861,4.9628094804727825,3.047937274438475,0.011918869117274708,1.4980231374291073,0.2180577129898679,0.8198451861536665,0.8715664852636137,0.5352774447696973,0.002093186713238592,True,False,85,1.174313709799718e-09
18.0,3.5,15.25072684654616,3162.2776601683795,7.040295830890187,5.699063919053676,8.71422818482107,1.245940089643788,4.708785466062141,5.008383743348514,3.064788694381116,0.012415359726581855,1.5290630722155614,0.2186218837585305,0.8262384021206118,0.8788081366492466,0.5377705423051337,0.002178491047463706,True,False,85,1.4297812810917811e-09
18.0,3.5,15.268448365533501,3162.2776601683795,7.333519099840583,5.703614958128254,8.897371576990732,1.249921008021759,4.747220678923282,5.051747227662219,3.0805626218040714,0.012932535468502747,1.5599530547396152,0.21914540465963425,0.8323178745013267,0.8857097235259447,0.5401070451668453,0.0022674278617059373,True,False,85,1.6718793838871648e-09
18.0,3.5,15.286169884520843,3162.2776601683795,7.638954907513671,5.707809453302296,9.079058288606177,1.2536095988669638,4.78363004640561,5.092914154713032,3.0953021270410197,0.013471258429877033,1.5906379431348079,0.21963059718850259,0.8380850982399218,0.8922712288102904,0.5422924770640704,0.0023601450854465952,True,False,85,1.901402220465564e-09
18.0,3.5,15.303891403508185,3162.2776601683795,7.957111897383033,5.71167529570587,9.258982458441247,1.2570241978927774,4.818045109176038,5.13190895314931,3.109052369484247,0.014032426650948362,1.621062469255264,0.2200797721883505,0.8435432442734134,0.8984945199891811,0.5443328285523659,0.002456796985903272,True,False,85,2.1191119824280136e-09
18.0,3.5,15.321612922495527,3162.2776601683795,8.288519897557897,5.715238211796467,9.436838793897117,1.2601826221649022,4.8505057989431934,5.168765703149023,3.121860023927152,0.014616975626909818,1.65117155999187,0.22049520518039611,0.8486970479955791,0.9043832490622169,0.5462344539696553,0.002557544425136966,True,False,85,2.3256878660491214e-09
18.0,3.5,15.339334441482869,3162.2776601683795,8.633730803108017,5.718521924679418,9.612324553370986,1.2631020647572135,4.881059721101917,5.203527465755615,3.1337727254123613,0.015225879872289403,1.6809106758666235,0.2208791155116579,0.8535526811634198,0.9099427324565736,0.5480039714262425,0.0026625551275022818,True,False,85,2.521781115929324e-09
18.0,3.5,15.35705596047021,3162.2776601683795,8.99331949513674,5.721548305860423,9.785141611102107,1.2657990115266649,4.909761357586062,5.236245510938067,3.1448385429302057,0.01586015455095826,1.7102261639702419,0.22123364933057407,0.858117609975805,0.9151798134037821,0.5496481677361764,0.0027720039582140982,True,False,85,2.73701225353824e-09
18.0,3.5,15.374777479457553,3162.2776601683795,9.367884798132806,5.724337517134316,9.954998582945382,1.2682891791447712,4.936671206927602,5.266978460528767,3.1551054909729532,0.01652085717429847,1.7390656216807068,0.22156086627465227,0.8624004423482997,0.9201027096608885,0.5511739099116649,0.0028860732136858774,True,False,85,2.960781742615962e-09
18.0,3.5,15.392498998444895,3162.2776601683795,9.758050477195175,5.726908142654502,10.12161298847255,1.2705874729787998,4.9618548799992235,5.295791364321199,3.1646210863389013,0.017209089370647336,1.7673782670069231,0.2218627296490676,0.8664107676257112,0.9247208497858891,0.5525880645384431,0.003004952924331467,True,False,85,3.1801493143341556e-09
18.0,3.5,15.410220517432236,3162.2776601683795,10.164466276791533,5.729277311460807,10.284713421961467,1.2727079629871898,4.985382170802967,5.322754729179954,3.173431955776203,0.01792599872891868,1.7951153108591893,0.2221410997930356,0.8701589921001455,0.9290447014202563,0.5538974260205718,0.0031288411704316764,True,False,85,3.3950497528221087e-09
18.0,3.5,15.427942036419577,3162.2776601683795,10.587809002780325,5.731460810892371,10.444041702311397,1.2746638754907682,5.007326121908401,5.347943521947336,3.1815834981477886,0.018672780719449462,1.8222303260737625,0.2223977302729401,0.8736561737266376,0.9330855951738902,0.5551086543418982,0.0032579444116520384,True,False,85,3.605409044857369e-09
18.0,3.5,15.44566355540692,3162.2776601683795,11.028783649498465,5.733473191396976,10.599354969829221,1.276467598505253,5.027762103719409,5.3714361671702795,3.1891196028786726,0.019450680695503098,1.8486796076300587,0.22263426650718118,0.8769138593450686,0.9368555477385105,0.5562282226528795,0.0033924778308353594,True,False,85,3.811161666780321e-09
18.0,3.5,15.46338507439426,3162.2776601683795,11.48812457379076,5.735327863287155,10.750427696281264,1.2781306982647087,5.046766925670536,5.393313560196951,3.1960824246061255,0.020260995978752958,1.8744225182132388,0.22285224641580625,0.8799439275260583,0.9403670877685131,0.5572623746699491,0.003532665692653277,True,False,85,4.012237481107841e-09
18.0,3.5,15.481106593381602,3162.2776601683795,11.966596717937916,5.737037186001286,10.897053573712464,1.2796639446165923,5.064417995768107,5.41365811501799,3.202512212274225,0.02110507803219736,1.8994218131097225,0.2230531026954207,0.8827584398660671,0.9436330878641748,0.5582170915831862,0.0036787417177101467,True,False,85,4.208573162790277e-09
18.0,3.5,15.498828112368944,3162.2776601683795,12.46499688351749,5.73861255041543,11.039047247399607,1.2810773431082447,5.080792542675332,5.432552864402462,3.208447189466156,0.021984334724350484,1.9236439383942145,0.22323816634310062,0.8853695031750354,0.9466666056779156,0.5590980679178088,0.0038309494727534776,True,False,85,4.4001088545401814e-09
18.0,3.5,15.516549631356286,3162.2776601683795,12.98415505832097,5.740064454727898,11.17624585902535,1.2823801717905845,5.0959669119016855,5.450080627488294,3.213923481601751,0.0229002326886325,1.9470592964892321,0.22340867108806262,0.887789144545983,0.9494807367536171,0.5599106955941148,0.003989542777654761,True,False,85,4.586786822113613e-09
18.0,3.5,15.534271150343628,3162.2776601683795,13.524935798535733,5.7414025744082,11.308510367803093,1.2835810210146288,5.110015944724044,5.466323257145982,3.2189750847744705,0.02385429978167559,1.9696424734628066,0.2235657584326309,0.8900292007917182,0.952088481220885,0.5606600552838379,0.004154786129787179,True,False,85,4.76856090622713e-09
18.0,3.5,15.55199266933097,3162.2776601683795,14.088239668493914,5.742635826669521,11.435726619900553,1.28468783476858,5.123012445384494,5.481360976282311,3.223633870470685,0.024848127645088543,1.9913724228849066,0.2237104830507149,0.8921012232035647,0.9545026259241762,0.5613509140697596,0.004326955146570626,True,False,85,4.945383825358574e-09
18.0,3.5,15.569714188318311,3162.2776601683795,14.675004740385804,5.743772429890965,11.55780614011762,1.2857079523782349,5.135026739026925,5.4952718089424,3.2279296201929095,0.02588337437491771,2.0122326016904926,0.22384381833920283,0.8940163980564257,0.9567356429973876,0.5619877283777042,0.004506337026902205,True,False,85,5.117223407592116e-09
18.0,3.5,15.587435707305653,3162.2776601683795,15.28620815643521,5.744819958383934,11.674686624352605,1.2866481496556272,5.146126319896491,5.508131108764003,3.231890084067988,0.026961767303258635,2.0322110542933,0.2239666619626444,0.895785482778496,0.9587996053254011,0.5625746511605467,0.00469323103222946,True,False,85,5.284048106876313e-09
18.0,3.5,15.605157226292995,3162.2776601683795,15.922867756138341,5.745785392866966,11.786332116880159,1.2875146788186478,5.15637558666342,5.520011184192772,3.2355410578173367,0.02808510589708196,2.051300442148806,0.22407984127235536,0.8974187572450475,0.9607061187919621,0.5631155423650279,0.0048879489881309985,True,False,85,5.445838832509961e-09
18.0,3.5,15.622878745280337,3162.2776601683795,16.586043771275957,5.7466751669850575,11.892732862759873,1.288313306710448,5.165835659453512,5.530981017020973,3.2389064729462165,0.02925526477891469,2.0694980170593653,0.22418411851636816,0.8989259892627134,0.962466270722372,0.563613981794882,0.005090815807197122,True,False,85,5.602583084232182e-09
18.0,4.0,14.222878745280337,10000.0,0.6991428027126118,3.082126715824228,1.5956665397849954,0.4503376002390199,1.102609463566974,1.2297663226106412,1.0493285987376124,0.00028094522368518973,0.5177160729935398,0.1461126169559806,0.35774306679409584,0.3989992742014096,0.34045602127588026,9.115304125646854e-05,False,True,99,5.124549330888517e-20
18.0,4.0,14.240600264267679,10000.0,0.7247877219589435,3.168713376683472,1.6763054235344041,0.45877249379161245,1.1431733039557104,1.2774823173518235,1.0879401292355872,0.0003038799703627028,0.5290176877054453,0.14478194751454165,0.360768920397657,0.40315489774240737,0.34333813125574575,9.590011283404819e-05,False,True,84,1.1102230246251565e-16
18.0,4.0,14.25832178325502,10000.0,0.7549746104410204,3.2425402973129502,1.7444954230614398,0.47332442337103425,1.183153030602825,1.3232848973190157,1.1256188683122001,0.0003165362774714348,0.5380026963757644,0.14597333570943494,0.36488460346453927,0.4081012958931009,0.3471410576593251,9.761984384087507e-05,False,True,85,7.690761892931326e-10
18.0,4.0,14.276043302242362,10000.0,0.778699740926892,3.3459229219361735,1.848463080388581,0.4765481688607847,1.2286090820119233,1.3778977904047949,1.1688865953689396,0.00035612459799876886,0.5524523796617937,0.14242652325804991,0.36719587111736823,0.41181396659533676,0.3493465398457368,0.00010643538608256149,False,True,96,1.4981895254560437e-20
18.0,4.0,14.293764821229704,10000.0,0.8070192303221704,3.4364795683334353,1.9402349045628926,0.48594442201246024,1.2735739174162117,1.43068117090599,1.211273046144831,0.0003858800824771055,0.564599575228621,0.1414076272969448,0.3706042454469903,0.4163217451049235,0.35247497389668847,0.00011228935740893784,False,True,44,1.0587911840678754e-22
18.0,4.0,14.311486340217046,10000.0,0.8362841526446726,3.528288286724258,2.035977991561187,0.49571883624977925,1.3200992401254328,1.4852365056398276,1.2549686221860805,0.0004183898078435455,0.5770441149103025,0.14049839354539131,0.3741472161139765,0.42095100653431994,0.3556876650097154,0.00011858152561336987,False,True,44,2.117582368135751e-22
18.0,4.0,14.329207859204388,10000.0,0.8711147874503803,3.6033764847168976,2.119273898440158,0.5105846801886883,1.3649632227531194,1.537252317176508,1.2971057388502536,0.00043581529990560007,0.5881355743505277,0.14169617922363803,0.37880116844364625,0.4266144055988875,0.35996952978732716,0.00012094636842806623,False,True,85,7.570583579976646e-10
18.0,4.0,14.34692937819173,10000.0,0.8977637663289144,3.7155040023455697,2.2399148150197203,0.5165224244534002,1.4180273527676008,1.5998284864537002,1.346384847877407,0.000492847051701123,0.6028562514279837,0.13901813162556775,0.38165141307139244,0.430581822935392,0.3623693708921978,0.0001326460828436714,False,True,98,2.269783600845508e-21
18.0,4.0,14.364650897179072,10000.0,0.9351549829242687,3.7907285573353793,2.331840757581677,0.5315345500373071,1.4654639534275966,1.655129678039112,1.3908161593945318,0.0005133735849264098,0.6151431637249174,0.1402196284956207,0.3865916356874987,0.43662574436681745,0.3668994332773275,0.00013542873808070185,False,True,85,7.60113195770544e-10
18.0,4.0,14.382372416166413,10000.0,0.9633753464675059,3.907229117605404,2.4613810344254206,0.5392101246331642,1.5227900468663753,1.7219965653204266,1.4433241121671034,0.0005821366070108829,0.6299556438435608,0.13800320083702336,0.38973656292765263,0.44072065228050267,0.36939838149334414,0.00014898962653299758,False,True,103,2.220446049250313e-16
18.0,4.0,14.400093935153755,10000.0,1.003499238290061,3.9822390212839376,2.562724155123837,0.5543634800339424,1.5728798699974207,1.7806899919021801,1.4900763394887662,0.0006063819225795342,0.643538507213355,0.13920899199446013,0.3949737475803999,0.4471579888562433,0.3741805380151043,0.0001522716038235261,False,True,85,8.060566006514632e-10
18.0,4.0,14.417815454141095,10000.0,1.0333705995823967,4.103092914839539,2.7015197917935434,0.5640417076241289,1.6347966293275078,1.852054130321099,1.5459627967900722,0.0006894594306746653,0.6584105814477254,0.13746744695548455,0.39843032153012803,0.4513800122884928,0.3767798655494329,0.00016803407697181728,False,True,101,7.411538288475128e-22
18.0,4.0,14.435536973128437,10000.0,1.070095212732802,4.202454044824383,2.8289578520005487,0.5773434126248622,1.693647142996655,1.9201360324560943,1.599470452379263,0.0007510607618800826,0.6731680636661831,0.13738244522528478,0.40301384023044834,0.45690827596815164,0.3806039126945655,0.00017871956572733177,False,True,86,1.1102230246251565e-16
18.0,4.0,14.45325849211578,10000.0,1.1146639103987364,4.276464180785514,2.9460174364889515,0.5927006824639052,1.7478534070585057,1.984090224793366,1.649720961156578,0.0007823415187255203,0.6888909416628898,0.13859596559394918,0.4087146140289791,0.463955768344334,0.3857675152685488,0.00018294120695331472,False,True,85,8.722874002589788e-10
18.0,4.0,14.470980011103121,10000.0,1.1471734846199806,4.403781557343732,3.0993175967374014,0.6058774705448153,1.8173104911678717,2.062589417994385,1.7109548053738548,0.0008929162869611314,0.7037854980724441,0.13758118168564834,0.41267044414074777,0.4683677859894793,0.3885194538136598,0.00020276125764505897,False,True,45,5.293955920339377e-22
18.0,4.0,14.488701530090463,10000.0,1.1876006433777992,4.505644218176421,3.242545556439239,0.6211706293303958,1.8822311242906842,2.137031089580332,1.768964777091918,0.0009744347341566692,0.7196630269559102,0.13786499760112073,0.4177496120748929,0.47430089596494085,0.39261084351837144,0.00021626979117118445,False,True,44,7.411538288475128e-22
18.0,4.0,14.506423049077805,10000.0,1.237063357903362,4.577837525633605,3.3773856066180734,0.6367208158078672,1.9406923114407815,2.2064044756237897,1.8226808285469143,0.0010150186758550882,0.7377687800640368,0.1390876832658539,0.42393210780720664,0.48197526960470444,0.3981532368374394,0.00022172448676290724,False,True,85,9.325967973063588e-10
18.0,4.0,14.524144568065147,10000.0,1.2723737424970059,4.711670930258898,3.5478348113649054,0.653971893157157,2.0185623196156537,2.292678896664924,1.889609435609142,0.0011620934047986147,0.7529886666278619,0.13879829530480864,0.4284175082457928,0.48659571744305696,0.4010486860348949,0.00024664146159603714,True,True,171,2.117582368135751e-22
18.0,4.0,14.541866087052489,10000.0,1.3167982315134628,4.815738583053649,3.710337536309304,0.6715281673592094,2.090084524641562,2.3739542649683534,1.9522690660065292,0.001269839599887693,0.7704607449760255,0.13944448100282777,0.4340112089963662,0.4929574610470309,0.40539348893988336,0.00026368532634977256,True,True,44,5.293955920339377e-22
18.0,4.0,14.55958760603983,10000.0,1.3626522711848863,4.92039115220144,3.8790909697706932,0.6898750707478389,2.1639028898413835,2.457521194054219,2.0164956091226434,0.0013881026085632302,0.7883704465315003,0.14020736348149493,0.43978269672183035,0.4994564696253255,0.4098242490783359,0.00028211224791390354,True,True,44,4.235164736271502e-22
18.0,4.0,14.577309125027172,10000.0,1.4099796293383662,5.0255782684594585,4.05426824721281,0.7090271439312477,2.240069749975811,2.543408269749581,2.0822970213232446,0.0015178772047218776,0.8067267149449063,0.1410836934688897,0.4457337305906654,0.5060926591695959,0.4143397854117099,0.0003020303582272469,True,True,44,4.235164736271502e-22
18.0,4.0,14.595030644014514,10000.0,1.4588263165449513,5.13124763132836,4.236054619300241,0.7289962590649219,2.3186337715042673,2.631640552010587,2.1496793030503767,0.0016602347720179207,0.8255408671835284,0.14206998208663763,0.45186549901588496,0.5128656305619218,0.4189389126195562,0.0003235538199095109,True,True,82,2.117582368135751e-22
18.0,4.0,14.612752163001856,10000.0,1.509239092596158,5.237351366233357,4.424634507541472,0.7497868736080395,2.39964438476499,2.7222439061400228,2.2186466416640322,0.0018163300871896452,0.8448229263494342,0.14316146104729988,0.45817899487060515,0.5197749235789443,0.42361997248614186,0.00034680317591445636,True,True,44,1.0587911840678754e-21
18.0,4.0,14.630473681989198,10000.0,1.5612674216776072,5.343838920828694,4.620211574836403,0.7714008803237263,2.48314536993839,2.8152393454126474,2.2892010643053866,0.0019874102878901195,0.8645866096053518,0.14435331823289718,0.46467444223661536,0.5268196491551573,0.4283813749293157,0.00037190684774269405,True,True,45,3.1763735522036263e-22
18.0,4.0,14.64819520097654,10000.0,1.6149615333718006,5.450665099875025,4.822991264587661,0.7938315210091377,2.569180695377022,2.9106488717977306,2.3613425552847906,0.002174808027884254,0.8848445421272066,0.1456393864718159,0.471351779700413,0.5339988457306737,0.4332209945055939,0.0003989986520973594,True,True,44,2.329340604949326e-21
18.0,4.0,14.665916719963882,10000.0,1.6703744902800497,5.557782589244343,5.033201594675381,0.817068221900664,2.65778821851967,3.0084894995738516,2.435069001328661,0.002379964454262635,0.9056132574195772,0.1470133472802425,0.47821018110048685,0.5413111166665656,0.4381367860702414,0.0004282219421228249,True,True,44,3.3881317890172014e-21
18.0,4.0,14.683638238951223,10000.0,1.7275607740812635,5.665147957864164,5.251082087446344,0.8410925678199829,2.7490033492499966,3.1087774807391315,2.510375857868162,0.0026044171250464397,0.9269099636059763,0.1484678907022026,0.48524828825237026,0.5487548611018417,0.44312626546378975,0.0004597262321156285,True,True,44,5.293955920339377e-21
18.0,4.0,14.701359757938565,10000.0,1.7865771274756979,5.772718899470853,5.476893231470732,0.8658798315641931,2.842856764362932,3.2115258053093507,2.5872565561422225,0.0028498198194178434,0.9487545343620946,0.14999514901783328,0.492464090815771,0.5563281118025217,0.44818682516818537,0.0004936702910787961,True,True,45,6.352747104407253e-22
18.0,4.0,14.719081276925907,10000.0,1.8474830990776905,5.880452810186883,5.710922783765804,0.8913998638670422,2.939372575463875,3.3167430091234373,2.6657019701353137,0.003117950190040862,0.9711705829647341,0.15158694281549948,0.499854802060806,0.5640285053181185,0.45331576600996426,0.0005302228060804339,True,True,177,4.8069119756681544e-20
18.0,4.0,14.736802795913249,10000.0,1.910339703498402,5.988312278999525,5.953475204803177,0.9176137926241915,3.0385720886332006,3.424436747077073,2.7457006383617384,0.0034107041061039642,0.994182488725827,0.15323412505426293,0.5074171063672148,0.5718534016815165,0.458509929081465,0.0005695601610599029,True,True,219,2.117582368135751e-22
18.0,4.0,14.75452431490059,10000.0,1.9752119596711473,6.096256268011454,6.20489893648048,0.9444798621051725,3.140466480007018,3.5346067987506733,2.8272388820005347,0.0037301389445309695,1.0178212108698743,0.15492784761380343,0.5151467297209622,0.5797995758967054,0.4637664096956927,0.000611873710772941,True,True,47,4.235164736271502e-22
18.0,4.0,14.772245833887931,10000.0,2.042166320685796,6.2042501443212945,6.46555792536351,0.9719472259233478,3.245064614221998,3.6472524910318245,2.910300188733947,0.004078444264510841,1.0421175444193507,0.15665829122202046,0.5230389714689667,0.587863546148301,0.4690816973905741,0.0006573629640390647,True,True,45,1.0587911840678754e-22
18.0,4.0,14.789967352875273,10000.0,2.1112736805929466,6.312255272310068,6.735869633703521,0.9999630778264679,3.352364000819975,3.762364237608108,2.9948659887904845,0.004458001538950376,1.0671098273309254,0.15841613412134958,0.531088154106468,0.5960412048150917,0.4744526099773,0.0007062454458244526,True,True,45,3.494010907423989e-20
18.0,4.0,14.807688871862615,10000.0,2.1826070583959796,6.420238074878479,7.016274989148272,1.028468366676783,3.4623580349690646,3.879929767083949,3.080915015486461,0.0048713710796894575,1.0928371981409855,0.1601916244665506,0.5392881065449585,0.6043280205239722,0.4798755092185232,0.0007587524049537153,True,True,178,7.771527291058206e-20
18.0,4.0,14.825410390849957,10000.0,2.256243911924953,6.5281622351972635,7.307266150837306,1.0574012305469167,3.575030149625438,3.999928763686975,3.1684234240042137,0.005321322100170126,1.1193450603049389,0.16197532972539014,0.5476319400198562,0.6127189581963733,0.4853469184514641,0.0008151332501327352,True,True,45,6.352747104407253e-22
18.0,4.0,14.843131909837298,10000.0,2.332265077197457,6.6359933367657815,7.609374106858805,1.0866982205960256,3.6903560956905888,4.122334666617441,3.2573653136696414,0.005810872984368012,1.1466819993172908,0.16375818441156775,0.5561120857739101,0.6212083794265176,0.490863258650769,0.0008756598582119866,True,True,85,4.235164736271502e-22
18.0,4.0,14.86085342882464,10000.0,2.4107550754319824,6.743698151671943,7.923171641896358,1.1162927172607524,3.808304766811716,4.2471146339327515,3.347711790429096,0.006343283886364788,1.174900101353438,0.16553124000426883,0.5647205259131498,0.6297901445781315,0.4964207642655401,0.000940623934182481,True,True,45,6.352747104407253e-22
18.0,4.0,14.878574947811982,10000.0,2.491803721135869,6.851240056290484,8.249283411160928,1.1461199960730248,3.928834026680737,4.374225966335459,3.4394318543793245,0.006922120363673887,1.2040569799604126,0.16728650385278965,0.5734486011876737,0.6384575537269712,0.5020159600481962,0.0010103456172606774,True,True,178,5.293955920339377e-22
18.0,4.0,14.896296466799324,10000.0,2.5755038693216314,6.9585872272028295,8.588368707965145,1.1761143033085384,4.051896554101039,4.503620594252353,3.5324921734167436,0.007551275152210666,1.2342115471932433,0.16901624782553823,0.5822872404704763,0.647203296762106,0.5076450230597617,0.001085173599993239,True,True,178,4.0657581468206416e-20
18.0,4.0,14.914017985786666,10000.0,2.6619540979064245,7.065704265274774,8.941141088188933,1.206212496069957,4.17743463420584,4.6352399604651735,3.6268565707484184,0.008234965328215825,1.2654281516042516,0.1707136968635991,0.591226929031877,0.6560195256466648,0.5133043267283386,0.0011654840082520183,True,True,87,4.235164736271502e-22
18.0,4.0,14.931739504774008,10000.0,2.7512575109296673,7.172557086343503,9.308347308185239,1.2363545184741664,4.305383303283352,4.769017836534053,3.7224871259629695,0.008977865028541351,1.2977724953780103,0.17237290740120792,0.6002577952960139,0.6648978570856172,0.5189902403217617,0.0012516965596042647,True,True,84,4.235164736271502e-22
18.0,4.0,14.94946102376135,10000.0,2.8435216109312136,7.279113624458217,9.690783295623724,1.2664820995360662,4.43567056137436,4.904879977032778,3.8193432306822372,0.009784996757742357,1.3313136455326327,0.17398850531479787,0.6093696005060653,0.6738292915983773,0.5246989438176973,0.0013442566310359872,True,True,179,2.481541837659083e-21
18.0,4.0,14.967182542748692,10000.0,2.9388597292871403,7.385340250906846,10.089274572818837,1.2965432776673458,4.5682160514723655,5.042742493650039,3.917381962133053,0.01066193493773293,1.366121834614184,0.175556336420403,0.6185518738844069,0.6828043559713908,0.5304267412259087,0.001443661981101514,True,True,45,1.2705494208814505e-21
18.0,4.0,14.984904061736033,10000.0,3.03739011516347,7.491204931538368,10.504694495257644,1.3264883116725756,4.702932467996984,5.182513543578494,4.016558728251292,0.011614721769712377,1.4022703411880144,0.17707275715926418,0.6277938610646453,0.6918130782619281,0.536169917250744,0.001550447741833064,True,True,45,1.2705494208814505e-21
18.0,4.0,15.002625580723375,10000.0,3.1392353702698887,7.596679825248959,10.937931900118576,1.3562735042777077,4.8397276775930225,5.3240945331154705,4.116826117309184,0.012649932846549847,1.4398305775326155,0.17853503576258195,0.6370845933913524,0.700844929046485,0.5419243948686843,0.0016651923126344583,True,True,264,6.352747104407253e-22
18.0,4.0,15.020347099710717,10000.0,3.2445253366789206,7.7017327006765655,11.389931880743472,1.3858601098127636,4.978499386652656,5.467375653757519,4.218135024541011,0.013774858180511815,1.4788791462138011,0.17994134095189016,0.6464129021532149,0.7098890426666239,0.5476864997107035,0.0017885401526985935,True,True,222,2.964615315390051e-20
18.0,4.0,15.038068618698059,10000.0,3.353392710562848,7.806340884356878,11.861635077073073,1.4152121531571165,5.119144815933279,5.6122446346196355,4.320434452029171,0.014997224867817849,1.5194872031328528,0.18129007868373506,0.6557675217836734,0.7189340970064488,0.5534519329903831,0.0019211593613431331,True,True,227,6.05959429531846e-20
18.0,4.0,15.0557901376854,10000.0,3.4659779064027934,7.910477070027481,12.354044828998152,1.4443016444833412,5.261549761782501,5.758577091529982,4.4236709294004095,0.016325737916071847,1.561731956193539,0.18258085216576245,0.665136845123833,0.7279683691074749,0.5592167059255557,0.0020638120522375944,True,True,45,1.4823076576950256e-21
18.0,4.0,15.073511656672743,10000.0,3.5824252167485566,8.014121005645821,12.868157957660983,1.4731004437653645,5.405599859385586,5.906246679960564,4.527789563214815,0.0177695431962811,1.6056855079422399,0.18381310223885922,0.6745093885626917,0.7369799727006501,0.5649764409627779,0.0022172791231580783,True,True,45,1.2705494208814505e-21
18.0,4.0,15.091233175660083,10000.0,3.702885407694498,8.117252504533505,13.405012604387629,1.5015884749294743,5.55117236992758,6.055118240335935,4.632733504439273,0.019338862105119602,1.6514223990076564,0.18498728160677932,0.6838733138863473,0.7459566197988958,0.5707267947931741,0.0023824393899683177,True,True,258,4.235164736271502e-22
18.0,4.0,15.108954694647425,10000.0,3.8275146391696255,8.219854592720864,13.965676657090887,1.5297459021800626,5.698141046141291,6.205052524591968,4.738443796381779,0.021044594096453765,1.6990174825547724,0.1861037667910497,0.6932167694532346,0.7548859234185098,0.5764632139086662,0.002560214886902004,True,True,272,1.3386707221753975e-17
18.0,4.0,15.126676213634767,10000.0,3.9564746625179135,8.321913658637044,14.551205850410446,1.5575576696466635,5.846376748066681,6.355906459857403,4.844860269787368,0.02289860888997411,1.7485408341515563,0.1871634017772012,0.7025279266144412,0.7637553957629462,0.582181030532448,0.0027516037571728934,True,True,126,4.235164736271502e-22
18.0,4.0,15.144397732622108,10000.0,4.121258992882654,8.343150284463476,15.17506383004417,1.567458397494707,5.940304264523077,6.466067973261197,4.909469208787512,0.023851837266580092,1.8188649745771701,0.1878736860839737,0.7119977540839755,0.775015162474328,0.5884430989970146,0.0028588526459839424,True,True,85,9.92022182342199e-10
18.0,4.0,15.16211925160945,10000.0,4.228067332105466,8.524351150728771,15.801376895532533,1.6120954720708438,6.146100883910342,6.659772531642311,5.059561442983781,0.027104302455398473,1.853675032401924,0.1891165020733597,0.7210051269866908,0.7812644521422546,0.5935421187513169,0.0031796323234620913,True,True,263,1.2705494208814505e-21
18.0,4.0,15.179840770596792,10000.0,4.404163302252448,8.543411053528907,16.48008761968836,1.6211556897427923,6.238962720015764,6.768367481479314,5.1220395707343975,0.028232463084058957,1.9289821730959744,0.1897550848935408,0.7302660121262367,0.7922324513091992,0.5995309764030035,0.0033045891046524526,True,True,85,9.782582253263084e-10
18.0,4.0,15.197562289584134,10000.0,4.519086924227616,8.72448477799517,17.164674874314468,1.6651262774801048,6.449219426125672,6.965488419010777,5.2763214652392065,0.032072584068665894,1.9674141580952815,0.19085668894510235,0.7392092014868138,0.7983839271035327,0.6047716970688177,0.0036761579491271647,True,True,340,2.541098841762901e-21
18.0,4.0,15.215283808571476,10000.0,4.672356564847613,8.823668568506385,17.891719832700293,1.6910615871013812,6.6016850684071455,7.11864484000427,5.385305792018768,0.03488459458704107,2.0276962687107014,0.19165062399750057,0.7481791748128451,0.8067670249324959,0.6103250309332912,0.003953525035102958,True,True,45,1.2705494208814505e-21
18.0,4.0,15.233005327558818,10000.0,4.866956862698055,8.839811347097962,18.6627463347947,1.698891180183918,6.691991368006632,7.223765788923606,5.44409652639705,0.036336227642001784,2.111215454945374,0.19218636161750782,0.7570287538097245,0.8171855150839966,0.6158611663340873,0.004110520713084072,True,True,85,9.60296975961571e-10
18.0,4.0,15.25072684654616,10000.0,5.069662123300783,8.854705793919294,19.468139749452686,1.7061901822461376,6.77945757648913,7.32597916894865,5.5004384418676,0.037848212398725725,2.198620733714479,0.19268739379436106,0.7656332953653548,0.8273543288111896,0.6211881647885876,0.004274361371183768,True,False,85,1.870432984149405e-09
18.0,4.0,15.268448365533501,10000.0,5.280809912537973,8.868444627135256,20.309530583275816,1.7129844304166195,6.863982658228708,7.425147028129449,5.554309252944393,0.039423051142785576,2.290089349053796,0.19315500095420443,0.7739781829641933,0.837254709288067,0.6263002687020873,0.004445317392202095,True,False,85,2.733404455277918e-09
18.0,4.0,15.286169884520843,10000.0,5.500751855668543,8.88111472281198,21.188635186340974,1.7193001573415208,6.94548016813214,7.521145846057698,5.6056991187225265,0.04106335199182043,2.385808071132779,0.19359058080010344,0.7820504953383859,0.846869574462193,0.6311931884320513,0.004623670932472626,True,False,85,3.55204088096206e-09
18.0,4.0,15.303891403508185,10000.0,5.729854222891108,8.89279722170747,22.107260987604793,1.725163711560558,7.02387891964397,7.613867559184545,5.654610483562226,0.04277183148784301,2.485973809640075,0.19399562011257873,0.7898390961281071,0.8561836472104597,0.6358640979420092,0.004809716270538165,True,False,85,4.328885700063802e-09
18.0,4.0,15.321612922495527,10000.0,5.968498539295199,8.903567699629107,23.067312108100374,1.7306013005362626,7.099123483008522,7.703220431643135,5.701057763623482,0.04455131599933268,2.5907942620643274,0.19437166750676288,0.7973347002577683,0.865183563658872,0.6403116094530251,0.005003760009730542,True,False,85,5.06638144048157e-09
18.0,4.0,15.339334441482869,10000.0,6.2170822202165335,8.91349638604805,24.070795383675673,1.735638759957443,7.171174500392238,7.789129751780838,5.745066883556671,0.04640475093852915,2.70048860078664,0.19472030781031907,0.8045299161860882,0.8738579581378257,0.6445357281514357,0.00520612214654226,True,False,85,5.766721651408248e-09
18.0,4.0,15.35705596047021,10000.0,6.476019233054356,8.922648417047563,25.11982683245157,1.7403013519179031,7.2400088078084535,7.8715383371713274,5.786674671286541,0.04833520227391463,2.815288203495474,0.19504313860365638,0.811419263587225,0.8821975235662104,0.648537788425077,0.005417136259853706,True,False,85,6.432010269670221e-09
18.0,4.0,15.374777479457553,10000.0,6.745740786653013,8.931084110393549,26.21663860494356,1.7446135935169467,7.305619357626338,7.950406834097312,5.825928122370658,0.050345862185099614,2.935437431882872,0.1953417493276827,0.8179991664309179,0.8901950464048397,0.652320373468517,0.005637150155881929,True,False,85,7.0641688811515835e-09
18.0,4.0,15.392498998444895,10000.0,7.026696049395759,8.938859252398563,27.363586459507452,1.7485991163898467,7.36801493969674,8.025713801324395,5.862883548731002,0.05244005551541668,3.0611944641778517,0.19561770322322117,0.8242679218514019,0.8978454156967351,0.6558872204143739,0.0058665265930152605,True,False,85,7.665012466714175e-09
18.0,4.0,15.410220517432236,10000.0,7.3193528972066755,8.946025388167937,28.563157808847954,1.7522805567023254,7.427219703674319,8.097455572350048,5.897605629510735,0.05462124171628174,3.1928321874232264,0.1958725222286873,0.8302256456255535,0.9051456061213271,0.6592431134066465,0.006105643494878083,True,False,85,8.236239771884437e-09
18.0,4.0,15.427942036419577,10000.0,7.624198692706281,8.952630108656269,29.817980388917874,1.7556794742755437,7.483272489817354,8.165645895102807,5.93016638426639,0.056893027807947465,3.3306391559824378,0.19610767483602198,0.8358741955151037,0.9120946354309301,0.662393767227413,0.006354895390231501,True,False,85,8.779425869785981e-09
18.0,4.0,15.44566355540692,10000.0,7.941741096818614,8.958717329639981,31.13083160619188,1.7588162987807898,7.536225980244365,8.230315353150907,5.960644090552116,0.059259163798166696,3.4749206232007452,0.19632456679504032,0.841217074157559,0.9186934971059807,0.6653457042149642,0.006614692887128755,True,False,85,9.296077266301356e-09
18.0,4.0,15.46338507439426,10000.0,8.272508914180655,8.964327559173114,32.50464862499298,1.7617103003792036,7.586145687145997,8.29151057769596,5.989122169093373,0.06172355672698977,3.6259996536752244,0.19652453446733567,0.8462593136038591,0.924945069550848,0.6681061272649235,0.006885464226909985,True,False,85,9.787573471917863e-09
18.0,4.0,15.481106593381602,10000.0,8.617052973763254,8.969498151313037,33.94253926335245,1.7643795817930223,7.633108798612258,8.349293264795465,6.015688060118719,0.06429027584147483,3.7842183242307303,0.19670884056481314,0.8510073439833258,0.9308540036404622,0.6706827916830651,0.007167655843940771,True,False,85,1.025524856057213e-08
18.0,4.0,15.498828112368944,10000.0,8.975947046168463,8.974263544876974,35.44779377249726,1.7668410885806916,7.677202906360433,8.403739017181856,6.040432113990014,0.06696355492361172,3.9499390223204336,0.19687867196515596,0.8554688491116379,0.9364265909016226,0.6730838785582846,0.007461732607779094,True,False,85,1.0700324378607707e-08
18.0,4.0,15.516549631356286,10000.0,9.349788799132186,8.978655486735349,37.023897583479275,1.769110634337944,7.718524642575026,8.454936034528112,6.063446518054928,0.06974780390919601,4.123545851400209,0.19703513927575753,0.8596526121286219,0.9416706150513342,0.6753178721483171,0.007768179101229376,True,False,85,1.1123978074758427e-08
18.0,4.0,15.534271150343628,10000.0,9.739200792822611,8.982703239690338,38.674545113020194,1.7712029376403904,7.757178255154164,8.502983679854744,6.084824279690501,0.0726476120763987,4.305446153685183,0.1971792778163124,0.8635683544435537,0.9465951899962654,0.6773934435242752,0.008087499958297975,True,False,85,1.152730252518579e-08
18.0,4.0,15.55199266933097,10000.0,10.144831516592163,8.98643377536126,40.403654730787785,1.773131667753976,7.793274151789185,8.547990952804378,6.104658282903465,0.07566775897656425,4.496072161747337,0.19731204970491145,0.8672265713632203,0.9512105877017654,0.6793193424115624,0.008420221065226998,True,False,85,1.191133512974425e-08
18.0,4.0,15.569714188318311,10000.0,10.567356468909407,8.989871952737397,42.215385001365625,1.7749094964372014,7.82692744341689,8.590074902578131,6.123040432726683,0.07881321990511972,4.6958827915798205,0.1974343467591599,0.8706383677727031,0.9555280595473299,0.6811042988061949,0.008766890153660226,True,False,85,1.2277057974512855e-08
18.0,4.0,15.587435707305653,10000.0,11.007479282269358,8.993040683195867,44.11415232674612,1.7765481535122098,7.858256516657637,8.629359014321611,6.140060898154632,0.08208917342331137,4.905365591103856,0.19754699395854128,0.8738152971265153,0.9595596548836013,0.6827569355521509,0.009128077623033642,True,False,85,1.2625387643343093e-08
18.0,4.0,15.605157226292995,10000.0,11.465932894955502,8.9959610828463,46.104650129176036,1.7780584842608604,7.887381662918716,8.665971602604564,6.155807460666098,0.0855010106663619,5.125038859615502,0.1976507532531796,0.8767692067897617,0.9633180404847497,0.6842856926542434,0.009504377562214797,True,False,85,1.2957206737290202e-08
18.0,4.0,15.622878745280337,10000.0,11.943480771604829,8.998652613077939,48.19186972994727,1.77945050708079,7.914423788985965,8.70004424434784,6.170364971669037,0.08905434424720621,5.355453955396497,0.1977463275440454,0.8795120924530145,0.9668163244466038,0.6856987636906342,0.009896408726544414,True,False,85,1.3273330032009344e-08
18.0,4.5,14.222878745280337,31622.776601683792,0.46796065773581613,4.163325057714034,2.084790724359866,0.5905281795052784,1.3489681334029475,1.5315417397024937,1.3789039595980357,0.0007506836052043774,0.5007513695086221,0.1418405172113851,0.3240122053173596,0.3678650401954011,0.33120257017720195,0.0001803086703051135,True,True,95,4.235164736271502e-22
18.0,4.5,14.240600264267679,31622.776601683792,0.4862222936808924,4.287841637294378,2.19610030949281,0.601756561323421,1.3982283955694272,1.5914028745797795,1.4310089663433188,0.0008123555670167427,0.5121691739713004,0.14034020195371033,0.3260914263735979,0.37114310863027866,0.33373643137769504,0.00018945558995255658,True,True,45,8.470329472543003e-22
18.0,4.5,14.25832178325502,31622.776601683792,0.5051665128079349,4.414592671658036,2.313044891648993,0.6133120808535635,1.4492178856451416,1.653364936296297,1.4848737396213223,0.0008794648654391553,0.5239543178012521,0.13892835114575028,0.32827895876990243,0.3745226477883236,0.33635577505356395,0.00019921766986235795,True,True,44,8.470329472543003e-22
18.0,4.5,14.276043302242362,31622.776601683792,0.524817065224835,4.543526392581455,2.435890610901826,0.6252250009285665,1.5019941650564121,1.717482597110367,1.5405418198272893,0.0009525541690423375,0.5361233545113948,0.13760787258756033,0.3305789457961171,0.3780065193226621,0.3390630287396687,0.0002096508497447361,True,True,44,8.470329472543003e-22
18.0,4.5,14.293764821229704,31622.776601683792,0.5451984947437727,4.674584384590155,2.5649196555518,0.637524882643048,1.5566158546445144,1.7838104864793871,1.5980566149022044,0.0010322265836554606,0.5486946955128461,0.13638108336318824,0.33299556208160974,0.3815976651014683,0.3418606839509037,0.00022081676117736,True,True,44,4.235164736271502e-22
18.0,4.5,14.311486340217046,31622.776601683792,0.5663361973391331,4.807701687871698,2.700426897657977,0.6502430609295117,1.6131428269154555,1.8524026661163797,1.657461294773781,0.0011191446678689967,0.561687698816733,0.13525029278956055,0.3355330533474865,0.3852990028040638,0.3447512766765518,0.00023278163674178096,True,True,44,4.235164736271502e-22
18.0,4.5,14.329207859204388,31622.776601683792,0.5882564217905389,4.942806879749632,2.842719697552053,0.6634120074867884,1.6716364657723324,1.923312740676211,1.7187986649431835,0.001214041115685763,0.57512255014423,0.1342176669302508,0.33819578762442076,0.3891134708410118,0.3477373700326009,0.0002456177522653399,True,True,44,8.470329472543003e-22
18.0,4.5,14.34692937819173,31622.776601683792,0.6109863406288177,5.079821595647341,2.9921232745865036,0.6770638724591657,1.7321589685534304,1.9965935449356582,1.782111050396617,0.0013177234874195882,0.5890213304243426,0.13328497068466139,0.34098815006370214,0.39304402868133104,0.350821582380693,0.0002594034972701961,True,True,44,4.235164736271502e-22
18.0,4.5,14.364650897179072,31622.776601683792,0.6345540061672961,5.218661513417803,3.148971881529235,0.6912335393048896,1.794774399817864,2.0722970595921164,1.8474401500577011,0.0014310809313405396,0.6034060406931646,0.13245418150375254,0.3439146982810217,0.39709359464375926,0.35400651015738643,0.00027422375022044624,True,True,82,4.235164736271502e-22
18.0,4.5,14.382372416166413,31622.776601683792,0.6589884869036465,5.359235137320875,3.313621594511565,0.7059538983456114,1.8595473159463112,2.1504742855277565,1.9148269052520315,0.0015550945789992118,0.6183012145587758,0.13172661401427582,0.3469799828331313,0.40126514892996396,0.3572948109549209,0.00029017099253021694,True,True,85,8.470329472543003e-22
18.0,4.5,14.400093935153755,31622.776601683792,0.6843197713525578,5.5014454553418455,3.4864370660582424,0.721260882220051,1.9265440813473365,2.2311749839300625,1.9843113387541664,0.0016908419371063081,0.6337310974651124,0.13110388680118865,0.3501887089467882,0.4055615932288514,0.36068908705209846,0.00030734503337927644,True,True,44,8.470329472543003e-22
18.0,4.5,14.417815454141095,31622.776601683792,0.7105789238408854,5.645188644738597,3.667805691531912,0.7371878786609505,1.9958315002295663,2.3144477560798067,2.055932403991908,0.0018395096179547614,0.649722431322178,0.13058693429988757,0.3535455811719795,0.40998590157600984,0.36419197539272113,0.00032585441049329906,True,True,44,1.2705494208814505e-21
18.0,4.5,14.435536973128437,31622.776601683792,0.7377980414933076,5.790355390951719,3.8581272461071388,0.7537700090384942,2.0674776176576635,2.400339571621296,2.129727811884046,0.0020024000227333583,0.6663023226753974,0.13017681267308231,0.35705539264280756,0.4145409753902462,0.3678060616472797,0.0003458164287916425,True,True,44,4.235164736271502e-22
18.0,4.5,14.45325849211578,31622.776601683792,0.7660102911563982,5.936830692379627,4.057822877617834,0.7710402283965998,2.1415509939083694,2.4888961001107113,2.2057338577785446,0.00218094120435492,0.6834998482989179,0.12987404700394917,0.36072293532931854,0.41922975895293735,0.3715338994945184,0.0003673578239572039,True,True,44,1.2705494208814505e-21
18.0,4.5,14.470980011103121,31622.776601683792,0.7952500463556162,6.084493852812133,4.267332769365222,0.7890309141241173,2.21812058297448,2.5801610437502758,2.2839852407622687,0.002376699901884864,0.7013455634264376,0.12967897301095024,0.36455301568746074,0.4240551648446117,0.37537801763192774,0.00039061587691248964,True,True,45,6.352747104407253e-22
18.0,4.5,14.488701530090463,31622.776601683792,0.8255527452635999,6.23321989570522,4.48711714844395,0.8077729243541449,2.2972557396567725,2.6741765983605172,2.364514862223366,0.002591386556484621,0.7198714666773812,0.1295915975803633,0.3685504086322408,0.4290200960506887,0.3793408385692523,0.00041573802943645937,True,True,44,8.470329472543003e-22
18.0,4.5,14.506423049077805,31622.776601683792,0.8569551695133032,6.3828783953895,4.717663437960246,0.8272938440895835,2.3790253215408783,2.7709828711686963,2.4473536456296543,0.0028268730848319975,0.7391122226874827,0.12961140614666214,0.37271982547236104,0.43412747345621394,0.3834247645070967,0.00044288374456168757,True,True,87,8.470329472543003e-22
18.0,4.5,14.524144568065147,31622.776601683792,0.8894952819046322,6.533335575223188,4.959479585125275,0.8476202116001735,2.4634980647079265,2.8706180266519246,2.5325303034249558,0.0030851982063092864,0.7591037576476932,0.12973774297078222,0.37706590092362885,0.43938015943010245,0.38763205628519104,0.0004722240532094345,True,True,45,4.235164736271502e-22
18.0,4.5,14.541866087052489,31622.776601683792,0.923212389740206,6.684453545613447,5.21310984589785,0.8687726840440785,2.5507413804757944,2.9731183465544215,2.62007115471136,0.0033685809896997583,0.7798857169586974,0.1299691408004765,0.38159310451782147,0.44478106194716205,0.3919648983768815,0.0005039426135155549,True,True,44,4.235164736271502e-22
18.0,4.5,14.55958760603983,31622.776601683792,0.9581472461522661,6.836091306517097,5.479122658014953,0.8907708106154921,2.640821632019982,3.0785175039644823,2.7099998815131143,0.003679438040844088,0.8014993381951326,0.1303041124928053,0.38630578697835555,0.45033299965283063,0.396425348931424,0.0005382371118033992,True,True,44,4.235164736271502e-22
18.0,4.5,14.577309125027172,31622.776601683792,0.9943418964352007,6.988105749709484,5.758132809410711,0.913626218634154,2.7338029338061407,3.186847607730132,2.802337310812131,0.004020380796487318,0.8239905083935075,0.13074018215481872,0.3912080085393374,0.45603883539722034,0.40101529816268633,0.0005753176812835807,True,True,86,1.1102230246251565e-16
18.0,4.5,14.595030644014514,31622.776601683792,1.0318400815242912,7.140351103088882,6.050787145682204,0.9373485088017905,2.829747312185786,3.298137592650808,2.897101209475966,0.004394253642379214,0.8474075095641532,0.13127484843095433,0.39630366509031334,0.4619013190015333,0.40573652018633843,0.0006154114243035305,True,True,45,8.470329472543003e-22
18.0,4.5,14.612752163001856,31622.776601683792,1.0706869670041552,7.292680805239726,6.357790080040903,0.9619384348435961,2.9287131942488127,3.412414692439038,2.9943059899874753,0.00480411464118665,0.8718042445341756,0.13190463980714087,0.40159624045859216,0.4679232210447561,0.4105905729256782,0.0006587583865915173,True,True,44,1.0587911840678754e-21
18.0,4.5,14.630473681989198,31622.776601683792,1.1109294380216492,7.444947466861584,6.679891650318442,0.9873925984421321,3.0307560551979833,3.5297029839452065,3.093962567488581,0.005253283520011073,0.8972382518548985,0.13262586510343333,0.40708897795293614,0.4741071712938697,0.4155788313161651,0.0007056172717664043,True,True,44,2.964615315390051e-21
18.0,4.5,14.64819520097654,31622.776601683792,1.1526162164171165,7.597003008648265,7.017910339276063,1.0136995885515738,3.1359261082547105,3.6500238529386815,3.1960780199524494,0.005745329894275053,0.9237735369180484,0.13343414335858494,0.41278463424127115,0.4804557598283919,0.4207024817963219,0.0007562626851318464,True,True,44,2.964615315390051e-21
18.0,4.5,14.665916719963882,31622.776601683792,1.1957976486372717,7.748701100108128,7.372733112792687,1.0408403690457508,3.244269527322274,3.773396018967386,3.3006554331796623,0.0062841007457986086,0.9514798696635499,0.13432449588631398,0.41868559458010357,0.4869714253031041,0.4259624149308849,0.0008109876306508865,True,True,44,4.658681209898652e-21
18.0,4.5,14.683638238951223,31622.776601683792,1.240526365711619,7.899894943482439,7.7453239964620435,1.0687903798754967,3.3558259902187917,3.8998340172166217,3.407693643261797,0.006873750038543265,0.9804337971420849,0.13529172065221814,0.42479374905958855,0.4936564403852051,0.4313593620726827,0.0008701065125194149,True,True,44,6.3527471044072525e-21
18.0,4.5,14.701359757938565,31622.776601683792,1.2868567688095185,8.050440847757136,8.13674836574358,1.0975138675022367,3.4706292054828163,4.029349827928905,3.517186939812671,0.007518720583097335,1.0107208436927388,0.13632966048163755,0.4311104535908414,0.500512941356682,0.4368937063605112,0.0009339514102748871,True,True,82,1.6940658945086007e-21
18.0,4.5,14.719081276925907,31622.776601683792,1.3348457142999943,8.200196582643285,8.54815774795209,1.1269721661362637,3.5887061367130255,4.161950070907334,3.6291249998002004,0.008223831383984363,1.0424332711785602,0.13743233528347815,0.4376365981650927,0.5075427191241498,0.4425656096442475,0.0010028822237495019,True,True,44,1.1858461261560205e-20
18.0,4.5,14.736802795913249,31622.776601683792,1.384552377667655,8.349022443704046,8.980842532539478,1.1571140219473295,3.710075102320825,4.297637722733671,3.743492443133042,0.008994221424512474,1.0756759360866115,0.138592754990125,0.44437239537169687,0.5147474152467392,0.44837494070410483,0.0010772783862013652,True,True,45,8.470329472543003e-22
18.0,4.5,14.75452431490059,31622.776601683792,1.4360383471342024,8.496783209870594,9.436196968189558,1.187886021977206,3.834747961867062,4.436409964669661,3.8602688509639003,0.009835466415355413,1.1105611070819907,0.13980420503105875,0.45131761834435047,0.5221281813470238,0.4543212125830726,0.0011575517666414848,True,True,44,2.0328790734103208e-20
18.0,4.5,14.772245833887931,31622.776601683792,1.4893682543191407,8.643345129897728,9.915785706393862,1.2192248550499225,3.962725629085516,4.5782579481385515,3.9794284251622667,0.010753538742588612,1.1472162174913858,0.14105937420369433,0.45847129433467443,0.5296858888929642,0.46040374014422275,0.001244140848361085,True,True,46,8.470329472543003e-22
18.0,4.5,14.789967352875273,31622.776601683792,1.544609220817864,8.788581060157652,10.421314406434524,1.251063142935615,4.094002159574202,4.723166938900358,4.100939792954494,0.011754887137584014,1.1857789482853769,0.14235098184474992,0.46583198488480043,0.5374208767684318,0.4666213766344815,0.0013375182019852874,True,True,44,3.3881317890172014e-20
18.0,4.5,14.807688871862615,31622.776601683792,1.6018319160931747,8.93236593616168,10.954675293901095,1.2833296759285515,4.228560171605587,4.87111359854493,4.224766038996587,0.012846490182171415,1.2264024304638397,0.1436718653378424,0.4733975524319639,0.5453329647887324,0.47297279009731297,0.0014381956890238724,True,True,45,2.117582368135751e-21
18.0,4.5,14.825410390849957,31622.776601683792,1.6611099879796813,9.074581097036516,11.51796097345795,1.3159469793385086,4.366373480743357,5.022067618161147,4.3508642054332265,0.014035858562584661,1.2692553904465482,0.14501462549805821,0.4811652939185571,0.5534214267809235,0.47945620397332583,0.0015467224781503522,True,True,83,2.541098841762901e-21
18.0,4.5,14.843131909837298,31622.776601683792,1.722520799718082,9.21511247188715,12.11345846238972,1.348839440710356,4.50740577629553,5.175988670231211,4.4791855544832595,0.015331151274600578,1.3145209566724934,0.14637254236725875,0.48913193301182417,0.561684806997394,0.486069548054683,0.0016636965985354852,True,True,83,8.470329472543003e-22
18.0,4.5,14.86085342882464,31622.776601683792,1.7861454960526277,9.353850813954674,12.743718067560794,1.3819264225335544,4.651609507139246,5.332826831580563,4.6096751821788,0.01674119907507873,1.3624033909701552,0.14773877091046908,0.4972935317933099,0.5701210055247738,0.4928104236280732,0.001789765456821605,True,True,45,7.707999820014133e-20
18.0,4.5,14.878574947811982,31622.776601683792,1.8520688746528706,9.490694794262394,13.411509709125614,1.4151309941724897,4.79892860239079,5.492522184415265,4.7422719710063275,0.018275575640525708,1.413122010543796,0.14910720709594497,0.5056456567639268,0.5787270904271175,0.4996759535322189,0.001925630950810284,True,True,45,1.6940658945086007e-21
18.0,4.5,14.896296466799324,31622.776601683792,1.920380407383745,9.625546370611913,14.119907561004252,1.4483768318519175,4.949294450453532,5.655001954872958,4.87690881480137,0.019944710593691926,1.4669201121002573,0.1504721681331261,0.5141832224261466,0.5874993207802145,0.5066630637914984,0.00207206010191648,True,True,45,3.3881317890172014e-21
18.0,4.5,14.914017985786666,31622.776601683792,1.9911731977751947,9.758317980879042,14.872268644713929,1.4815899125459093,5.102630229785427,5.820183565312213,5.013512027797701,0.02175990741716706,1.524060670481883,0.15182841094633462,0.522900590018053,0.5964330714285582,0.5137680528162167,0.002229883004407579,True,True,45,1.6940658945086007e-21
18.0,4.5,14.931739504774008,31622.776601683792,2.0645455417052294,9.888925946455585,15.672270070686334,1.5147031820271954,5.2588474829639225,5.987969898016849,5.152002005951244,0.02373347621864788,1.5848303602984946,0.15317165789577983,0.5317915728602268,0.6055227767342188,0.5209870145501331,0.002400005455309785,True,True,45,2.541098841762901e-21
18.0,4.5,14.94946102376135,31622.776601683792,2.1405999306048975,10.017296410990811,16.523961641706588,1.5476514587411256,5.417847952411497,6.15825243890821,5.2922927319314175,0.025878845202578927,1.6495430467223444,0.15449791992209277,0.5408493200288178,0.6147619263967748,0.5283154770307886,0.0025834161375303906,True,True,46,1.5500702934753696e-19
18.0,4.5,14.967182542748692,31622.776601683792,2.2194436859343067,10.143363967126199,17.43173999222449,1.5803786308429961,5.579524283896153,6.330909646741883,5.4342919782140315,0.028210516782790195,1.7185363799149191,0.15580419237295165,0.5500664574374861,0.6241430029780886,0.5357484948608885,0.002781179584427626,True,True,46,1.1102230246251565e-16
18.0,4.5,14.984904061736033,31622.776601683792,2.3011896419148803,10.267068816727,18.400450101339327,1.6128340729007513,5.743757309506096,6.505805065582826,5.577901766450405,0.030744437120669967,1.792181432675459,0.15708807466773175,0.5594349674707962,0.6336574909270732,0.5432808395481821,0.002994470736436621,True,True,46,1.6940658945086007e-21
18.0,4.5,15.002625580723375,31622.776601683792,2.3859546335594155,10.388365490534055,19.435369714984756,1.64497269807067,5.910420437784924,6.682792616513068,5.723017622652023,0.03349771723731581,1.8708785066037954,0.15834759564144907,0.568946139137147,0.6432958700386958,0.5509064566381374,0.0032245416536257937,True,True,45,1.6940658945086007e-21
18.0,4.5,15.020347099710717,31622.776601683792,2.4738620202826693,10.507211608893389,20.54226281835766,1.6767607615726403,6.079375578373766,6.861708958186308,5.869529838425916,0.036489151653972464,1.9550632063953601,0.15958189708042203,0.5785907626746695,0.6530475651959367,0.5586191709947003,0.00347277213138905,True,True,45,1.6940658945086007e-21
18.0,4.5,15.038068618698059,31622.776601683792,2.5650393524754675,10.623579304584776,21.727481111402742,1.7081651498731982,6.250475577551127,7.0423823246879,6.017322661892128,0.039738992189502144,2.045212869265813,0.16078998432628183,0.5883587252794954,0.6629010922569804,0.5664119868992982,0.003740640611808879,True,True,48,1.6940658945086007e-21
18.0,4.5,15.0557901376854,31622.776601683792,2.65962015863834,10.73744820299168,22.997901138189267,1.7391664419489823,6.423565235261104,7.224626151093029,6.166275019616683,0.04326919235671922,2.14184047302613,0.1619720448536752,0.5982394619115707,0.6728438651820547,0.5742775101721682,0.0040297463176272655,True,True,45,3.3881317890172014e-21
18.0,4.5,15.073511656672743,31622.776601683792,2.757743914814976,10.848805318963773,24.361155736254723,1.7697455276474177,6.598476781615668,7.4082424988666045,6.316260996968414,0.047103706175866046,2.245515060876914,0.16312814873301232,0.6082215126564667,0.6828625162917206,0.5822079769398714,0.004341833482211032,True,True,88,1.1102230246251565e-16
18.0,4.5,15.091233175660083,31622.776601683792,2.8595547863566866,10.957651888731103,25.825527386835223,1.7998927197880412,6.775037269107034,7.593024423579877,6.46714916704768,0.051268096534661085,2.3568486797243766,0.16425897975815956,0.6182928001275996,0.6929426578506821,0.5901948001924139,0.004678748426693991,True,True,85,2.541098841762901e-21
18.0,4.5,15.108954694647425,31622.776601683792,2.9652043341916166,11.063991235797374,27.40017486738594,1.8296033085770382,6.953060859881859,7.778750819125936,6.618804278305352,0.055790484875500215,2.476518128352551,0.16536557826052725,0.6284405610685353,0.7030691414467056,0.5982293493590551,0.005042527934674329,True,True,46,2.973085644862594e-19
18.0,4.5,15.126676213634767,31622.776601683792,3.074848832767728,11.167840899950143,29.095163030643132,1.8588741501567398,7.132355294361067,7.965195487444604,6.771086300442684,0.06070070523913202,2.605263030813147,0.16644883884091136,0.6386512270597361,0.713226088981995,0.6063021815141467,0.005435312499787045,True,True,45,3.3881317890172014e-21
18.0,4.5,15.144397732622108,31622.776601683792,3.188651803354374,11.269222225266287,30.92152107106662,1.8877123772295032,7.312719378242535,8.152119398597959,6.92385159300199,0.06603143525598483,2.7438913221303487,0.16751044033874285,0.6489107439772525,0.7233968090823879,0.6144036788517925,0.00585944920918662,True,True,46,5.082197683525802e-21
18.0,4.5,15.16211925160945,31622.776601683792,3.3067831141378203,11.368163882108318,32.89153368326166,1.9161209726113002,7.493941812939817,8.339278432508152,7.076953345742543,0.07181761460301023,2.8933022099573797,0.16855149103075212,0.659204238314517,0.7335642342060928,0.6225238674541402,0.006317433083106739,True,True,46,1.6940658945086007e-21
18.0,4.5,15.179840770596792,31622.776601683792,3.4294188695791794,11.464703150910342,35.01859783586734,1.9441140525576905,7.675807463065669,8.526420802007433,7.230241237446883,0.07809693030758255,3.0544705235640337,0.16957386745799174,0.6695164595217784,0.7437105601229982,0.630652284867295,0.006811945261869371,True,True,45,3.3881317890172014e-21
18.0,4.5,15.197562289584134,31622.776601683792,3.5567431652311905,11.558878381785945,37.31771632885761,1.971702054890753,7.858089474890696,8.713288317391621,7.383563079375593,0.08491026437608118,3.228489399772688,0.17057901206034734,0.6798314867014419,0.7538178039074881,0.6387785073515732,0.007345891320206262,True,True,45,2.541098841762901e-21
18.0,4.5,15.215283808571476,31622.776601683792,3.688946474333706,11.650736246796756,39.805328040063415,1.9989021372546913,8.040558942279672,8.899619739162723,7.536764305534452,0.0923010636700707,3.416550439119885,0.17156873994158678,0.6901331187967058,0.7638675831846745,0.6468916767046893,0.007922337414122467,True,True,45,3.3881317890172014e-21
18.0,4.5,15.233005327558818,31622.776601683792,3.82622740568992,11.740324725435244,42.49976165098461,2.025732352736473,8.222978867171179,9.085149066789999,7.689688966681014,0.10031684485977149,3.6199817845676354,0.17254483160484932,0.7004047212898817,0.7738413782633418,0.6549809435867999,0.008544639710214871,True,True,46,1.1102230246251565e-16
18.0,4.5,15.25072684654616,31622.776601683792,3.968792432326095,11.827694823344261,45.42131393363087,2.0522115272140975,8.405108721700698,9.269609547417708,7.842180474983086,0.10900783630413532,3.840250751480589,0.17350900220756948,0.7106294884368827,0.7837207237645604,0.6630354090219688,0.009216321348517305,True,True,46,3.3881317890172014e-21
18.0,4.5,15.268448365533501,31622.776601683792,4.116855869744246,11.912900940143683,48.59245049635533,2.0783638972836393,8.586705821052615,9.452733231660543,7.994081542216687,0.11842883224564386,4.078977130801967,0.17446329048872056,0.7207904996605343,0.7934871010139142,0.6710440708256464,0.009941225301938545,True,True,46,6.776263578034403e-21
18.0,4.5,15.286169884520843,31622.776601683792,4.270641036661627,11.995997095613273,52.03827422310718,2.104210471015742,8.767523343649769,9.634253988397017,8.14523535558631,0.12863804779138388,4.3379698918180525,0.17540938483431404,0.7308707457803486,0.8031224008815487,0.6789961093409135,0.010723414382821464,True,True,45,6.776263578034403e-21
18.0,4.5,15.303891403508185,31622.776601683792,4.4303798727234405,12.07703916043371,55.78645853492509,2.129779314955015,8.947316617515941,9.813907406296883,8.295486011928627,0.1396982207977145,4.619216497839168,0.17634945839477847,0.7408534905499657,0.8126087260235767,0.6868807744787275,0.011567257416485652,True,True,45,6.776263578034403e-21
18.0,4.5,15.321612922495527,31622.776601683792,4.596313568968407,12.156082972421126,59.868016380334225,2.1550949567904407,9.125839277841694,9.991434557285974,8.444678779064219,0.15167678958986794,4.92494305247493,0.1772853115333097,0.750722029336733,0.8219287890641948,0.6946874908819657,0.012477439478981977,True,True,47,1.6940658945086007e-21
18.0,4.5,15.339334441482869,31622.776601683792,4.768693433940315,12.233182718030735,64.31719759941718,2.180187081929243,9.302848922216157,10.166580925017904,8.592661270979699,0.16464537955337538,5.257601319452114,0.17821912189015385,0.7604602282695001,0.8310658934271599,0.7024060270361859,0.013458916076737841,True,True,46,1.1102230246251565e-16
18.0,4.5,15.35705596047021,31622.776601683792,4.947780294661873,12.308393379683125,69.17224475400793,2.2050845685152316,9.47810622171823,10.33910087066444,8.739283687827866,0.1786816621866324,5.619924763550964,0.17915291626566462,0.7700522667209585,0.8400040973447191,0.7100263550443052,0.014517058130557776,True,True,45,6.776263578034403e-21
18.0,4.5,15.374777479457553,31622.776601683792,5.153851793203671,12.328453628202501,75.27603921610542,2.2118731688549214,9.60034093112899,10.487320000489762,8.83820996441444,0.18603688871519627,6.105878440740076,0.1794120524406283,0.7787141210611608,0.8506598083395494,0.7168952596127872,0.015090042459957778,True,False,85,2.720561750654505e-09
18.0,4.5,15.392498998444895,31622.776601683792,5.368506021774343,12.346955704163172,82.10856065005936,2.218160475984792,9.718388595881198,10.631218936117039,8.933168222294487,0.19369114346107671,6.650105711675456,0.1796524203319907,0.7871080798163334,0.8610396919568103,0.7235118061760263,0.01568736035845399,True,False,85,5.306975845309418e-09
18.0,4.5,15.410220517432236,31622.776601683792,5.592100444920269,12.364017243647588,89.78135785689174,2.2239784874752258,9.832133340677291,10.7706136797892,9.024107786469065,0.20165626724491922,7.261503772410202,0.17987507164128766,0.7952215810543993,0.8711257407314722,0.7298685862886103,0.016309930928681503,True,False,85,7.766362961668594e-09
18.0,4.5,15.427942036419577,31622.776601683792,5.825007415329634,12.379747988822995,98.42669440193198,2.22935819223504,9.94148104699863,10.905342029966201,9.11099836912965,0.2099445429528689,7.950621813206224,0.18008106419030556,0.803043895237145,0.8809017792455909,0.7359599223954703,0.016958708944836073,True,False,85,1.0105562045530321e-08
18.0,4.5,15.44566355540692,31622.776601683792,6.067614793912966,12.394250054548662,108.20204571424529,2.234329402793096,10.046359983671733,11.035264903413768,9.193829986035752,0.21856870972952902,8.730019584729565,0.1802714478858769,0.8105661850823109,0.8903535796717165,0.741781870268273,0.01763468614620332,True,False,85,1.233081174047952e-08
18.0,4.5,15.46338507439426,31622.776601683792,6.320326595709199,12.407618254046515,119.29571069281366,2.2389206260843424,10.146721174437616,11.160267415000263,9.272612619327525,0.22754197742782364,9.614714786531055,0.1804472526670588,0.8177815408794069,0.8994689541935696,0.7473321978054438,0.018338892506917275,True,False,85,1.4448163327733704e-08
18.0,4.5,15.481106593381602,31622.776601683792,6.5835636626938765,12.419940465181483,131.9338479645514,2.2431589707416433,10.242538489821547,11.280259689218118,9.347375629699068,0.23687804131751883,10.622743992567404,0.18060947852610063,0.8246849909253474,0.908237822946222,0.7526103410804459,0.019072397487056515,True,False,85,1.6463149737302176e-08
18.0,4.5,15.498828112368944,31622.776601683792,6.857764364608706,12.43129802140023,146.3893426770152,2.24707008802547,10.333808456198545,11.395177381795467,9.418166926772003,0.24659109696793644,11.775869456673702,0.18075908759947543,0.831273487161928,0.9166522564400674,0.7576173389583949,0.019836311263991484,True,False,85,1.838110338285409e-08
18.0,4.5,15.516549631356286,31622.776601683792,7.143385328980576,12.44176611403743,162.99303792243307,2.250678142868972,10.420549781087118,11.504981895014659,9.485051912430139,0.25669585535747313,13.100474356171677,0.18089699824284938,0.8375458665253421,0.9247064917925243,0.7623557480098122,0.020631785954234896,True,False,85,2.0206980551740054e-08
18.0,4.5,15.534271150343628,31622.776601683792,7.440902201545169,12.45141419533966,182.14803759489317,2.2540058110862513,10.50280260020276,11.609660276408553,9.548112217584142,0.26720755814300967,14.628702791291602,0.1810240809377207,0.8435027889549902,0.9323969224920523,0.766829539825109,0.021460016826283124,True,False,85,2.194547507259798e-08
18.0,4.5,15.55199266933097,31622.776601683792,7.750810438341718,12.460306374037195,204.34802151508208,2.2570742985823555,10.580627458459936,11.709224797225879,9.60744425810542,0.27814199306335124,16.399919502851873,0.18114115582946563,0.84914665344876,0.9397220618606698,0.7710439831659264,0.022322243507824118,True,False,85,2.3601045548768458e-08
18.0,4.5,15.569714188318311,31622.776601683792,8.073626130797933,12.468501797513639,230.20083275757344,2.2599033783968547,10.654104043692987,11.803712214260951,9.66315764027615,0.2895155094552412,18.462589691688386,0.18124899166694633,0.8544814939849098,0.9466824808586662,0.7750055136699017,0.02321975119039353,True,False,85,2.5177836873096842e-08
18.0,4.5,15.587435707305653,31622.776601683792,8.409886865179116,12.476055016523128,260.4590349852934,2.262511441580537,10.72332969812418,11.893182726110545,9.71537344983937,0.301345033850062,20.8767142049586,0.1813483059015126,0.8595128575436979,0.9532807213786222,0.7787215940433457,0.024153871832960378,True,False,85,2.667985697673474e-08
18.0,4.5,15.605157226292995,31622.776601683792,8.760152617832727,12.483016329962918,296.0597424014342,2.264915558210911,10.7884177382868,11.977718642399726,9.764222461418651,0.31364808558545365,23.71700353309669,0.18143976570586118,0.8642476668392572,0.959521186690245,0.7822005678212276,0.025125985362416437,True,False,85,2.81107921943593e-08
18.0,4.5,15.622878745280337,31622.776601683792,9.125006687719232,12.489432108432332,338.1768659994867,2.2671315452574503,10.849495618965781,12.05742279173325,9.80984330657091,0.32644279241424795,27.077041058669444,0.1815239896877921,0.8686940706968305,0.9654100112039996,0.785451509836682,0.02613752087205372,True,False,85,2.9474228214521678e-08
18.0,5.0,14.222878745280337,100000.0,0.36285430577747274,4.752761702347781,2.3069588461731922,0.6595371636598115,1.4665293303054219,1.6758782304170876,1.54196373521236,0.0021651800989079106,0.4853933335293446,0.1387692472218861,0.3085636146203126,0.35261145737419003,0.32443531398821385,0.0004555625201739758,True,True,90,8.470329472543003e-22
18.0,5.0,14.240600264267679,100000.0,0.37762285271764373,4.901404153249035,2.432178179490869,0.6724856208085623,1.5203181751468688,1.7419672666913146,1.6013702047542957,0.002343227431417414,0.4962206958344029,0.13720264638099391,0.31018012953269375,0.35540167923851007,0.3267166213365168,0.00047807268247082607,True,True,44,2.964615315390051e-21
18.0,5.0,14.25832178325502,100000.0,0.39298304944859264,5.053033320681861,2.5639602812357003,0.6858025621709886,1.5760145075616447,1.8104123446306875,1.6628673916802899,0.0025367854560950473,0.5074101274459273,0.13572096573438897,0.31189473877227,0.3582822890204866,0.329083005424532,0.0005020322042429618,True,True,86,1.1102230246251565e-16
18.0,5.0,14.276043302242362,100000.0,0.4089576593345754,5.207594517818608,2.7026352355990895,0.6995198213350897,1.6336831075710199,1.8812766427726884,1.7265132682631497,0.0027473973208188627,0.5189795838273498,0.13432686030787766,0.3137116574612549,0.3612563605587192,0.33153757696679564,0.0005275751234890137,True,True,44,1.6940658945086007e-21
18.0,5.0,14.293764821229704,100000.0,0.4255705848246898,5.365021562946216,2.848555653149876,0.7136699274958525,1.693388961210478,1.9546222952724763,1.7923661831465953,0.002976727854001901,0.5309495255011769,0.13302275100343466,0.31563507086457054,0.36432701571456316,0.3340836867321578,0.0005548398676644316,True,True,82,1.2705494208814505e-21
18.0,5.0,14.311486340217046,100000.0,0.44284632405856883,5.525240257143256,3.0020887744699496,0.7282859226104261,1.7551997293730266,2.030511952437725,1.8604847378966733,0.003226663566641194,0.5433408566421571,0.13181072473162925,0.31766939493786406,0.367497494758277,0.3367246764502888,0.0005839861103722379,True,True,44,2.117582368135751e-21
18.0,5.0,14.329207859204388,100000.0,0.46081062870238526,5.688164242014377,3.1636220496388527,0.743403392027554,1.8191835056194345,2.109006534073275,1.930927657446966,0.003499229185582597,0.5561762837773657,0.13069302509526148,0.3198190889395272,0.37077103338464823,0.3394641179986669,0.0006151772411450971,True,True,44,1.6940658945086007e-21
18.0,5.0,14.34692937819173,100000.0,0.4794899558006077,5.853698065894666,3.333563291820102,0.7590567729275784,1.8854104241323628,2.1901670295130162,2.0037536717582602,0.0037967063654585974,0.5694798833650823,0.12967132304791432,0.3220887724150495,0.3741510075952775,0.3423056073617304,0.0006485996241554214,True,True,44,2.541098841762901e-21
18.0,5.0,14.364650897179072,100000.0,0.49891193816186125,6.0217348033462255,3.5123367444236404,0.7752839111834802,1.9539518397913143,2.274052645851709,2.0790213361665857,0.004121571270391939,0.5832765571927654,0.12874760123156895,0.3244832101715141,0.3776407829497968,0.34525288875413307,0.0006844491504510656,True,True,45,1.2705494208814505e-21
18.0,5.0,14.382372416166413,100000.0,0.5191051887984577,6.192156628165433,3.7003930164971983,0.7921208644285002,2.0248800341665896,2.3607216337299444,2.1567889054190275,0.0044765631827489724,0.5975935750180666,0.12792326034284826,0.3270072376651923,0.3812438501623241,0.3483098110937199,0.0007229408833728509,True,True,44,1.6940658945086007e-21
18.0,5.0,14.400093935153755,100000.0,0.5400993128500462,6.364835670247089,3.898197332547243,0.8096063063502862,2.0982692617624785,2.4502308306756357,2.237114121396509,0.004864708120802585,0.612458441114146,0.12719987573832467,0.3296658971999856,0.38496372217894437,0.35148026395309306,0.0007643100895036513,True,True,45,2.541098841762901e-21
18.0,5.0,14.417815454141095,100000.0,0.5619251990840651,6.539631598302523,4.106244906144074,0.8277775290610174,2.174193701905818,2.54263496416842,2.320054050735786,0.005289289850148427,0.6279015636308813,0.12657861786524516,0.3324642480579745,0.38880400615050026,0.3547683100892101,0.0008088054763698548,True,True,44,2.117582368135751e-21
18.0,5.0,14.435536973128437,100000.0,0.584614609535332,6.7163951718407615,4.3250481647079395,0.8466724517115031,2.252729584780431,2.6379875953184446,2.405664864214354,0.005753976817653988,0.6439537957565672,0.12606054736940914,0.33540754037601184,0.39276837169714235,0.3581779812927586,0.0008567061154736963,True,True,44,1.6940658945086007e-21
18.0,5.0,14.45325849211578,100000.0,0.6082007873832075,6.894964258766175,4.555150113346189,0.8663283735592923,2.333952513911917,2.7363393681564947,2.494001612283647,0.006262710623462458,0.6606488362220044,0.12564653579717297,0.3385010315237759,0.3968605587298797,0.3617134938898056,0.0009083021156346276,True,True,45,2.541098841762901e-21
18.0,5.0,14.470980011103121,100000.0,0.6327178691328168,7.0751683012988,4.797117862673841,0.8867807800047697,2.4179394631290076,2.837739657765371,2.5851180072576563,0.006819889247180349,0.6780217315527641,0.12533705803747197,0.3417500983948527,0.4010844034967257,0.3653790125081692,0.0009639190131955464,True,True,44,4.235164736271502e-21
18.0,5.0,14.488701530090463,100000.0,0.6582015642237177,7.256824504603464,5.05154895268434,0.9080649870636287,2.504766407095721,2.942234478413795,2.679066133218773,0.007430254852464672,0.6961101166880668,0.12513255439587737,0.34516011865889673,0.4054437966010269,0.36917885109654663,0.0010238989309650785,True,True,44,3.3881317890172014e-21
18.0,5.0,14.506423049077805,100000.0,0.6846885927592014,7.439741919348493,5.319073861502904,0.9302122466017494,2.5945096419287714,3.049868289980333,2.7758962134934175,0.00809901605138278,0.714954082972908,0.12503286494153135,0.34873651130037797,0.40994275380017664,0.3731172725594366,0.0010886151884273991,True,True,44,3.3881317890172014e-21
18.0,5.0,14.524144568065147,100000.0,0.7122172771954476,7.623718764097169,5.6003557470749765,0.9532533472920646,2.687243910324171,3.1606819519048237,2.875656283616397,0.00883185963643673,0.7345963197710105,0.12503784265774298,0.35248465919012756,0.41458532898532546,0.377198631350214,0.001158471332655807,True,True,44,3.3881317890172014e-21
18.0,5.0,14.541866087052489,100000.0,0.74082714126481,7.808545430586831,5.896100221312498,0.9772132805703498,2.783043036630036,3.2747144187857966,2.9783918985370805,0.009634912271494045,0.7550830399496558,0.125146647254239,0.35640991800196054,0.4193757272588083,0.38142723571414855,0.001233893348914019,True,True,44,1.6940658945086007e-21
18.0,5.0,14.55958760603983,100000.0,0.7705592928590747,7.994003546359203,6.2070517391319,1.0021154808651667,2.8819785390453085,3.3920009516358998,3.084145816857105,0.01051494094267789,0.7764634707922847,0.12535839833615925,0.3605175457243673,0.4243181694835194,0.38580741163940957,0.001315353549907646,True,True,44,3.3881317890172014e-21
18.0,5.0,14.577309125027172,100000.0,0.8014562998973273,8.179867367893022,6.534007959390753,1.0279765043973896,2.9841194871847705,3.512574434900132,3.192957602836267,0.011479123258996443,0.7987914309023557,0.12567153697776604,0.3648126984182902,0.4294170402673539,0.3903434443654936,0.0014033385558369078,True,True,44,1.6940658945086007e-21
18.0,5.0,14.595030644014514,100000.0,0.8335622534252247,8.365905124286579,6.877815789112007,1.0548094387300093,3.0895319090231923,3.6364642234787325,3.3048633479659015,0.012535412518188958,0.8221245265076477,0.12608431760334607,0.3693003761247721,0.434676722895401,0.3950395443012786,0.0014983928614966146,True,True,44,3.3881317890172014e-21
18.0,5.0,14.612752163001856,100000.0,0.8669230734918869,8.551877961391149,7.239389153862202,1.082620425000702,3.198277267311919,3.763696313868414,3.419895172985114,0.013692228008530788,0.8465262468133441,0.12659446613812417,0.37398537277438526,0.44010173331053554,0.3998999036731803,0.0016010785081764017,True,True,44,1.6940658945086007e-21
18.0,5.0,14.630473681989198,100000.0,0.9015860512638594,8.737544782826388,7.619705067609691,1.1114092717127573,3.310413663791522,3.8942939517627897,3.5380809470962196,0.014958777587964808,0.8720647798665585,0.12719926470617102,0.37887229720391563,0.4456965942443019,0.404928505093365,0.001712011550128616,True,True,44,5.082197683525802e-21
18.0,5.0,14.64819520097654,100000.0,0.937600793429319,8.92265741711209,8.01982634383074,1.1411699123954173,3.4259918865852232,4.028275263727317,3.6594437719646864,0.016344943814975865,0.8988158985517164,0.12789574440086132,0.3839654181964638,0.45146586666005944,0.4101293595500502,0.001831847066506121,True,True,44,2.541098841762901e-21
18.0,5.0,14.665916719963882,100000.0,0.9750181466705072,9.106969578379033,8.440896912462835,1.1718867833949491,3.5450591667297697,4.1656566698653466,3.784001597679318,0.01786127547297036,0.9268612176439538,0.12868021280944428,0.38926880519576323,0.4574141413357834,0.4155061203523686,0.0019612754077245444,True,True,45,1.6940658945086007e-21
18.0,5.0,14.683638238951223,100000.0,1.0138916579438346,9.290229060629102,8.884168055125597,1.203539970116419,3.667653073343364,4.306447636883709,3.911766810702679,0.0195193225202115,0.956291604560716,0.12954900920762866,0.3947860757154467,0.4635459049264918,0.42106247167578315,0.0021010593380234397,True,True,82,3.3881317890172014e-21
18.0,5.0,14.701359757938565,100000.0,1.0542763105820718,9.472187914883927,9.350999655798324,1.2360979390586353,3.7938062886003903,4.450655936072508,4.042745658768524,0.02133115494884857,0.9872058852532712,0.1304976157743153,0.4005205896136278,0.4698656715919942,0.426801674026762,0.0022519775938281694,True,True,47,4.235164736271502e-21
18.0,5.0,14.719081276925907,100000.0,1.0962297795231106,9.652596492065523,9.84287819288333,1.2695255671614678,3.9235413559763894,4.598281765628145,4.176937999031596,0.023310122531120102,1.0197130068551212,0.13152166551300715,0.40647522759306864,0.4763777051498996,0.4327268836385171,0.0024149069683251675,True,True,44,4.235164736271502e-21
18.0,5.0,14.736802795913249,100000.0,1.1398119348840918,9.831208428744121,10.36143870196228,1.3037768580022182,4.056872571483262,4.749321235768027,4.314336574718294,0.02547015125955981,1.0539333772710882,0.13261613436963496,0.4126524832513904,0.48308621164842136,0.43884092235336986,0.0025907447130396636,True,True,44,8.470329472543003e-21
18.0,5.0,14.75452431490059,100000.0,1.1850848840808919,10.0077831269511,10.908461069510002,1.3388009214499188,4.193805738177936,4.903764159366557,4.454926822666453,0.027826483623208973,1.0899977478661946,0.133775972607211,0.4190544184439767,0.48999504657136816,0.44514621931297377,0.002780484276110247,True,True,44,1.0164395367051604e-20
18.0,5.0,14.772245833887931,100000.0,1.2321140427245163,10.182080415540604,11.48591939549826,1.3745402093195764,4.334334089195276,5.0615917732711395,4.598686191447532,0.030395312506865245,1.1280523161030673,0.1349960080085065,0.4256825631213747,0.4971078175287031,0.4516450473548309,0.002985177023398263,True,True,45,1.6940658945086007e-21
18.0,5.0,14.789967352875273,100000.0,1.280966636722823,10.353873247107716,12.095959180539888,1.410929970984007,4.478444217563374,5.222780628385488,4.745583832521622,0.03319398226611959,1.1682545161462945,0.13627074016751564,0.4325380570806579,0.5044277154778224,0.45833899249706084,0.0032059482933492643,True,True,44,1.8634724839594607e-20
18.0,5.0,14.807688871862615,100000.0,1.331713955852084,10.522934964092512,12.740957319170022,1.4479041842779294,4.626107731899871,5.387294822015507,4.895580137640397,0.036241316586537925,1.2107798216605998,0.1375950900788253,0.4396214314433732,0.5119574377679433,0.4652295347586601,0.003444031224197853,True,True,44,2.541098841762901e-20
18.0,5.0,14.825410390849957,100000.0,1.384429479162344,10.68905402728477,13.423509848133381,1.4853894584118355,4.777288706064587,5.555092580808457,5.048626250180742,0.039557211923918846,1.2558183178669196,0.13896360282399597,0.4469327869304551,0.5196991769925181,0.4723174040746422,0.003700721487883353,True,True,45,8.470329472543003e-21
18.0,5.0,14.843131909837298,100000.0,1.439190515016812,10.852025976211754,14.146462538697312,1.523314292032216,4.931937948126118,5.726119301445997,5.204663820640813,0.043163422706584076,1.3035780203352947,0.14037141961983926,0.4544716312822325,0.5276544042557555,0.4796029637276695,0.003977452947606346,True,True,87,3.3881317890172014e-21
18.0,5.0,14.86085342882464,100000.0,1.496077911796,11.011657180711618,14.91294706544125,1.5616039333940328,5.089994651688334,5.900309444882196,5.363624470637885,0.047083045885360664,1.3542872630981702,0.14181370776138852,0.4622369338380909,0.5358239316800901,0.48708603824254415,0.004275745704091922,True,True,45,5.590417451878382e-20
18.0,5.0,14.878574947811982,100000.0,1.5551755359900088,11.167771210334879,15.72636081066559,1.60018538077028,5.2513886002127705,6.077586915928448,5.525429626590868,0.051341168343474325,1.4081915285041031,0.14328601030879254,0.47022709377794475,0.5442076849053039,0.4947656539988503,0.004597261832867975,True,True,45,1.1102230246251565e-16
18.0,5.0,14.896296466799324,100000.0,1.6165720794600906,11.320198899576859,16.590441119967977,1.6389890421336566,5.416034733689329,6.257859393550559,5.689990068177543,0.055964683435034975,1.4655609205407263,0.14478447390133056,0.47843989153686833,0.5528047209298128,0.5026404675972814,0.004943789763016169,True,True,45,8.470329472543003e-20
18.0,5.0,14.914017985786666,100000.0,1.6803591452034663,11.468793135152302,17.509238850576565,1.6779466192003045,5.583839680011384,6.441024284038369,5.857205860619916,0.060982710361907666,1.5266853839145516,0.1463054219765576,0.4868724733465369,0.5616130841436469,0.5107081269665027,0.005317273547727813,True,True,45,1.0164395367051604e-20
18.0,5.0,14.931739504774008,100000.0,1.7466332005742016,11.613418491244225,18.487160351293728,1.716997558495328,5.75469672039791,6.626962179898338,6.026965863462182,0.06642639131454584,1.5918792873288656,0.14784600759800695,0.4955213423796433,0.5706297577147197,0.5189657005821438,0.005719796575369009,True,True,45,6.776263578034403e-21
18.0,5.0,14.94946102376135,100000.0,1.8154949090602215,11.753957069753431,19.529012509130947,1.7560855626933696,5.9284871936819235,6.815538796272965,6.199148008024283,0.07232974522187595,1.6614840766591823,0.1494037754495736,0.5043822398277901,0.5798505776247436,0.5274094478340923,0.0061536506210323645,True,True,45,6.776263578034403e-21
18.0,5.0,14.967182542748692,100000.0,1.8870486596486753,11.89031369937726,20.639956988874914,1.7951611866591108,6.105084048610664,7.006607488500882,6.373618587692406,0.07872876387466247,1.7358631160383857,0.15097677252645825,0.5134502085449949,0.589270196367304,0.5360345192596742,0.006621252043063069,True,True,45,1.3552527156068805e-20
18.0,5.0,14.984904061736033,100000.0,1.9614047634358671,12.022403341941267,21.82563561378877,1.8341848974013086,6.284344080158335,7.2000007539010245,6.5502329041569105,0.08566296233359481,1.8154136900105504,0.15256391299088967,0.5227194514623228,0.5988819830044426,0.5448355638931042,0.007125277691753332,True,True,45,6.776263578034403e-21
18.0,5.0,15.002625580723375,100000.0,2.0386765585196995,12.150170622704962,23.092093610477935,1.8731209729293874,6.466117947250449,7.395542197173194,6.7288346630616305,0.09317423290344798,1.9005571466894347,0.15416417028984727,0.5321833040901703,0.6086780529117165,0.5538057754092351,0.007668553454659621,True,True,45,1.0164395367051604e-20
18.0,5.0,15.020347099710717,100000.0,2.1189836402998754,12.27357113484058,24.445867954879063,1.9119464700931983,6.650241525201506,7.593034498461847,6.909256350876081,0.10130776572426546,1.991748586153983,0.15577751976894638,0.5418342756268943,0.618649162093317,0.5629377362928222,0.00825413928931299,True,True,45,2.236166980751353e-19
18.0,5.0,15.038068618698059,100000.0,2.202449877340784,12.392584249516394,25.89403582841704,1.9506427111740094,6.8365399325444836,7.792267985059715,7.091319660100538,0.11011262996026497,2.0894782966214267,0.15740403066052433,0.5516637849616614,0.6287847496670276,0.5722228324069911,0.008885364645760788,True,True,45,1.0164395367051604e-20
18.0,5.0,15.0557901376854,100000.0,2.2892038977042457,12.507211001247565,27.44412041290874,1.9892003028820033,7.024830627562628,7.9930198952199305,7.274834737083414,0.11963999407460109,2.1942638059093476,0.15904427475346702,0.5616624383215345,0.6390729231658957,0.5816512359436301,0.009565681274799575,True,True,45,8.470329472543003e-21
18.0,5.0,15.073511656672743,100000.0,2.3793810730466247,12.617462870496842,29.104347800826467,2.0276187399826773,7.2149130043145115,8.195047453874228,7.459602188768501,0.12994686482199655,2.306671959295444,0.16069940215348816,0.571819634293119,0.6495004215971613,0.591212533401714,0.010298969464443496,True,True,45,1.1102230246251565e-16
18.0,5.0,15.091233175660083,100000.0,2.473119981925715,12.72338235593438,30.88340104624449,2.065899699914701,7.406584387034322,8.398103695440044,7.6454113433653115,0.14109152263018718,2.427294895514949,0.16237032277436303,0.582123855106797,0.6600527643125526,0.6008945679290519,0.01108915213605759,True,True,45,6.776263578034403e-21
18.0,5.0,15.108954694647425,100000.0,2.57056736394025,12.825015145265132,32.79071963777045,2.1040578051622183,7.599622699133415,8.601918721998997,7.832042939173072,0.15313868690959023,2.5567782389618823,0.1640588943818141,0.5925624736543972,0.6707141180394426,0.6106848881238619,0.011940624254633143,True,True,45,1.1102230246251565e-16
18.0,5.0,15.126676213634767,100000.0,2.67187358972006,12.922435024179524,34.83636197886623,2.1421059532454056,7.793801649974337,8.80622015283228,8.019268056071573,0.16615561267386716,2.6958047700516934,0.16576643250573536,0.6031217518518096,0.6814675513055177,0.6205694237244374,0.01285791821456009,True,True,45,1.0164395367051604e-20
18.0,5.0,15.144397732622108,100000.0,2.777196391257566,13.015723374532016,37.031054422275865,2.1800678962505615,7.988882658255121,9.010719428745427,8.20684949032855,0.18021423247086626,2.8451015250320135,0.16749494695902345,0.6137870657183019,0.6922949397016829,0.6305334904694553,0.013845886800536425,True,True,46,2.220446049250313e-16
18.0,5.0,15.16211925160945,100000.0,2.8866996535678275,13.104975456483025,39.38640068293734,2.217968659984128,8.184615097053545,9.215119331215314,8.394543265613416,0.1953923003074898,3.005453983010163,0.16924630399722726,0.6245425734852956,0.703177152968768,0.6405615404232321,0.01490977995008982,True,True,45,2.0328790734103208e-20
18.0,5.0,15.179840770596792,100000.0,3.0005527189479624,13.190303311665602,41.91455384124656,2.2558367767350793,8.380745848450134,9.4191185292322,8.582097513011648,0.21176946170212552,3.17767930356666,0.17102235812424424,0.6353717310683933,0.7140941574028751,0.6506368587765209,0.016054934954743236,True,True,45,1.6940658945086007e-20
18.0,5.0,15.197562289584134,100000.0,3.1189336464691113,13.271819178552422,44.62871416343803,2.293707750823321,8.577004787840183,9.62240111160825,8.769256616483911,0.22943412183641526,3.36266743564131,0.1728254220438753,0.6462569051348159,0.725025031018979,0.6607426230350727,0.01728731523159887,True,True,46,2.220446049250313e-16
18.0,5.0,15.215283808571476,100000.0,3.2420252490369967,13.34965443184147,47.54266259899077,2.331614080680883,8.773123518637947,9.824655320968851,8.95575880597647,0.2484755021531654,3.5613403209593546,0.17465726117370792,0.6571798216523399,0.7359482877350875,0.6708607216539837,0.018612878964155356,True,True,45,2.220446049250313e-16
18.0,5.0,15.233005327558818,100000.0,3.3700197325560652,13.423936909548484,50.67112919755245,2.369597632468333,8.968820668926146,10.025556873857282,9.14134064460411,0.2689916063426203,3.774684694883357,0.17652031951839936,0.668121485474697,0.7468417753607047,0.6809731531218571,0.020038205494789373,True,True,45,2.371692252312041e-20
18.0,5.0,15.25072684654616,100000.0,3.5031154437923955,13.49480605561862,54.029629790341296,2.4076966537430464,9.16381376175464,10.224786085640947,9.325736178840634,0.29108353844290025,4.003735182829533,0.17841654365537116,0.6790622795159954,0.7576830703234756,0.6910611490379904,0.021570042373577233,True,True,45,2.220446049250313e-16
18.0,5.0,15.268448365533501,100000.0,3.641519206787062,13.562401626633969,57.63432345716878,2.44595514706109,9.357817176117134,10.422020256061165,9.50867897165033,0.3148580124466577,4.249566193644197,0.18034823141188364,0.6899823079815132,0.7684494636697903,0.7011058390261131,0.023215505713113274,True,True,45,1.1102230246251565e-16
18.0,5.0,15.286169884520843,100000.0,3.7854463770109414,13.6268639373066,61.50233132882107,2.4844182975078506,9.550539984634746,10.616937712630056,9.689904808569734,0.3404293012597774,4.5133151407232175,0.18231768578140695,0.7008611833635469,0.7791182007449128,0.711088395183975,0.02498221915372441,True,True,45,1.1102230246251565e-16
18.0,5.0,15.303891403508185,100000.0,3.935119846862067,13.688337625764495,65.65109567057048,2.523130777358559,9.741696904974837,10.809224622743915,9.869150476241925,0.36791337850517936,4.796133574832383,0.18432704148160883,0.7116785961385697,0.7896667161685544,0.7209897027719414,0.026877871408773887,True,True,45,8.470329472543003e-20
18.0,5.0,15.321612922495527,100000.0,4.090772747629684,13.746960997129527,70.09888792490712,2.5621432456264817,9.930998052790043,10.99856735530881,10.046159201543542,0.39743702841255973,5.09922796315086,0.18637888375194178,0.7224140706344997,0.8000726384257143,0.7307912784244648,0.02891090099808588,True,True,45,3.3306690738754696e-16
18.0,5.0,15.339334441482869,100000.0,4.252646206526291,13.802875355783016,74.86412162859536,2.601502141069819,10.118162259822109,11.18466633513366,10.220678221512928,0.4291273651873627,5.423806250429509,0.18847537734084246,0.7330474266423687,0.8103142314074147,0.7404745720050824,0.0310897080590944,True,True,45,1.1102230246251565e-16
18.0,5.0,15.35705596047021,100000.0,4.420991747451901,13.856215930212276,79.96543140739017,2.641260359177628,10.302911084168242,11.367227787812022,10.392463920506767,0.4631215860777817,5.771087273043464,0.19061916850029662,0.7435587851733487,0.8203702832767472,0.7500217933127689,0.033423381131639646,True,True,45,1.1102230246251565e-16
18.0,5.0,15.374777479457553,100000.0,4.596070863413163,13.907114743994445,85.42146218967932,2.681468207228279,10.484973188681824,11.545972321640923,10.56128130991041,0.4995599712162747,6.142284993123189,0.19281269023729214,0.7539287179038762,0.8302205406500193,0.7594157022736239,0.035921179943668856,True,True,45,2.236166980751353e-19
18.0,5.0,15.392498998444895,100000.0,4.7781548918227985,13.955701281749022,91.25013101853054,2.722178073756365,10.664089436946929,11.720635831144207,10.726906054777775,0.5385881574343081,6.538555761283424,0.1950584939301025,0.7641385568271803,0.8398457085400798,0.7686397005936348,0.03859269746183681,True,True,45,2.220446049250313e-16
18.0,5.0,15.410220517432236,100000.0,4.967527244585985,14.002096403862325,97.46892600076082,2.7634447778078073,10.840006925036523,11.890967441967284,10.889127500452865,0.5803600677745987,6.961023777402009,0.19735935949173591,0.774170282247623,0.8492276512742257,0.7776783694653908,0.0414480839893741,True,True,45,1.1102230246251565e-16
18.0,5.0,15.427942036419577,100000.0,5.164481525410775,14.046419450065459,104.09360433256501,2.805319622060803,11.012490685321376,12.056739033766672,11.047747183463935,0.6250294632822355,7.410686025902488,0.19971777377385166,0.7840069652248678,0.8583496368329286,0.7865169641799676,0.04449742267089445,True,True,45,4.440892098500626e-16
18.0,5.0,15.44566355540692,100000.0,5.369324193471332,14.088781188442463,111.13832218846646,2.847860137468813,11.18131629995196,12.217738328019296,11.202584101026762,0.6727616232232864,7.888427018771308,0.20213672846342562,0.7936326180666643,0.8671962581150703,0.7951421738465672,0.047751584343944324,True,True,45,4.2690460541616737e-19
18.0,5.0,15.46338507439426,100000.0,5.5823740651363005,14.129286937304443,118.61459858436638,2.8911182277264182,11.346276834711636,12.373777252744494,11.353472028034902,0.7237196352089361,8.394945839141931,0.20461883466271938,0.8030325157283738,0.8757538372354082,0.8035417553917193,0.05122124268692967,True,True,45,2.303929616531697e-19
18.0,5.0,15.481106593381602,100000.0,5.803962133321319,14.168038493000713,126.53037814955958,2.935150457258199,11.507184566446929,12.524691012024759,11.500263855887034,0.7780758213668616,8.93069130296816,0.20716703012263982,0.8121932031827626,0.8840102331887508,0.8117047297385865,0.054917681212628425,True,True,45,5.551115123125783e-16
18.0,5.0,15.498828112368944,100000.0,6.034435052396514,14.205126122351425,134.8898778522733,2.980011778618182,11.663865563193323,12.670335512893429,11.642830748408942,0.8360037065022158,9.495859219442432,0.20978425344138305,0.8211025697857417,0.8919551578607219,0.8196217793581732,0.05885225511562224,True,True,45,5.421010862427522e-20
18.0,5.0,15.516549631356286,100000.0,6.274151252071579,14.240640969449107,143.691394018246,3.025755530947349,11.816172305043002,12.810597400416347,11.781063045521334,0.8976786804367165,10.090233601599229,0.21247326840404143,0.8297500323470416,0.8995801121522073,0.8272846054328326,0.06303639578882261,True,True,45,2.220446049250313e-16
18.0,5.0,15.534271150343628,100000.0,6.523486838750134,14.274661315051816,152.92760394041485,3.07243956486452,11.963970753563524,12.945382241253954,11.914872355875287,0.9632832232120359,10.713221180187402,0.21523730035015318,0.8381264178189783,0.9068784159245717,0.8346868687743739,0.06748203701311699,True,True,45,1.1102230246251565e-16
18.0,5.0,15.55199266933097,100000.0,6.7828318423775755,14.307264235505713,162.58324074980717,3.120114801271951,12.107153088416494,13.074627086961426,12.044189308138352,1.0329941684825432,11.363684773943815,0.21807906458656845,0.8462241899727203,0.9138453635681583,0.8418233639837875,0.07220067732578858,True,True,45,8.809142651444724e-20
18.0,5.0,15.569714188318311,100000.0,7.052593142712139,14.338520367042406,172.63427839135264,3.1688389069017604,12.245631394259972,13.19829241884599,12.168966758092134,1.10699753456478,12.039894910506847,0.2210018067265468,0.854037312134869,0.920477990824125,0.8486905515064813,0.07720444691833425,True,True,45,2.220446049250313e-16
18.0,5.0,15.587435707305653,100000.0,7.33319637450445,14.368491388508748,183.04721152104932,3.2186634056866317,12.37933671572983,13.316363053873888,12.289176975116067,1.1854717144097138,12.739487157812682,0.2240084444954861,0.8615613414801674,0.9267753095167456,0.8552865184541489,0.08250495353727942,True,True,45,2.220446049250313e-16
18.0,5.0,15.605157226292995,100000.0,7.625081825112335,14.397241740319357,193.77613894522733,3.269641952433543,12.508228613503151,13.428854937533082,12.404813196549052,1.2685988212425332,13.459254379438448,0.22710196934993027,0.8687934007855102,0.9327380327250937,0.8616103987341877,0.08811401823516185,True,True,45,1.7618285302889447e-19
18.0,5.0,15.622878745280337,100000.0,7.928713413978768,14.424820499931787,204.7639879649069,3.321828864410571,12.63227806968115,13.535799233776167,12.515888483447336,1.356557899669621,14.195253796459735,0.23028562916441694,0.8757320806689335,0.9383686427044396,0.8676633780993338,0.09404331233626345,True,True,45,2.220446049250313e-16
18.0,5.5,14.222878745280337,316227.7660168379,0.32396655531474483,4.979391942681452,2.3562192643513717,0.6952149564111696,1.5106598683484118,1.7250093691705364,1.6105667966934676,0.0064948689497442745,0.4731941754081974,0.13961844426265219,0.303382398039329,0.34642972254993887,0.3234464800588004,0.001304349813091179,True,True,94,5.082197683525802e-21
18.0,5.5,14.240600264267679,316227.7660168379,0.3373844357028734,5.137944647061884,2.48296193473446,0.7097712817676874,1.5662677103378777,1.793160477752402,1.673377456437429,0.007024226023159729,0.4832597673379633,0.138143037833926,0.3048432433450879,0.34900346362777857,0.3256900514477796,0.0013671276173005305,True,True,84,3.3881317890172014e-21
18.0,5.5,14.25832178325502,316227.7660168379,0.3513549567111774,5.29983578329311,2.616215785370869,0.7247820782262847,1.6238581226661337,1.8637490756773838,1.7384561068736955,0.007598763741912941,0.4936409149917576,0.1367555727879428,0.30639781854847054,0.3516616649807446,0.32802074969075495,0.001433773432351779,True,True,44,6.776263578034403e-21
18.0,5.5,14.276043302242362,316227.7660168379,0.3659001707990714,5.465012315712123,2.7562903006026267,0.7402839824193413,1.683498430540913,1.9368408058514253,1.8058703331095236,0.008222876808956425,0.5043520748669101,0.13545879490353502,0.30805025373882317,0.35440740001315874,0.33044213421396623,0.0015046401241064608,True,True,44,5.082197683525802e-21
18.0,5.5,14.293764821229704,316227.7660168379,0.3810434394171456,5.633407266578414,2.903513246413486,0.7563155420095355,1.7452557945876925,2.0124997508375975,1.8756885782842274,0.008901224419927429,0.5154097882536025,0.13425543480524924,0.3098046549806288,0.3572437879251606,0.3329580996943387,0.0015800782721207024,True,True,86,1.1102230246251565e-16
18.0,5.5,14.311486340217046,316227.7660168379,0.39680859458684303,5.804944970709949,3.058222932015514,0.7729155430557171,1.8092002922486132,2.090790822101633,1.947980098490291,0.009639126021022485,0.5268306499797002,0.13314778123748328,0.31166536485312224,0.3601740985747756,0.33557253485075705,0.001660502566287655,True,True,45,3.3881317890172014e-21
18.0,5.5,14.329207859204388,316227.7660168379,0.4132208334484261,5.979535202728261,3.220772569607068,0.7901261341327923,1.8754021744872265,2.1717768595029914,2.022814759788919,0.010442229679261913,0.5386325960816382,0.13213838657096363,0.3136367812721536,0.3632016178301087,0.3382896314191739,0.0017463279879174345,True,True,44,1.0164395367051604e-20
18.0,5.5,14.34692937819173,316227.7660168379,0.4303060472659135,6.157076977512797,3.391529954279633,0.8079888039716968,1.943933661405143,2.2555206923927775,2.100263021911444,0.011316882617534685,0.5508344246249248,0.1312292841104109,0.3157234623677567,0.36632978613561434,0.34111365337515454,0.0018380284441573175,True,True,85,2.220446049250313e-16
18.0,5.5,14.364650897179072,316227.7660168379,0.44809126853765296,6.337456090902715,3.57087279170479,0.8265485436776291,2.0148682150941433,2.342083430751843,2.1803956832295786,0.012269969277263145,0.5634552319550905,0.13042276456386376,0.3179301262515166,0.3695620761955029,0.3440490398599354,0.0019361032409954569,True,True,44,6.776263578034403e-21
18.0,5.5,14.382372416166413,316227.7660168379,0.4666046469081494,6.520544489590541,3.7591971431141746,0.845849855071967,2.088279783053655,2.431524684036435,2.2632838120512964,0.013309013570095533,0.5765158337797393,0.12972073979746473,0.3202615650253448,0.3729020924430689,0.34710043243542377,0.002041089297272976,True,True,82,1.0164395367051604e-20
18.0,5.5,14.400093935153755,316227.7660168379,0.4858751677707862,6.706202904068419,3.95690559393874,0.865939489879773,2.164244489113997,2.5239030072460364,2.3489985149636095,0.014442362968696144,0.5900366646434488,0.12912515506419256,0.3227227866608428,0.3763535108242658,0.35027250868573545,0.0021535827614065283,True,True,86,3.3881317890172014e-21
18.0,5.5,14.417815454141095,316227.7660168379,0.5059333162462009,6.894275802829119,4.164420002611166,0.8868645448699181,2.242837740641561,2.619274046886161,2.4376107402037444,0.01567894906176684,0.6040402388460097,0.12863781058860255,0.3253188304014753,0.3799201136994435,0.35357023854535263,0.002274198118870275,True,True,44,1.0164395367051604e-20
18.0,5.5,14.435536973128437,316227.7660168379,0.5268102665221934,7.0845975543785995,4.38216912859211,0.9086723397938556,2.324137164574391,2.7176926814965525,2.529191105809537,0.01702876355366498,0.6185487735832972,0.12826026218415967,0.328054931382513,0.383605795620232,0.3569985572781595,0.0024036317409646566,True,True,83,3.3881317890172014e-21
18.0,5.5,14.45325849211578,316227.7660168379,0.5485388671000059,7.2769857225704415,4.610598569758851,0.9314113525615205,2.408219116415388,2.8192100696386904,2.623809559543955,0.0185024512002715,0.6335863152044573,0.12799411570544061,0.3309363530762481,0.3874145390851288,0.3605626916933334,0.002542598255055515,True,True,44,3.3881317890172014e-21
18.0,5.5,14.470980011103121,316227.7660168379,0.5711527476864195,7.471247577820337,4.850164388717103,0.9551281594265593,2.4951612816961832,2.923876308265332,2.7215352279245266,0.020111798957869933,0.6491773078321801,0.127840517862374,0.33396849130036754,0.3913504776558808,0.36426784142502044,0.002691892986865435,True,True,44,6.776263578034403e-21
18.0,5.5,14.488701530090463,316227.7660168379,0.5946871863745137,7.667174859239068,5.101336070215245,0.9798706761390664,2.5850398582774177,3.0317375448850927,2.822435997093851,0.021869499322279,0.665347558112367,0.12780074722807536,0.33715676318016974,0.39541781693315636,0.36811942454824426,0.0028523543187391775,True,True,44,6.776263578034403e-21
18.0,5.5,14.506423049077805,316227.7660168379,0.619178512874365,7.8645481057328075,5.364597822172681,1.0056832746415167,2.677930975010655,3.1428381892493626,2.9265782681581562,0.023789294194521495,0.6821241030062738,0.12787553221378745,0.3405066558189905,0.3996209504978948,0.3721228770951058,0.0030248774468275494,True,True,44,6.776263578034403e-21
18.0,5.5,14.524144568065147,316227.7660168379,0.6446645549371658,8.063134880579844,5.640445458971858,1.0326108579653486,2.773909038195932,3.2572188724222246,3.034026576856964,0.02588622864185065,0.6995350496438969,0.12806568081260852,0.3440236433197868,0.4039643290933003,0.3762837434562149,0.0032104422194645338,True,True,44,6.776263578034403e-21
18.0,5.5,14.541866087052489,316227.7660168379,0.6711845637972259,8.262690576480127,5.929393598625082,1.060693874106289,2.873046666820911,3.374917571590167,3.1448431345754204,0.028176232027363777,0.7176105100078648,0.12837148678005322,0.3477132103916709,0.40845261484157724,0.3806076368788714,0.0034100553284141908,True,True,82,1.0164395367051604e-20
18.0,5.5,14.55958760603983,316227.7660168379,0.6987790971690161,8.462960919603686,6.231968947382095,1.0899714504198104,2.9754144568112793,3.4959689769980162,3.259087549948103,0.030676892446909982,0.7363816289103143,0.1287931565292934,0.35158078656832736,0.413090525905646,0.38510015358793875,0.0036248415582127674,True,True,44,1.6940658945086007e-20
18.0,5.5,14.577309125027172,316227.7660168379,0.7274905461035598,8.663678935654145,6.548721565112837,1.1204783177301738,3.081079132611979,3.62040390586091,3.3768161511926964,0.03340667794449058,0.7558823005504625,0.12933054491654852,0.35563173052642033,0.41788297243583783,0.38976700040162926,0.003855945977754337,True,True,85,1.1102230246251565e-16
18.0,5.5,14.595030644014514,316227.7660168379,0.7573624305605348,8.864571715671882,6.880216149303246,1.152244894727924,3.1901051680235986,3.748250777794792,3.498081721916678,0.036385779414103044,0.7761476098320184,0.129983143200347,0.35987132490380075,0.4228349544702958,0.39461373139238504,0.004104629144099064,True,True,44,6.776263578034403e-21
18.0,5.5,14.612752163001856,316227.7660168379,0.7884405081861076,9.065353851929256,7.2270472491287014,1.1852982231265508,3.302550677697331,3.879532524549765,3.6229327688068613,0.03963561846672857,0.7972162330531276,0.13075035376300284,0.36430466274567913,0.4279515822456436,0.39964604007551696,0.0043722086433827904,True,True,122,1.1102230246251565e-16
18.0,5.5,14.630473681989198,316227.7660168379,0.8207715844833445,9.265737681109858,7.589827979470048,1.2196575828456648,3.4184712823905135,4.014270714701243,3.7514130445318576,0.043179012954797646,0.8191283026437817,0.13163092079891184,0.3689367646744178,0.4332381136674279,0.4048693340606757,0.004660072887971682,True,True,44,1.3552527156068805e-20
18.0,5.5,14.64819520097654,316227.7660168379,0.8544049530760136,9.465424965890913,7.969209091801978,1.2553399901036812,3.5379140207142576,4.152479971645078,3.883561014857853,0.04704067787445215,0.8419282938187544,0.13262373265092225,0.3737723381108921,0.43869979283642596,0.41028913428107466,0.004969737549446049,True,True,87,1.1102230246251565e-16
18.0,5.5,14.665916719963882,316227.7660168379,0.8893911987589955,9.664117236959438,8.365868609133774,1.2923522977265776,3.6609221441469386,4.294173571679583,4.019408970076748,0.05124624575322458,0.8656629885593022,0.13372688534697272,0.3788159905745051,0.4443420403942277,0.41591061775460725,0.005302734279468227,True,True,44,1.3552527156068805e-20
18.0,5.5,14.683638238951223,316227.7660168379,0.9257832402921001,9.861510881717608,8.780525478040685,1.3306988397631374,3.7875298714576786,4.439357880329258,4.158982783824874,0.055823799012656695,0.8903833888495751,0.13493863726603378,0.38407196593773807,0.4501701548146588,0.42173890326838964,0.005660775481792471,True,True,45,1.3552527156068805e-20
18.0,5.5,14.701359757938565,316227.7660168379,0.9636360661292661,10.057300853219886,9.213944542028578,1.3703743241164168,3.9177640825664475,4.588035416122877,4.302300732437777,0.06080229270341868,0.9161448659536416,0.13625667006647077,0.3895442862596836,0.45618953664431733,0.4277788638549455,0.006045587537927989,True,True,83,1.3552527156068805e-20
18.0,5.5,14.719081276925907,316227.7660168379,1.0030064154300957,10.251185987825437,9.66692791546329,1.41136811307642,4.051644481716186,4.740204006571319,4.449373256489845,0.06621303221474405,0.9430058070299353,0.1376785198076199,0.3952366571563543,0.46240542432855114,0.4340349752481353,0.006459060668041756,True,True,44,2.220446049250313e-16
18.0,5.5,14.736802795913249,316227.7660168379,1.0439541710069555,10.44286098181271,10.140347589387927,1.4536637585457073,4.189178572981717,4.89585303388961,4.600201943238111,0.07208889901145074,0.9710315599382544,0.13920167673182746,0.40115238345867016,0.46882296359361947,0.4405116520510829,0.006903175206200751,True,True,44,2.220446049250313e-16
18.0,5.5,14.75452431490059,316227.7660168379,1.0865404703154748,10.63203313107905,10.635109839812708,1.4972356487345952,4.330368793602528,5.054969627511587,4.754778869453051,0.07846444724435231,1.00028938103331,0.14082307967588512,0.407294516506368,0.47544712899126906,0.4472125708068111,0.007380004019644069,True,True,45,4.404571325722362e-20
18.0,5.5,14.772245833887931,316227.7660168379,1.1308302459282962,10.818406523591834,11.152204459011584,1.5420568328981437,4.475202431811976,5.217528787665089,4.913086101334496,0.08537682954198393,1.030854630457067,0.14254010787405344,0.41366558208483345,0.48228255947742016,0.4541413830789653,0.00789181191849295,True,True,45,1.3552527156068805e-20
18.0,5.5,14.789967352875273,316227.7660168379,1.1768900592938767,11.001700453767924,11.692667903994824,1.5880900851794968,4.623660620334314,5.383502298295468,5.07509455089595,0.09286439024615196,1.0628055138503842,0.144349511409902,0.4202678158493923,0.4893336553670389,0.4613009209097129,0.008440912442253165,True,True,45,1.0164395367051604e-20
18.0,5.5,14.807688871862615,316227.7660168379,1.2247898538608482,11.181639982635568,12.257607287316223,1.6352983875302287,4.775711198783997,5.552850281070226,5.240763829420644,0.10096855684679108,1.0962262518156163,0.14624852795026055,0.4271029299995704,0.4966042807399878,0.4686936654693983,0.009029852240242874,True,True,45,1.3552527156068805e-20
18.0,5.5,14.825410390849957,316227.7660168379,1.274602636691738,11.357960545715672,12.848206456559161,1.6836384114382,4.931310673112904,5.72552386867873,5.41004109447968,0.10973237573492264,1.1312071744610543,0.14823421904501013,0.43417219607907864,0.5040978832100672,0.476321525568285,0.009661274600598495,True,True,45,6.776263578034403e-21
18.0,5.5,14.843131909837298,316227.7660168379,1.3264037648488876,11.530416638253127,13.465690386339357,1.7330652514744258,5.09040695765604,5.9014659709356625,5.582860740289703,0.11920171019000496,1.1678407475464327,0.1503037839695086,0.4414764112485048,0.511817235758598,0.4841855169194921,0.01033802280782667,True,True,45,1.1102230246251565e-16
18.0,5.5,14.86085342882464,316227.7660168379,1.3802730560512164,11.698768933246944,14.111377064478193,1.7835342807240702,5.2529320792984,6.080604261916944,5.759143660074879,0.1294249090909113,1.2062275223143193,0.15245486861915972,0.44901579895043464,0.5197644552698502,0.4922862989205526,0.011063122096812794,True,True,45,1.0164395367051604e-20
18.0,5.5,14.878574947811982,316227.7660168379,1.4362924119152967,11.862804392742847,14.786612335200198,1.8349984194685998,5.4188111537971455,6.262858900838911,5.938796763384539,0.14045308628694417,1.2464685284911223,0.15468504400116154,0.45679006197827393,0.5279408387337363,0.5006233405498651,0.011839787763243178,True,True,46,1.3552527156068805e-20
18.0,5.5,14.896296466799324,316227.7660168379,1.4945483326412954,12.02232104741768,15.492805985323919,1.8874149023222808,5.587954271790387,6.448133586054989,6.12171233305813,0.15234009489503889,1.2886701265269969,0.15699255533753076,0.46479829059220185,0.5363468136163281,0.5091955462604316,0.012671437927351025,True,True,45,1.3552527156068805e-20
18.0,5.5,14.914017985786666,316227.7660168379,1.5551305218888818,12.177140126092734,16.231407898032348,1.9407417685334438,5.760261077515149,6.636319812743478,6.307767954419714,0.16514328133091,1.3329408818456705,0.15937582621513016,0.4730389087970065,0.5449818055820359,0.5180007694009908,0.013561745994615515,True,True,45,2.0328790734103208e-20
18.0,5.5,14.931739504774008,316227.7660168379,1.6181323763196784,12.327105543694946,17.003873665882505,1.9949414593778438,5.935620705169825,6.827295779831971,6.496825552836115,0.17892263693162294,1.379388990027722,0.16183372911885338,0.48150968482668416,0.5538441895895009,0.5270357692491003,0.014514570050317942,True,True,45,2.0328790734103208e-20
18.0,5.5,14.94946102376135,316227.7660168379,1.6836518814568957,12.472079241119292,17.811691431668034,2.0499817927324107,6.1139083330957495,7.020922382388491,6.688731704483905,0.19374188480052565,1.4281252618203815,0.16436568058145512,0.4902076241577073,0.5629311878681109,0.536296440647344,0.01553404857802511,True,True,46,2.0328790734103208e-20
18.0,5.5,14.967182542748692,316227.7660168379,1.7517903846373548,12.611952282610442,18.656320979560935,2.105835840202688,6.294989892618606,7.2170479167838115,6.883317140247264,0.20966860333381399,1.479257180927061,0.16697144050459561,0.499128901819446,0.5722387585254973,0.5457772901454829,0.01662459535490856,True,True,45,2.0328790734103208e-20
18.0,5.5,14.984904061736033,316227.7660168379,1.822654007070906,12.746636461796534,19.53918426195944,2.1624824594753127,6.478719328529545,7.4155042903952415,7.080396132069397,0.22677252458841696,1.5328894269889262,0.1696512225759774,0.5082689341574289,0.5817616523873221,0.5554717241125015,0.01779077368905014,True,True,45,1.4852855079002165e-20
18.0,5.5,15.002625580723375,316227.7660168379,1.8963532123000566,12.876069032976146,20.461673940090005,2.2199100073415177,6.664937539157024,7.616106341132636,7.279767938883701,0.24512979310248162,1.589124280685884,0.17240587959386022,0.5176220725508572,0.5914931274154769,0.5653719252545101,0.01903762650500662,True,True,45,4.0657581468206416e-20
18.0,5.5,15.020347099710717,316227.7660168379,1.9730026596216568,13.000214900158326,21.42505515074499,2.2781095062861056,6.8534774301622345,7.818657137427931,7.481214449204559,0.26481691777573046,1.6480539218227892,0.1752362959983347,0.5271818568229029,0.6014252223886476,0.575468521609858,0.0203701954013472,True,True,46,1.3552527156068805e-20
18.0,5.5,15.038068618698059,316227.7660168379,2.0527222131681206,13.119060660644195,22.43051484857166,2.337083918586062,7.044157449120595,8.022940272881788,7.684503162425775,0.2859174472614316,1.7097653123794794,0.17814415064007355,0.5369406873963415,0.6115483783796936,0.5857510199246565,0.021794048724780572,True,True,45,6.098637220230962e-20
18.0,5.5,15.0557901376854,316227.7660168379,2.135636347300191,13.232619755356676,23.47908767889942,2.3968397479142562,7.236786268885697,8.228727175555836,7.889385158620514,0.3085169836329358,1.774334040649425,0.18113115862367277,0.5468899131599535,0.6218517064411813,0.5962073500545365,0.023314883170284212,True,True,45,2.220446049250313e-16
18.0,5.5,15.073511656672743,316227.7660168379,2.2218743033867487,13.340931032844894,24.571587110620758,2.4573901362885198,7.431163633819874,8.435775506469616,8.095596492909886,0.33270438555141546,1.84181951395494,0.18419929840267618,0.5570198673184514,0.6323228480606817,0.6068239520149544,0.024938618206803497,True,True,45,6.776263578034403e-20
18.0,5.5,15.091233175660083,316227.7660168379,2.3115714661813596,13.444051275799469,25.708698011059198,2.518758626634568,7.6270730234405,8.643824675530519,8.302859865843423,0.35857570702749664,1.912273129851656,0.18735116186060413,0.5673195428203949,0.642947910433085,0.6175861498527112,0.02667170034325635,True,True,45,1.0842021724855044e-19
18.0,5.5,15.108954694647425,316227.7660168379,2.404867407071348,13.542066325367278,26.89074532592354,2.580966114434392,7.824294671629724,8.85260848423918,8.510882275504251,0.38622521200590465,1.9857195113238546,0.19058879586194855,0.5777770159767343,0.6537117949021037,0.6284773734685888,0.028520404694992493,True,True,45,1.0842021724855044e-19
18.0,5.5,15.126676213634767,316227.7660168379,2.501908499825851,13.635075544829853,28.117853699741893,2.6440483692669208,8.022591841859024,9.06184090337195,8.719360414114353,0.4157572658525918,2.062170730722766,0.1939151976513611,0.5883789800417373,0.6645977775171197,0.6394801690277807,0.030491746414286546,True,True,45,1.8295911660692887e-19
18.0,5.5,15.144397732622108,316227.7660168379,2.602846556431004,13.72319952388323,29.389784166820554,2.70803644335879,8.221721296133785,9.271230198393534,8.92797720597884,0.44727437698580247,2.141613121318532,0.19733273123704476,0.5991111097543307,0.6755880931599303,0.6505754864556911,0.03259257261452671,True,True,45,2.220446049250313e-16
18.0,5.5,15.16211925160945,316227.7660168379,2.707838952353566,13.806578124022863,30.705871994199203,2.772969743922025,8.421432179172982,9.48047426970002,9.136406368696807,0.480885221776684,2.2240030598727634,0.20084409902386854,0.6099579565279861,0.6866635733009322,0.6617429957390996,0.03483015251548564,True,True,45,2.710505431213761e-19
18.0,5.5,15.179840770596792,316227.7660168379,2.8170511153179802,13.88535693154126,32.06516994782703,2.838891846760482,8.621458138703346,9.689257346230178,9.344313140038466,0.5167027639063781,2.3092794881627743,0.20445220535251793,0.6209028821664128,0.6978039811292543,0.6729616808634142,0.037212062063212994,True,True,45,2.220446049250313e-16
18.0,5.5,15.197562289584134,316227.7660168379,2.930652956675415,13.959704958083105,33.466092628314925,2.905841704214204,8.821534639956331,9.897265418878872,9.551353878103964,0.5548386088515472,2.397335239448382,0.20815924927780302,0.6319284445083051,0.7089881518697891,0.6842088644984887,0.0397457260391652,True,True,45,2.220446049250313e-16
18.0,5.5,15.215283808571476,316227.7660168379,3.048823525846202,14.029790051567423,34.90672148209999,2.973871306967817,9.021380253526349,10.10416827544151,9.757182464103069,0.5954142875209989,2.48804303940387,0.21196833994216277,0.643016055148913,0.7201938331438297,0.6954617587462035,0.04243928706933705,True,True,45,2.220446049250313e-16
18.0,5.5,15.233005327558818,316227.7660168379,3.1717478852194625,14.095794016418166,36.38449954682455,3.0430218992908875,9.220714016191186,10.309639735125206,9.961446608661818,0.638546716957115,2.58123093345756,0.21588155273456097,0.6541464784070554,0.7313982967626362,0.7066963802861449,0.0453005141968848,True,True,45,1.1102230246251565e-16
18.0,5.5,15.25072684654616,316227.7660168379,3.2996186016679396,14.157904400853614,37.89625782046495,3.113345153200256,9.419249430081715,10.513348027511485,10.16379540491139,0.6843610448719265,2.67668552827494,0.2199015521684512,0.6652996914934534,0.74257797833962,0.7178884047485581,0.048337735973882176,True,True,45,5.082197683525802e-19
18.0,5.5,15.268448365533501,316227.7660168379,3.432637804800592,14.216304499824428,39.43834040593121,3.184889579402488,9.616691286174053,10.714957556827242,10.363878195219888,0.7329821739635128,2.7741626107135136,0.22403076548070713,0.6764550721527398,0.7537090639103553,0.7290135207323312,0.05155926239287891,True,True,45,2.220446049250313e-16
18.0,5.5,15.286169884520843,316227.7660168379,3.5710132238984666,14.271191118903234,41.006201460854875,3.2577015192641143,9.812752186846115,10.914142441926343,10.561347876489172,0.7845358320163167,2.8733552174589807,0.22827117176989178,0.6875916736794596,0.7647674501023088,0.7400466988701382,0.05497339538653797,True,True,45,2.220446049250313e-16
18.0,5.5,15.303891403508185,316227.7660168379,3.714964364729623,14.322746708897892,42.59484013008754,3.331835907015268,10.00713286966196,11.110568564220344,10.755865326344285,0.8391538791044872,2.9739295817907494,0.23262548551147608,0.6986881129054044,0.775728901029716,0.7509638720108266,0.058588893328901055,True,True,45,2.220446049250313e-16
18.0,5.5,15.321612922495527,316227.7660168379,3.8647172680883153,14.371162352670481,44.19836162801894,3.4073357994718823,10.199544817582238,11.303917842202292,10.947098195136412,0.8969633113735926,3.0754896885432443,0.23709535219597067,0.7097230249915684,0.786569489982957,0.7617406251834736,0.06241411024118845,True,True,45,2.220446049250313e-16
18.0,5.5,15.339334441482869,316227.7660168379,4.0205085616938945,14.416620692582956,45.81017229120151,3.4842556570856833,10.3896980952176,11.493872978539029,11.134728040242772,0.9580982514209804,3.1775943383715344,0.24168324404055788,0.7206749984455704,0.79726540800594,0.7723535409356612,0.06645789411064283,True,True,45,2.439454888092385e-19
18.0,5.5,15.35705596047021,316227.7660168379,4.18258532547952,14.459297041097146,47.4230424649882,3.562641080776472,10.577306096237692,11.68012698566699,11.318449076769634,1.022688963146032,3.2797612726399747,0.24639102929073964,0.7315228441724512,0.8077935568007891,0.7827800372728776,0.0707288162238648,True,True,45,2.614817177953627e-19
18.0,5.5,15.374777479457553,316227.7660168379,4.351202627057579,14.499369876976655,49.02875992461146,3.6425396095178773,10.76209646576467,11.86239039901377,11.497972938521654,1.0908674272007821,3.381440734363466,0.2512205454736219,0.7422458049610591,0.8181314429291091,0.7929981120613471,0.07523550585001319,True,True,45,4.0657581468206416e-20
18.0,5.5,15.392498998444895,316227.7660168379,4.526629713532477,14.536997740503157,50.61869490157784,3.724001653920845,10.943794399484386,12.040377157515042,11.673030987246502,1.162766767859991,3.482059762625086,0.2561740546705175,0.7528235606030711,0.8282574829029518,0.8029877417345236,0.07998671999654208,True,True,45,3.9302328752599536e-19
18.0,5.5,15.410220517432236,316227.7660168379,4.709143376535313,14.57234539384364,52.1832678409703,3.807067475006602,11.12214728028752,12.213829647855036,11.843374972106735,1.2385155653589899,3.5809793434498265,0.2612528987005049,0.7632365950498454,0.8381512596465766,0.8127294990626691,0.08499081869705229,True,True,45,1.1102230246251565e-16
18.0,5.5,15.427942036419577,316227.7660168379,4.8990350308101,14.605559276604064,53.71241449187645,3.8917875560446653,11.296906048474698,12.382497690009854,12.008781630730391,1.3182455456926225,3.6775321967927486,0.26645933115883697,0.7734661737035063,0.8477934638110556,0.8222062163663034,0.09025642364851143,True,True,45,2.710505431213761e-19
18.0,5.5,15.44566355540692,316227.7660168379,5.096606974840094,14.636782344185825,55.195550973211716,3.978199746022118,11.467839502407013,12.54615720686543,12.16905221094313,1.4020825095630327,3.7710167217958985,0.2717946917890994,0.7834945709199801,0.8571663437933915,0.8314021432297275,0.09579171682634076,True,True,45,1.1102230246251565e-16
18.0,5.5,15.46338507439426,316227.7660168379,5.302173555674068,14.66615171274443,56.621422076717344,4.066347119801409,11.634735015960477,12.704606554102028,12.324015217816445,1.4901516020327137,3.860687055863133,0.2772606747459103,0.7933052407913014,0.8662535887353545,0.8403032683145681,0.10160481298838729,True,True,45,2.220446049250313e-16
18.0,5.5,15.481106593381602,316227.7660168379,5.516065070572899,14.6937876135787,57.97877626103145,4.156269364288442,11.797389192409733,12.857660582959419,12.473528282625715,1.582575270921202,3.9458019801138673,0.28285895193201144,0.8028827898334143,0.8750405900162532,0.8488980928987148,0.10770369849763758,True,True,45,1.1102230246251565e-16
18.0,5.5,15.498828112368944,316227.7660168379,5.7386218656177554,14.719814352766592,59.25580591554985,4.247998990696311,11.955628787636615,13.005170393662082,12.61747684223694,1.679469576740604,4.025581063419642,0.2885905276310702,0.8122132861947101,0.8835145662837628,0.8571763569739236,0.11409583955961695,True,True,45,2.220446049250313e-16
18.0,5.5,15.516549631356286,316227.7660168379,5.970203002249111,14.744335441596848,60.44094468080231,4.341575276046068,12.109289215003658,13.147000384877432,12.755777936510531,1.7809492695175682,4.099265437917656,0.2944571692120879,0.8212841645504636,0.8916644929134615,0.8651307471290852,0.12078871079486829,True,True,45,8.131516293641283e-20
18.0,5.5,15.534271150343628,316227.7660168379,6.21117933009686,14.767456687800742,61.5226868547143,4.437023275743396,12.258235457740453,13.28305259578594,12.888377138411533,1.8871211066930351,4.166099021339106,0.3004595421910924,0.8300844022699498,0.8994813986323688,0.8727553708729345,0.12778917498041273,True,True,45,2.220446049250313e-16
18.0,5.5,15.55199266933097,316227.7660168379,6.461939295901494,14.78927147797947,62.489747981594356,4.534374371480355,12.402351139927008,13.413250932059158,13.01525053060887,1.9980861082104588,4.225343220904333,0.30659890030633524,0.8386046032350901,0.9069581927704051,0.8800467656563047,0.13510375485266568,True,True,45,6.776263578034403e-20
18.0,5.5,15.569714188318311,316227.7660168379,6.722888308253467,14.809864975597648,63.33172375317138,4.633651371231862,12.5415398668204,13.537546531044173,13.136403652502882,2.113940510741068,4.276320132393081,0.3128760038573459,0.8468368811927193,0.9140898011798294,0.8870036069976233,0.14273867548584862,True,True,47,1.1102230246251565e-16
18.0,5.5,15.587435707305653,316227.7660168379,6.994446652528456,14.82932208758955,64.03858999340892,4.734872833093245,12.675735544567432,13.655925029134938,13.25186924436304,2.2347687009109305,4.3183760940091735,0.3192912531757466,0.8547751184914634,0.920873182771004,0.8936260987583068,0.15069931637543815,True,True,45,6.776263578034403e-20
18.0,5.5,15.605157226292995,316227.7660168379,7.277056475013174,14.847711503684247,64.60171656511787,4.8380592312276365,12.80488489604721,13.768389089142344,13.361708443294596,2.360651214285784,4.350954458475832,0.3258454496524358,0.8624147157539975,0.9273071534105385,0.8999170303099625,0.15899091342797322,True,True,45,2.220446049250313e-16
18.0,5.5,15.622878745280337,316227.7660168379,7.571174514980882,14.865106600408016,65.0134830635031,4.943217391801396,12.928967501586248,13.874979965374681,13.466006209940991,2.4916559189998697,4.373563191381259,0.3325383076409096,0.8697527605507636,0.9333925641000006,0.9058802316003154,0.16761776326121194,True,True,46,5.421010862427522e-20
18.0,6.0,14.222878745280337,1000000.0,0.310414185660284,5.0318175025557,2.284199380979066,0.7364751143036691,1.5256493454814628,1.7267045728785673,1.6543310686940036,0.01910270461223485,0.4539511577713029,0.146363637776928,0.30320045285954295,0.3431572333459153,0.3287740598409532,0.0037963826395795226,True,True,61,7.352245982167327e-19
18.0,6.0,14.240600264267679,1000000.0,0.32331401491790357,5.192508024621502,2.4018509957641108,0.754213532218552,1.5820056752643608,1.7945113211861816,1.719751368850589,0.020609846119178533,0.4625608635316821,0.14525033541446072,0.30467081952746294,0.34559625380973563,0.33119859626523096,0.003969150557197424,True,True,44,6.776263578034403e-21
18.0,6.0,14.25832178325502,1000000.0,0.33674659753690406,5.356619979239569,2.5250179422142116,0.7726172560615574,1.6403754900001581,1.8647216063621772,1.7875935999086943,0.022238510474134575,0.47138269132406624,0.14423596578737305,0.30623331435825085,0.34811534392755167,0.3337167106938325,0.004151593833485193,True,True,44,2.0328790734103208e-20
18.0,6.0,14.276043302242362,1000000.0,0.3507330987242258,5.5241016992857865,2.653905954046533,0.7917344642745634,1.700825830882978,1.9373990244212835,1.8579344518268919,0.02399962313972024,0.4804230802611142,0.1433236582840115,0.30789183897589695,0.35071747949024373,0.33633241257435664,0.004344529562665937,True,True,44,1.1102230246251565e-16
18.0,6.0,14.293764821229704,1000000.0,0.3652960133352554,5.694887072980181,2.788725375790392,0.8116167171713798,1.763423616645004,2.012605506095751,1.9308518221014443,0.02590457134667806,0.4896893195690761,0.14251673593707526,0.3096503221304773,0.3534056918608112,0.33905006321591796,0.00454874188279944,True,True,44,1.3552527156068805e-20
18.0,6.0,14.311486340217046,1000000.0,0.3804583247125944,5.868900436926551,2.9296879487752663,0.8323162779236771,1.8282378681467726,2.0904034690923226,2.006424992019023,0.027966157333153566,0.4991885584464774,0.1418180946956987,0.3115128443215151,0.3561831541628662,0.3418740892918871,0.004765144277656036,True,True,82,1.3552527156068805e-20
18.0,6.0,14.329207859204388,1000000.0,0.3962441545481372,6.046052630788328,3.0770043178396738,0.8538895173294266,1.8953383780936137,2.170853869981632,2.0847342076277506,0.030197997160030035,0.5089278088931343,0.14123091039286742,0.3134836055581087,0.3590530884443493,0.3448091399356423,0.004994663295892051,True,True,45,1.3552527156068805e-20
18.0,6.0,14.34692937819173,1000000.0,0.41267855868668957,6.226241404143491,3.2308874447169766,0.8763936750695489,1.964795639849451,2.254016767802356,2.165860774798026,0.03261490226434478,0.5189145802420797,0.14075806223740683,0.3155668905709153,0.3620188523853788,0.3478600706610365,0.00523829709568279,True,True,44,2.0328790734103208e-20
18.0,6.0,14.364650897179072,1000000.0,0.4297873395166958,6.409353345983973,3.391543546506568,0.8998894837124224,2.036682097440214,2.3399515474065473,2.249886740275822,0.035233086147378107,0.5291553396149816,0.14040253909176076,0.3177671736129785,0.365083873691054,0.35103178414801783,0.005497135864642999,True,True,44,1.3552527156068805e-20
18.0,6.0,14.382372416166413,1000000.0,0.44759771339667254,6.595258562194182,3.559179899507511,0.924439545392439,2.111069550956839,2.4287151644610563,2.336894712205859,0.03806968086734796,0.5396573714197802,0.14016729392408936,0.32008897468524805,0.36825169802790036,0.3543295065945672,0.005772280268975918,True,True,84,3.40168431617327e-18
18.0,6.0,14.400093935153755,1000000.0,0.4661373952194425,6.783817460905591,3.733993787094773,0.9501084251113792,2.188032194355799,2.5203644058682895,2.426967739409371,0.04114368706277206,0.5504266305237983,0.14005512833839526,0.32253700913463446,0.371525976397932,0.35775840865349406,0.006064975553938279,True,True,44,2.710505431213761e-20
18.0,6.0,14.417815454141095,1000000.0,0.4854357303658915,6.974872804267668,3.91617893770928,0.9769637171041708,2.2676430305583346,2.6149527417433664,2.5201888334845783,0.0444750232584096,0.5614695848378932,0.14006903703052517,0.3251160407069857,0.37491045573524623,0.3613239845667963,0.006376463701416458,True,True,44,2.710505431213761e-20
18.0,6.0,14.435536973128437,1000000.0,0.5055226661585234,7.16825693738074,4.1059186013721485,1.0050732608683652,2.3499767246352024,2.712533169433567,2.6166409476977885,0.04808554904033349,0.5727917731241982,0.14021166786407296,0.3278309839007915,0.37840903208817156,0.3650316904870742,0.006708122973324086,True,True,85,1.1102230246251565e-16
18.0,6.0,14.45325849211578,1000000.0,0.5264296600986832,7.3637861226314145,4.3033857975183025,1.034508410915112,2.4351069956187006,2.813155378710701,2.7164063624601247,0.05199842890928125,0.584398531659215,0.14048593939138407,0.33068681722501286,0.3820256769903895,0.3688871889029593,0.007061371425423726,True,True,44,1.3552527156068805e-20
18.0,6.0,14.470980011103121,1000000.0,0.5481891866158757,7.56126378783863,4.50874362020008,1.065339720995576,2.5231075981469973,2.9168675014330363,2.8195665240987435,0.056238483256064904,0.5962949774946145,0.14089439951943547,0.3336886093307719,0.38576454720763237,0.37289619873250185,0.007437709466837758,True,True,85,1.1102230246251565e-16
18.0,6.0,14.488701530090463,1000000.0,0.5708348923210502,7.760480709013978,4.722138334680829,1.0976403735545186,2.6140519794844796,3.0237151249491987,2.9262015122293454,0.060832403132670826,0.6084852874121517,0.1414397399737859,0.33684150215697306,0.38962987453046355,0.37706446571415286,0.007838741620994249,True,True,85,1.1102230246251565e-16
18.0,6.0,14.506423049077805,1000000.0,0.5944019870618344,7.961212117665129,4.943706773923846,1.131482790332519,2.7080115313365187,3.1337407089549405,3.0363895600077133,0.06580822039211515,0.6209741306797061,0.14212443703413863,0.34015065687393425,0.3936260788732767,0.381397897095377,0.008266105640633958,True,True,44,2.710505431213761e-20
18.0,6.0,14.524144568065147,1000000.0,0.6189265338366315,8.163224275200921,5.173563779221848,1.166939708326616,2.805057874920268,3.246985263805843,3.150206647812849,0.07119614387638823,0.6337647484387547,0.14295083278204973,0.34362131681739533,0.39775769406089545,0.38590225401289896,0.008721571461986554,True,True,44,1.3552527156068805e-20
18.0,6.0,14.541866087052489,1000000.0,0.644446591352513,8.3662667170743,5.411814458961406,1.204084097358664,2.9052585829975457,3.3634851300938298,3.2677257726230033,0.07702777358102014,0.6468613351659829,0.14392131378041156,0.3472586616284115,0.40202939301820956,0.3905835043429901,0.009206946919803305,True,True,46,2.710505431213761e-20
18.0,6.0,14.55958760603983,1000000.0,0.6710010088534817,8.570082306067265,5.658539969040023,1.2429860015271352,3.008681260009262,3.4832759965304825,3.3890164803116565,0.08333665276282458,0.6602667007099815,0.14503781377305472,0.35106795390742507,0.406446037754441,0.39544736669709374,0.009724136803660062,True,True,45,2.710505431213761e-20
18.0,6.0,14.577309125027172,1000000.0,0.6986307514954132,8.77439895134344,5.913809098625943,1.2837167221849404,3.1153883309404296,3.6063880957167544,3.514144125928688,0.09015815071657904,0.673984523774188,0.146302525028041,0.35505432887382393,0.41101255091262795,0.40049969751952536,0.010275136931490335,True,True,44,1.1102230246251565e-16
18.0,6.0,14.595030644014514,1000000.0,0.7273779352131331,8.978937737552913,6.177670430356325,1.3263421429447588,3.225440494850448,3.732850536225561,3.6431691268739113,0.0975290795477821,0.6880179605789275,0.14771704423314502,0.3592229492093012,0.4157340929777845,0.4057461175654401,0.010861984167668627,True,True,45,1.3552527156068805e-20
18.0,6.0,14.612752163001856,1000000.0,0.7572864895314337,9.183410246994436,6.450153483676182,1.3709284838350486,3.3388938295670263,3.8626879161407057,3.7761463303074843,0.10548838666811795,0.7023701773300611,0.1492831581039003,0.36357886011460566,0.4206158510020712,0.41119216377634316,0.011486842450781548,True,True,44,1.1102230246251565e-16
18.0,6.0,14.630473681989198,1000000.0,0.7884022657577656,9.387518813511752,6.73127814617619,1.4175366598973702,3.4557990256331257,3.9959212484869315,3.9131240703831014,0.11407633395211311,0.7170455026399147,0.15100227100019922,0.3681269880023127,0.42566319470225467,0.4168432732993108,0.012151915348272799,True,True,44,6.776263578034403e-20
18.0,6.0,14.64819520097654,1000000.0,0.8207723988940369,9.590963917124652,7.021036261291099,1.4662241392748099,3.5762040190794613,4.132569591924181,4.054143397371426,0.12333494090435226,0.7320469894329441,0.15287557663071474,0.37287222118458335,0.430881570156414,0.4227044781320425,0.012859493787077845,True,True,44,1.1102230246251565e-16
18.0,6.0,14.665916719963882,1000000.0,0.8544467496434742,9.793434919194347,7.319421494959932,1.517045715569581,3.700147322416783,4.272644995663015,4.199237326028814,0.13330804370587362,0.7473804191637046,0.15490435460966745,0.3778191567051506,0.4362764475300666,0.42878084764709523,0.013611980352736154,True,True,44,2.220446049250313e-16
18.0,6.0,14.683638238951223,1000000.0,0.889476236072423,9.994625146362713,7.62639809794931,1.5700478817189247,3.8276654206038367,4.41615947987482,4.348429644856468,0.14404044303539565,0.763049937968383,0.15708922132915643,0.38297238411155593,0.4418534377431822,0.43507681190414305,0.014411790429960793,True,True,44,2.220446049250313e-16
18.0,6.0,14.701359757938565,1000000.0,0.9259147670523897,10.19421969776424,7.941931219392235,1.625276646011132,3.9587840728400265,4.563116503409609,4.501734461868696,0.15557910496546,0.7790621994475979,0.15943119671705547,0.3883361542333891,0.4476180265577733,0.44159676712245083,0.015261502064702517,True,True,44,1.1102230246251565e-16
18.0,6.0,14.719081276925907,1000000.0,0.9638178866880357,10.391907891793648,8.265973691364632,1.682768044595309,4.093523801215524,4.713517651146765,4.659154923630225,0.16797193592574455,0.79542407202167,0.16193061583274507,0.3939145577346895,0.4535757726325661,0.4483445169206607,0.016163724474346983,True,True,45,1.3552527156068805e-20
18.0,6.0,14.736802795913249,1000000.0,1.0032436007910306,10.587380169764206,8.598461879801881,1.7425554793959626,4.231897255341956,4.867358356551477,4.820682447146304,0.1812682453644871,0.8121425453633616,0.16458797657728497,0.39971146662207796,0.4597320846616844,0.4553234482798086,0.01712116146373576,True,True,45,2.0328790734103208e-20
18.0,6.0,14.75452431490059,1000000.0,1.04425275908174,10.780327259060371,8.939346192132597,1.8046658463638467,4.373905865286713,5.024626631035708,4.986296160921112,0.19551928926649467,0.8292277198374924,0.16740362356320007,0.4057303419625453,0.4660922168956178,0.4625366225993148,0.018136674756526493,True,True,45,5.827586677109586e-19
18.0,6.0,14.772245833887931,1000000.0,1.0869079539227056,10.970451983026923,9.288544579344759,1.869118392076642,4.519546702257739,5.185307966794808,5.155961323166026,0.21077660464556466,0.8466875014553321,0.17037751908202806,0.41197452112731675,0.47266128823291187,0.4699862258312728,0.019213119475083654,True,True,45,2.710505431213761e-20
18.0,6.0,14.789967352875273,1000000.0,1.1312755435047743,11.157456269601612,9.645995833581775,1.9359306228058397,4.668802166826832,5.349375853339444,5.329629532105975,0.2270941932207936,0.864533599819002,0.17351003454795202,0.4184468264103298,0.4794440349198383,0.47767424790420215,0.02035358129428745,True,True,45,2.710505431213761e-20
18.0,6.0,14.807688871862615,1000000.0,1.1774237041665032,11.341059090902203,10.01161768333488,2.0051102533382132,4.821649061514267,5.516800682149594,5.507237089486419,0.24452677191410757,0.8827762559994242,0.17680097046198381,0.425149805046179,0.4864449288140268,0.48560165724771903,0.021561193708113817,True,True,45,1.3078188705606397e-18
18.0,6.0,14.825410390849957,1000000.0,1.2254243242589278,11.520985086667652,10.385322251628674,2.076663801779159,4.978051821209096,5.687541339154498,5.688704717653389,0.2631302352829261,0.9014265857914187,0.18025054161230725,0.4320856058541219,0.49366797165081405,0.49376895073290983,0.022839213253337726,True,True,45,4.0657581468206416e-20
18.0,6.0,14.843131909837298,1000000.0,1.2753521109337669,11.696973939754315,10.76702851746578,2.1505915393156823,5.13796384380685,5.861548043068977,5.873937263761242,0.28296303190942546,0.9204969227871882,0.18385879547927364,0.43925581695489085,0.501116619841943,0.5021758015376598,0.024191131258976616,True,True,46,1.1102230246251565e-16
18.0,6.0,14.86085342882464,1000000.0,1.3272848719176713,11.868781657874448,11.156618563154677,2.2268900033080143,5.30133021672373,6.038762438673327,6.062822207955183,0.3040835076218259,0.9399969503822424,0.18762582946587145,0.4466617020632876,0.5087937930568347,0.5108209404065285,0.02562044836506694,True,True,45,1.1102230246251565e-16
18.0,6.0,14.878574947811982,1000000.0,1.381304310284805,12.036176861886753,11.553984211722263,2.3055541003877433,5.468081499641043,6.21911237406704,6.255230428188901,0.32655295354109315,0.9599380554392333,0.19155202909060046,0.45430385099740744,0.516701644170768,0.5197024354133951,0.02713095339892702,True,True,45,6.776263578034403e-20
18.0,6.0,14.896296466799324,1000000.0,1.437495002111307,12.198951769807962,11.958978179783983,2.3865752833869402,5.638140007878877,6.402516826983849,6.451014927329367,0.35043390509823086,0.980328343405873,0.1956377341611959,0.4621823345373906,0.5248415558810459,0.528817151592929,0.028726558782332774,True,True,45,9.486769009248164e-20
18.0,6.0,14.914017985786666,1000000.0,1.4959459057032762,12.35691324031972,12.371430940001934,2.4699444131209654,5.81141458849745,6.588880020746551,6.650010758453062,0.3757898643291298,1.0011748645798406,0.1998836088823311,0.470296624689022,0.5332140715569248,0.5381611595972492,0.030411305559947973,True,True,45,1.0171012811952028e-19
18.0,6.0,14.931739504774008,1000000.0,1.5567491806708829,12.509894165398958,12.791142063943862,2.5556519376782645,5.987803405973397,6.7780942040935015,6.852035470266757,0.4026878486688837,1.0224820366044987,0.20429045233227688,0.47864540873055716,0.5418186688454162,0.5477292916848778,0.03218954879591832,True,True,45,1.2445428624227833e-19
18.0,6.0,14.94946102376135,1000000.0,1.620001547387182,12.65774610435681,13.217860872475265,2.6436889066264744,6.167192278864843,6.970036653722946,7.0568880040370034,0.4311950091361868,1.0442507507656251,0.2088593723424831,0.48722673278634404,0.5506538522939602,0.5575153701027401,0.03406570218593411,True,True,45,1.7618285302889447e-19
18.0,6.0,14.967182542748692,1000000.0,1.6858033721625447,12.800347598694652,13.651287500025964,2.7340458710453035,6.349456196863577,7.164571522371775,7.264349567503374,0.46138130040382785,1.0664778745085086,0.2135915333521189,0.4960377949041852,0.55971695042894,0.5675118985240819,0.036044435266029684,True,True,45,1.8983795058091985e-19
18.0,6.0,14.984904061736033,1000000.0,1.7542597019479713,12.937599455748582,14.091065234169584,2.826718889741097,6.534456732461548,7.36154591753991,7.474183827895304,0.4933192652138015,1.0891560897650514,0.21848866935551145,0.5050748985398588,0.5690040059378205,0.5777102509209534,0.038130664571981644,True,True,45,3.3306690738754696e-16
18.0,6.0,15.002625580723375,1000000.0,1.8254799336892977,13.069428186221803,14.536765433401612,2.9217008188190947,6.722044785585519,7.560793722734596,7.6861361567773585,0.5270815687743354,1.112272490140519,0.22355230674125762,0.5143335033335359,0.5785099099213399,0.5881004162737833,0.040329351924516574,True,True,45,1.1102230246251565e-16
18.0,6.0,15.020347099710717,1000000.0,1.899577786669691,13.195788165115745,14.987875916057666,3.0189918189323213,6.912059676491192,7.762132669732093,7.899935676096003,0.5627449233787122,1.135807556814186,0.22878450162706446,0.5238080204078939,0.5882280446310885,0.5986709984463221,0.042645798518225614,True,True,45,2.220446049250313e-16
18.0,6.0,15.038068618698059,1000000.0,1.9766726137395467,13.316653828113935,15.44382507787844,3.1185927960099793,7.104325840152855,7.965362957179941,8.115294506763739,0.6003868089795007,1.1597376696294117,0.23418741947215369,0.5334918164767715,0.5981504858497994,0.6094094365981672,0.04508541084938113,True,True,45,2.303929616531697e-19
18.0,6.0,15.0557901376854,1000000.0,2.0568874978970673,13.43203325798557,15.903910874845305,3.2205039997012745,7.298661481597097,8.170274554607484,8.33190862845597,0.6400858219082779,1.184028550955989,0.23976295605035305,0.5433772639937383,0.6082678919626795,0.6203013697499975,0.047653680542202065,True,True,45,2.168404344971009e-19
18.0,6.0,15.073511656672743,1000000.0,2.1403521788987074,13.541950031227431,16.367381768854855,3.324736220504787,7.494865971787941,8.376634727945618,8.549460179841626,0.6819247330702624,1.2086429008460409,0.24551384496605144,0.5534554443418377,0.6185693130331515,0.6313315408878901,0.050356465021489466,True,True,46,2.220446049250313e-16
18.0,6.0,15.091233175660083,1000000.0,2.227200588926905,13.646459287526861,16.833363233932893,3.431290617162525,7.692732848305323,8.584203501256997,8.767615876000752,0.7259846567005933,1.233533393480236,0.2514418242026189,0.5637163960424985,0.6290425465236343,0.6424828368494478,0.053199488702843085,True,True,45,1.1102230246251565e-16
18.0,6.0,15.108954694647425,1000000.0,2.3175728229924757,13.745635690014016,17.3008721382731,3.5401797475729038,7.892042068466911,8.792722160863871,8.986030918646394,0.7723502635939471,1.2586447457531489,0.25754936529743677,0.5741489332647127,0.6396737378433246,0.653737020338361,0.056188762819827036,True,True,45,1.1102230246251565e-16
18.0,6.0,15.126676213634767,1000000.0,2.4116152244764795,13.8395729048116,17.768881209790653,3.6514114966395432,8.092559324260503,9.001917946803792,9.204348968906935,0.8211075194768215,1.2839183211797636,0.26383845236799597,0.5847405393158458,0.650447669788574,0.6650746401073447,0.059330408902383634,True,True,45,9.486769009248164e-20
18.0,6.0,15.144397732622108,1000000.0,2.5094789694330197,13.92839196976965,18.2361857421006,3.764991233623354,8.29404702803742,9.21151140075599,9.422203130761048,0.8723406542710808,1.3092814864544762,0.270310545667794,0.5954777153054652,0.6613478010059427,0.6764745816466905,0.06263039237870527,True,True,45,1.2197274440461925e-19
18.0,6.0,15.16211925160945,1000000.0,2.6113234260754647,14.01222101941988,18.701578463610055,3.8809327370163436,8.496247081039815,9.42120146225615,9.639220461288689,0.9261392924998801,1.3346619666997175,0.276967707805755,0.6063454943555814,0.6723560418579665,0.6879152454082375,0.06609511020532156,True,True,45,2.220446049250313e-16
18.0,6.0,15.179840770596792,1000000.0,2.717312761528462,14.091214670371734,19.163715047995037,3.9992339082513855,8.698900370807783,9.630687148176541,9.855020100776661,0.9825891477938783,1.359976091222907,0.2838104451463788,0.6173279290889052,0.6834532986305345,0.6993733564713822,0.06973062087116419,True,True,45,1.1102230246251565e-16
18.0,6.0,15.197562289584134,1000000.0,2.827619385113298,14.165533630656501,19.621175232275853,4.119902985122411,8.90173372578798,9.83965035269609,10.069218934061087,1.0417785690267336,1.3851349157657191,0.2908399423941415,0.6284079342075184,0.6946191092583691,0.7108252464467468,0.07354319266675254,True,True,45,4.0657581468206416e-20
18.0,6.0,15.215283808571476,1000000.0,2.9424224875845884,14.235352544070007,20.072533745298045,4.242936549909335,9.104464729044714,10.047767573400606,10.281432183690125,1.103797187230933,1.4100482361190008,0.29805630291023644,0.639567211339444,0.7058320152096398,0.7222464039341998,0.07753915358357173,True,True,45,4.0657581468206416e-20
18.0,6.0,15.233005327558818,1000000.0,3.0619082989532593,14.30085773789845,20.516211378588785,4.368327226975329,9.306809335821267,10.25471216657719,10.491275487212713,1.1687301976869637,1.4346140458567835,0.30545910651211516,0.6507867924003926,0.7170697278808221,0.7336116252251058,0.08172448248259491,True,True,45,1.1102230246251565e-16
18.0,6.0,15.25072684654616,1000000.0,3.1862721640022036,14.362235747637568,20.950695738925806,4.496069897412421,9.508468130574586,10.46014475842566,10.69836975439798,1.2366688616369215,1.4587349843753934,0.3130480502070839,0.6620465154346618,0.7283089445280997,0.7448958464672011,0.08610559549131061,True,True,45,1.1102230246251565e-16
18.0,6.0,15.268448365533501,1000000.0,3.3157160355679824,14.41968599495211,21.37437051768469,4.626141513620799,9.709145422634995,10.663732775640305,10.902341247790707,1.307698126457644,1.482304852211567,0.3208212380796828,0.6733257177745666,0.7395260048917398,0.7560734159958326,0.09068839133635982,True,True,45,2.220446049250313e-16
18.0,6.0,15.286169884520843,1000000.0,3.4504518777634687,14.473402846774173,21.785624242329522,4.758525672170422,9.908535772533838,10.865134044252432,11.10282588840895,1.3819053961584302,1.5052178449648483,0.3287772559464826,0.6846030527466628,0.7506965818113776,0.767119246658953,0.0954789561783274,True,True,44,6.627185779317646e-18
18.0,6.0,15.303891403508185,1000000.0,3.590699537907268,14.523586384120696,22.18288746817957,4.893190081679943,10.10633344396987,11.064012293310604,11.299473021309675,1.4593779751017015,1.5273698163446143,0.33691334579934695,0.6958566002003189,0.7617961570020609,0.7780084562077524,0.10048330601712167,True,True,44,5.551115123125783e-16
18.0,6.0,15.321612922495527,1000000.0,3.736688556500587,14.57043329110997,22.564519551957627,5.030098604520045,10.302234586320592,11.260033778021754,11.491944604213947,1.540197300277706,1.548651237827305,0.3452264255991013,0.7070643940703134,0.7728002011369127,0.7887167371491733,0.10570703489081858,True,True,44,4.440892098500626e-16
18.0,6.0,15.339334441482869,1000000.0,3.8886583535997534,14.614136393186707,22.929014732193323,5.169211697400539,10.495931362664566,11.452866306119832,11.67992375286748,1.6244507855961572,1.5689613204159718,0.35371311436579245,0.7182040101636044,0.7836840986005373,0.7992209350333426,0.11115612595168446,True,True,44,5.551115123125783e-16
18.0,6.0,15.35705596047021,1000000.0,4.046857781971489,14.654887196411883,23.27483077807111,5.3104733816959895,10.687125401875514,11.642191302581134,11.86311101705922,1.7122166418976574,1.588195832975756,0.3623687654857017,0.7292533377187755,0.7944238086958199,0.8094986237740401,0.11683588000028265,True,True,44,2.6834003769016235e-18
18.0,6.0,15.374777479457553,1000000.0,4.211547053165518,14.692867642185732,23.600528544195413,5.453831088512491,10.875518487749302,11.82769343935634,12.04123212715151,1.8035766115469365,1.606257479406829,0.3711890164213833,0.7401903258506074,0.8049955752270587,0.8195290681431769,0.12275184500870069,True,True,44,1.1102230246251565e-16
18.0,6.0,15.392498998444895,1000000.0,4.382996422955317,14.72825719299818,23.904762361292608,5.599215001673307,11.060822662851034,12.009074824133704,12.214037747790282,1.898608594537732,1.6230543809797768,0.3801681983347749,0.7509933129161646,0.8153765015621008,0.8292928068635874,0.12890925040610585,True,True,44,2.220446049250313e-16
18.0,6.0,15.410220517432236,1000000.0,4.5613916881273235,14.76155919411073,24.1942250682506,5.746585646397886,11.242936576296083,12.186465583032843,12.381354237790664,1.9973574971361796,1.6390020017602969,0.3892939472607029,0.7616361136689114,0.8255540910539284,0.8387565347927696,0.13530803019324986,False,True,44,5.551115123125783e-16
18.0,6.0,15.427942036419577,1000000.0,4.747109955508668,14.792623898633298,24.4608126912036,5.8958347155994755,11.421434925186661,12.359226101322331,12.542946393825149,2.099923628101039,1.6535817349796578,0.39856584984521887,0.7721033809452761,0.8354992451653023,0.847918968249034,0.141957481139979,False,True,44,2.220446049250313e-16
18.0,6.0,15.44566355540692,1000000.0,4.940459182196434,14.821596170277248,24.703260617711777,6.046868580469045,11.59606118564456,12.527098390733682,12.6986488936071,2.206372007342739,1.6667071706656602,0.4079768812346433,0.7823760040702585,0.8451922618061287,0.8567666226848469,0.14886197019504055,False,True,44,7.851995421047364e-19
18.0,6.0,15.46338507439426,1000000.0,5.141757888838961,14.84862032140196,24.920676947946355,6.19959615416122,11.766575266414337,12.689851477132546,12.848333342182459,2.316771843452164,1.6783159922290627,0.41752001330557786,0.7924355941309014,0.8546148532629737,0.8652880243468546,0.15602606796490717,False,True,44,1.1102230246251565e-16
18.0,6.0,15.481106593381602,1000000.0,5.351337892835702,14.873832766385767,25.112295236658486,6.353909051904649,11.932756463142585,12.847280692431296,12.991900574001953,2.4311824860152527,1.6883540127875587,0.42718707085803836,0.8022650684973486,0.8637505136850541,0.8734736216318835,0.16345366552121132,False,True,44,5.245780921464289e-19
18.0,6.0,15.498828112368944,1000000.0,5.569545177935597,14.897360244306663,25.277474668691575,6.50969894147494,12.094402575459043,12.99920337810972,13.129286250534788,2.5496604851392757,1.6967754188767699,0.4369699621087405,0.8118487018585169,0.8725843481617916,0.8813162892769824,0.17114847485236062,False,True,44,3.944791254040887e-19
18.0,6.0,15.516549631356286,1000000.0,5.796739979409053,14.919322425356103,25.41579233325578,6.666848061209358,12.25133106162865,13.145463777620138,13.260458231941906,2.672260774119355,1.703548700714479,0.44685997601866495,0.8211720822392661,0.8811032701645212,0.8888110233079434,0.17911408426817826,False,True,44,3.3203691532368573e-19
18.0,6.0,15.534271150343628,1000000.0,6.0332980712316715,14.939829414862064,25.526925736055745,6.825229271952672,12.403383183048525,13.285934010045489,13.385415809093882,2.7990258360905105,1.7086490767198246,0.45684787171418234,0.830222543954197,0.8892962323136508,0.8959550633006653,0.1873532661160143,False,True,44,2.220446049250313e-16
18.0,6.0,15.55199266933097,1000000.0,6.279610558913947,14.958984930182432,25.61078899157044,6.984716482174611,12.550421420194773,13.420512868635189,13.504191192905926,2.930001897100171,1.7120673034368854,0.4669244948620608,0.838988840404007,0.8971539801177887,0.9027478305468977,0.19586903194135635,False,True,44,2.220446049250313e-16
18.0,6.0,15.569714188318311,1000000.0,6.5360855514083,14.976883800979468,25.667439459834302,7.145168025500185,12.692333539849594,13.549129925558518,13.61684456932026,3.065219443463729,1.7138037392101344,0.4770797530680515,0.8474615753525131,0.9046694963789745,0.9091907736127148,0.20466336550352804,False,True,44,1.1102230246251565e-16
18.0,6.0,15.587435707305653,1000000.0,6.803147732001017,14.993615103991836,25.697118103518182,7.30644622041463,12.829032017167549,13.671742768109981,13.72346608785429,3.204709216610936,1.7138707326611773,0.4873038403172957,0.8556330096636936,0.911837650445627,0.9152873401559183,0.2137382608786408,False,True,44,1.3552527156068805e-19
18.0,6.0,15.605157226292995,1000000.0,7.081240173739668,15.009260230361352,25.70027581210454,7.468402152290415,12.960453183777949,13.788338588541205,13.824171023092946,3.3484916888004053,1.7122946379540385,0.49758629257310244,0.8634971334270698,0.91865544183514,0.9210427969746864,0.22309505181520792,False,True,44,2.220446049250313e-16
18.0,6.0,15.622878745280337,1000000.0,7.370824224648686,15.023894886536862,25.67748990882251,7.630884421493844,13.086560576354058,13.898934215851586,13.919098916411272,3.4965775156301704,1.7091100611887595,0.507916520923745,0.8710497960206791,0.9251219021977204,0.9264640774932728,0.23273442353244272,False,True,45,8.131516293641283e-20
18.0,6.5,14.222878745280337,3162277.6601683795,0.304263844143737,4.994294391363054,2.0727816217725215,0.8195767451016885,1.5315350453427043,1.6934248076609475,1.7153458810161526,0.05026608621689283,0.4150299240183183,0.16410261007421467,0.30665694196787513,0.3390718838259701,0.34346110713509553,0.010064702293845778,True,True,55,3.3068166260807885e-18
18.0,6.5,14.240600264267679,3162277.6601683795,0.31684104271657637,5.153479574802645,2.1698151246096233,0.8441184631130777,1.5885491920847803,1.7590350299768216,1.7843450939889693,0.053890198814831605,0.42103885212210573,0.1637958297613712,0.30824788747622317,0.3413295821676337,0.3462408394346458,0.010457051014293648,True,True,44,2.710505431213761e-20
18.0,6.5,14.25832178325502,3162277.6601683795,0.3299324215687322,5.316099606819763,2.27061433958193,0.8697303662293401,1.647612555993178,1.8269424780779806,1.8559376575303455,0.05776747796882313,0.4271203527994604,0.16360309824022218,0.30992883464401927,0.3436621984535967,0.34911641895299594,0.01086651534796603,True,True,82,1.1102230246251565e-16
18.0,6.5,14.276043302242362,3162277.6601683795,0.343558357609862,5.482108006439088,2.3752567814835177,0.8964771626965138,1.7087910914662878,1.8972075574485983,1.9302059205186468,0.06191617075049732,0.43327434970154294,0.16352781843107503,0.31170328812551723,0.34607263396128024,0.3520919176075145,0.011294226724058118,True,True,44,5.421010862427522e-20
18.0,6.5,14.293764821229704,3162277.6601683795,0.3577400486224855,5.651447881006008,2.483813400855723,0.924427604784767,1.7721520233324335,1.969890468732939,2.00723325855543,0.06635570488994041,0.43950036400469855,0.16357358755650608,0.3135748680065638,0.34856385659214134,0.3551715066331152,0.011741363680085555,True,True,47,1.1102230246251565e-16
18.0,6.5,14.311486340217046,3162277.6601683795,0.37249979247137677,5.824048992052789,2.5963513196167045,0.9536525167212075,1.8377627592218078,2.045050629180004,2.0871040708881208,0.07110636220504714,0.44579833087935183,0.1637439036008308,0.3155472699026963,0.35113898114019637,0.35835963497835965,0.012209094103101706,True,True,44,2.710505431213761e-20
18.0,6.5,14.329207859204388,3162277.6601683795,0.387860340569935,5.9998325632733405,2.71292798460379,0.984226217777683,1.9056928898493317,2.1227479556802016,2.1699035979514663,0.07619035377565668,0.4521672823355745,0.16404228074670085,0.31762434530500283,0.35380119916581304,0.3616606922056551,0.012698746668705262,True,True,44,2.710505431213761e-20
18.0,6.5,14.34692937819173,3162277.6601683795,0.40384590291755956,6.17870401251845,2.8335947020231345,1.0162263401383729,1.9760115119431743,2.2030406137165572,2.255717408128809,0.08163034098765673,0.4586066424742292,0.1644724100846121,0.3198100294074046,0.35655383544074226,0.3650793764450573,0.013211563593638476,True,True,45,2.0328790734103208e-20
18.0,6.5,14.364650897179072,3162277.6601683795,0.4204811258689624,6.360559751327667,2.9583921742130213,1.0497329597882061,2.0487897394739614,2.2859872309809957,2.3446315648318685,0.08745114221306648,0.4651150668925802,0.16503782698827582,0.32210840233775156,0.3594003232976204,0.36862031904384884,0.013748969529735559,True,True,44,4.0657581468206416e-20
18.0,6.5,14.382372416166413,3162277.6601683795,0.43779205736012133,6.545280995580211,3.0873508021009215,1.0848304037543341,2.1240985661318934,2.3716446652325356,2.436731761608452,0.09367823056287945,0.4716911014493796,0.16574237293813365,0.324523663318079,0.3623442090315176,0.3722883346419944,0.01431233137677923,True,True,44,5.421010862427522e-20
18.0,6.5,14.400093935153755,3162277.6601683795,0.4558055811584782,6.7327369515686115,3.220490813289387,1.1216048701754442,2.202009757309989,2.4600692391518284,2.532103511674736,0.10033882205282356,0.47833308154703236,0.16658973583011136,0.32706012029728243,0.36538918078162475,0.3760882877036804,0.014903125248261236,True,True,44,6.776263578034403e-20
18.0,6.5,14.417815454141095,3162277.6601683795,0.4745496215087086,6.92278441190312,3.3578180191945997,1.160146539908106,2.282595913465763,2.55131627741618,2.63083132555948,0.10746143717436937,0.485038651994005,0.1675838031173318,0.3297222299081046,0.36853903366244023,0.38002502591818355,0.015522863457888255,True,True,44,5.421010862427522e-20
18.0,6.5,14.435536973128437,3162277.6601683795,0.4940534888224853,7.115264634042541,3.49932810889299,1.2005477742158366,2.3659288723587424,2.6454391712679635,2.7329985358711295,0.11507567216468059,0.4918057569005476,0.16872847827358248,0.33251452954245764,0.3717977204405054,0.38410356837541476,0.016173069883319336,True,True,44,2.710505431213761e-20
18.0,6.5,14.45325849211578,3162277.6601683795,0.5143472423573968,7.310008865575635,3.6450004356814985,1.2429035782930442,2.452081806119722,2.742491019242803,2.8386867792953,0.12321298548388711,0.4986314658039021,0.17002764307799104,0.33544170071627266,0.3751693150685177,0.3883287738080964,0.01685538112875935,True,True,44,1.1102230246251565e-16
18.0,6.5,14.470980011103121,3162277.6601683795,0.5354626613931183,7.506831385911525,3.794802427922979,1.2873117347459522,2.541126313167371,2.8425221377206857,2.9479753177723986,0.1319054576135832,0.5055132096139643,0.1714853669368303,0.33850851078611405,0.3786580504599318,0.39270567916378446,0.01757138942285786,True,True,46,2.710505431213761e-20
18.0,6.5,14.488701530090463,3162277.6601683795,0.5574323464238731,7.705536529146137,3.94868682706846,1.3338711711111877,2.6331345371701533,2.9455823266234784,3.0609408342110354,0.14118717941896952,0.5124480056817043,0.1731055541772892,0.3417198175896436,0.3822682970201795,0.3972391568884332,0.01832282267236422,True,True,44,1.1102230246251565e-16
18.0,6.5,14.506423049077805,3162277.6601683795,0.5802905903865628,7.905913300391281,4.106591076230905,1.3826833312651183,2.7281773269068106,3.0517188592431275,3.1776563288235584,0.1510927143021289,0.5194328498426185,0.17489229627609076,0.34508060273969704,0.38600459469901993,0.40193412298947034,0.019111354825337004,True,True,44,1.1102230246251565e-16
18.0,6.5,14.524144568065147,3162277.6601683795,0.6040729349928828,8.107738773184591,4.268441767339032,1.4338502312506065,2.826324186277936,3.1609772063117085,3.298191071294171,0.16165841171950113,0.5264651324801447,0.1768495842506545,0.34859586197148784,0.38987161460680936,0.4067954288565089,0.019938779016187305,True,True,44,1.3552527156068805e-19
18.0,6.5,14.541866087052489,3162277.6601683795,0.6288163525854574,8.310778387984051,4.434148306535434,1.487474655897863,2.9276440095792124,3.2734013443542778,3.4226093121323906,0.17292121074784159,0.5335418777315065,0.17898138856024537,0.3522707348101207,0.3938742186997851,0.4118277677913891,0.02080686100327928,True,True,44,1.4907779871675686e-19
18.0,6.5,14.55958760603983,3162277.6601683795,0.6545596082489336,8.514783504614428,4.603611681918916,1.543660134582672,3.032202486905316,3.3890319085986604,3.5509700996351703,0.18491924316091812,0.5406610372916791,0.18129176552123893,0.3561103444687784,0.3980173901969484,0.41703586447157326,0.021717433339403708,True,True,44,2.574980159653073e-19
18.0,6.5,14.577309125027172,3162277.6601683795,0.6813427183122189,8.719497286704254,4.7767192837380925,1.6025089001386896,3.1400643684487064,3.5079085521607674,3.6833261960051864,0.1976917030131831,0.5478204908695568,0.18378455172894456,0.36011988595222905,0.4023062840457247,0.4224241461284277,0.022672373935436533,True,True,45,2.710505431213761e-20
18.0,6.5,14.595030644014514,3162277.6601683795,0.7092078350237696,8.924648919524529,4.953348573988904,1.6641230823894961,3.2512906729691364,3.6300671727822773,3.819723308932532,0.21127792862569497,0.5550188717398644,0.1864637026504068,0.36430460203944387,0.40674621551115014,0.4279970386931515,0.023673528284511056,True,True,44,1.1102230246251565e-16
18.0,6.5,14.612752163001856,3162277.6601683795,0.7381985136482481,9.129960739977022,5.1333725417000595,1.7286027898222949,3.365939423112638,3.7555416027547137,3.9601997169120517,0.2257190707419503,0.5622557082006663,0.18933299266592962,0.36866964918855816,0.41134257963568915,0.4337586797686513,0.024722896096760035,True,True,44,5.014435047745458e-19
18.0,6.5,14.630473681989198,3162277.6601683795,0.7683604722773189,9.335144296309377,5.316652169190742,1.79604526501183,3.4840654801930357,3.8843628709565183,4.104784581241432,0.24105535160549774,0.5695307967861477,0.19239609030166693,0.3732203134310898,0.41610099936989625,0.4397130297026311,0.025822348745139195,True,True,44,1.1102230246251565e-16
18.0,6.5,14.64819520097654,3162277.6601683795,0.7997412831510262,9.53990392956348,5.5030511664920345,1.8665461621529578,3.605718248709886,4.016557914430886,4.2534983431135585,0.2573290074582465,0.5768455539094554,0.19565670429538234,0.3779616938841515,0.4210270820426043,0.44586385507848475,0.026973962144503608,True,True,44,2.220446049250313e-16
18.0,6.5,14.665916719963882,3162277.6601683795,0.8323905332429256,9.743938224988453,5.692427239455761,1.9401954663307117,3.730943613524847,4.1521515398697195,4.406350640361544,0.27458152881122155,0.5842019015327354,0.1991182026744644,0.3828989395639634,0.42612662806312485,0.45221455007395284,0.028179727998177754,True,True,44,2.220446049250313e-16
18.0,6.5,14.683638238951223,3162277.6601683795,0.8663601825254382,9.94693846666918,5.884639417201373,2.0170802046671534,3.859781131424425,4.2911634962077265,4.563340447935368,0.2928549626834359,0.5916030783662721,0.20278402358937994,0.38803709748059867,0.43140545310366846,0.4587683399496733,0.029441718541313246,True,True,44,2.220446049250313e-16
18.0,6.5,14.701359757938565,3162277.6601683795,0.9017041498078282,10.148594811095544,6.079555020640008,2.0972817823882868,3.992264457051386,4.433610075351319,4.724455047079846,0.3121924664024251,0.5990538723640025,0.2066573571441941,0.3933810080472037,0.4368693555982761,0.4655280001832923,0.03076213724299077,True,True,44,1.1102230246251565e-16
18.0,6.5,14.719081276925907,3162277.6601683795,0.9384790759369701,10.348592231256315,6.2770380752753345,2.1808743261205006,4.128421426559051,4.5795031877953125,4.889668579979539,0.3326353730441558,0.6065596107185011,0.2107411595109051,0.3989355589922458,0.44252426663055044,0.4724960140192842,0.03214305536549042,True,True,44,1.1102230246251565e-16
18.0,6.5,14.736802795913249,3162277.6601683795,0.9767437491187367,10.546617526272447,6.476970103072607,2.2679281594713383,4.268271390371523,4.728848778485761,5.058942920535024,0.3542277345045126,0.6141277131685082,0.21503843804155715,0.40470524125284013,0.4483758671162418,0.4796744461371433,0.03358685698254475,True,True,44,2.220446049250313e-16
18.0,6.5,14.75452431490059,3162277.6601683795,1.0165598207983586,10.742356754232238,6.679235956112275,2.3585030233107775,4.411826957186639,4.881648416731228,5.232224897437111,0.3770112991935822,0.6217663506176903,0.2195517312699173,0.41069451128110057,0.45442992896395595,0.48706489806119463,0.03509577160943278,True,True,44,2.220446049250313e-16
18.0,6.5,14.772245833887931,3162277.6601683795,1.0579914847859302,10.935499657057923,6.8837316616676,2.4526535342249316,4.559091911702102,5.037896620725342,5.409447730327054,0.4010293773728781,0.6294848774673725,0.22428362773912713,0.4169075080862538,0.4606919462956422,0.49466854738875343,0.03667225000679765,True,True,44,2.220446049250313e-16
18.0,6.5,14.789967352875273,3162277.6601683795,1.1011057822537407,11.125741072409017,7.0903727142156345,2.5504254429490607,4.710060271897476,5.197581204511828,5.590529127496973,0.4263255791163915,0.6372944209351783,0.22923645502355972,0.4233480036289954,0.46716719099291554,0.502485999908901,0.038318847827013176,True,True,44,2.220446049250313e-16
18.0,6.5,14.807688871862615,3162277.6601683795,1.1459728133326088,11.312781250137718,7.299075236357911,2.6518541357954546,4.864717883697994,5.360683257631814,5.775371087437838,0.4529420436259522,0.6452060792980554,0.23441221722228314,0.4300196190604121,0.47386077208613536,0.5105173484520026,0.04003808025726991,True,True,44,3.333921680392926e-18
18.0,6.5,14.825410390849957,3162277.6601683795,1.192665469470382,11.496331501672044,7.509779235325119,2.7569700030467326,5.023038814631688,5.527174405821911,5.96386031416064,0.48092391552384206,0.653232662456966,0.2398130223233172,0.43692536300828916,0.48077722924204386,0.51876203407089,0.041832815577203544,True,True,44,3.7269449679189215e-18
18.0,6.5,14.843131909837298,3162277.6601683795,1.2412601926851041,11.676111145500247,7.722429935684487,2.8657904339625895,5.18498714373171,5.697018228319846,6.155866445199868,0.5103140681969358,0.6613871553167396,0.24544048941046703,0.44406798454722707,0.4879208631476045,0.5272188974984383,0.04370582481082336,True,True,44,3.848917712323541e-18
18.0,6.5,14.86085342882464,3162277.6601683795,1.2918363150769472,11.851855286606924,7.93698104623309,2.978327119143435,5.350516059796841,5.870168239892732,6.351243358168481,0.5411578532709691,0.6696825816969095,0.25129627785019154,0.45144966171187906,0.4952953017006763,0.5358860030417046,0.04566018063707708,True,True,44,2.220446049250313e-16
18.0,6.5,14.878574947811982,3162277.6601683795,1.344476979701216,12.02331143181821,8.153402633214565,3.0945824522015886,5.519565369567008,6.046566432828476,6.5498280067747,0.5735007848255588,0.6781328654298675,0.25738187601230705,0.4590719787029853,0.5029035858479872,0.5447607378314587,0.047699070932144344,True,True,44,4.025100565352435e-18
18.0,6.5,14.896296466799324,3162277.6601683795,1.3992686465601503,12.190245380348795,8.371658059011688,3.214548913826353,5.692064745149487,6.226144737088067,6.751440675324329,0.6073885660859055,0.686750577843754,0.26369845835985756,0.4669360269257043,0.5107481057866876,0.5538396040991878,0.04982578669540502,True,True,44,2.220446049250313e-16
18.0,6.5,14.914017985786666,3162277.6601683795,1.4563015174095237,12.352441666999507,8.591721037811952,3.3382141130279077,5.867929710446594,6.408821366149301,6.95588534468274,0.6428692995815224,0.6955484000191956,0.2702473084286002,0.4750420903523242,0.5188303283609877,0.5631182508042859,0.052043904914685565,True,True,44,2.220446049250313e-16
18.0,6.5,14.931739504774008,3162277.6601683795,1.5156698088391707,12.509703766183453,8.813560074807546,3.465555602220666,6.047063147020756,6.594501838470611,7.16294936438761,0.679990964096162,0.7045378723221716,0.27702938990360776,0.48338979563747386,0.5271509191366334,0.5725914456704143,0.05435707965638089,True,True,44,3.3610267347050637e-18
18.0,6.5,14.94946102376135,3162277.6601683795,1.5774713482413685,12.661860050167546,9.037133853205713,3.596545372081194,6.229355786928716,6.783078490812231,7.372403960351977,0.7188037749707252,0.7137287742400953,0.2840455792301703,0.49197793706828147,0.5357094821722086,0.582252838930598,0.05676920864097008,True,True,44,2.588532686809142e-18
18.0,6.5,14.967182542748692,3162277.6601683795,1.641808558733189,12.808759031573043,9.2623961903421,3.7311494996613916,6.414683080206776,6.97442751514761,7.584004638830831,0.759358923876923,0.7231298650798793,0.29129672050698024,0.5008044155093289,0.5445045455188863,0.5920951920585424,0.05928434768779206,True,True,44,2.2497195079074217e-18
18.0,6.5,14.984904061736033,3162277.6601683795,1.708787685043067,12.950277155065605,9.489281505838353,3.869327069514559,6.602908560244107,7.168411633606384,7.797491434173032,0.8017096385750346,0.7327473684319215,0.298783340555846,0.5098661967756672,0.5535334532050847,0.6021100043502142,0.06190675527445677,True,True,44,1.8431436932253575e-18
18.0,6.5,15.002625580723375,3162277.6601683795,1.7785197742380632,13.086314208312615,9.7177035680671,4.011032250849353,6.793881370577932,7.364877138957518,8.012589287848028,0.8459098207332185,0.7425852240269666,0.306505879883389,0.5191592729954749,0.5627923204135846,0.6122877045668303,0.0646408000960182,True,True,44,1.111307226797642e-18
18.0,6.5,15.020347099710717,3162277.6601683795,1.851115713203391,13.216826007638439,9.94780497432876,4.156218548519366,6.987443885237286,7.563681351099266,8.229012680872135,0.8920152187930229,0.7526621723384719,0.314464194816316,0.5286779050582199,0.5722766832769052,0.6226164039774994,0.06749088005527938,False,True,44,1.0570971181733668e-18
18.0,6.5,15.038068618698059,3162277.6601683795,1.9266994575775522,13.341742855256065,10.179256687178091,4.30482584153926,7.183412454546638,7.7646179291807265,8.44645599439848,0.940084016416001,0.76296303995755,0.32265843287808127,0.5384163472852939,0.5819792821236849,0.6330849039764654,0.07046185993950925,False,True,44,7.589415207398531e-19
18.0,6.5,15.0557901376854,3162277.6601683795,2.0053967474914045,13.461042052950878,10.411880774686463,4.456795186344947,7.381593910143484,7.967482327106071,8.66460412094626,0.9901759459721949,0.7734825233982543,0.33108842308147646,0.5483671978073436,0.591891942374511,0.6436800425154929,0.07355863996837692,False,True,44,4.336808689942018e-19
18.0,6.5,15.073511656672743,3162277.6601683795,2.087337857446711,13.574731946244167,10.645493414905753,4.612060401831742,7.581782410722673,8.172057320361315,8.883130079823191,1.0423528022736264,0.784213895129703,0.3397533314171849,0.5585217034668878,0.6020050600426291,0.6543871448070074,0.07678625304730402,False,True,44,2.710505431213761e-19
18.0,6.5,15.091233175660083,3162277.6601683795,2.1726588331456798,13.68284414114121,10.879863075555734,4.77054870850813,7.783759710286598,8.37810996408119,9.101695996260593,1.096675293835558,0.795146313392729,0.3486518343188732,0.5688700119650268,0.6123076370423685,0.6651903582599364,0.08014965912957409,False,True,44,2.220446049250313e-16
18.0,6.5,15.108954694647425,3162277.6601683795,2.261500979860321,13.785437492804757,11.114745171805732,4.93218688231196,7.987292225912645,8.585390152178322,9.319955787841852,1.1532096557884268,0.8062671335318171,0.3577823979025904,0.5794007067299514,0.6227869196504953,0.6760725434144805,0.08365419352054217,False,True,44,2.220446049250313e-16
18.0,6.5,15.126676213634767,3162277.6601683795,2.354011771484081,13.882592860730018,11.34985017303154,5.096886300630351,8.192135763452736,8.793635829511851,9.53755387176724,1.2120186739874088,0.8175598237946673,0.36714224437482573,0.5901012761546874,0.6334289219405543,0.687015312445438,0.08730492107248002,False,True,45,5.421010862427522e-20
18.0,6.5,15.144397732622108,3162277.6601683795,2.4503445675389415,13.974414169627895,11.584859282225468,5.26456021565514,8.398032511186821,9.002568198482843,9.754129996595992,1.2731697804783695,0.8290050045463869,0.3767285090989487,0.6009577510189424,0.644217932086849,0.6979992061345726,0.09110720242180076,False,True,44,2.220446049250313e-16
18.0,6.5,15.16211925160945,3162277.6601683795,2.5506591896655753,14.061025645450103,11.819439450394732,5.435107119677615,8.604712198662238,9.211896828695872,9.969318118279805,1.3367300868464214,0.8405816011166506,0.3865370319864482,0.6119548044097742,0.6551369054416509,0.7090036224708613,0.09506632876947801,False,True,44,1.3552527156068805e-19
18.0,6.5,15.179840770596792,3162277.6601683795,2.6551221297523893,14.142569175059736,12.053205236202254,5.608417878043837,8.811895708971749,9.421319618370433,10.18275019273552,1.4027657444881987,0.8522641881404369,0.3965628740168526,0.6230760196323756,0.6661674764854483,0.7200070981934943,0.09918747627283737,False,True,44,1.0842021724855044e-19
18.0,6.5,15.197562289584134,3162277.6601683795,2.763906618405176,14.219204142699477,12.28577952404534,5.784378334308089,9.01928993608493,9.630521363580748,10.394057613541802,1.471347907781546,0.8640272268932289,0.4068004282277602,0.6343034283473366,0.6772897601674365,0.7309872978283664,0.10347610829801439,False,True,44,1.1102230246251565e-16
18.0,6.5,15.215283808571476,3162277.6601683795,2.877193392983603,14.291102055114033,12.516740308300289,5.962853876151364,9.226595625941393,9.839180705176075,10.602873275829417,1.5425424057029393,0.8758415033374705,0.417242410918028,0.6456182028760812,0.6884829922304803,0.7419213182397789,0.10793726052435156,False,True,44,2.220446049250313e-16
18.0,6.5,15.233005327558818,3162277.6601683795,2.995170319624132,14.358447787706144,12.745660355103096,6.143710870471417,9.433503045085486,10.046965059855669,10.80883418902317,1.6164209741828175,0.8876767561195623,0.42788126971020696,0.65700019838931,0.6997250126478147,0.752785701409717,0.11257630337777975,False,True,44,1.0842021724855044e-19
18.0,6.5,15.25072684654616,3162277.6601683795,3.1180335075739927,14.421433445955406,12.972105952754214,6.326792779412065,9.639695292983683,10.253537705815605,11.011584404651607,1.6930515340731125,0.8995018422660567,0.4387076224511135,0.6684283728873848,0.7109929636496213,0.7635568576395493,0.11739828363233482,False,True,44,2.220446049250313e-16
18.0,6.5,15.268448365533501,3162277.6601683795,3.2459868624905224,14.480259193671303,13.19561225915463,6.511937909881905,9.844851797013273,10.458557068295596,11.210775896517,1.7725032797342148,0.9112828770994558,0.44971141902818923,0.6798809099574705,0.7222631120350788,0.7742109962656433,0.12240825637353919,False,True,46,4.0657581468206416e-20
18.0,6.5,15.286169884520843,3162277.6601683795,3.379243033812638,14.53512872250329,13.415740060331322,6.698971434247095,10.048644186653846,10.661677471559758,11.406074113223887,1.8548468577874442,0.922987358175994,0.46088146600832963,0.6913350668230775,0.7335110459017364,0.7847246715858114,0.12761131278567694,False,True,44,5.421010862427522e-20
18.0,6.5,15.303891403508185,3162277.6601683795,3.5180234670019064,14.586247822258187,13.632017070597213,6.887701321184876,10.250745589329638,10.862555508656074,11.5971568509759,1.9401487230831984,0.9345801083809335,0.47220514865203683,0.7027678203634591,0.7447121179499043,0.7950747164242594,0.13301218700827147,False,True,82,5.421010862427522e-20
18.0,6.5,15.321612922495527,3162277.6601683795,3.6625586888290367,14.633823132537422,13.843995290206411,7.077933063441783,10.450825345664112,11.06084619092194,11.783720465975952,2.0284799067005785,0.9460272387347038,0.4836694416310408,0.7141555047516827,0.7558411831784967,0.8052386829642324,0.13861585508645213,False,True,45,8.131516293641283e-20
18.0,6.5,15.339334441482869,3162277.6601683795,3.813089156248695,14.678058040383753,14.051222161933932,7.269449042987697,10.64855592447667,11.256211235278688,11.96547969410156,2.11990569037977,0.9572943589182433,0.49525959244657947,0.7254744391376086,0.7668733291767524,0.81519501157312,0.14442685023776794,False,True,44,1.0842021724855044e-19
18.0,6.5,15.35705596047021,3162277.6601683795,3.9698648811203667,14.71915424018036,14.253247732624086,7.462031167601614,10.84361368805259,11.44831707795239,12.142170877947457,2.214494266400075,0.9683469240179274,0.5069605933764696,0.7367008668508741,0.7777836206580921,0.824923136194996,0.15044983089822828,False,True,44,2.168404344971009e-19
18.0,6.5,15.374777479457553,3162277.6601683795,4.1331467936484945,14.757306622767814,14.449650930847271,7.655443945025415,11.035678778540952,11.636838841623296,12.313555489580196,2.3123107413298167,0.9791523141867984,0.5187561755486242,0.7478111731794558,0.7885476082518873,0.8344039874175034,0.15668921168598246,False,True,44,4.0657581468206416e-20
18.0,6.5,15.392498998444895,3162277.6601683795,4.303206220981704,14.792705522125164,14.640000709426463,7.849445061584041,11.224442700572228,11.821464213976535,12.479418603327403,2.4134186061197433,0.9896770193613127,0.5306294409662774,0.7587822716935753,0.7991414549755891,0.8436197546596312,0.16314923612249563,False,True,45,1.0842021724855044e-19
18.0,6.5,15.410220517432236,3162277.6601683795,4.480326125588369,14.825533050131899,14.82390927083118,8.04378644616116,11.409603778932357,12.00189195786684,12.639575847597547,2.5178817832418483,0.9998904741370697,0.5425630511200807,0.7695914703607132,0.8095420189805629,0.8525545627841756,0.16983414860887228,False,True,44,8.131516293641283e-20
18.0,6.5,15.427942036419577,3162277.6601683795,4.6648011018979885,14.855963802702902,15.000989729499826,8.238206445609425,11.590876200314211,12.177839634519287,12.793868637813745,2.625758799322802,1.0097621351750021,0.5545386724832058,0.7802170464500836,0.8197273361896348,0.8611941175762707,0.17674779194366844,False,True,44,1.0842021724855044e-19
18.0,6.5,15.44566355540692,3162277.6601683795,4.8569379286977705,14.884164295834733,15.170890025912316,8.432446799030208,11.76798728179258,12.34904058878109,12.942171594563428,2.7371098160508667,1.0192638111471144,0.5665381429167636,0.790638093472658,0.8296764496369416,0.8695262520170673,0.18389408781363928,False,True,44,5.421010862427522e-20
18.0,6.5,15.46338507439426,3162277.6601683795,5.057056435890778,14.910291277740678,15.333285088859272,8.62623536904717,11.94068203658417,12.515250414264097,13.084387793512219,2.8519886026169563,1.0283692520313183,0.5785423777686443,0.8008349276455928,0.8393699479867239,0.8775407233690787,0.19127651831152634,False,True,46,1.1102230246251565e-16
18.0,6.5,15.481106593381602,3162277.6601683795,5.265489326779883,14.934493954959382,15.487870543472738,8.819305278172902,12.108725905810442,12.6762468391462,13.220453183435305,2.970448668226934,1.0370535881685896,0.5905325821397668,0.8107891664979668,0.8487898470062808,0.8852294040431892,0.1988985148867746,False,True,44,1.0842021724855044e-19
18.0,6.5,15.498828112368944,3162277.6601683795,5.482583675755097,14.956910974079413,15.634391424118641,9.011383712023392,12.271903323460453,12.831831361014958,13.35033466017788,3.0925386772743866,1.0452954792077933,0.6024896268781887,0.8204838114452827,0.8579198862153251,0.8925863557865821,0.2067631934584494,False,True,44,1.1102230246251565e-16
18.0,6.5,15.516549631356286,3162277.6601683795,5.70870049303515,14.977673609869104,15.772609237596933,9.20219937577732,12.430024748445101,12.981833493376296,13.474029448009478,3.2183033653161464,1.0530747062884338,0.6143944390478504,0.8299035666162933,0.8667456529979591,0.8996076292603383,0.2148733808163331,False,True,44,1.6263032587282567e-19
18.0,6.5,15.534271150343628,3162277.6601683795,5.944216250778865,14.996903306786605,15.902342049321941,9.39148619208463,12.582922123800376,13.12610791977651,13.591566723365997,3.3477845503614314,1.0603750470355833,0.6262283619468737,0.8390346904554742,0.8752545543076552,0.9062915486836108,0.22323172203467137,False,True,45,1.0842021724855044e-19
18.0,6.5,15.55199266933097,3162277.6601683795,6.189522843127243,15.014713829556241,16.023435121319018,9.578976055093179,12.73045574417686,13.264540641743778,13.703002459493007,3.481016960685846,1.0671821856356078,0.6379726023307288,0.8478653598523568,0.8834361275426194,0.9126382703690863,0.23184038005662924,False,True,44,5.421010862427522e-20
18.0,6.5,15.569714188318311,3162277.6601683795,6.445028537368396,15.031210857341918,16.135782306392485,9.764414588377802,12.872511210660893,13.397045037198284,13.80842309079963,3.6180327880117638,1.0734851942091574,0.6496093149813292,0.856385512307106,0.8912818244881826,0.9186500822756389,0.2407013528284419,False,True,43,1.1102230246251565e-16
18.0,6.5,15.587435707305653,3162277.6601683795,6.7111587892289215,15.046491990474806,16.239322855271165,9.9475466917707,13.009001904072303,13.523565892197166,13.907938203809033,3.758855812490651,1.0792763433198571,0.6611206584277587,0.864587035457013,0.8987853049573462,0.9243309478789784,0.24981609101112723,False,True,43,2.168404344971009e-19
18.0,6.5,15.605157226292995,3162277.6601683795,6.988356413206945,15.06064859620046,16.334032746329324,10.128133374199354,13.13986999813336,13.644077747570805,14.001683642992818,3.9035054675096355,1.084550419060313,0.6724898539067239,0.8724637530848652,0.9059422414923729,0.9296866302640644,0.25918574771702874,False,True,43,1.6263032587282567e-19
18.0,6.5,15.622878745280337,3162277.6601683795,7.277083187489364,15.073764079810589,16.41994662324367,10.305942199885402,13.265083560936223,13.75858425357095,14.089814932854267,4.051993353275679,1.089306329613857,0.6837006434039203,0.8800113555381388,0.9127504039949015,0.9347243898904987,0.26881098389371866,False,True,43,1.0842021724855044e-19
18.0,7.0,14.222878745280337,10000000.0,0.29864003651657045,4.9089845307122895,1.7561589029661742,0.9573655791298054,1.5364389758904886,1.632489583629015,1.8030628857657554,0.10348344361451137,0.35774382501697494,0.19502314035422158,0.31298509218719267,0.3325513807215323,0.3672985470793758,0.02108041754197502,True,True,51,3.5101045334218206e-18
18.0,7.0,14.240600264267679,10000000.0,0.31090607454344976,5.066255313223485,1.8290501867944404,0.991877332482026,1.5945346629177322,1.6950625600928553,1.8758192509455578,0.10979763888329952,0.3610260584421037,0.1957811581056953,0.31473634160438396,0.33457898492966887,0.37025754427524854,0.021672346160035712,True,True,43,1.043544591017298e-18
18.0,7.0,14.25832178325502,10000000.0,0.3236728201497421,5.227049877562902,1.9043222143488874,1.0279092357731299,1.654743428260244,1.7598406164037035,1.9512487043758378,0.11646195353457234,0.3643206510278743,0.1966518896606339,0.3165731085450754,0.3366795147599059,0.3732982753333898,0.022280627937851707,True,True,43,3.3306690738754696e-16
18.0,7.0,14.276043302242362,10000000.0,0.3369607087785553,5.391330146989059,1.9820076531834692,1.0655343875287497,1.7171314317093676,1.8268847345246026,2.029429332927927,0.1234949907035166,0.367628692576057,0.19763849708291886,0.3184986607930787,0.33885603083403787,0.3764246072115096,0.022906219307026833,True,True,43,1.1102230246251565e-16
18.0,7.0,14.293764821229704,10000000.0,0.35079069999560203,5.559049377508014,2.062136520420647,1.1048280050208974,1.7817663133338277,1.8962567955241503,2.110439969554433,0.13091694710184937,0.37095128688082507,0.19874405316330626,0.3205163675183166,0.3411117021547659,0.3796404432191771,0.02355024001613316,True,True,43,1.6805133673525319e-18
18.0,7.0,14.311486340217046,10000000.0,0.36518486655293525,5.7301486804758035,2.14473493988772,1.1458686415213557,1.8487164378531538,1.968018579968104,2.1943593899059084,0.1387483117048207,0.3742895794650884,0.19997188649321546,0.32262975028069346,0.3434498282171431,0.3829498172329622,0.024213736753040012,True,True,43,2.220446049250313e-16
18.0,7.0,14.329207859204388,10000000.0,0.38016616509122886,5.904557499622283,2.2298266146520493,1.1887369876356186,1.9180508134380312,2.042231973960149,2.2812665652418787,0.14701068229501268,0.3776449996116885,0.20132533008809936,0.32484243121702683,0.34587383967228563,0.386356905727112,0.024897832276917792,True,True,43,2.4665599424045226e-18
18.0,7.0,14.34692937819173,10000000.0,0.3957583821782057,6.082194664832294,2.3174302989637408,1.2335170191828524,1.9898397916557495,2.118959266651423,2.3712399931945063,0.15572663293594993,0.38101876488158076,0.20280788221316562,0.32715818899404064,0.3483872817986909,0.38986585005330293,0.02560369102231683,True,True,43,2.8324781756183803e-18
18.0,7.0,14.364650897179072,10000000.0,0.41198659845755214,6.262964385514839,2.407561820354603,1.2802951751343135,2.064153629317575,2.1982620410895013,2.4643575134515356,0.1649191085003664,0.38441250375347497,0.2044231926490619,0.3295809304123791,0.35099385942121974,0.3934810038439898,0.026332435943879223,True,True,43,2.220446049250313e-16
18.0,7.0,14.382372416166413,10000000.0,0.42887657187908124,6.446760821650608,2.5002322123346903,1.3291606852258884,2.141063994329567,2.280202432017453,2.5606960869174893,0.17461260376064117,0.38782766749124387,0.20617496476091915,0.33211469349678396,0.3536973830888358,0.3972066217064738,0.027085323713922724,True,True,43,3.889575293791747e-18
18.0,7.0,14.400093935153755,10000000.0,0.44645552896444607,6.633462510895466,2.595448483505004,1.3802055475470587,2.2206423018134065,2.364841569838407,2.6603310510376517,0.18483161314926863,0.3912660212132017,0.20806713617210776,0.3347636770639768,0.3565018368543055,0.4010471223238326,0.027863519669506325,True,True,44,1.1102230246251565e-16
18.0,7.0,14.417815454141095,10000000.0,0.4647515325882521,6.822936500243311,2.6932137255547395,1.4335239140054,2.302960703560807,2.4522406447812553,2.7633362493257443,0.19560215814462453,0.3947294138614213,0.21010365756068217,0.33753219064528617,0.35941132453655494,0.40500688365298454,0.028668324575151654,True,True,45,1.1102230246251565e-16
18.0,7.0,14.435536973128437,10000000.0,0.48379401645463077,7.015035277239785,2.793526336119307,1.489212678091635,2.3880913255788467,2.5424600162613333,2.8697830215873226,0.20695051465588074,0.3982198557408366,0.21228869410298923,0.340424706533834,0.36243011129399744,0.40909031931718237,0.029500994147147016,True,True,45,5.421010862427522e-20
18.0,7.0,14.45325849211578,10000000.0,0.5036136287491764,7.209597308540512,2.8963814584943863,1.5473702516285583,2.476106050981665,2.6355592816607065,2.9797402368108186,0.2189038583034605,0.4017396998114338,0.21462644658329788,0.3434458188182663,0.36556262005627066,0.4133018959715002,0.030362841215021304,True,True,44,1.6263032587282567e-19
18.0,7.0,14.470980011103121,10000000.0,0.5242421962256725,7.406448310142955,3.00176999214171,1.60809738661915,2.567076824611037,2.731597406905834,3.0932735130275377,0.23149026985539956,0.40529142531526985,0.21712125964841997,0.346600248474763,0.36881340320231176,0.4176460002821289,0.031255233299661206,True,True,44,1.1102230246251565e-16
18.0,7.0,14.488701530090463,10000000.0,0.5457131342867381,7.605398056728347,3.109680007677843,1.6714956561352308,2.661074504523221,2.8306318929160463,3.2104447310324282,0.24473794842378724,0.4088780080257298,0.21977753743691184,0.34989286355222665,0.372187211215308,0.42212711380599083,0.032179505477332955,True,True,44,1.1102230246251565e-16
18.0,7.0,14.506423049077805,10000000.0,0.5680609833599958,7.806244574544711,3.2200964556848697,1.7376681752151635,2.758169642051772,2.932719461666727,3.3313117272089925,0.25867643620081354,0.41250263490145356,0.22259976082244526,0.35332862245257524,0.3756889031161023,0.42674959712023713,0.03313711653928041,True,True,44,1.6263032587282567e-19
18.0,7.0,14.524144568065147,10000000.0,0.5913220649057767,8.008769893156787,3.333002466834132,1.8067182959130506,2.8584310692385806,3.0379149350241006,3.4559272938918695,0.27333507999046525,0.41616908854904994,0.22559248424116018,0.35691262295861564,0.3793235385149338,0.43151786603893294,0.034129471022013066,True,True,44,1.6263032587282567e-19
18.0,7.0,14.541866087052489,10000000.0,0.6155340068897835,8.212744007724643,3.4483791091208915,1.8787493843146936,2.9619265752112667,3.146271906094077,3.584339096277709,0.28874431077663787,0.41988148003608255,0.22876025145159795,0.36065005464986777,0.38309630777908027,0.4364362377429998,0.035158079991906996,True,True,45,5.421010862427522e-20
18.0,7.0,14.55958760603983,10000000.0,0.6407362157351985,8.417922707682884,3.5662074355182063,1.9538647983453852,3.068721647392086,3.257841724145504,3.7165886349090926,0.30493475866538444,0.42364459253865494,0.2321077142419149,0.36454618959512664,0.3870125489715095,0.44150899978174313,0.03622446644551346,True,True,44,1.0842021724855044e-19
18.0,7.0,14.577309125027172,10000000.0,0.666969758202209,8.624048893427814,3.686467843095253,2.0321657103616135,3.1788797271292224,3.3726739115546565,3.852710826544665,0.3219372994624247,0.4274636993193098,0.23563940041089976,0.36860641288244234,0.3910777818206588,0.4467403738261185,0.03733018022518003,True,True,44,1.0842021724855044e-19
18.0,7.0,14.595030644014514,10000000.0,0.6942773920520054,8.830854018922315,3.809142048419915,2.1137529183720853,3.2924614544024813,3.4908154271233887,3.992733467214968,0.33978367586168506,0.43134469670293213,0.23935996607381807,0.3728361319695194,0.3952976031132938,0.4521344661184,0.0384768760907624,True,True,44,2.220446049250313e-16
18.0,7.0,14.612752163001856,10000000.0,0.7227038316877528,9.038056967569618,3.9342170854358174,2.1987232424112673,3.409524087404265,3.612310965718692,4.136676261939608,0.3585052306627421,0.43529456602813926,0.2432738862236355,0.3772408272749695,0.399677826625833,0.457695307385519,0.039666183998300915,False,True,44,1.0842021724855044e-19
18.0,7.0,14.630473681989198,10000000.0,0.752295531281127,9.245367434230623,4.0616797163507155,2.2871712915254454,3.530121706421998,3.737202280214141,4.284550635365077,0.37813423557283055,0.43932052946998085,0.24738565641612903,0.3818260043783502,0.4042243109102718,0.4634267557070464,0.04089986020164032,False,True,44,1.6263032587282567e-19
18.0,7.0,14.64819520097654,10000000.0,0.7831013191017397,9.45248284913441,4.191518848967429,2.3791872515370063,3.6543031193640543,3.8655265712991245,4.436358532720798,0.39870287730800097,0.4434304632831212,0.25169971630838506,0.38659717004392014,0.4089429870431451,0.469332619114675,0.04217969856930354,False,True,44,1.6263032587282567e-19
18.0,7.0,14.665916719963882,10000000.0,0.8151718420217116,9.659094018426442,4.323727943593032,2.474855574277027,3.7821134965153127,3.9973186244068137,4.592092206965126,0.42024350548550277,0.447632866534351,0.25622025932823506,0.39155985947545985,0.4138399126026951,0.47541645191618304,0.043507548915437975,False,True,44,1.1102230246251565e-16
18.0,7.0,14.683638238951223,10000000.0,0.8485600751501999,9.864883595327726,4.458308474686104,2.5742570099047613,3.913591606997751,4.132608107790891,4.751733618912002,0.44278912712607815,0.45193726125645106,0.2609515849861623,0.3967194918398564,0.41892112236866186,0.48168167145556096,0.044885387936639716,False,True,44,2.220446049250313e-16
18.0,7.0,14.701359757938565,10000000.0,0.8833212417087,10.069528560150804,4.595267097715934,2.6774631378654092,4.048770852568658,4.271420966507747,4.9152533977960875,0.4663723681646678,0.45635374787070604,0.265897566293343,0.40208147068486216,0.42419274556819736,0.488131432214983,0.046315213803582805,False,True,44,8.131516293641283e-20
18.0,7.0,14.719081276925907,10000000.0,0.9195128856275312,10.272702173258384,4.7346154716785165,2.784540807094783,4.1876780198555075,4.413777580847527,5.082611012032498,0.4910267076173136,0.4608928976840716,0.2710621567851371,0.4076510687476909,0.42966081430233144,0.49476865252293706,0.04779917682180457,False,True,84,5.421010862427522e-20
18.0,7.0,14.736802795913249,10000000.0,0.957195161098183,10.474074149193353,4.876376190574873,2.895547218829531,4.330331870149271,4.559692573800545,5.2537534122300675,0.5167857125782503,0.46556632320102687,0.27644898991406586,0.4134333792627166,0.43533132464521496,0.5015959728177672,0.04933951251605851,False,True,44,1.1102230246251565e-16
18.0,7.0,14.75452431490059,10000000.0,0.9964306145641706,10.673314966999216,5.020572904951985,3.0105308622806914,4.47674468573355,4.709175193661104,5.42861527494376,0.5436831230198993,0.4703855288141572,0.2820614655886143,0.41943339061717755,0.44121017773966065,0.5086156729871156,0.05093854390139438,False,True,45,5.421010862427522e-20
18.0,7.0,14.772245833887931,10000000.0,1.0372846577458157,10.87009503937812,5.167241511492383,3.129532645644749,4.62691848834045,4.862226511694263,5.607118052892158,0.5717537716438191,0.47536304814019387,0.28790296996554965,0.42565575292386376,0.44730303590541853,0.5158297174569085,0.05259878313598713,False,True,45,5.421010862427522e-20
18.0,7.0,14.789967352875273,10000000.0,1.0798253092360424,11.064089596117734,5.316420222456192,3.2525805655050775,4.780847648404772,5.018841685966641,5.789169884889087,0.6010323097392288,0.48051131331417135,0.2939763400547996,0.43210492891184815,0.4536154233356621,0.5232396063495763,0.05432279850211303,False,True,44,5.421010862427522e-20
18.0,7.0,14.807688871862615,10000000.0,1.1241235997613515,11.2549785568539,5.468152754225298,3.3796959696669577,4.938515775261736,5.179006323418942,5.974665089352748,0.6315546958687946,0.48584301841209454,0.3002845320934741,0.43878500081675836,0.46015248249985363,0.5308464213567409,0.05611336287124237,False,True,44,1.1102230246251565e-16
18.0,7.0,14.825410390849957,10000000.0,1.1702534834299734,11.442450383116366,5.622490236214751,3.510886858311433,5.099896032694888,5.342697854888603,6.163484093639116,0.6633575857349363,0.4913711703317396,0.30682998315569177,0.4456996414177087,0.46691903185107037,0.5386507161729535,0.05797338537851453,False,True,44,1.0842021724855044e-19
18.0,7.0,14.843131909837298,10000000.0,1.218292025642704,11.626203775140842,5.779479910700384,3.646151911787641,5.264951464777112,5.509884148516981,6.355492900394188,0.6964781953881928,0.49710808639515436,0.3136150012770158,0.45285215764363557,0.4739194542846582,0.5466524605377645,0.059905899540261195,False,True,44,1.6263032587282567e-19
18.0,7.0,14.86085342882464,10000000.0,1.2683195744335718,11.805949556840023,5.939176954006187,3.785479663554461,5.433631954757087,5.680521751972898,6.550543318990004,0.7309556790928629,0.5030664348862308,0.3206416938619956,0.4602452287803482,0.4811575489649428,0.5548510340021579,0.06191417942060988,False,True,44,5.421010862427522e-20
18.0,7.0,14.878574947811982,10000000.0,1.320419706793656,11.981414432261504,6.101629026289826,3.9288460394326035,5.6058769834262545,5.854557403514301,6.7484725997520965,0.7668295360346062,0.5092578226707861,0.3279117053871101,0.4678810682261109,0.4886365826517235,0.5632450690947609,0.06400158682182121,False,True,45,5.421010862427522e-20
18.0,7.0,14.896296466799324,10000000.0,1.374679626655518,12.152340983719219,6.266883081661313,4.076219396301646,5.781612008410394,6.031924387422017,6.949103324794413,0.8041413279461623,0.5156934857289807,0.335426680485896,0.47576117360072084,0.4963590468291772,0.571832483478228,0.06617172189485875,False,True,45,1.0842021724855044e-19
18.0,7.0,14.914017985786666,10000000.0,1.4311899657139673,12.318492535481251,6.434980604800749,4.2275554965529345,5.960750155728295,6.212544422580381,7.152244057347921,0.8429340511953601,0.5223837727113053,0.343187730509736,0.4838863309418261,0.5043266783404089,0.5806103333461574,0.06842834452084431,False,True,45,2.168404344971009e-19
18.0,7.0,14.931739504774008,10000000.0,1.4900452704521236,12.479652421264145,6.605950723306308,4.382801857500954,6.143191094882159,6.396325227865244,7.357688222646582,0.8832518680739369,0.5293377171346851,0.35119582738002186,0.4922565859618609,0.5125403346143288,0.5895747713381647,0.07077535801950376,False,True,44,1.0842021724855044e-19
18.0,7.0,14.94946102376135,10000000.0,1.5513438426154222,12.635628127982441,6.779816272386319,4.541896254534874,6.328820163856801,6.583160457757615,7.565215823928028,0.9251415442054525,0.5365634540456254,0.35945156097753,0.5008710370196165,0.5209998577893226,0.5987209933136884,0.07321690182988726,False,True,45,5.421010862427522e-20
18.0,7.0,14.967182542748692,10000000.0,1.615188097051853,12.786251533833765,6.956581814002768,4.704766927969596,6.51750940426053,6.7729295016421895,7.774592117158143,0.9686507949741651,0.5440673363569395,0.36795513646202627,0.509727920416278,0.5297040718869254,0.6080431075977002,0.07575721409914496,False,True,82,7.479618561610692e-18
18.0,7.0,14.984904061736033,10000000.0,1.681684670977985,12.93138047816167,7.136238320342807,4.871333907462745,6.709115901981035,6.965496100412883,7.985568940856779,1.013829678957535,0.5518543308190788,0.3767064093187409,0.518824414246514,0.5386506191025864,0.6175341414122563,0.07840073073943467,False,True,45,1.6263032587282567e-19
18.0,7.0,15.002625580723375,10000000.0,1.750944473981601,13.070900961267707,7.31875812647483,5.0415087946617225,6.903482665328814,7.160708773904227,8.197884862049785,1.0607302833721384,0.5599275939862225,0.38570476584597746,0.5281566041840214,0.5478358986211561,0.6271859060321957,0.08115204043817201,False,True,82,1.1102230246251565e-16
18.0,7.0,15.020347099710717,10000000.0,1.823083149984553,13.204725779294922,7.504092385631035,5.215193681057584,7.10043801441012,7.3584000796490034,8.41126494713961,1.1094058512415748,0.5682883924327675,0.3949490332646691,0.5377194599181789,0.5572550466127069,0.6369889907390972,0.0840158190169408,False,True,45,1.0842021724855044e-19
18.0,7.0,15.038068618698059,10000000.0,1.89822087730378,13.332797735224597,7.692171375132621,5.392284010711901,7.299795781074444,7.558386499428088,8.625422602342926,1.1599124734588715,0.576936028573379,0.4044375470022883,0.5475066768461312,0.5669017598203865,0.6469326823698063,0.08699693016375998,False,True,44,1.0842021724855044e-19
18.0,7.0,15.0557901376854,10000000.0,1.97648299511567,13.455086940248743,7.882903041471315,5.572664951497487,7.501354932305481,7.760468392731943,8.84005892645763,1.2123071484277839,0.5858678636918258,0.4141678887876785,0.5575106995307757,0.576768357365105,0.6570049651640679,0.09010028354416356,False,True,44,5.421010862427522e-20
18.0,7.0,15.073511656672743,10000000.0,2.0579998375464745,13.571592854860713,8.076168835926499,5.7562134868642865,7.704900699675398,7.964430473676168,9.054864178574325,1.2666488958937814,0.5950789212656045,0.42413691218291144,0.5677226529025928,0.5868456679219992,0.6671924419933726,0.09333089412862298,False,True,44,1.0842021724855044e-19
18.0,7.0,15.091233175660083,10000000.0,2.1429072052929263,13.682342299631568,8.271830474204782,5.942798674347465,7.910203000870435,8.170040877933479,9.269519350765924,1.3229988145439582,0.6045624567094423,0.43434073963399455,0.5781322252903611,0.5971229705423667,0.6774804450708363,0.09669388366197967,False,True,45,5.421010862427522e-20
18.0,7.0,15.108954694647425,10000000.0,2.2313465223851874,13.787388730026015,8.469721076766904,6.132276403257336,8.117018965294271,8.377053539358245,9.483695109029652,1.3814182666930133,0.614309296895477,0.44477431682930185,0.5887277949607036,0.6075881157332422,0.6878528845985296,0.10019433655950939,False,True,44,5.421010862427522e-20
18.0,7.0,15.126676213634767,10000000.0,2.323464959686225,13.886811792374955,8.66965258718555,6.324497538268409,8.325091250839256,8.58520619891103,9.697056714207173,1.4419716766115611,0.6243083521838994,0.45543193303311696,0.5994962252898424,0.6182273028014278,0.6982925137310269,0.10383748971116082,False,True,44,5.421010862427522e-20
18.0,7.0,15.144397732622108,10000000.0,2.419415966776795,13.980714011606496,8.871414607913797,6.519296210885247,8.53414971877302,8.794223519831275,9.909260968672315,1.5047230116380084,0.6345466047405687,0.4663063850296246,0.6104230235800653,0.6290253496731637,0.7087807504284727,0.10762848094802732,False,True,44,2.220446049250313e-16
18.0,7.0,15.16211925160945,10000000.0,2.5193591502346724,14.069221035377259,9.074769703035056,6.716500098772261,8.743912413085097,9.003816328186193,10.11996243491389,1.569738519759695,0.6450086810219569,0.47738962106597976,0.6214922909447796,0.6399655180301715,0.7192979916561905,0.11157252528854048,False,True,44,2.168404344971009e-19
18.0,7.0,15.179840770596792,10000000.0,2.623460952855352,14.152477375378442,9.279467954600179,6.915922123544222,8.954084193053125,9.213682741837358,10.328811607175085,1.6370850855801151,0.6556779925148647,0.48867219074846163,0.6326866989825299,0.6510296746961577,0.72982357316073,0.11567480676056116,False,True,43,1.1102230246251565e-16
18.0,7.0,15.197562289584134,10000000.0,2.731894576074065,14.230645854469602,9.485229700063606,7.117362536900834,9.164361274137557,9.423510853418847,10.535458865762143,1.7068298001283462,0.666535433251925,0.5001433251650622,0.6439877267593718,0.6621983956166743,0.7403359603986727,0.11994043120623793,False,True,43,1.1102230246251565e-16
18.0,7.0,15.215283808571476,10000000.0,2.8448405277983757,14.303903976061303,9.691767065330422,7.320612140054337,9.374427858829689,9.632977018158355,10.739556842887449,1.7790418378931607,0.677560970875528,0.5117911971658892,0.6553754747318301,0.6734509008365752,0.750812985102594,0.12437456521454043,False,True,43,1.0842021724855044e-19
18.0,7.0,15.233005327558818,10000000.0,2.9624868106790747,14.372441846217662,9.89876915202055,7.525442923070214,9.583961642452524,9.841751220780516,10.940760239790913,1.8537890390130323,0.688732593802463,0.5236022523932253,0.6668290430393842,0.6847654230286923,0.7612318322004656,0.12898219097688585,False,True,43,1.1102230246251565e-16
18.0,7.0,15.25072684654616,10000000.0,3.085029203036762,14.436459809043203,10.10591283410297,7.731620987343037,9.79263205415432,10.049494713035601,11.138732545219067,1.9311414952941186,0.7000270819700881,0.5355621176945223,0.6783264168421732,0.6961190517595218,0.7715695324584776,0.13376835601235312,False,True,43,2.220446049250313e-16
18.0,7.0,15.268448365533501,10000000.0,3.2126717550772432,14.496165093243128,10.312864943608554,7.938892689683244,10.0001032079002,10.255864988039551,11.33314293285374,2.0111679833036176,0.71142021888365,0.5476546823672473,0.6898447378031995,0.7074881475253036,0.7818028326771941,0.13873793312695176,False,True,43,2.220446049250313e-16
18.0,7.0,15.286169884520843,10000000.0,3.34562686092121,14.551770505371406,10.519274638393293,8.146997338710785,10.206036280663572,10.460515881175375,11.523674667907681,2.09393818147009,0.7228862381048669,0.5598629620844785,0.7013604479878431,0.718848326897002,0.7919087690157027,0.14389576723307776,False,True,43,1.0842021724855044e-19
18.0,7.0,15.303891403508185,10000000.0,3.4841159323700426,14.603490694851303,10.724791871476699,8.355659602029544,10.410088893625046,10.663099665449232,11.710022134659212,2.1795215369222456,0.7343991991762557,0.5721686531409553,0.71284935301772,0.730174715638959,0.801864593839045,0.14924661387230323,False,True,44,1.0842021724855044e-19
18.0,7.0,15.321612922495527,10000000.0,3.628369442698407,14.651541273210865,10.929049380839558,8.564593276207042,10.611920929597375,10.863270788498786,11.891897614097019,2.2679865774352472,0.745931719881404,0.5845523768797413,0.7242870037844003,0.7414421859058187,0.8116482349771879,0.15479508504556266,False,True,44,1.0842021724855044e-19
18.0,7.0,15.339334441482869,10000000.0,3.77862759853918,14.696135634109947,11.131684140753057,8.773504755659976,10.811192410513529,11.060685319444556,12.069030889451632,2.3594023682119802,0.757456546258069,0.5969939972040366,0.7356486548355333,0.7526254244532516,0.8212383983065068,0.16054576706108867,False,True,43,2.168404344971009e-19
18.0,7.0,15.35705596047021,10000000.0,3.9351405196858664,14.737484010920001,11.33232424653888,8.98208731308644,11.007569731962299,11.255006755074508,12.24117251574791,2.453835899444598,0.7689456516554652,0.6094722346386264,0.7469096980058498,0.7636993361102146,0.8306148123165118,0.16650304065649094,False,True,43,2.168404344971009e-19
18.0,7.0,15.374777479457553,10000000.0,4.098168783264108,14.775791413578144,11.53059965190654,9.190032487496868,11.200725029901887,11.44590498513462,12.408096617303695,2.5513544526073537,0.7803710359169357,0.6219654995299765,0.7580456921995415,0.7746390473958951,0.8397585124206162,0.17267125537944442,False,True,43,1.1102230246251565e-16
18.0,7.0,15.392498998444895,10000000.0,4.267983832565447,14.811256411522477,11.726143268667089,9.397020646190956,11.39034018059791,11.633061601897412,12.569600611803825,2.6520229263413637,0.7917048319779738,0.6344512838816635,0.7690326778582234,0.7854203099777156,0.8486518808779283,0.1790545550395179,False,True,43,1.6263032587282567e-19
18.0,7.0,15.410220517432236,10000000.0,4.44486835085608,14.844070346604566,11.918587723362961,9.602732892395732,11.576109137143774,11.816170526094613,12.725510141332792,2.755905436173287,0.8029191081063032,0.6469069916926298,0.7798473644253306,0.7960195721382743,0.8572790241622391,0.18565699109635878,False,True,44,1.0842021724855044e-19
18.0,7.0,15.427942036419577,10000000.0,4.629116896809605,14.874415916845368,12.107578508999424,9.806845346971974,11.75773902574264,11.994941004385872,12.875676600517147,2.8630638609938246,0.8139868198311919,0.659309609318216,0.7904672755874016,0.8064142532683604,0.8656256939766868,0.19248243944499271,False,True,43,1.0842021724855044e-19
18.0,7.0,15.44566355540692,10000000.0,4.821036169381215,14.90246737996764,12.292762861378664,10.009035315327521,11.934954870367974,12.169100642202274,13.019982221252189,2.97355790165177,0.8248810447257197,0.6716361163643262,0.800871061553962,0.8165829410611801,0.8736796323241113,0.1995346022799499,False,True,44,1.0842021724855044e-19
18.0,7.0,15.46338507439426,10000000.0,5.020945774130149,14.928389293200226,12.47380636201903,10.208983012556125,12.10749890469043,12.33839598869426,13.15833717321546,3.0874450068213415,0.8355761708130668,0.6838636648634453,0.8110385298034336,0.8265055088236686,0.8814304688054315,0.20681702132645016,False,True,43,1.6263032587282567e-19
18.0,7.0,15.481106593381602,10000000.0,5.229178507181625,14.952337160538015,12.650383383631612,10.406370621896107,12.275135727696705,12.502597000691573,13.290682969210616,3.204779250300352,0.8460472264508798,0.695969500297281,0.8209509721391958,0.836163394822867,0.8888699356169675,0.21433299797160524,False,True,43,1.0842021724855044e-19
18.0,7.0,15.498828112368944,10000000.0,5.446081122220765,14.97445671428223,12.822188045985616,10.600890445956802,12.437651667143546,12.661496398385301,13.416990484605375,3.3256119177689842,0.8562706674864645,0.7079315562644727,0.8305911796640243,0.8455396172275893,0.8959918039502972,0.22208564766140104,False,True,43,2.168404344971009e-19
18.0,7.0,15.516549631356286,10000000.0,5.672014764094437,14.994884495110757,12.988932990142802,10.792239516128696,12.594858396026613,12.81491382986735,13.537260581247223,3.4499900634442255,0.8662242776446849,0.7197280859114068,0.8399436754670102,0.8546190425171859,0.9027919211822667,0.23007780183762883,False,True,44,1.0842021724855044e-19
18.0,7.0,15.534271150343628,10000000.0,5.9073556293279745,15.013747899080798,13.150350901670212,10.98012988799213,12.746593567690685,12.962695426062409,13.651523624188302,3.5779569291182445,0.8758872861103075,0.7313383681275465,0.8489947782106481,0.8633883766528434,0.9092682064432495,0.23831204261377675,False,True,43,1.0842021724855044e-19
18.0,7.0,15.55199266933097,10000000.0,6.1524956323558895,15.031165381434063,13.306201882474491,11.164283685862294,12.892721922693504,13.104716115235286,13.75983720344076,3.7095509126494006,0.8852408675450952,0.7427423890666524,0.8577326904152166,0.8718363335567942,0.9154205182544529,0.246790639216258,False,True,43,2.168404344971009e-19
18.0,7.0,15.569714188318311,10000000.0,6.407842929168502,15.0472472176242,13.456267569741984,11.344440510092605,13.033137307755508,13.24088026917938,13.862286794378855,3.8448052637822774,0.894267727188082,0.7539213216890159,0.8661476161892488,0.8799536604722558,0.9212506841877728,0.25551552441293185,False,True,43,1.6263032587282567e-19
18.0,7.0,15.587435707305653,10000000.0,6.6738228021495,15.062095353376531,13.600362754208662,11.520356729831386,13.16776149666243,13.371121570468441,13.958981479649959,3.9837477610344036,0.9029529049661615,0.7648575088358355,0.874231717946903,0.8877331643947521,0.9267622566551285,0.26448828450294937,False,True,83,1.1102230246251565e-16
18.0,7.0,15.605157226292995,10000000.0,6.950878121347133,15.075804537503638,13.738327448108418,11.691807372038372,13.296546637793302,13.495404548518085,14.050054695570395,4.12639969181226,0.9112832030908853,0.7755345555822911,0.8819792406246626,0.895169774518233,0.9319605239387713,0.2737100817105406,False,True,46,1.1102230246251565e-16
18.0,7.0,15.622878745280337,10000000.0,7.239470342811281,15.088462095894627,13.870036420281682,11.858590413470997,13.41947294259159,13.613722546886525,14.135659392256738,4.27277594425758,0.9192478552241277,0.7859376481250242,0.8893863971890715,0.9022604464500488,0.9368522320179249,0.28318167332773736,False,True,43,5.421010862427522e-20
26.0,3.5,14.222878745280337,3162.2776601683795,0.9004650660749218,1.9257121777709938,1.4533941874615937,-0.07341761865516187,0.7334054086484473,0.8298577047454353,1.0404763326569586,0.0002662491938022568,0.7547307454553739,-0.03812491788889374,0.38084892286310507,0.43093548159725154,0.5403072923708189,0.00013826011845157436,True,True,220,1.0587911840678754e-22
26.0,3.5,14.240600264267679,3162.2776601683795,0.9325320712351342,1.9796351497704763,1.5356596362034123,-0.08517772773888684,0.7605566733725154,0.862297220661507,1.07583641900077,0.00028850419115169525,0.7757286166501238,-0.04302698290074439,0.3841903259096487,0.43558391088453036,0.5434518674441122,0.00014573604190910893,True,True,44,7.411538288475128e-22
26.0,3.5,14.25832178325502,3162.2776601683795,0.9656506677454709,2.0344182666546318,1.6217532969717878,-0.09696928804932581,0.7886793109783802,0.895842568746426,1.1121495839898945,0.0003128117180574159,0.7971582459483987,-0.04766438133136738,0.38766822138068646,0.4403433568356308,0.5466671245626875,0.0001537597863647769,True,True,44,9.529120656610879e-22
26.0,3.5,14.276043302242362,3162.2776601683795,1.005869325066389,2.0734025788614794,1.687758793202131,-0.09958919302481538,0.814848881356684,0.926213941785335,1.1415037265111334,0.0003258402526057938,0.8140043860314342,-0.048031768668629966,0.3930008044092062,0.4467120622054622,0.5505461110875735,0.00015715242950296466,True,True,85,6.260231173447144e-10
26.0,3.5,14.293764821229704,3162.2776601683795,1.0351647064427976,2.146515695907328,1.805904109014784,-0.12044543505742,0.8479896522135432,0.966372098685458,1.1876796193332766,0.00036849033782565186,0.8413188463788204,-0.056112068170322854,0.39505401885966623,0.45020499991125124,0.5533058163039645,0.00017166906281106491,True,True,143,2.1076562007851145e-20
26.0,3.5,14.311486340217046,3162.2776601683795,1.078278573589323,2.1853994078799563,1.8797867927082224,-0.12355661173669906,0.8756373857756183,0.9986286672689378,1.2179456467349814,0.00038383790665815723,0.8601570888736503,-0.056537313633008,0.40067613389950957,0.45695476244212124,0.5573103215565084,0.00017563741679170502,True,True,85,6.194904233124093e-10
26.0,3.5,14.329207859204388,3162.2776601683795,1.1092615427496735,2.2618925713679645,2.006841437579409,-0.1434280741287,0.9116434643917578,1.0416866140798156,1.2671499716628276,0.00043533798061274476,0.8872399436573135,-0.06341064820861783,0.40304454593986627,0.460537616713519,0.5602166909706375,0.00019246624977836934,True,True,193,9.248540992832892e-20
26.0,3.5,14.34692937819173,3162.2776601683795,1.1554614899534392,2.3004894057728813,2.08939860967532,-0.1469572098477317,0.9408139359825147,1.0758808402654072,1.2982520263439048,0.000453469793846657,0.9082409179682172,-0.06388084617079964,0.40896251624616164,0.46767476414608833,0.5643373201745908,0.00019711883597842847,True,True,85,6.142102566579997e-10
26.0,3.5,14.364650897179072,3162.2776601683795,1.188211078765522,2.380422265790053,2.2256129246053575,-0.16548650532810477,0.9799602534630629,1.122025922624431,1.3506343239093597,0.0005158563188102824,0.9349655968987021,-0.06951981071021467,0.4116749652137109,0.47135583410955656,0.5673927451107459,0.00021670790356141778,True,True,178,5.293955920339377e-23
26.0,3.5,14.382372416166413,3162.2776601683795,1.2376992174869104,2.418544774221415,2.317700394521324,-0.1693505937110042,1.010694891771345,1.1582027327780096,1.3824841217093264,0.0005373417941046985,0.9583036953564132,-0.07002169052897607,0.41789381058562824,0.4788841393895061,0.5716181633041629,0.00022217566523145357,True,True,85,6.100143246672535e-10
26.0,3.5,14.400093935153755,3162.2776601683795,1.2722990530399556,2.5019697359104325,2.4633107127210554,-0.1861870226263512,1.0532739877791715,1.207630280277275,1.4381957842708253,0.0006130790869913078,0.9845485648229435,-0.07441617696410716,0.42097790898973425,0.48267181770599427,0.5748254120058273,0.0002450385702879882,True,True,179,1.9356026333740848e-20
26.0,3.5,14.417815454141095,3162.2776601683795,1.3252893955448755,2.539432744040085,2.565844693737882,-0.19029637982676423,1.0856101988403377,1.2458256585815441,1.4706929623301863,0.0006386140170863326,1.010400728178285,-0.07493657009557739,0.42750106353011624,0.4905921062510639,0.5791423166381647,0.0002514790039567404,True,True,85,6.42622120477248e-10
26.0,3.5,14.435536973128437,3162.2776601683795,1.361592469155604,2.6268851368337383,2.730025175785563,-0.20501563388790225,1.1321311814057191,1.299253453097302,1.529968361739666,0.0007302645800310683,1.039263246613113,-0.07804514594612752,0.430978562987459,0.4945985018070985,0.5824268218989513,0.00027799638811435725,True,True,185,1.0587911840678754e-22
26.0,3.5,14.45325849211578,3162.2776601683795,1.418301818361114,2.6635230339431013,2.8444839223235387,-0.20927563835582333,1.1661093793535013,1.3395149262065706,1.5630035947485568,0.0007606804932178135,1.06794042554704,-0.07857098875770185,0.4378071315670897,0.502910960084149,0.5868181257793267,0.00028559185842357666,True,True,85,6.748232103387329e-10
26.0,3.5,14.470980011103121,3162.2776601683795,1.4565477384665937,2.754755153541654,3.0216140043659983,-0.22164105233218193,1.2168043471238952,1.3968013122876113,1.6259361492994078,0.0008719136962824378,1.0968720760831527,-0.08045762326543936,0.4417105257283971,0.5070509843649125,0.5902289164280249,0.00031651222982974044,True,True,261,1.0587911840678754e-22
26.0,3.5,14.488701530090463,3162.2776601683795,1.5062563948418246,2.8197517502968044,3.176917074046261,-0.22901887672101062,1.2614396078558536,1.447859094039152,1.6754998786568338,0.0009534938599810664,1.1266655207189291,-0.08121951753267086,0.4473583916467383,0.5134704123817821,0.5942012017478037,0.000338148157858472,True,True,84,1.0587911840678754e-22
26.0,3.5,14.506423049077805,3162.2776601683795,1.568990892735376,2.8548450263194654,3.3116562308947186,-0.23333204662953508,1.2979362857921424,1.4912551891991466,1.7091111451663337,0.0009932078403682436,1.1600126102691413,-0.08173194848700854,0.4546433427475652,0.5223594189705312,0.5986703759432297,0.0003479025415431082,True,True,85,7.180890407642005e-10
26.0,3.5,14.524144568065147,3162.2776601683795,1.6103406505455269,2.951825480870584,3.5075687501992148,-0.24171184168845175,1.3555655368982926,1.5547081365578035,1.7777988668726579,0.0011417929962944512,1.1882710454700476,-0.08188554616621965,0.4592295668165635,0.5266937854670434,0.6022709941335456,0.0003868091131043768,True,True,186,1.6385455317940415e-19
26.0,3.5,14.541866087052489,3162.2776601683795,1.6648004732242663,3.0188907788880837,3.6833452110740468,-0.2469641259181655,1.4051610073056289,1.6105663544219326,1.8305366994608268,0.0012501508070548273,1.2200988644016775,-0.08180624739565014,0.4654560599317797,0.5334960660667345,0.6063606912387367,0.00041410931981954055,True,True,45,1.0587911840678754e-22
26.0,3.5,14.55958760603983,3162.2776601683795,1.72092905647909,3.0866382918443747,3.866381122446039,-0.2514536937583299,1.456515800336572,1.6680925827336786,1.8843334619086072,0.0013691838930060419,1.2526187900480366,-0.08146522850530616,0.47187770727299977,0.5404237312616681,0.6104808156133681,0.0004435841726656953,True,True,121,1.0587911840678754e-22
26.0,3.5,14.577309125027172,3162.2776601683795,1.792604516671892,3.119174534908978,4.033003701070968,-0.25554536925286914,1.496438332639047,1.7156614198306355,1.9182367534226543,0.0014262130321657305,1.2929714756050537,-0.0819272427345353,0.4797546004211384,0.5500370051849954,0.6149821794049211,0.000457240534700425,True,True,85,7.628706648844907e-10
26.0,3.5,14.595030644014514,3162.2776601683795,1.8383675992399506,3.224182770177636,4.255162481465073,-0.2580798421640854,1.5647143436868824,1.7882855695143025,1.9950997480276307,0.0016433210706477308,1.3197646612417802,-0.08004504104147499,0.4853057209286788,0.5546477036150705,0.6187923856182975,0.0005096860779257846,True,True,296,1.0587911840678754e-22
26.0,3.5,14.612752163001856,3162.2776601683795,1.9149342904600088,3.2552708957827763,4.44002805457801,-0.2619574560279502,1.6063613591683017,1.8379064329447568,2.0289316778948416,0.0017117695563288573,1.3639504043519373,-0.08047178388972717,0.4934647255469131,0.564594005164294,0.6232758325960936,0.0005258455013825318,True,True,85,7.784929558476636e-10
26.0,3.5,14.630473681989198,3162.2776601683795,1.9630115140534399,3.3644927184472793,4.675877558811147,-0.26152325966625417,1.680578640709081,1.9155613156545828,2.1100791850774763,0.0019730760938098412,1.3897719359514842,-0.07773036875138423,0.49950431798962897,0.5693462509672539,0.6271611686088839,0.0005864408869104107,True,True,216,4.129285617864714e-21
26.0,3.5,14.64819520097654,3162.2776601683795,2.0281492058472894,3.4357064668352595,4.898887177837053,-0.26205841678539044,1.741510847648948,1.9819397257093028,2.1691389366270846,0.0021619499236602054,1.4258747728089753,-0.07627497264828358,0.5068858077544413,0.5768652662388041,0.6313516470530001,0.0006292592060845196,True,True,87,1.0587911840678754e-22
26.0,3.5,14.665916719963882,3162.2776601683795,2.0952259107726383,3.507642907162712,5.130730574718388,-0.2618195829730806,1.8045064147219478,2.0501893608136443,2.2292381813663082,0.002368675466329226,1.4627288781994547,-0.07464259900528562,0.5144498634787171,0.5844920406883768,0.6355373794790048,0.0006752897968867696,True,True,86,1.0587911840678754e-22
26.0,3.5,14.683638238951223,3162.2776601683795,2.182490566335932,3.5356101830318734,5.35723230792407,-0.2651274868026693,1.8495760572840398,2.1037694736492814,2.2624802271195215,0.00246734062498099,1.5152214273039881,-0.07498775970130166,0.5231278227901195,0.5950230270706051,0.6399122386222422,0.0006978542591664288,True,True,85,7.948155906627213e-10
26.0,3.5,14.701359757938565,3162.2776601683795,2.2353881341141153,3.6537441441245746,5.622280076459818,-0.25910536990132943,1.9368600501900701,2.1924261244444856,2.352527266948266,0.0028418705737523514,1.5387722442198803,-0.07091502844225844,0.5301028133851818,0.6000491654485522,0.6438675435802645,0.0007777968192770801,True,True,267,8.106370003019671e-21
26.0,3.5,14.719081276925907,3162.2776601683795,2.308572110363327,3.727943347103966,5.882746418115246,-0.2566874873744419,2.006296127401639,2.266471629031428,2.4157003940840918,0.0031117055252569423,1.578013899456178,-0.06885498610751375,0.5381777405389543,0.607968367006469,0.6479981504978386,0.0008346976430514308,True,True,45,1.2705494208814505e-21
26.0,3.5,14.736802795913249,3162.2776601683795,2.4047224820335553,3.7534686912645348,6.145500738409284,-0.2594997419131486,2.0538598749576003,2.3228295730126876,2.448114220848051,0.003241325983893706,1.6372857332503497,-0.06913598147683597,0.5471898246380895,0.6188487940284728,0.6522271589864486,0.000863554821021222,True,True,85,8.152807181219518e-10
26.0,3.5,14.75452431490059,3162.2776601683795,2.4614035839289947,3.8787290685918316,6.435289223754945,-0.2499097995201179,2.151847720347486,2.420544266594212,2.545053637703552,0.0037272391851533764,1.6591231586307393,-0.06443084708952034,0.5547816520035291,0.6240560306711467,0.6561565896190659,0.0009609434222500481,True,True,223,1.5881867761018131e-21
26.0,3.5,14.772245833887931,3162.2776601683795,2.5639192767950743,3.902621832542927,6.724923246539942,-0.2523840856034065,2.2010103450480645,2.4786295401976663,2.576740547495333,0.0038825049822832683,1.7231808602264747,-0.06467039247790875,0.5639824813909521,0.6351190677838762,0.6602588357418027,0.000994845298590832,True,True,85,8.264962481715045e-10
26.0,3.5,14.789967352875273,3162.2776601683795,2.623219520070224,4.0328167710610705,7.033534636214328,-0.24082530735087415,2.306462065939258,2.582727073662116,2.67833542041227,0.004458118987038708,1.744074932113452,-0.05971640196475151,0.5719233470982632,0.640427577120638,0.6641351622101035,0.0011054603370600784,True,True,263,2.0891273550639267e-20
26.0,3.5,14.807688871862615,3162.2776601683795,2.707643784610748,4.111138626516157,7.351365044427473,-0.2355329552688889,2.38720447959023,2.666895521169843,2.746414439492562,0.004872778950405271,1.7881579076444656,-0.05729141648246564,0.5806674735298781,0.6486999742525861,0.668042284387748,0.001185262622616679,True,True,46,4.235164736271502e-22
26.0,3.5,14.825410390849957,3162.2776601683795,2.820415205123116,4.1326265382650424,7.6859851399330825,-0.23751681444693992,2.4386218973220126,2.727336182946352,2.776769698363768,0.0050757757529762216,1.8598305626619263,-0.05747357334317805,0.5900900734054216,0.6599522501472734,0.6719140170671,0.0012282202870204505,True,True,85,8.340090832907604e-10
26.0,3.5,14.843131909837298,3162.2776601683795,2.8838466762799966,4.270399830923256,8.028234424686891,-0.22368586930722575,2.5555762063630243,2.8414171757556765,2.8853672986673304,0.005814266992462508,1.8799725418102584,-0.05238054471795563,0.5984395624637592,0.665374973832688,0.6756667789684502,0.0013615275437113977,True,True,269,5.833939424213994e-20
26.0,3.5,14.86085342882464,3162.2776601683795,2.9757658714217188,4.351353929459533,8.389045858081218,-0.21722513543767255,2.643191785615684,2.9317663414397948,2.956204347742432,0.006347315868272851,1.9279162288513711,-0.04992127483977231,0.6074412305836004,0.6737595674741952,0.6793757519305289,0.0014586990557812957,True,True,45,5.399835038746165e-21
26.0,3.5,14.878574947811982,3162.2776601683795,3.070330842254098,4.433195192304007,8.766113166287127,-0.21046557581887,2.733073647672106,3.024162142946402,3.02792145871381,0.006926496578932282,1.9773803737550362,-0.04747491745552657,0.6165019876446453,0.6821630927048564,0.6830110850905592,0.0015624163336991404,True,True,46,2.117582368135751e-22
26.0,3.5,14.896296466799324,3162.2776601683795,3.1982079184381447,4.451642967862107,9.171281600138695,-0.21186811933714528,2.7871109570356722,3.087190600388971,3.0561113485929012,0.007215076319723204,2.060201518034854,-0.04759324161139871,0.6260859141572571,0.6934946541482389,0.6865131302433701,0.0016207670677570603,True,True,85,8.284316219053683e-10
26.0,3.5,14.914017985786666,3162.2776601683795,3.267727979362071,4.599532180108793,9.573663578513695,-0.19621531394796266,2.919535259521746,3.2150221305701816,3.173906810763816,0.008239097523348279,2.0814428954136046,-0.04265984153704118,0.6347461318234956,0.698988941630611,0.690049919530891,0.0017912903314339676,True,True,201,2.3730157412921258e-20
26.0,3.5,14.931739504774008,3162.2776601683795,3.403826504646351,4.616557259931959,10.01975553997565,-0.19736913786593338,2.974660479724679,3.2790556040795997,3.200878285878181,0.008582384996740139,2.1703955947734364,-0.04275245096144271,0.6443460596800918,0.7102815841881117,0.6933474677459881,0.0018590444163291131,True,True,85,8.203396803069414e-10
26.0,3.5,14.94946102376135,3162.2776601683795,3.4767483224546547,4.769361782608347,10.461308739559803,-0.18122892003292781,3.1146982531084113,3.413792337408717,3.3231282845226224,0.009787487603737386,2.193439964589675,-0.03799856842351229,0.653063951756873,0.7157755047766006,0.6967658223455666,0.002052158768795401,True,True,301,4.235164736271502e-22
26.0,3.5,14.967182542748692,3162.2776601683795,3.6215523950271358,4.785038862559721,10.95300004734315,-0.18216451794211158,3.1707284481739126,3.478606408835969,3.348811786741846,0.01019531342271197,2.289009632302949,-0.03806960051410409,0.6626337923779694,0.726975581338354,0.69985048876916,0.0021306647062962546,True,True,85,8.098074155772934e-10
26.0,3.5,14.984904061736033,3162.2776601683795,3.698182963462874,4.942589420354218,11.441416145453564,-0.1657405711307319,3.3182130745258673,3.620177018562571,3.475366100332678,0.01161407219410114,2.3148627515642595,-0.033533145692456454,0.6713511465996022,0.7324454270173074,0.7031468335242806,0.002349795058086941,True,True,305,5.293955920339377e-22
26.0,3.5,15.002625580723375,3162.2776601683795,3.8522096299227315,4.956997178527128,11.984269361807225,-0.16648817562286586,3.374939854067476,3.6855240796876236,3.499708729650722,0.012098039307662739,2.4176470008337003,-0.03358649795970521,0.680843610056335,0.7434993297258046,0.7060138635565232,0.0024405983848587603,True,True,85,7.977357886438922e-10
26.0,3.5,15.020347099710717,3162.2776601683795,3.932899082404566,5.1190980494981035,12.528479680546255,-0.14992386631326868,3.5296650295484304,3.833804345394644,3.630375434244854,0.013769563707191271,2.4473998269626027,-0.02928716443084496,0.6895091665404792,0.7489218429349142,0.7091826331790598,0.0026898417600228017,True,True,290,9.706468179942248e-20
26.0,3.5,15.038068618698059,3162.2776601683795,4.05552947583079,5.208542785488915,13.117282110507261,-0.14193072208442087,3.6382240187259947,3.943199461113215,3.7088350826573357,0.014989117074384965,2.51841688755101,-0.027249602802504026,0.6985109211087113,0.7570638513518662,0.7120677002001808,0.0028777947483017495,True,True,45,1.376428539288238e-20
26.0,3.5,15.0557901376854,3162.2776601683795,4.224439368084199,5.2211976319796705,13.749730540399458,-0.14244946129322866,3.695554973309362,4.008836331986579,3.731104147237918,0.015613802435509094,2.6334438015107478,-0.027282909273675108,0.7077983316843256,0.7678001513355065,0.7146069561483409,0.002990463785525958,True,True,85,7.785740425904045e-10
26.0,3.5,15.073511656672743,3162.2776601683795,4.311947661053703,5.389752493251485,14.397119254182678,-0.12583377870886575,3.860713132189086,4.1668681117936535,3.8674859504760715,0.017754731242524285,2.6712022995878435,-0.023346856625869623,0.716306200891987,0.7731093620738603,0.7175628111529342,0.003294164484316303,True,True,299,8.470329472543003e-22
26.0,3.5,15.091233175660083,3162.2776601683795,4.445994541764804,5.4814932144847175,15.093391340084358,-0.117745303470706,3.9745189499289917,4.281018399969868,3.9475993666049725,0.019320253892623318,2.753518201974678,-0.02148051614103376,0.7250796077657121,0.7809949282902289,0.720168613211731,0.0035246333684350825,True,True,46,2.117582368135751e-22
26.0,3.5,15.108954694647425,3162.2776601683795,4.584109852483533,5.573982579565406,15.831002818955302,-0.10963663039424289,4.089951941880951,4.396631421793846,4.028186338158364,0.021021974588196102,2.840160081768612,-0.019669352896110246,0.7337575752165048,0.7887773883456672,0.7226765209001487,0.003771446051027154,True,True,47,5.082197683525802e-21
26.0,3.5,15.126676213634767,3162.2776601683795,4.775034738093487,5.584579324851822,16.61443270607485,-0.10993580181399992,4.147174439391089,4.461622225014591,4.047660418785689,0.021898261330043686,2.9750553693703132,-0.019685601263604025,0.7426117883106851,0.7989182291958891,0.7247923582664998,0.003921201590349819,True,True,85,7.543728193194395e-10
26.0,3.5,15.144397732622108,3162.2776601683795,4.873103821553982,5.761180288402199,17.443136207048354,-0.09338059034248208,4.325445774304558,4.631988623321121,4.190611808187989,0.02488282572682912,3.0277018482068745,-0.016208586724922674,0.7507916013342073,0.8039999429710178,0.7273877223776675,0.004319050000382838,True,True,302,8.470329472543003e-22
26.0,3.5,15.16211925160945,3162.2776601683795,5.0242687423961465,5.8558841611354495,18.32469014643522,-0.08523906702437882,4.445383036218207,4.751605919067448,4.2723666016751825,0.027068978914826916,3.1292781144909263,-0.014556139547653049,0.7591309721803396,0.8114241655603577,0.7295852315573769,0.00462252636322271,True,True,83,4.235164736271502e-22
26.0,3.5,15.179840770596792,3162.2776601683795,5.233525929894817,5.8651367724112635,19.253287995052993,-0.08542476951046175,4.501796526858144,4.8153050250431635,4.289787348399491,0.028197546377261476,3.282666499035046,-0.014564838438599972,0.7675518409108428,0.8210047287718245,0.7314044863502616,0.004807653678239622,True,True,85,7.388397839301731e-10
26.0,3.5,15.197562289584134,3162.2776601683795,5.3406769058354175,6.047506314889136,20.25859206941231,-0.06894834751466827,4.689332662102992,4.994404496762143,4.436742791017454,0.03202904469014258,3.349908377860651,-0.011401120383275242,0.7754159182203281,0.8258618076124656,0.733648310559687,0.005296239974365325,True,True,413,8.470329472543003e-22
26.0,3.5,15.215283808571476,3162.2776601683795,5.506233091578432,6.144424707779744,21.319988927473492,-0.06080511300497015,4.813218355215681,5.117456625961025,4.519279186531609,0.03483742205431541,3.469810428383841,-0.009895981462346173,0.7833472756402141,0.8328618006306715,0.7355089209262403,0.005669761403407893,True,True,85,4.235164736271502e-22
26.0,3.5,15.233005327558818,3162.2776601683795,5.735563748343083,6.152491000875775,22.430810388134272,-0.06091056105282486,4.868198830029065,5.179182207032378,4.534730935581354,0.036290213092086104,3.6458095403863835,-0.009900146305643447,0.7912565543510915,0.8418024839524589,0.7370560858903912,0.005898458540926005,True,True,85,7.258541038330334e-10
26.0,3.5,15.25072684654616,3162.2776601683795,5.974445862384858,6.15992755996419,23.610244031178286,-0.06100783648125313,4.920995520954267,5.238604224477389,4.549060670358409,0.03780366885227103,3.832876896902265,-0.009903986027005776,0.7988723037812597,0.8504327645872256,0.7384925595431603,0.006137031399195674,True,False,85,1.4132232098187455e-09
26.0,3.5,15.268448365533501,3162.2776601683795,6.0343011933019834,6.439606358011562,24.945114607891536,-0.03641392263223248,5.1917517844201235,5.492445066914834,4.767774254237611,0.04481436531591804,3.8737017794351876,-0.005654681452217906,0.8062219172699938,0.8529162749337376,0.7403828726745055,0.0069591777547340535,True,True,418,4.235164736271502e-22
26.0,3.5,15.286169884520843,3162.2776601683795,6.2213823635209025,6.539464881817894,26.3211860137074,-0.028306703007988782,5.319999531173235,5.619163327129755,4.850769463779433,0.04873366163884523,4.024975512429148,-0.004328596226075283,0.8135221501020338,0.8592695929529472,0.7417685623278363,0.007452239979809762,True,True,45,2.837560373301906e-20
26.0,3.5,15.303891403508185,3162.2776601683795,6.480498474241394,6.5461699642876425,27.754257823236628,-0.028342838707693066,5.372156656034528,5.677276274123078,4.863782724148869,0.05076675710892002,4.239770426776088,-0.004329682678927715,0.8206564579505429,0.8672668606368643,0.742996706575453,0.007755184693626342,True,True,85,7.119034559003751e-10
26.0,3.5,15.321612922495527,3162.2776601683795,6.613275046337973,6.741339407049738,29.368875557070776,-0.01214590579639997,5.5791901185974195,5.874778035310381,5.016787492050817,0.05762126872928282,4.356534181672911,-0.0018017051305410348,0.8276085480524829,0.8714556085348333,0.7441826006868196,0.008547451070187258,True,True,471,4.235164736271502e-22
26.0,3.5,15.339334441482869,3162.2776601683795,6.888713206059468,6.747448243055796,31.008682611326936,-0.012159204497426763,5.629584162858758,5.930713771950776,5.028676482892669,0.060025718437945214,4.595616223250001,-0.001802044870805868,0.834327876268262,0.8789565415421199,0.7452708493270743,0.008896062077944989,True,True,85,7.06046119879264e-10
26.0,3.5,15.35705596047021,3162.2776601683795,7.030204586923894,6.945992833113824,32.870453831658764,0.003925831418008809,5.841486351044236,6.132821443698763,5.182643338581315,0.06811488240128845,4.732290202626547,0.0005651937041013179,0.8409865214942286,0.8829294229129626,0.7461342767118843,0.009806356562385508,True,True,428,1.2705494208814505e-21
26.0,3.5,15.374777479457553,3162.2776601683795,7.248621666225158,7.049308816261477,34.81763110636185,0.01192163490325727,5.97360784736861,6.2625690878641525,5.265450567363041,0.07405184101478715,4.93915531492164,0.00169117784650833,0.847403341670687,0.8883947704798435,0.7469456516384417,0.01050483713296302,True,True,46,8.470329472543003e-22
26.0,3.5,15.392498998444895,3162.2776601683795,7.473995263523045,7.153249976307625,36.91198250572877,0.019888268698397316,6.106274621539873,6.392700726469874,5.348153693418863,0.08050176499690041,5.160169521264523,0.00278031227264104,0.8536364088721277,0.8936778034660083,0.7476536834491391,0.011253872752040176,True,True,45,3.4304834363799164e-20
26.0,3.5,15.410220517432236,3162.2776601683795,7.785281802602028,7.158312934442587,39.094503111254504,0.019904287857577557,6.152562215763707,6.443687375184483,5.358002014633537,0.08386293855964405,5.461412971085591,0.002780583643082585,0.8594989171485282,0.9001684383174077,0.7485006682025925,0.011715461356283163,True,True,85,6.959090147565142e-10
26.0,3.5,15.427942036419577,3162.2776601683795,7.946665514529302,7.36286023858404,41.59990855042583,0.03572384187265069,6.37290464262966,6.653793258291094,5.513209756626666,0.09512018627728228,5.649965801663234,0.004851897321837631,0.8655474144726181,0.9036968029656219,0.7487864196763454,0.01291891781115418,True,True,458,8.470329472543003e-22
26.0,3.5,15.44566355540692,3162.2776601683795,8.277638430355095,7.367465334595071,44.14037758103531,0.035748523421239686,6.416907404438336,6.702076678087056,5.522143896427226,0.09909311114931998,5.991256908093934,0.004852214675972342,0.8709789748594753,0.9096855395595036,0.7495310321308397,0.01345009533794655,True,True,85,6.914220922275528e-10
26.0,3.5,15.46338507439426,3162.2776601683795,8.450455490637868,7.57449139589549,47.066728653236375,0.051418060294425534,6.640688135847198,6.915443619005683,5.677794743265841,0.11236842336771916,6.213846738111179,0.006788318529517144,0.8767173647389307,0.9129911511620522,0.7495941900920976,0.014835111361881013,True,True,425,7.104065328621817e-18
26.0,3.5,15.481106593381602,3162.2776601683795,8.802410897428118,7.578676998758552,50.04305792449905,0.051448534546199784,6.682294165967945,6.960920379575109,5.685884715257357,0.11706362011716692,6.603139035044838,0.006788590482828001,0.8817230457324621,0.9184875382227483,0.7502476640960883,0.01544644535402985,True,True,85,6.872169307363733e-10
26.0,3.5,15.498828112368944,3162.2776601683795,8.98786137662794,7.787720281067799,53.47840782004735,0.06695943684446523,6.908892946708157,7.176957606753726,5.841989376615903,0.1327153021917126,6.8670170332202485,0.008598079338730977,0.8871521700007511,0.9215736245947538,0.7501539816238609,0.0170416113319257,True,True,312,8.470329472543003e-22
26.0,3.5,15.516549631356286,3162.2776601683795,9.362199352905087,7.791521376506537,56.989512773968386,0.06699348238552111,6.948023454177612,7.2195618903758065,5.849303316539279,0.13826314674302256,7.314298455986604,0.008598254326494421,0.8917415634804916,0.9265920661072256,0.7507267238175652,0.017745333685398323,True,True,85,6.832347744009395e-10
26.0,3.5,15.534271150343628,3162.2776601683795,9.561660224722885,8.002040056033344,61.04424782791419,0.08233966364201893,7.176749102697396,7.437607688588387,6.005974542853919,0.156712490963422,7.6285856357202695,0.010289833975516884,0.8968649309979774,0.9294639412584058,0.7505554209673769,0.019584067296097147,True,True,427,8.470329472543003e-22
26.0,3.5,15.55199266933097,3162.2776601683795,9.959896511241505,8.005488562723894,65.21672608994858,0.08237558158319125,7.213358376026942,7.477310800868815,6.0125779426424755,0.16326676900340648,8.146501688056672,0.01028988811085912,0.9010516122169779,0.9340230446003704,0.75105696492266,0.02039435416392056,True,True,85,6.79428225417245e-10
26.0,3.5,15.569714188318311,3162.2776601683795,10.174945605827947,8.216858754666534,70.03003147667826,0.09755358905787931,7.4434477656565505,7.696630697540152,6.170031932829331,0.18500896369493525,8.522725480331115,0.011872370205034434,0.9058751023837733,0.9366877206169653,0.7508991108463724,0.022515777527496696,True,True,379,1.6940658945086007e-21
26.0,3.5,15.587435707305653,3162.2776601683795,10.497458437168113,8.32424704099114,75.15815677124117,0.10509676902248935,7.576099277193196,7.825283817440676,6.252200146779827,0.2010029535276564,9.028823436058468,0.012625378428218275,0.9101242718874348,0.9400590562613751,0.751082964740484,0.024146682881689637,True,True,48,2.541098841762901e-21
26.0,3.5,15.605157226292995,3162.2776601683795,10.831164491466378,8.431501910894298,80.77564081981404,0.11259934916626865,7.708141700959571,7.953228904658127,6.334533270786082,0.21836789518161395,9.580219713340073,0.013354601630437828,0.9142074309441741,0.943275467254749,0.7512935818233364,0.025899050666105167,True,True,45,4.1504614415460717e-20
26.0,3.5,15.622878745280337,3162.2776601683795,11.282274719646328,8.434330209013659,86.81021479348178,0.11263550652224134,7.739697924531208,7.987183342600936,6.33989894276356,0.22751172840610626,10.29248471926186,0.013354410336207758,0.9176422706642304,0.9469848991761239,0.7516778197737851,0.026974486742642283,True,True,85,6.722010451194422e-10
26.0,4.0,14.222878745280337,10000.0,0.5487789279710882,3.2300032821322633,2.521550280458683,0.015042005968684985,1.0522627651779755,1.2529809303227042,1.783164432414492,0.0006706458326858212,0.7806649282393607,0.004656963060035999,0.3257776148398623,0.3879193984891427,0.5520627307961584,0.0002076300777759889,True,True,171,2.117582368135751e-22
26.0,4.0,14.240600264267679,10000.0,0.5691157962662164,3.3253279864514886,2.681906951246467,0.0028832618995290192,1.090454090079032,1.301524388733208,1.8452108466077348,0.000727242280182751,0.8065090006680434,0.0008670609068568285,0.32792377008280416,0.3913972979616022,0.5548958942172767,0.00021869790984401603,True,True,44,1.6940658945086007e-21
26.0,4.0,14.25832178325502,10000.0,0.5901649480522879,3.422421545706724,2.8521020141042994,-0.009206237219368038,1.1300802122420837,1.3517131526344752,1.9090092143686914,0.0007889526518314422,0.8333578946994811,-0.002689977577694032,0.33019901176689326,0.39495811213850596,0.5577948796995679,0.00023052468589708017,True,True,44,1.6940658945086007e-21
26.0,4.0,14.276043302242362,10000.0,0.6119486172487251,3.5212627236850023,3.032742588290005,-0.02116232882439651,1.1712009893965059,1.4035891380789751,1.97458322238672,0.0008562914635577379,0.8612656385707679,-0.0060098693238799655,0.33260823781158927,0.3986039237112415,0.5607599822373714,0.00024317738571396022,True,True,84,4.235164736271502e-22
26.0,4.0,14.293764821229704,10000.0,0.6344888650613207,3.6218305710388905,3.224471696020692,-0.03292219264326346,1.2138803624792593,1.4571964669619955,2.0419553060678526,0.0009298406928259092,0.8902878345012645,-0.009089931734112017,0.33515658412786226,0.40233700566065167,0.5637909521212461,0.0002567322448104447,True,True,88,3.0620241043242957e-19
26.0,4.0,14.311486340217046,10000.0,0.6578089506255195,3.724097860201739,3.4279906936264677,-0.04442349969746919,1.2581820783233577,1.5125779118506946,2.1111466790762714,0.001010231296086419,0.9204888867879452,-0.011928660675705959,0.33784882287040663,0.4061595502135264,0.5668880782208843,0.00027126872977277066,True,True,46,2.117582368135751e-22
26.0,4.0,14.329207859204388,10000.0,0.6819324296781744,3.828036002574868,3.6440444710234345,-0.055603234509594715,1.3041727394275622,1.5697771308438864,2.1821770796835906,0.0010981615890893618,0.9519357886321669,-0.014525264253573917,0.3406897789232732,0.4100737636187331,0.570051347013399,0.00028687337014351506,True,True,44,3.3881317890172014e-21
26.0,4.0,14.34692937819173,10000.0,0.7068833877938268,3.933613303612875,3.873439344490376,-0.06640181877481044,1.3519206925562508,1.6288383079047968,2.255064858384347,0.0011944041579858222,0.9847026246664278,-0.016880616789104023,0.3436841875927567,0.4140819603210032,0.5732807686798179,0.0003036404612748302,True,True,47,4.235164736271502e-22
26.0,4.0,14.364650897179072,10000.0,0.7326870321962311,4.040793202405149,4.1170415241408005,-0.07675805356652096,1.4014948555949522,1.6898045112646845,2.32982678682795,0.0012997942109363482,1.018869642151018,-0.018995788629032846,0.3468365702953466,0.41818633783557246,0.5765765952687698,0.0003216680849103311,True,True,44,4.235164736271502e-21
26.0,4.0,14.382372416166413,10000.0,0.7593682629246884,4.149540419216542,4.375777559259995,-0.08661554359209964,1.4529680462772911,1.7527214084703013,2.406477954289504,0.0014152689066921145,1.0545210112897678,-0.02087352690697568,0.3501515588445865,0.4223892844502586,0.5799384296017681,0.0003410664227146691,True,True,82,2.117582368135751e-22
26.0,4.0,14.400093935153755,10000.0,0.7869536992481589,4.259812097926571,4.650655270514981,-0.09591775571619074,1.5064118929935348,1.8176323678970472,2.4850318826032183,0.0015418299542739689,1.0917512706202814,-0.02251689828358343,0.3536334134847799,0.4266930855428494,0.5833665489172134,0.00036194787911524127,True,True,44,7.623296525288703e-21
26.0,4.0,14.417815454141095,10000.0,0.8154693446570638,4.371568920197971,4.942745114390256,-0.10461224243137067,1.5619025617382185,1.8845840769774527,2.565500106422963,0.0016806003903069835,1.1306570260286366,-0.023930136832117747,0.3572865006249258,0.4311001636666653,0.5868602676191553,0.0003844387269161196,True,True,89,1.1102230246251565e-16
26.0,4.0,14.435536973128437,10000.0,0.8449426772218571,4.484765145610607,5.253218801997458,-0.11264988502325722,1.6195150970368082,1.9536217341252482,2.647892484574139,0.0018327841651639744,1.1713475804054005,-0.02511834652780236,0.3611148063398332,0.4356129408554035,0.5904194308069225,0.0004086689281729241,True,True,45,2.117582368135751e-22
26.0,4.0,14.45325849211578,10000.0,0.8754011657369358,4.599356578980011,5.583325358219325,-0.1199840207899791,1.6793273940584743,2.0247925744059514,2.732216858927778,0.0019997144678795373,1.2139361804945175,-0.026087131695405035,0.3651222437793451,0.4402338761164252,0.5940432780129641,0.0004347813511608638,True,True,45,3.1763735522036263e-22
26.0,4.0,14.470980011103121,10000.0,0.9068726824277792,4.715297866037813,5.934429359506755,-0.12657492496518863,1.741418042841433,2.098144914679175,2.818479004652287,0.002182833987452412,1.2585481401397358,-0.02684346324690352,0.36931241510405743,0.4449655089217538,0.5977308506748925,0.00046292600159459523,True,True,46,7.093900933254765e-21
26.0,4.0,14.488701530090463,10000.0,0.9393862150617639,4.832540559380265,6.3080044731934475,-0.13238438350853363,1.8058652748412976,2.1737266853252772,2.9066828736977697,0.002383716318228985,1.305318474968454,-0.02739436573409968,0.37368859146686306,0.44981033446391616,0.6014813198113187,0.000493263592708403,True,True,184,3.177789685412317e-18
26.0,4.0,14.506423049077805,10000.0,0.9729700583222685,4.951040801855744,6.70565183983015,-0.13738336811671176,1.872750041029907,2.251589600587055,2.996829970982482,0.0026040778987137564,1.3543923607571047,-0.027748381323219527,0.3782538088411561,0.45477096446935283,0.6052929254509907,0.0005259657520369653,True,True,45,4.235164736271502e-22
26.0,4.0,14.524144568065147,10000.0,1.0076543221882124,5.070748742087146,7.129128107621938,-0.14154508180852768,1.942150146388548,2.3317832896093607,3.0889199020388527,0.002845769723410174,1.4059320369101056,-0.027914039722320573,0.38301052668390523,0.45984989756159494,0.609164456602012,0.0005612129230127936,True,True,84,2.117582368135751e-22
26.0,4.0,14.541866087052489,10000.0,1.0434681191670012,5.19162149566752,7.580336871097587,-0.1448518729488908,2.014146552077873,2.414362175829682,3.182949968588376,0.003110816337850232,1.4601096935559503,-0.027901085059797152,0.38796097784838635,0.46504973019402523,0.6130936107812544,0.0005991993716117886,True,True,46,4.235164736271502e-22
26.0,4.0,14.55958760603983,10000.0,1.0804422164842977,5.313611131611459,8.061393267038824,-0.1472910458819156,2.0888160619858276,2.4993787968761123,3.2789150476778177,0.003401387856602922,1.5171214203238175,-0.027719575677199893,0.3931066858767951,0.47037292247581647,0.6170784738407119,0.0006401273582794876,True,True,122,2.117582368135751e-22
26.0,4.0,14.577309125027172,10000.0,1.1186069470705646,5.436675190638107,8.57459973045254,-0.14885680840287263,2.1662368317951843,2.586889189956919,3.376808046729491,0.0037198553518212178,1.5771771220060937,-0.02738011802860733,0.3984488231935245,0.4758219130713405,0.6211163860854362,0.0006842151170308586,True,True,86,4.235164736271502e-22
26.0,4.0,14.595030644014514,10000.0,1.1579935246570536,5.560770026334635,9.122529916997648,-0.14955208250495888,2.2464837774344995,2.6769494615338854,3.476619186775562,0.004068752221817205,1.6405155893509835,-0.02689413189121502,0.4039878949849797,0.48139905963678,0.6252046335869,0.0007316886335073115,True,True,45,6.352747104407253e-22
26.0,4.0,14.612752163001856,10000.0,1.1986338844542723,5.685853146775674,9.708021192526099,-0.14938354664405482,2.3296294286408727,2.769616017887356,3.5783364718744832,0.004450840862299308,1.7073992137892815,-0.02627284644675831,0.40972381250506895,0.4871064986013482,0.6293402906305594,0.000782792088962636,True,True,86,4.235164736271502e-22
26.0,4.0,14.630473681989198,10000.0,1.24055967177598,5.811886867631722,10.334244140777672,-0.1483695259598161,2.4157454572830237,2.864948267021688,3.681945689060994,0.00486906794538314,1.7781220412827408,-0.025528632841450162,0.41565596721042375,0.49294632402043326,0.6335198487029987,0.0008377774819569449,True,True,45,8.470329472543003e-22
26.0,4.0,14.64819520097654,10000.0,1.283804872303,5.938827953084722,11.004754662360236,-0.14653003384083216,2.504896407331039,2.9630018158585867,3.7874298324416915,0.005326637987492546,1.8530179269874607,-0.02467322424531967,0.4217829556806669,0.4989202986288829,0.637740285181092,0.0008969173765550498,True,True,85,4.235164736271502e-22
26.0,4.0,14.665916719963882,10000.0,1.3284020585302847,6.066644205992148,11.723518908499834,-0.14389663533377398,2.5971482851904746,3.0638374348052038,3.8947698261285986,0.005826974930481071,1.9324553262774626,-0.02371931342069547,0.428102950660139,0.5050300183714399,0.6419974031576889,0.0009604939292015261,True,True,123,8.470329472543003e-22
26.0,4.0,14.683638238951223,10000.0,1.3743872967069257,6.1952930462430835,12.49505109733766,-0.1405032854680548,2.6925567777592283,3.1675095123568404,4.003944176669034,0.006373782123122586,2.016861995723486,-0.022679037846846977,0.4346133036260543,0.5112767852487082,0.6462881007859804,0.0010288104332671947,True,True,86,1.6940658945086007e-21
26.0,4.0,14.701359757938565,10000.0,1.4217954552730774,6.324743412286485,13.324399121534313,-0.13639170464026623,2.791178455860529,3.274076416665435,4.114928574714005,0.006971044785284748,2.1067098304178247,-0.021564780695341866,0.4413109392609301,0.5176615402776964,0.6506079862023051,0.0011021861806666741,True,True,123,4.235164736271502e-22
26.0,4.0,14.719081276925907,10000.0,1.4706644323580937,6.454956420578337,14.217350885391596,-0.13160870377290965,2.8930603900641927,3.3835909831949786,4.227696998323735,0.007623037720854064,2.202547927367383,-0.020388782696246006,0.4481920870667918,0.5241849460684389,0.6549536081832991,0.0011809588205044879,True,True,46,6.352747104407253e-22
26.0,4.0,14.736802795913249,10000.0,1.521033014833222,6.585896773840222,15.180436943688166,-0.12620336282268638,2.9982460828163653,3.4961049837921117,4.342220502296782,0.008334409241466,2.3049916305986202,-0.01916266943690608,0.45525251697318886,0.5308472185107663,0.6593210691586414,0.0012654934517909583,True,True,47,4.235164736271502e-22
26.0,4.0,14.75452431490059,10000.0,1.5729413891630453,6.717529586993712,16.2211478593146,-0.12023181349706076,3.10677346154399,3.6116677682618348,4.458467828894785,0.009110115791306316,2.414749000990114,-0.01789821867399738,0.46248749950565693,0.5376482115173177,0.6637064669617746,0.001356170549504547,True,True,45,4.235164736271502e-21
26.0,4.0,14.772245833887931,10000.0,1.6264331699219179,6.849813462814069,17.3480395660523,-0.11374821662893997,3.2186714197640165,3.730321637014868,4.576406039210704,0.00995557976134593,2.5326294884131495,-0.01660603128047949,0.4698918353379084,0.5445873317960926,0.6681066665617791,0.0014534088870291567,True,True,45,5.929230630780102e-21
26.0,4.0,14.789967352875273,10000.0,1.6815523778686665,6.982713366266859,18.570908409336166,-0.1068126100431194,3.3339665726238787,3.8521082828273707,4.695998976234639,0.01087660474882305,2.6595547368521957,-0.0152967198337434,0.477460035625994,0.5516635268800685,0.6725177921409142,0.001557647318214061,True,True,45,6.1409888675936775e-21
26.0,4.0,14.807688871862615,10000.0,1.7383477996242145,7.116182925921009,19.901057116310596,-0.09948188169646281,3.452673729163207,3.977059036928748,4.817208909077553,0.011879516977879883,2.7965915608802185,-0.01397966897872955,0.4851861967441409,0.5588753237978377,0.6769371950137281,0.0016693664428732177,True,True,45,7.199780051661553e-21
26.0,4.0,14.825410390849957,10000.0,1.7968691016791873,7.250181977448006,21.351447824540465,-0.09181448509113281,3.5748055322669883,4.105203070348831,4.939995989653888,0.012971172186184305,2.9449533668196244,-0.012663749044744753,0.4930642490611367,0.5662206939244059,0.6813616547860388,0.0017890822915247755,True,True,45,8.470329472543003e-21
26.0,4.0,14.843131909837298,10000.0,1.8571706218242234,7.384660714385547,22.93710663772033,-0.08386642299003452,3.7003639361947274,4.236559294064628,5.064317537396274,0.014158987682951664,3.1060474576764423,-0.011356841733657464,0.5010878738120363,0.5736972161512688,0.6857887902054629,0.001917351145919205,True,True,45,9.740878893424454e-21
26.0,4.0,14.86085342882464,10000.0,1.9193090844934697,7.519570904059453,24.675365391864357,-0.0756908428651373,3.8293460466636877,4.371140811632338,5.190129544325882,0.015451085914197159,3.2814858329939174,-0.01006584602111744,0.5092506069191274,0.5813018944036514,0.6902161852778038,0.002054782927288559,True,True,45,1.1858461261560205e-20
26.0,4.0,14.878574947811982,10000.0,1.983345122170604,7.65485966099625,26.58636425143479,-0.0673380910388842,3.961741172134377,4.508951615164593,5.317385711689377,0.016856251679727492,3.473135423618554,-0.00879677669102041,0.5175458920978797,0.5890312579000005,0.6946418284822402,0.0022020327512488605,True,True,45,1.1858461261560205e-20
26.0,4.0,14.896296466799324,10000.0,2.049342890202725,7.790472553108382,28.69346876248789,-0.05885379823712902,4.0975319418536325,4.649987711054488,5.446037251553691,0.01838408760421276,3.683148687949521,-0.007554586430530004,0.5259670596257638,0.5968813418383911,0.6990637877776406,0.0023598167478142964,True,True,46,8.470329472543003e-22
26.0,4.0,14.914017985786666,10000.0,2.117370716353681,7.926351273994417,31.023952437640183,-0.050278913270354546,4.236693505744129,4.79423484973646,5.576034265636576,0.020045089201100555,3.9140269419331357,-0.0063432607933129005,0.5345074119594354,0.6048476384671313,0.7034805893514963,0.002528917595018345,True,True,45,1.5246593050577406e-20
26.0,4.0,14.931739504774008,10000.0,2.1874994955336944,8.062441692549863,33.609581032672835,-0.04164964567801296,4.379196842235798,4.941672728946611,5.707324306747383,0.0218505978275551,4.168660353070203,-0.005165884885282273,0.5431601255835953,0.6129250811839033,0.7078903047474145,0.0027101712683077444,True,True,45,1.4823076576950256e-20
26.0,4.0,14.94946102376135,10000.0,2.259806003310843,8.198680344949896,36.48768763914603,-0.03299656826867763,4.525002451705328,5.09226745607337,5.839852949532204,0.02381314640154688,4.4504342289209005,-0.004024619436346531,0.5519183894628327,0.6211081834907773,0.7122918206134664,0.002904509677123216,True,True,45,1.6517142471458857e-20
26.0,4.0,14.967182542748692,10000.0,2.3343684122089017,8.335014495051306,39.70194742160012,-0.024344835928544254,4.674069595137299,5.245981116919474,5.973564468767957,0.025946198465236665,4.7632727507759105,-0.002920791072768782,0.5607752209564127,0.6293907611119496,0.7166831530184624,0.003112915818039853,True,True,83,8.470329472543003e-22
26.0,4.0,14.984904061736033,10000.0,2.411270173385293,8.471385879252546,43.3040057885934,-0.015715647616121455,4.826347802407434,5.4027636179443865,6.1084006880686195,0.028264582292471804,5.111797102130618,-0.0018551448181118731,0.5697235223610515,0.6377662043676243,0.7210627369754027,0.0033364767814077745,True,True,85,1.1102230246251565e-16
26.0,4.0,15.002625580723375,10000.0,2.4905986610959494,8.607738106278779,47.35478154412395,-0.007123086821021462,4.981781319414737,5.562555829405458,6.2443016388963875,0.030784385335420335,5.5014198805121355,-0.0008275213224512068,0.5787561445184833,0.6462273550525357,0.7254288596840068,0.0035763617521036273,True,True,45,1.1102230246251565e-16
26.0,4.0,15.020347099710717,10000.0,2.5724421425321222,8.744028057380808,51.92655684761449,0.001419515868350153,5.140312610193043,5.725295637714527,6.381205767097598,0.03352299440978981,5.93851672328332,0.0001623411840669866,0.5878655210688764,0.6547663845705324,0.7297787387257114,0.0038338159701458356,True,True,45,1.9058241313221758e-20
26.0,4.0,15.038068618698059,10000.0,2.656897082912728,8.880198321888797,57.1056373842303,0.009906898146461045,5.301869971705165,5.890902868290838,6.519049473915792,0.0364996175647988,6.43067140105088,0.0011156167674815929,0.5970440951342931,0.6633751471259774,0.7341107977112392,0.004110225497422835,True,True,45,2.202285662861181e-20
26.0,4.0,15.0557901376854,10000.0,2.744057304401336,9.01621967569307,62.99471472477069,0.018332733075798954,5.466388162038494,6.059302744393692,6.657766935742095,0.03973463382189451,6.9868211945410845,0.0020333059458635836,0.606283826111224,0.6720447107925992,0.738421109424701,0.004407017048288604,True,True,46,8.470329472543003e-22
26.0,4.0,15.073511656672743,10000.0,2.834026507320168,9.152042439169156,69.717926569899,0.026696411991631613,5.633781983571252,6.2303986265301825,6.797291056977933,0.04325071011846858,7.617745113540816,0.002916989532016984,0.6155764706094063,0.680765923884395,0.7427075543145107,0.004725798684385797,True,True,45,2.1175823681357508e-20
26.0,4.0,15.091233175660083,10000.0,2.9269056573039665,9.287646183137607,77.4239670760483,0.03499814499905635,5.803974514957193,6.40409997152704,6.9375524113093805,0.047071898989454596,8.336231328085809,0.0037682470142540547,0.6249133957637972,0.6895288478101315,0.7469656223451975,0.005068226982517597,True,True,45,2.244637310223896e-20
26.0,4.0,15.108954694647425,10000.0,3.022804273182577,9.422995360309478,86.2941166350018,0.0432386319325099,5.976870708400707,6.580298292336443,7.078479679968962,0.05122467192901925,9.157822256655303,0.004588629228730706,0.6342856469584858,0.6983234142354844,0.7511921007394494,0.005436134686511921,True,True,45,2.541098841762901e-20
26.0,4.0,15.126676213634767,10000.0,3.1218324412645075,9.558071542971621,96.5482048790534,0.05142274731794322,6.152376520601329,6.7588840169854425,7.219999704688822,0.05573752921834563,10.10122224394194,0.005380033732406631,0.6436838741937836,0.7071388811643162,0.7553824714775164,0.005831461814002779,True,True,45,2.625802136488331e-20
26.0,4.0,15.144397732622108,10000.0,3.2241038394670753,9.69286001617818,108.45566639950272,0.05955147922075747,6.3303909580444735,6.939741283534032,7.362037661542123,0.060641169276772544,11.189232715471109,0.006143850124871416,0.653098357706449,0.7159642532700393,0.7595320317485528,0.006256272057530744,True,True,46,1.6940658945086007e-21
26.0,4.0,15.16211925160945,10000.0,3.329740004105404,9.827336600087357,122.34816452401482,0.06763137645440649,6.510798809978442,7.122738931866883,7.504516529901865,0.06596935246496852,12.449778561866625,0.00688196397524486,0.6625191621014148,0.7247883350005095,0.7636368667615554,0.006712841449267353,True,True,45,2.625802136488331e-20
26.0,4.0,15.179840770596792,10000.0,3.4388588631166526,9.961507251250323,138.6346441428565,0.07566436008668137,6.693493066143349,7.307754772183996,7.647357125457697,0.07175773560674555,13.917034907087551,0.007595673845158756,0.6719357720994694,0.7335993025821228,0.7676907653204625,0.007203501819239136,True,True,46,2.541098841762901e-21
26.0,4.0,15.197562289584134,10000.0,3.551592613483204,10.095345869604804,157.8256451238469,0.08365583952257509,6.878340101202727,7.494639802492095,7.7904798903926595,0.07804597100192248,15.633505494747867,0.008286574883426942,0.6813377362247807,0.7423856398082459,0.7716902413267817,0.007730886292554303,True,True,84,1.1102230246251565e-16
26.0,4.0,15.215283808571476,10000.0,3.668067950775089,10.22886364460795,180.55656627485678,0.09160953603011944,7.0652198396264145,7.683259015730337,7.933801760593131,0.08487583927222808,17.651673983359384,0.008955983696039447,0.6907140504654962,0.7511351487983218,0.7756288514780779,0.008297680194121033,True,True,45,3.3034284942917713e-20
26.0,4.0,15.233005327558818,10000.0,3.7884241807348205,10.362045868094036,207.62996141094817,0.09952864737481415,7.253988596685282,7.873454867772668,8.0772387759086,0.09229343426615737,20.037545100071924,0.009605115499563133,0.7000537045508716,0.7598359405082317,0.7795023182419385,0.008906873742987353,True,True,45,3.3034284942917713e-20
26.0,4.0,15.25072684654616,10000.0,3.9128013236691332,10.494894581792035,240.0578005673553,0.10741845720972239,7.444506511611637,8.065073380832837,8.220706760370913,0.1003480428498237,22.873769593059095,0.010235305974019641,0.7093455254450459,0.7684758830093652,0.7833053201537925,0.009561605604302217,True,True,84,1.1102230246251565e-16
26.0,4.0,15.268448365533501,10000.0,4.041345362097546,10.627408977782618,279.13105707163805,0.11528065697332734,7.636624295151186,8.257952945017713,8.364117876536374,0.10909296154817179,26.26520327345848,0.010847484764567736,0.7185781888243984,0.7770429238473434,0.7870326524576384,0.010265245439997525,True,True,85,3.3881317890172014e-21
26.0,4.0,15.286169884520843,10000.0,4.17420989174299,10.759582862388273,326.50262470905125,0.12312104780680283,7.8301837004172015,8.451922961601671,8.50738441487587,0.1185863050939325,30.34528651202547,0.011442920174646437,0.7277404524471648,0.7855251518296893,0.790679761816297,0.011021459345646998,True,True,84,1.1102230246251565e-16
26.0,4.0,15.303891403508185,10000.0,4.311549993219074,10.891422743403837,384.30316952994883,0.1309412164781361,8.025029320146457,8.646817166452927,8.650419068313067,0.12888976990890974,35.28493738457577,0.01202241613084369,0.7368210296498361,0.7939107103054733,0.7942414202544854,0.011834061806752396,True,True,45,4.1504614415460717e-20
26.0,4.0,15.321612922495527,10000.0,4.453532884802647,11.022916222289966,455.30351730279995,0.1387462006669394,8.220988441713137,8.842452653123075,8.793131047071618,0.14007144291203993,41.305178060059,0.012587068419006404,0.7458088473074923,0.8021881392187603,0.7977136784629286,0.012707294520554803,True,True,45,4.2351647362715017e-20
26.0,4.0,15.339334441482869,10000.0,4.6003243597063355,11.154073743082089,543.1200620735349,0.14653900531351532,8.417899779728097,9.03865906147609,8.935430849694669,0.1522031046466423,48.69252925733842,0.013137711717604597,0.7546928569437688,0.8103460017988489,0.8010912475127346,0.01364551715834233,True,True,46,6.776263578034403e-21
26.0,4.0,15.35705596047021,10000.0,4.7521051706207,11.284879413716318,652.5269500366808,0.15432304046905712,8.615581541193155,9.235246766207224,9.077230995059807,0.1653638004198269,57.82312119733955,0.01367520509625328,0.763462437243349,0.8183735446018282,0.8043711113143839,0.01465357265748306,True,True,343,4.235164736271502e-21
26.0,4.0,15.374777479457553,10000.0,4.909055723157233,11.415338227649151,789.8485484601891,0.1621032568793644,8.813863654517691,9.43203863844268,9.218440004357584,0.17963750393528857,69.19186560299131,0.014200477782316886,0.7721070965001795,0.8262601116449874,0.807548564967576,0.015736502971080403,True,True,45,5.166900978251232e-20
26.0,4.0,15.392498998444895,10000.0,5.071368213958601,11.545439558388388,963.5572647812079,0.16988197118783882,9.012564181550562,9.628847375768917,9.358970822025828,0.19511525347774278,83.45782418315389,0.014714205581234052,0.780616808565114,0.8339957371976399,0.8106205722783442,0.016899768301673796,True,True,336,5.082197683525802e-21
26.0,4.0,15.410220517432236,10000.0,5.23924166368438,11.675174508811303,1185.066663705721,0.17766527690230918,9.211502088131134,9.825487314266436,9.49873906246969,0.2118953843951331,101.50312209991777,0.015217355146873775,0.7889819617838838,0.8415709167217243,0.8135843327481703,0.018149226312224695,True,True,45,5.929230630780102e-20
26.0,4.0,15.427942036419577,10000.0,5.412880460905022,11.804538389472219,1469.9001488863146,0.18545555275759273,9.410499642331185,10.021777823292096,9.637657097031074,0.23008246373934294,124.51991771209224,0.015710529852060097,0.7971933617263562,0.8489766810559858,0.8164365923555588,0.019491017450080056,True,True,45,5.929230630780102e-20
26.0,4.0,15.44566355540692,10000.0,5.592502854330334,11.93351047629683,1839.350037825657,0.1932588822421921,9.609369120819965,10.217529296034865,9.775645628019488,0.24979102917945412,154.13319001806738,0.016194638000784124,0.8052424422726878,0.8562048289419643,0.8191760209568305,0.02093189842801131,True,True,45,1.1102230246251565e-16
26.0,4.0,15.46338507439426,10000.0,5.778329310822151,12.062084844570393,2322.8543834246957,0.2010789270415387,9.807935929688005,10.412566808123497,9.912627922427701,0.27114143894001264,192.574866895444,0.01667032935289392,0.813121119281708,0.8632476841522627,0.8218005469336219,0.02247882040574966,True,True,45,1.1102230246251565e-16
26.0,4.0,15.481106593381602,10000.0,5.970597177284975,12.190233492260404,2961.550683239927,0.20892063973087815,10.006012168561131,10.606703543809681,10.048526919493916,0.29426581768480675,242.94454122804288,0.017138362432805095,0.8208220273150603,0.8700984727276875,0.8243096349117299,0.024139473445823373,True,True,45,1.1102230246251565e-16
26.0,4.0,15.498828112368944,10000.0,6.169547360497178,12.317942183198204,3813.3587669822045,0.21678972449471826,10.203424362100586,10.79976829179099,10.18327676837727,0.3193032924614661,309.5775828679943,0.017599508202792314,0.828338387236316,0.8767510133731575,0.8267027574027228,0.02592180477166056,True,True,46,8.470329472543003e-21
26.0,4.0,15.516549631356286,10000.0,6.375436537721859,12.445179722085976,4960.773811789565,0.22468994890798097,10.399990823408165,10.991583487747231,10.316815167382806,0.34640469216440245,398.61005807621024,0.01805437558360306,0.8356641732502831,0.8832000608429058,0.8289808100620641,0.02783444674162893,True,True,48,6.776263578034403e-21
26.0,4.0,15.534271150343628,10000.0,6.588530907276872,12.571916732709523,6522.290976111833,0.232628525405886,10.595536851473888,11.181979466271104,10.44908275115372,0.3757310946524103,518.7984549040309,0.018503823271485306,0.8427940684578745,0.8894411014652929,0.8311447628321759,0.029886540186416906,True,True,47,3.3881317890172014e-20
26.0,4.0,15.55199266933097,10000.0,6.809107394588201,12.6981217551834,8670.055661793142,0.24060900027140253,10.789892136378302,11.370792841741777,10.580034052763873,0.4074534953819203,682.7825271287862,0.018948392912769594,0.8497234744165093,0.8954704531085627,0.833196771675707,0.032087697947580075,True,True,45,1.0503208545953324e-19
26.0,4.0,15.569714188318311,10000.0,7.037460451606829,12.823749248627783,11656.6984097056,0.24863888502199363,10.982882106745457,11.55785708401876,10.709628181774349,0.441757498237262,908.9930084957748,0.019388938461082236,0.8564486012482418,0.901285330829088,0.8351401742294939,0.034448388663286804,True,True,47,6.776263578034403e-20
26.0,4.0,15.587435707305653,10000.0,7.273892136086275,12.948762100965485,15857.001068283398,0.25672274888843755,11.174346338573196,11.743021308769848,10.837830949952405,0.47883673955159933,1224.5959069014843,0.019826045678088086,0.8629663786733726,0.9068837018709507,0.8369781501464387,0.036979344883932674,True,True,45,1.9312351197398048e-19
26.0,4.0,15.605157226292995,10000.0,7.518725033147471,13.07310534043056,21833.541333900946,0.2648671581157151,11.364117333403223,11.926128986052161,10.964623953832698,0.5189026482819342,1670.1113289722687,0.020260462316980896,0.8692745172226195,0.9122644295666156,0.8387161021278499,0.03969237872482746,True,True,47,3.3306690738754696e-16
26.0,4.0,15.622878745280337,10000.0,7.772292564313907,13.196729240962599,30439.898376949986,0.2730786806339082,11.552040633378452,12.107037698202975,11.089993407172706,0.5621750520876072,2306.6244537672756,0.02069290622302631,0.8753714971677194,0.9174271501019188,0.8403592439215475,0.04259957462358309,True,True,45,2.220446049250313e-16
26.0,4.5,14.222878745280337,31622.776601683792,0.3326333408471997,4.326213003325408,3.2985927555326082,0.0918651062312189,1.2683183638410973,1.5461070998759174,2.3793423680201067,0.001768885756385038,0.7624665620941679,0.021234531485297976,0.29317057733084007,0.35738117810830844,0.5499827137940712,0.0004088762515912549,True,True,128,8.470329472543003e-22
26.0,4.5,14.240600264267679,31622.776601683792,0.34573451266751903,4.46514977128799,3.5202207719372907,0.0801561901263156,1.314953196151526,1.606922111099537,2.4662520020280723,0.0019190494350797241,0.7883768635428927,0.017951512095235773,0.2944925172738881,0.35988089838160436,0.5523335449768513,0.0004297838893153559,True,True,44,8.046812998915853e-21
26.0,4.5,14.25832178325502,31622.776601683792,0.3593400407890219,4.607326925029593,3.756983706690281,0.06856059819187711,1.3634175030565407,1.6698564643026048,2.5558810999485053,0.0020825650020225026,0.8154367527687759,0.014880775622718969,0.2959237590998133,0.36243498485662146,0.5547427264307034,0.00045201155375122987,True,True,45,8.470329472543003e-22
26.0,4.5,14.276043302242362,31622.776601683792,0.3734672253965976,4.7527460839063504,4.009987349776739,0.05714498721839486,1.4137920671448423,1.7349677615980703,2.6482821103972616,0.0022607750467437977,0.8437200891828146,0.012023572521977983,0.2974684618503386,0.36504532978796866,0.5572109394534708,0.0004756776412691574,True,True,82,8.470329472543003e-22
26.0,4.5,14.293764821229704,31622.776601683792,0.3881344449302665,4.901400022477293,4.280432849075591,0.04597848491583257,1.4661588438203177,1.8023125456199323,2.743506196838652,0.0024551304214339388,0.8733082036654808,0.009380684030068998,0.2991306233110277,0.36771382408183806,0.5597392957639099,0.0005009039070826652,True,True,45,8.470329472543003e-22
26.0,4.5,14.311486340217046,31622.776601683792,0.40336030589417804,5.05327619186421,4.569637897455266,0.03512502133819709,1.520602489817908,1.8719486120337816,2.8416030213496586,0.0026672524309653625,0.904292131273647,0.00695094034138654,0.300914185586389,0.370442568535562,0.5623288562625268,0.0005278263703970202,True,True,45,5.082197683525802e-21
26.0,4.5,14.329207859204388,31622.776601683792,0.4191640222695291,5.208355992980184,4.879023075997212,0.02465090022464636,1.5772105623234758,1.943933971451688,2.942620537330422,0.002898919021707367,0.9367683550381644,0.0047329522517029965,0.30282311048807686,0.37323369870871337,0.5649806851329829,0.0005565900306381757,True,True,83,4.235164736271502e-22
26.0,4.5,14.34692937819173,31622.776601683792,0.4355656946043234,5.366611103806189,5.21015728165274,0.014617689793831403,1.636071323734511,2.018326194399427,3.046604806043545,0.003152074145068554,0.9708468120519322,0.0027238213299011034,0.3048611669614278,0.3760895200637808,0.567696214074984,0.0005873490894156635,True,True,122,8.470329472543003e-22
26.0,4.5,14.364650897179072,31622.776601683792,0.45258539241986445,5.528010525022528,5.564732547837115,0.005086316650212027,1.697277449175125,2.0951848631099472,3.15359972209817,0.0034288851193326813,1.0066429003071475,0.0009200989446725591,0.307032239083555,0.379012459116367,0.5704764323120239,0.0006202747089231904,True,True,44,1.6940658945086007e-21
26.0,4.5,14.382372416166413,31622.776601683792,0.4702445737016367,5.692510674373195,5.94461461988607,-0.003884602663294829,1.7609211411617585,2.1745679159886913,3.263646863026755,0.0037316874712368642,1.0442869517395563,-0.0006824058636873025,0.30933998052724854,0.3820050660209142,0.5733229237002909,0.0006555433418924177,True,True,44,1.2705494208814505e-21
26.0,4.5,14.400093935153755,31622.776601683792,0.48856438019252385,5.860066180032288,6.351834112825699,-0.012241341615603744,1.8270989308519616,2.2565362306920798,3.3767851610040323,0.004063093119590075,1.0839184947209421,-0.002088942554491133,0.3117881052397764,0.3850700933004901,0.5762366937953978,0.0006933527702186613,True,True,44,1.6940658945086007e-21
26.0,4.5,14.417815454141095,31622.776601683792,0.5075673603268944,6.0306195263895725,6.78861666206827,-0.019930267586444044,1.8959070672458145,2.341149195740239,3.4930507700962266,0.004425918056786988,1.1256914206511877,-0.003304845795565543,0.3143801493278521,0.388210396211456,0.5792192252903502,0.0007339076918083587,True,True,44,3.3881317890172014e-21
26.0,4.5,14.435536973128437,31622.776601683792,0.5272759331361474,6.204109469605211,7.25741370765715,-0.026905913930634802,1.9674445433584555,2.428468890692019,3.612476710645195,0.004823277261560838,1.1697752502937324,-0.004336789036758715,0.3171195725989746,0.391429084639693,0.5822715940689341,0.0007774326493094198,True,True,84,1.6940658945086007e-21
26.0,4.5,14.45325849211578,31622.776601683792,0.5477134920719919,6.380465811371162,7.760901557693762,-0.033122660008007614,2.0418110928742856,2.51855727732456,3.7350927164279746,0.005258566327397558,1.2163534430138956,-0.005191260479599616,0.3200097223678251,0.39472937427797644,0.5853949894647744,0.0008241665237083203,True,True,44,5.082197683525802e-21
26.0,4.5,14.470980011103121,31622.776601683792,0.568903854492717,6.559610843645213,8.302057070751399,-0.03854408841871837,2.119106758201902,2.6114778892411072,3.860924921338841,0.005735476764835586,1.2656325609306875,-0.005875971812574662,0.3230537311912092,0.398114758861197,0.5885905449831995,0.0008743623519056733,True,True,44,5.929230630780102e-21
26.0,4.5,14.488701530090463,31622.776601683792,0.5908711301219435,6.741462433296768,8.884135475625826,-0.04313568553997013,2.1994334456067146,2.70729613019175,3.9899956015664335,0.0062580791460474326,1.3178350489273927,-0.006398564994876868,0.3262546468765426,0.40158884766903685,0.591859057444189,0.0009282969693842903,True,True,45,8.470329472543003e-22
26.0,4.5,14.506423049077805,31622.776601683792,0.613640516317598,6.9259270243014335,9.510778848806934,-0.04687114730440664,2.2828908800121073,2.8060776287119014,4.122323001897509,0.006830745488484802,1.3732138406073107,-0.006767490783536545,0.3296152084770725,0.40515552919718056,0.5952016224590956,0.0009862572135856092,True,True,48,8.470329472543003e-22
26.0,4.5,14.524144568065147,31622.776601683792,0.6372368679915047,7.112910706000874,10.185998767166437,-0.049729455925671254,2.369581199778216,2.9078916952849827,4.257920906182717,0.0074583053488095465,1.4320436721598266,-0.00699143543074659,0.33313804962841675,0.40881881067784426,0.5986186361921403,0.0010485588329567075,True,True,46,2.541098841762901e-21
26.0,4.5,14.541866087052489,31622.776601683792,0.6616867141182948,7.302305183642106,10.914298037570095,-0.05169569000434606,2.4596022381990625,3.012806646123879,4.396798623240935,0.00814593517031024,1.4946373457547646,-0.007079365858352453,0.3368254511888681,0.4125829543351417,0.6021110474936331,0.0011155292699294396,True,True,84,8.470329472543003e-22
26.0,4.5,14.55958760603983,31622.776601683792,0.6870157801514127,7.494004829629371,11.70068770464191,-0.05276381979504338,2.5530541426969,3.1208958600525127,4.538960458348683,0.00889930949988613,1.561339760334874,-0.007040804082008165,0.340679543280087,0.41645234170563805,0.6056788808572419,0.0011875238543616285,True,True,46,3.4728350837426314e-20
26.0,4.5,14.577309125027172,31622.776601683792,0.7132518345884671,7.687888386609174,12.550806343370263,-0.05293155351313416,2.6500313056456095,3.2322307817631772,4.684405709777198,0.009724560191627145,1.6325427363424474,-0.006885057489301063,0.3447021044506129,0.4204315436463806,0.6093228041573202,0.0012649195335048648,True,True,45,8.470329472543003e-22
26.0,4.5,14.595030644014514,31622.776601683792,0.7404218317135552,7.883837586156448,13.47100255449214,-0.05220818610825423,2.7506291747726053,3.3468882434692566,4.833128267467226,0.010628289499727625,1.7086859549398155,-0.006622179305155742,0.34889470320932886,0.4245252653791593,0.6130425969142126,0.0013481111683972629,True,True,45,1.6940658945086007e-21
26.0,4.5,14.612752163001856,31622.776601683792,0.7685545595375132,8.081721320649894,14.468437399169673,-0.050605222555460135,2.854937586008347,3.4649432818321135,4.985116403277459,0.01161773662264909,1.7902668039543572,-0.006261688636325151,0.3532586033019468,0.4287382779431794,0.6168384438770254,0.0014375324465796906,True,True,83,1.6940658945086007e-21
26.0,4.5,14.630473681989198,31622.776601683792,0.797678806393108,8.28140667994836,15.551269828225863,-0.04814626034127384,2.963044235549208,3.5864744920607787,5.140352649574251,0.012700577967850846,1.8778536581085807,-0.005813778045443611,0.35779479864496705,0.43307551852810866,0.6207100856452934,0.0015336256820477803,True,True,45,3.3881317890172014e-21
26.0,4.5,14.64819520097654,31622.776601683792,0.8278241931614394,8.482756139966368,16.728733269539497,-0.04485747243139736,3.0750334868574263,3.711560664477118,5.298813393048604,0.013885268287106471,1.9720870190671098,-0.005288077564796671,0.3625040536494331,0.4375418323049699,0.6246570460847426,0.001636881699532332,True,True,85,8.470329472543003e-22
26.0,4.5,14.665916719963882,31622.776601683792,0.8590219709275002,8.685620634166254,18.011455788520003,-0.040774502692814324,3.190982673462678,3.8402797819852688,5.460468866844379,0.015180782353536761,2.073709703330711,-0.004694483492914877,0.36738683484637197,0.442142242188074,0.628679181009215,0.0017478062873044176,True,True,45,5.082197683525802e-21
26.0,4.5,14.683638238951223,31622.776601683792,0.8913027898334134,8.889857634312905,19.41153353283842,-0.035938089751080586,3.3109692180319343,3.9727133205890692,5.625282870916618,0.016596902071194547,2.1835595496956155,-0.004042594519440606,0.37244344670406393,0.446881545690368,0.6327753606766724,0.0018669480158078275,True,True,45,4.235164736271502e-21
26.0,4.5,14.701359757938565,31622.776601683792,0.9247006547047156,9.095303366738877,20.942984538610947,-0.030393304693628897,3.435058988701968,4.108936632135635,5.793212557448423,0.01814414072101981,2.3026152833118814,-0.0033416482626380415,0.37767393237963093,0.4517646598970888,0.6369455007552519,0.0019948912080681256,True,True,83,2.541098841762901e-21
26.0,4.5,14.719081276925907,31622.776601683792,0.9592481600848212,9.301807457931554,22.621908496753328,-0.024193243939558427,3.56331966857621,4.249030468305209,5.964208466821374,0.01983378930359198,2.4319906210769675,-0.002600918590174547,0.3830782011659255,0.45679621810297794,0.6411881232540193,0.0021322511128393563,True,True,46,3.3881317890172014e-21
26.0,4.5,14.736802795913249,31622.776601683792,0.994981798407969,9.509197389464973,24.467011660077286,-0.017390202977025263,3.6958066718149243,4.393066740874365,6.138214197994483,0.021678140565164778,2.5729838868613393,-0.0018287771580271833,0.38865600538584105,0.46198081299073096,0.6455028691269857,0.0022797024477777175,True,True,45,1.1858461261560205e-20
26.0,4.5,14.75452431490059,31622.776601683792,1.0319376833215617,9.717308336203947,26.50003645063168,-0.010044918022824253,3.832574130578392,4.541119736629991,6.31516639586761,0.02369028727557315,2.7270963865477054,-0.0010337140363653712,0.39440696929408964,0.4673227996389762,0.6498884441424055,0.002437947470217635,True,True,45,8.470329472543003e-21
26.0,4.5,14.772245833887931,31622.776601683792,1.0701544658903879,9.925965942663666,28.746266518814963,-0.002215175793300144,3.9736684874996673,4.693257243314274,6.4949948930190065,0.025884541144143965,2.8960674139791385,-0.0002231697958763794,0.40033065904650084,0.47282624889349784,0.6543438624045946,0.0026077604228810967,True,True,84,1.6940658945086007e-21
26.0,4.5,14.789967352875273,31622.776601683792,1.1096730987469121,10.134987076411369,31.235412334142154,0.006036755951749851,4.119128041468061,4.849541536627661,6.677622136783934,0.02827619667444955,3.0819390393541672,0.0005956352885540499,0.4064265706914523,0.4784950883573108,0.658868342548333,0.002789958828883054,True,True,46,1.6940658945086007e-21
26.0,4.5,14.807688871862615,31622.776601683792,1.1505348777197881,10.344197261468524,34.00214446158955,0.014650260737884275,4.268989720032041,5.0100333096159835,6.8629639347966265,0.030881903650889938,3.2870742506279704,0.0014162781671281117,0.41269415229867623,0.48433273099673363,0.663460272587872,0.0029854325928144335,True,True,45,1.6093625997831706e-20
26.0,4.5,14.825410390849957,31622.776601683792,1.1927857520117782,10.553400160453748,37.08747305900658,0.02356659326136131,4.423277190918344,5.174780335627936,7.05092875580557,0.03371957401823917,3.514267676306134,0.0022330806093822995,0.4191328978023101,0.4903424732266993,0.6681191510416878,0.0031951383919464095,True,True,45,1.6940658945086007e-20
26.0,4.5,14.843131909837298,31622.776601683792,1.236471317831411,10.762415423769543,40.5396449331908,0.03272715185807114,4.582014526473433,5.343829849465066,7.2414181499810795,0.03680868497265449,3.7667794205059373,0.0030408742433218985,0.4257422099089146,0.49652700058974175,0.6728432108268098,0.0034201137498706797,True,True,45,1.6940658945086007e-20
26.0,4.5,14.86085342882464,31622.776601683792,1.2816417981865997,10.97104519965805,44.415895391235274,0.04207962223246032,4.745214002017427,5.517215221678846,7.434327083486003,0.04017019252678688,4.048465263147366,0.003835516258174916,0.43252159804840906,0.5028887513699067,0.6776316156019226,0.003661473614933144,True,True,45,2.202285662861181e-20
26.0,4.5,14.878574947811982,31622.776601683792,1.3283488852792598,11.179097465233403,48.78426342224464,0.05157331720297645,4.9128834935932435,5.694963377087708,7.629543196486052,0.04382700252454493,4.363882108905658,0.004613370387311466,0.43947049472214883,0.5094296203069025,0.6824829303272166,0.003920441937360807,True,True,83,4.235164736271502e-21
26.0,4.5,14.896296466799324,31622.776601683792,1.376646770498931,11.386381643304743,53.72574450917809,0.061163995927577076,5.085025109327789,5.877092406304869,7.826948110629491,0.04780369860645406,4.718421197551299,0.005371679770064782,0.4465883253015512,0.5161510118326863,0.6873955533742171,0.004198322180300614,True,True,47,4.235164736271502e-21
26.0,4.5,14.914017985786666,31622.776601683792,1.4265936440374003,11.59269870944498,59.33746030346433,0.0708128686678319,5.261630791123023,6.063606165663552,8.026416613664818,0.0521271421778706,5.1185200090743335,0.00610840240419068,0.45387453974251807,0.5230538908704079,0.6923682582318312,0.004496549378567113,True,True,45,2.541098841762901e-20
26.0,4.5,14.931739504774008,31622.776601683792,1.478248720591483,11.797864742582592,65.73586207443293,0.08048593698213075,5.442689621669247,6.254502878612844,8.227817205872741,0.056826404311180065,5.571844016584575,0.006822076599304368,0.46132836241330094,0.5301385475320946,0.6973988416883345,0.004816668571057086,True,True,45,2.541098841762901e-20
26.0,4.5,14.94946102376135,31622.776601683792,1.5316755132445001,12.001689328784549,73.06143378527099,0.09015666691454828,5.628180852634215,6.449765336702796,8.431012848592701,0.061932752709993,6.0875958195353626,0.007511998056666806,0.4689490536249533,0.5374047902768022,0.7024855099666655,0.005160336267116585,True,True,45,2.879912020664621e-20
26.0,4.5,14.967182542748692,31622.776601683792,1.5869399565923612,12.203990437179687,81.4843155813841,0.09980362605077778,5.818076109748585,6.649365791794422,8.635860073467049,0.06748071453132483,6.676858360454019,0.008177950201167329,0.47673555135078655,0.5448517700847261,0.7076259292335839,0.005529397526053737,True,True,45,3.049318610115481e-20
26.0,4.5,14.984904061736033,31622.776601683792,1.644109903092998,12.404599740165226,91.2110535468348,0.10941067641601537,6.012343097729808,6.853267676167118,8.842210323817717,0.07350663512288842,7.353002552069439,0.008820169832788015,0.4846865859171789,0.5524779371942745,0.712817060528544,0.005925756305129224,True,True,83,5.082197683525802e-21
26.0,4.5,15.002625580723375,31622.776601683792,1.703258370125854,12.603341664642228,102.4941954015215,0.11896914315093773,6.210934930908949,7.0614153638613715,9.049910052160245,0.08005120294038306,8.132303172345285,0.009439492026523184,0.49280064733413376,0.5602811977772265,0.7180563927382148,0.006351585561229446,True,True,45,3.218725199566341e-20
26.0,4.5,15.020347099710717,31622.776601683792,1.7644584809449047,12.800069495499478,115.64317647360883,0.12847168591519792,6.413803293324671,7.273749559472669,9.258799943998692,0.08715702949140673,9.034574110263161,0.010036795968988195,0.5010756617829124,0.5682585990669917,0.7233398183700565,0.006809105960092737,True,True,46,3.3881317890172014e-21
26.0,4.5,15.038068618698059,31622.776601683792,1.8277886458110493,12.99463188828125,131.0393431750039,0.13791913457250676,6.6208859581540755,7.490190995002842,9.468717480834936,0.0948712341385165,10.084113524845371,0.01061354686752491,0.5095093123895944,0.576406554598719,0.7286637714896691,0.007300801973780633,True,True,86,6.776263578034403e-21
26.0,4.5,15.0557901376854,31622.776601683792,1.8933295117921576,13.186894149230563,149.15540349942486,0.14731255406469027,6.832111312977133,7.7106508613770135,9.679494814589509,0.10324428652619619,11.310881987183304,0.011171133429723158,0.5180985936234104,0.5847207670069089,0.7340238501235178,0.007829310325678192,True,True,45,3.8963515573697816e-20
26.0,4.5,15.073511656672743,31622.776601683792,1.9611635219212755,13.376743099878304,170.57868774565446,0.1566576383325056,7.0474030144719935,7.935030105227129,9.890960630739118,0.11233009010377941,12.751884855081526,0.01171119435895654,0.5268399760578573,0.5931959704974313,0.7394147108072294,0.008397417014370362,True,True,46,6.776263578034403e-21
26.0,4.5,15.091233175660083,31622.776601683792,2.0313796832632693,13.564055914182228,196.04568445660692,0.1659628557708879,7.26666314302694,8.163207658190073,10.102941177732909,0.12218828219565876,14.453323231410938,0.012235488914297486,0.5357293709936055,0.6018264529310022,0.7448318734199211,0.009008240821825412,True,True,46,1.0164395367051604e-20
26.0,4.5,15.108954694647425,31622.776601683792,2.104065889060638,13.748751903006562,226.48125401002713,0.17523561344630945,7.489795184248184,8.395061411370849,10.315257813099667,0.13288069639115402,16.4728591808032,0.01274556517439151,0.5447618254432479,0.6106053458957992,0.7502686706306728,0.009664927938811362,True,True,46,1.0164395367051604e-20
26.0,4.5,15.126676213634767,31622.776601683792,2.179317983908243,13.930734607546999,263.0568724252635,0.18448895948026856,7.716678207085105,8.630442320729772,10.527731751792139,0.14447669210142514,18.88320177191173,0.01324330443997701,0.5539318940800568,0.6195252844781219,0.7557197842308131,0.010371074905350264,True,True,45,3.7269449679189215e-20
26.0,4.5,15.144397732622108,31622.776601683792,2.2572323299796047,14.1099398729626,307.26295058186014,0.1937315449716977,7.947186368270264,8.869197395036142,10.740180286664572,0.15704804326581656,21.776347266414362,0.013730146741654453,0.5632331845367127,0.6285779723293687,0.7611783170844586,0.011130312721371072,True,True,45,5.082197683525802e-20
26.0,4.5,15.16211925160945,31622.776601683792,2.3379101334154697,14.286309998565788,361.00602840926484,0.20297696503931498,8.181178881644351,9.111155021331314,10.952419987145039,0.1706738997042048,25.269368258529074,0.014207795089123221,0.572658641907229,0.6377542572046938,0.7666374303962716,0.011946674804154388,True,True,45,4.743384504624082e-20
26.0,4.5,15.179840770596792,31622.776601683792,2.421458104166192,14.459789347634949,426.7449282073246,0.21223608263155277,8.41849572293351,9.356126436169372,11.164266880840291,0.18543827727362278,29.51252732302931,0.01467767458633595,0.5822004401682687,0.6470444493508244,0.7720905617941333,0.012824410703047563,True,True,47,6.776263578034403e-21
26.0,4.5,15.197562289584134,31622.776601683792,2.5079837646898415,14.630354866408965,507.66121352596303,0.2215204999463441,8.658973587748342,9.603916937691764,11.375535058675972,0.2014306353151831,34.69917292925985,0.015141156996468433,0.5918498674033664,0.6564377300062754,0.7775296746078251,0.01376799381521936,True,True,85,1.1102230246251565e-16
26.0,4.5,15.215283808571476,31622.776601683792,2.59760377918929,14.797965368239671,607.9112755146577,0.2308431611939321,8.902420610805935,9.854304349517518,11.586040398944643,0.21874888125357667,41.080733762182966,0.01559965545597115,0.6015976108386409,0.6659229228004174,0.782948203393646,0.01478236202140798,True,True,45,1.1102230246251565e-16
26.0,4.5,15.233005327558818,31622.776601683792,2.690434790679049,14.962617221486052,732.9473944651678,0.24021362837360397,9.148644049259326,10.107065293916389,11.795597687966472,0.23749443393428044,48.98523992264324,0.01605425206150843,0.6114334085965947,0.6754877936329764,0.7883378631799925,0.015872519521066317,True,True,45,2.220446049250313e-16
26.0,4.5,15.25072684654616,31622.776601683792,2.7866020009731276,15.124294528261002,889.9804690281967,0.24964547629233141,9.397426415472609,10.361950862197881,12.004024273980027,0.25777970342699197,58.84442856922643,0.016506255933184062,0.621346430269044,0.6851196161801606,0.7936915174158709,0.017044081159971407,True,True,45,7.792703114739563e-20
26.0,4.5,15.268448365533501,31622.776601683792,2.886233813274394,15.282999999702955,1088.6129888143457,0.2591479530580694,9.648540504093528,10.61870430893787,12.211137850823391,0.2797206574653446,71.23032054148429,0.01695661539377781,0.6313250346320134,0.6948049669007563,0.7990013643303494,0.018302732282325547,True,True,45,1.1102230246251565e-16
26.0,4.5,15.286169884520843,31622.776601683792,2.9894632820111897,15.438747901091816,1341.7112461972154,0.26873330706142057,9.901747769174927,10.87705587873086,12.416759437348661,0.3034441666473419,86.90544432701894,0.01740641849864107,0.6413569178414192,0.7045296644789208,0.8042594850888496,0.019654713490456218,True,True,45,1.5246593050577406e-19
26.0,4.5,15.303891403508185,31622.776601683792,3.096432018466126,15.591541876467769,1666.671669917814,0.2784122985822043,10.156786792616831,11.13671515945394,12.620712323620298,0.3290835562459387,106.89588516151264,0.017856623853373377,0.6514292731975672,0.714279270625731,0.8094588991656221,0.021106543461402158,True,True,45,1.1102230246251565e-16
26.0,4.5,15.321612922495527,31622.776601683792,3.2072820061872753,15.741420734066654,2087.1463662103365,0.2881952562077951,10.413398295985326,11.39739347009875,12.822822629914054,0.35678040586158805,132.58945310403,0.01830808419878518,0.6615284904652389,0.7240384246533214,0.8145911888476278,0.02266507019213742,True,True,45,2.220446049250313e-16
26.0,4.5,15.339334441482869,31622.776601683792,3.3221673531217593,15.88839528555855,2635.5996208472784,0.2980946710446826,10.671293934739529,11.658773893389114,13.022922241820627,0.3866873157495856,165.88205249669585,0.018761785925330673,0.6716407631448467,0.7337917822315342,0.8196499399569672,0.02433772000253906,True,True,45,2.220446049250313e-16
26.0,4.5,15.35705596047021,31622.776601683792,3.4412422894652686,16.032511978704168,3356.8907772393163,0.3081198081802666,10.930189749259517,11.92054569919077,13.220844872015036,0.4189619564065038,209.38021326279014,0.019218436174539534,0.6817515411045995,0.7435232679086544,0.8246271632028815,0.02613202204139981,True,True,45,3.3306690738754696e-16
26.0,4.5,15.374777479457553,31622.776601683792,3.5646708756435865,16.173803313765163,4313.533545342841,0.3182838789956661,11.18978283358094,12.18237898618801,13.416431974461737,0.4537764742900562,266.6987758947018,0.019678975490247358,0.6918461054894594,0.753216714081088,0.8295162068060585,0.028056262679035868,True,True,45,7.284483346386983e-19
26.0,4.5,15.392498998444895,31622.776601683792,3.692623222763358,16.312306859730047,5593.402878893798,0.3285968509123771,11.449762045643975,12.443938288409086,13.609529251324496,0.4913071096507405,342.8946578182727,0.0201441067617223,0.7019094321913374,0.7628558238521894,0.8343105220097435,0.03011880011058541,True,True,45,9.690056916589196e-19
26.0,4.5,15.410220517432236,31622.776601683792,3.8252719766742995,16.448083422708113,7320.9442453959455,0.33907107186701374,11.709819708346128,12.70489242839707,13.799988322382061,0.5317443788572622,445.09406094625587,0.02061462500846114,0.7119260893448309,0.7724238807578506,0.8390028167859297,0.0323286528400713,True,True,45,1.0638733817514012e-18
26.0,4.5,15.427942036419577,31622.776601683792,3.9628042685488842,16.581159207816775,9674.162333175238,0.3497187472436954,11.969622732558893,12.964886418820921,13.987669394177653,0.5752858169066152,583.4430640177795,0.021091332810967114,0.721880936220437,0.7819047061986443,0.8435881483837098,0.03469515066446084,True,True,45,1.1102230246251565e-15
26.0,4.5,15.44566355540692,31622.776601683792,4.10540434832578,16.71160879387354,12909.573972186357,0.3605509334650681,12.228858918422166,13.223589093958886,14.17243856085975,0.6221389290465735,772.491393941617,0.021574878751185567,0.7317583285521412,0.7912816328495339,0.8480594977818863,0.037227949548139794,True,True,45,4.440892098500626e-16
26.0,4.5,15.46338507439426,31622.776601683792,4.2532731468975005,16.839464900483772,17400.581160014797,0.3715819635252486,12.487189934240037,13.480643892718565,14.354170143325181,0.6725236704862187,1033.3215017725952,0.0220661384266773,0.7415431552033045,0.8005387328151553,0.8524124862728154,0.03993735397535691,True,True,45,4.440892098500626e-16
26.0,4.5,15.481106593381602,31622.776601683792,4.4066126323164525,16.964789832731725,23695.421174151048,0.3828225530512486,12.744292990752045,13.735713717840387,14.532748738051694,0.7266643820607381,1396.7412156461437,0.02256571150163228,0.7512202105895419,0.8096601168225978,0.8566418376732454,0.04283368018262849,True,True,45,4.440892098500626e-16
26.0,4.5,15.498828112368944,31622.776601683792,4.565633934238274,17.08764032291144,32606.53778523686,0.39428770322399975,12.999843013137498,13.988460693443168,14.708065957642281,0.7848016037269614,1908.1942953537814,0.023074438352692333,0.7607746164756907,0.8186303333343907,0.8607429510276747,0.045928026860132594,True,True,45,7.771561172376096e-16
26.0,4.5,15.516549631356286,31622.776601683792,4.730560575498275,17.208054250052097,45350.11572321106,0.4059897058031306,13.25350724820866,14.238542413526693,14.880024493841601,0.8471775709825619,2635.400555125154,0.023593004758332946,0.7701920888684166,0.8274347701735997,0.8647127837708062,0.0492314563094777,True,True,45,3.774378812965162e-18
26.0,4.5,15.534271150343628,31622.776601683792,4.901614846978618,17.32610891203778,63762.569353495404,0.4179424555181999,13.504981631233152,14.485648811727287,15.048539124494717,0.9140490018162575,3680.143630471736,0.024122118684583773,0.7794584288830254,0.8360589723445058,0.8685469542465672,0.05275558444522979,True,True,45,4.440892098500626e-16
26.0,4.5,15.55199266933097,31622.776601683792,5.0790408205962185,17.441827691521176,90647.25654715755,0.43016113138066464,13.753936837648304,14.729446090035639,15.213530953739522,0.9856768684413811,5197.119140858329,0.024662617874030176,0.7885605270790726,0.8444898293081934,0.8722440803113268,0.05651224664491661,True,True,45,1.4432899320127035e-15
26.0,4.5,15.569714188318311,31622.776601683792,5.263078519387322,17.555284375573105,130322.17514071874,0.44265839299261955,14.000084247615435,14.96964663840518,15.374939026351116,1.062329010812737,7423.529710635307,0.025215108084979034,0.7974854720721887,0.8527145626438469,0.875801194524893,0.060513346755629326,True,True,45,6.661338147750939e-16
26.0,4.5,15.587435707305653,31622.776601683792,5.45398831150311,17.666509647865805,189509.69909356147,0.45545151037345094,14.243119592823183,15.20594820224674,15.532709867897639,1.1442828962253604,10727.059440202163,0.025780503305499938,0.8062214821558608,0.8607216991548575,0.8792178068843418,0.06477130565310024,True,True,45,2.220446049250313e-16
26.0,4.5,15.605157226292995,31622.776601683792,5.652035432131705,17.77555104377482,278781.29950298835,0.46855354240405367,14.482762581482453,15.438077882528173,15.686803483867543,1.231813721388697,15683.412503862739,0.02635943837972584,0.8147574466646121,0.8685006638899527,0.8824932315873956,0.0692982016903544,True,True,46,3.3881317890172014e-20
26.0,4.5,15.622878745280337,31622.776601683792,5.857493695157968,17.882460715492186,414927.3952284357,0.4819816308453477,14.7187514877094,15.665783992029251,15.837196985788768,1.325208426057895,23203.036865556758,0.026952757705643416,0.8230831160142319,0.8760418513575957,0.8856273886327324,0.0741066035117763,True,True,46,2.220446049250313e-16
26.0,5.0,14.222878745280337,100000.0,0.23597334597201547,4.907041819690306,3.6271739849673237,0.1346695038929997,1.3689504910962318,1.6811903244867121,2.689264376365893,0.005065955839543238,0.739177312574084,0.02744413209453735,0.27897673209205076,0.34260770261640355,0.5480418702719795,0.0010323848920983847,True,True,132,3.3881317890172014e-21
26.0,5.0,14.240600264267679,100000.0,0.24565116788009214,5.072995535923024,3.874791348705082,0.12370741734085922,1.4198761921671312,1.74809499204669,2.7908685280479473,0.005495533888180808,0.7638073641632073,0.024385477271734055,0.2798891073553422,0.34458831664014594,0.5501421218065694,0.0010832916861971778,True,True,88,1.6940658945086007e-21
26.0,5.0,14.25832178325502,100000.0,0.2557247737687428,5.243366677688951,4.139805115583161,0.11289207433515884,1.4728448733514055,1.8173850687688096,2.8958914496254415,0.005962795788436458,0.7895318733283417,0.021530455769100773,0.28089679091460595,0.34660651838483175,0.5522961920530466,0.001137207476602533,True,True,89,5.146572187517129e-18
26.0,5.0,14.276043302242362,100000.0,0.2662088637070922,5.41819238202855,4.423531834577621,0.10229249764983327,1.5279477602832736,1.889127960400117,3.0044157830792653,0.0064714591044449914,0.8164220689634258,0.018879451011950845,0.28200323143771727,0.3486638766585905,0.5545051875685566,0.0011943944858639557,True,True,82,3.3881317890172014e-21
26.0,5.0,14.293764821229704,100000.0,0.27711938288058513,5.597497963629949,4.727410799862295,0.09197887918152584,1.5852768865293965,1.9633897760457624,3.1165236581696787,0.007025537019489771,0.8445578418391408,0.016432141606689928,0.283211695087666,0.3507620348954114,0.5567708426906919,0.0012551209603180893,True,True,44,2.710505431213761e-20
26.0,5.0,14.311486340217046,100000.0,0.28847264504099657,5.781301686219146,5.053015038428145,0.08201838284471927,1.6449272634683174,2.040237666263713,3.232296457500826,0.007629466792601342,0.8740272195919107,0.014186836684241196,0.2845254153384385,0.3529028196412955,0.5590949292969144,0.001319679754956856,True,True,44,2.202285662861181e-20
26.0,5.0,14.329207859204388,100000.0,0.3002851622725512,5.96961620711753,5.402052178137853,0.07247696082488488,1.7069976977854804,2.119740211987106,3.351814522512434,0.008288200267165887,0.9049245363038626,0.012140974948853685,0.2859476453025974,0.35508818966615563,0.5614790643519243,0.001388397508249178,True,True,45,3.3881317890172014e-21
26.0,5.0,14.34692937819173,100000.0,0.31257504027788247,6.162437764340428,5.7764037227231935,0.06341932113299059,1.7715865797510515,2.201963909679332,3.475156910769794,0.009007021540613879,0.9373569265314029,0.01029127166199924,0.28748145579700896,0.35732026738204475,0.5639256806582522,0.0014616004063739067,True,True,44,8.470329472543003e-21
26.0,5.0,14.364650897179072,100000.0,0.3253595544241697,6.3597631957750025,6.178106118777161,0.05490596329130397,1.8387986323024357,2.2869794454318835,3.6024010448103394,0.009791965446248056,0.9714365029945577,0.008633334544245261,0.28913004709420775,0.35960135228795914,0.5664363489514093,0.0015396745357992537,True,True,44,1.4399560103323106e-20
26.0,5.0,14.382372416166413,100000.0,0.3386582695064121,6.561567147827076,6.609408500505319,0.04699749375914905,1.908736264177856,2.3748537330331256,3.733622427462747,0.010649384988265821,1.0072911473128925,0.007162541005880388,0.2908964003835504,0.36193392211486863,0.5690138260185558,0.0016229941336182872,True,True,44,2.202285662861181e-20
26.0,5.0,14.400093935153755,100000.0,0.35248978669142983,6.767824800006699,7.072756868009452,0.039748276691734905,1.981508016735087,2.465658438549213,3.8688942639605943,0.011586495164555814,1.0450561409335613,0.005873124359202614,0.29278358635009666,0.36432066600582985,0.5716599318523677,0.0017119969128846753,True,True,82,4.235164736271502e-21
26.0,5.0,14.417815454141095,100000.0,0.36687461249282893,6.978491075958503,7.570845363195735,0.03321226414815482,2.0572208806400396,2.5594625975864296,4.008287115697174,0.012611014502003972,1.0848828608920835,0.004759232875223399,0.29479451334792717,0.3667644723948988,0.5743773363135858,0.0018071262633622895,True,True,45,5.082197683525802e-21
26.0,5.0,14.435536973128437,100000.0,0.3818331406538664,7.193514276305933,8.10663084666926,0.027436913976155934,2.13598513358293,2.656338146024408,4.151868489327928,0.013731448255982038,1.1269360892729383,0.003814118235161902,0.29693207680402584,0.3692684888071857,0.5771683116002692,0.00190886508715369,True,True,46,3.3881317890172014e-21
26.0,5.0,14.45325849211578,100000.0,0.39738655808903356,7.41282982598552,8.683361626936911,0.02246694319992311,2.2179117188877786,2.756357446065434,4.299702453725128,0.014957164680757586,1.1713963264740772,0.0030308186923657288,0.29919906040645033,0.37183606136526703,0.580035230088867,0.002017740192594946,True,True,45,5.082197683525802e-21
26.0,5.0,14.470980011103121,100000.0,0.41355714688904766,7.636356726010766,9.304633802850416,0.018341535329988768,2.3031111751132647,2.8595930354981505,4.451849159364698,0.01629816733545341,1.2184650529953907,0.0024018698953015504,0.3015981649034893,0.3744708554221775,0.5829807746148004,0.0021342857491110914,True,True,86,3.3881317890172014e-21
26.0,5.0,14.488701530090463,100000.0,0.43036687789508155,7.864008683334647,9.974402650825418,0.015094119616002046,2.3916965239242884,2.9661210062781294,4.608364447631462,0.01776568789162594,1.2683610932377407,0.0019193925418710945,0.3041319790239748,0.37717672064171454,0.5860070395646276,0.0022591134632486943,True,True,46,5.082197683525802e-21
26.0,5.0,14.506423049077805,100000.0,0.44783973395574883,8.095675431020853,10.697073604982775,0.0127538615861755,2.4837773942441386,3.0760155396282363,4.769299295791816,0.019371557837640017,1.3213318266186826,0.0015753919107608365,0.30680298579249465,0.37995786340959514,0.5891169101860121,0.002392827874918559,True,True,83,1.1102230246251565e-16
26.0,5.0,14.524144568065147,100000.0,0.46599879780098863,8.331245338504912,11.477518910348458,0.011341428258245988,2.579466334976401,3.1893563292238896,4.934699386810907,0.02112901429082611,1.3776474517323676,0.0013613124805998415,0.309613536772799,0.3828186783173327,0.5923123358285912,0.0025361171628415675,True,True,121,3.3881317890172014e-21
26.0,5.0,14.541866087052489,100000.0,0.48486949265617796,8.57057995585364,12.321188726203317,0.0108741423137172,2.6788707184884593,3.3062203133942316,5.1046045642528215,0.02305213532071335,1.437614349281934,0.001268775551914692,0.3125658627872448,0.38576389584185705,0.5955961662508517,0.002689682079795419,True,True,89,1.6940658945086007e-21
26.0,5.0,14.55958760603983,100000.0,0.5044763761964303,8.813538916903834,13.23415665475815,0.011359179467555316,2.782100023074104,3.426690433598385,5.2790482382557915,0.02515629115340669,1.501571250723797,0.001288832961952332,0.3156620795919111,0.3887984685727319,0.5989703214597369,0.002854278104469301,True,True,86,6.776263578034403e-21
26.0,5.0,14.577309125027172,100000.0,0.5248461580646144,9.059956443913356,14.223249876717166,0.012800347784851082,2.8892576343561824,3.550847071727352,5.458057010336396,0.027458229985768697,1.56990267721128,0.001412848711149223,0.31890414178505666,0.39192760955411393,0.6024374448293532,0.003030724281706193,True,True,44,3.3881317890172014e-20
26.0,5.0,14.595030644014514,100000.0,0.5460051984312357,9.309660978665098,15.296132753508292,0.015191424033143167,3.0004474715050087,3.678775729887685,5.641649786043819,0.029975688782932063,1.6430386443246816,0.0016317913260168414,0.32229395660928134,0.39515678802034965,0.6059994879483537,0.003219847516641819,True,True,84,1.0164395367051604e-20
26.0,5.0,14.612752163001856,100000.0,0.5679813728443808,9.562460883277629,16.461470623799368,0.01852151555030928,3.1157674603337844,3.8105606903885016,5.829837635986126,0.03272839414066283,1.721468022168477,0.0019368984382146666,0.3258332241423846,0.3984916369228999,0.6096587172639907,0.0034225911656168622,True,True,47,1.6940658945086007e-21
26.0,5.0,14.630473681989198,100000.0,0.5908033141216391,9.818150517117916,17.729066131139817,0.02277196223767706,3.2353130589723063,3.9462883260721613,6.022622703129638,0.035736888703371515,1.8057439739011174,0.0023193739185373265,0.32952367692179374,0.40193805535898225,0.6134172309366427,0.0036398798980586374,True,True,45,8.470329472543003e-21
26.0,5.0,14.64819520097654,100000.0,0.6144999374173572,10.0765150282778,19.110058341921878,0.02791686480227321,3.3591759206374507,4.086046999463325,6.219998074068386,0.03902402759836616,1.8964947988757201,0.0027704880828272375,0.33336683478470186,0.40550200024478905,0.617276712892618,0.0038727702473377685,True,True,45,6.776263578034403e-21
26.0,5.0,14.665916719963882,100000.0,0.6391025660683254,10.337313058541968,20.617159821342444,0.03392637509274236,3.4874403563494987,4.229921854603341,6.421946879422729,0.042613793542132516,1.9944408865808696,0.0032819336031144172,0.33736429733718315,0.40918968310706777,0.6212394693915283,0.004122327852586386,True,True,45,1.0164395367051604e-20
26.0,5.0,14.683638238951223,100000.0,0.6646414450278507,10.600306958793016,22.264874412436274,0.04076110768932696,3.620190459908899,4.378003795254531,6.628441734463137,0.046532276090128756,2.1003990260836205,0.0038452761649053367,0.3415175120854335,0.4130072659474216,0.6253065840668705,0.004389710248110312,True,True,45,1.0164395367051604e-20
26.0,5.0,14.701359757938565,100000.0,0.6911505770198545,10.86522269927033,24.069901546304912,0.04838099186910853,3.757498315861053,4.530375437032214,6.839444482603571,0.05080755460749231,2.2153159868431747,0.004452830209578459,0.3458280073829866,0.41696112103955846,0.6294803771544308,0.004676163205647351,True,True,46,6.776263578034403e-21
26.0,5.0,14.719081276925907,100000.0,0.7186625200895674,11.131795484812583,26.05137965114414,0.05673683150355484,3.8994376896567626,4.687125950491466,7.054904959558027,0.05546929413585396,2.3402675414479863,0.0050968266153436316,0.35029728088131634,0.4210574975875403,0.6337616397267835,0.004982960225197477,True,True,45,1.3552527156068805e-20
26.0,5.0,14.736802795913249,100000.0,0.7472133445167355,11.399728351541034,28.231483729476526,0.06577929530900448,4.046069840650505,4.848335566120997,7.274761374536957,0.06055011256638677,2.4765049533535723,0.005770251121827155,0.3549268645602025,0.42530272797821456,0.6381521690868662,0.005311539950704308,True,True,45,1.5246593050577406e-20
26.0,5.0,14.75452431490059,100000.0,0.7768394628183632,11.668721053695377,30.635815352567132,0.07545430523505513,4.197453989256967,5.014085135809935,7.498938825201677,0.06608401654462294,2.6254647113074188,0.006466373211583411,0.3597184275758886,0.42970305937873293,0.642653020043429,0.005663347014683733,True,True,45,1.6940658945086007e-20
26.0,5.0,14.772245833887931,100000.0,0.8075784040307075,11.93846520269981,33.29410927381065,0.08570556780513373,4.353642896572612,5.184452298507277,7.727349611944906,0.07210841746124542,2.7888098435200357,0.007178943553460453,0.3646735843052977,0.4342645566646913,0.6472649105847721,0.006040007340720695,True,True,45,1.8634724839594607e-20
26.0,5.0,14.789967352875273,100000.0,0.8394713179751017,12.208623564492132,36.24102659856004,0.09647817303004984,4.5146788072867885,5.35950456676862,7.959892391607024,0.07866264058140365,2.968477683591159,0.007902461118602213,0.3697942510421399,0.4389933507620251,0.6519893376643846,0.006443203049538529,True,True,46,6.776263578034403e-21
26.0,5.0,14.807688871862615,100000.0,0.8725580246793991,12.478876514969977,39.51689454007893,0.1077138276080835,4.680604804897707,5.539312175345545,8.196451750382014,0.08578936905350888,3.1667029073229034,0.008631692723208476,0.3750822278978989,0.4438951029526132,0.656826096527948,0.006874767047385538,True,True,46,1.0164395367051604e-20
26.0,5.0,14.825410390849957,100000.0,0.9068836533014766,12.748864432267665,43.16906556255849,0.11935934011114545,4.851448561577176,5.723928879159036,8.436898322853912,0.09353410269418734,3.3861106447486105,0.009362350721139072,0.38053966197162237,0.4489755859880071,0.6617764560661521,0.007336661487861649,True,True,45,2.371692252312041e-20
26.0,5.0,14.843131909837298,100000.0,0.9424925184981088,13.018245281103143,47.25292743494186,0.131360839318438,5.027238361063193,5.91340843985672,8.681087850864838,0.10194570122455472,3.6297462841272976,0.010090518075359748,0.38616866194406146,0.45424005402943435,0.6668400896905837,0.007830986359777362,True,True,45,3.049318610115481e-20
26.0,5.0,14.86085342882464,100000.0,0.9794323558164839,13.286658874472081,51.8337137027285,0.1436692176867943,5.2079917414092884,6.10779215433194,8.928861642525854,0.11107660197364047,3.901184954956406,0.010813043297350607,0.391971509964443,0.4596936078540378,0.6720170756909437,0.008360010068976341,True,True,46,2.0328790734103208e-20
26.0,5.0,14.878574947811982,100000.0,1.0177535075495556,13.553736470502395,56.988385882843716,0.1562396559454184,5.393718286002519,6.307110252821772,9.180045967249917,0.12098287796621653,4.204625492525261,0.011527423178505039,0.397950653514705,0.46534107155972965,0.6773073969107237,0.008926164252161535,True,True,45,3.3881317890172014e-20
26.0,5.0,14.896296466799324,100000.0,1.0575065822791785,13.819125463906337,62.80777373837072,0.16903107287845714,5.584425193604554,6.511388039244536,9.43445229415884,0.13172506251943109,4.544989037288649,0.012231676550006232,0.4041084371214595,0.4711866938505906,0.6827097936696744,0.00953208384014451,True,True,45,3.3881317890172014e-20
26.0,5.0,14.914017985786666,100000.0,1.0987471670595153,14.082448359624424,69.39982310862415,0.18200921226741232,5.780105423963994,6.720632180661139,9.69187700544721,0.14336715982384216,4.928107764811646,0.012924543205799938,0.41044747875916576,0.4772346405281174,0.6882238626370287,0.010180556403450978,True,True,86,1.3552527156068805e-20
26.0,5.0,14.931739504774008,100000.0,1.1415309579260153,14.343351024033772,76.89265184893468,0.19514524607688633,5.980749551389304,6.9348429619555665,9.952102192267933,0.15597936512462926,5.360856868112135,0.01360527576504962,0.41697017254670393,0.48348833897570503,0.6938477748743759,0.010874680879194106,True,True,45,5.421010862427522e-20
26.0,5.0,14.94946102376135,100000.0,1.1859169294220644,14.601476033894036,85.43907639125355,0.20841577075839227,6.186338566247336,7.154006676153192,10.21489450837867,0.16963451497924872,5.851399967573552,0.0142736097552468,0.42367898641802687,0.4899509241084105,0.699579582548168,0.011617627874434093,True,True,45,5.421010862427522e-20
26.0,5.0,14.967182542748692,100000.0,1.2319673625650498,14.85646556978301,95.22208756118175,0.22180531216923274,6.3968413979484735,7.378092455258728,10.480007501812997,0.18441331716695428,6.409471156777469,0.014929884307097168,0.43057626108320085,0.4966250162666712,0.7054172779243392,0.012413000676421839,True,True,45,5.421010862427522e-20
26.0,5.0,14.984904061736033,100000.0,1.2797449224647721,15.107991468863949,106.46072723852713,0.23530244856820653,6.6122248327234106,7.607062965995202,10.7471796315085,0.20039956350917568,7.046649944033393,0.015574700915945129,0.4376640565591092,0.5035125272391499,0.7113572743046193,0.01326447423022306,True,True,84,1.3552527156068805e-20
26.0,5.0,15.002625580723375,100000.0,1.329317093661543,15.355716854703019,119.41920708427472,0.24890246297621205,6.832438873291079,7.840859309394787,11.016136757251944,0.2176840813176328,7.776856542369757,0.016209107352743373,0.44494431213730656,0.5106149965895832,0.7173964499011986,0.014176093723098467,True,True,45,1.1519648082658485e-19
26.0,5.0,15.020347099710717,100000.0,1.3807527513362048,15.599331495923138,134.41612511995208,0.26260685229399994,7.057426830409221,8.079411046105353,11.286592055139398,0.23636445856258587,8.616787530611907,0.016834493988580973,0.45241854320832076,0.5179331593932018,0.7235304960401112,0.01515221717189351,True,True,46,6.776263578034403e-21
26.0,5.0,15.038068618698059,100000.0,1.4341226558235463,15.838548837375104,151.83737170373763,0.27641874909925684,7.287123809800005,8.322636166436789,11.558245349224807,0.25654143248900635,9.586570920275129,0.017452277474245378,0.4600878454599435,0.525467089939288,0.7297540619346498,0.01619728140015146,True,True,45,2.220446049250313e-16
26.0,5.0,15.0557901376854,100000.0,1.489503018904199,16.073077616911718,172.15287950296985,0.2903501179980855,7.5214441492397635,8.570426904180275,11.830787672391532,0.278327649557719,10.71063573548818,0.01806437602793543,0.4679529539088317,0.5332162955004132,0.7360623742613831,0.017316388073984605,True,True,45,1.1102230246251565e-16
26.0,5.0,15.073511656672743,100000.0,1.5469689713407373,16.302682664043374,195.93445007862022,0.3044114477085828,7.760302763428978,8.822673630124832,12.103896603869465,0.30183600306273045,12.018540390948441,0.01867247581160259,0.47601385142243063,0.5411792532516021,0.7424481512214793,0.018514499072502306,True,True,45,1.1102230246251565e-16
26.0,5.0,15.091233175660083,100000.0,1.6066019531024103,16.527121107109263,223.8839903428546,0.31861951828831764,8.003589568694192,9.079238190516174,12.377243596614889,0.32719231777501684,13.546460323725059,0.01927858555784777,0.48427003812850317,0.5493538851488583,0.7489049978154227,0.019797296556039193,True,True,86,1.1102230246251565e-16
26.0,5.0,15.108954694647425,100000.0,1.6684850542894691,16.74618708350262,256.86271376602576,0.33299277196076194,8.251186247151322,9.339971081694587,12.650489935373663,0.3545260510290904,15.338579014148968,0.019884691977961198,0.4927202954324998,0.5577371753415911,0.7554250930252773,0.021170553586992293,True,True,45,8.131516293641283e-19
26.0,5.0,15.126676213634767,100000.0,1.7327029515047447,16.95971290742415,295.9328717251628,0.34754885881518777,8.50296354741459,9.604710761314346,12.923290778318098,0.3839737805068718,17.44916752662821,0.020492614510181213,0.5013624696260276,0.5663250795424646,0.7619993834129645,0.022640346720656245,True,True,45,2.220446049250313e-16
26.0,5.0,15.144397732622108,100000.0,1.7993478635154896,17.167520734293767,342.4114437524611,0.3623119365917568,8.758764438181252,9.873264100096632,13.19529725316897,0.4156839845153825,19.945305385212755,0.02110449972359748,0.510193904742738,0.5751129853231423,0.7686198524176004,0.024213396386643875,True,True,45,2.220446049250313e-16
26.0,5.0,15.16211925160945,100000.0,1.8685097566877733,17.36950765078487,397.9313475587518,0.37730065141529406,9.018433995871863,10.145440265563606,13.466154045046366,0.4498048416316647,22.909765524687778,0.021722011872814664,0.5192106867499121,0.5840948672546379,0.7752755182118174,0.025896234405431724,True,True,45,2.220446049250313e-16
26.0,5.0,15.179840770596792,100000.0,1.940287195904639,17.5655549803908,464.5344642948063,0.39253976473922964,9.281784258864276,10.421012841103563,13.735507153847982,0.4865016699303865,26.445760741029048,0.0223471313703119,0.5284082552032053,0.5932640814786095,0.7819569133557995,0.027696344947454817,True,True,45,1.1102230246251565e-16
26.0,5.0,15.197562289584134,100000.0,2.0147802644504154,17.75558997171805,544.773983171597,0.40805141605330164,9.548619683367088,10.699746744162015,14.002999293218165,0.5259390088568243,30.68182944297199,0.02298157463104664,0.5377810423971597,0.6026128538226599,0.7886529997326369,0.029621038202310657,True,True,45,2.622414004699314e-18
26.0,5.0,15.215283808571476,100000.0,2.092091400643265,17.939578602257523,641.8605958782236,0.42385755295896127,9.8187304729245,10.98139286721312,14.268276331099539,0.5682942202948913,35.77902302551587,0.02362695146616336,0.5473222471172711,0.6121321526377,0.7953518110678482,0.03167823686914123,True,True,45,2.220446049250313e-16
26.0,5.0,15.233005327558818,100000.0,2.172332420019434,18.117470496934313,759.8500298808581,0.4399840042794743,10.091875626297572,11.26566790087857,14.530987752800383,0.6137521282260292,41.94018309616862,0.024285068070287446,0.5570245376144112,0.6218124049262204,0.802042854451409,0.03387625928961127,True,True,45,2.220446049250313e-16
26.0,5.0,15.25072684654616,100000.0,2.255612027660851,18.28929920462698,903.8717332565894,0.45645079834824187,10.367819025762762,11.55229545410865,14.790786476969126,0.6625001245542218,49.420796452819815,0.024957260157500463,0.5668789662066342,0.6316423240091152,0.8087125871519029,0.036223373959928265,True,True,45,8.881784197001252e-16
26.0,5.0,15.268448365533501,100000.0,2.3420505830495433,18.455065777811008,1080.4620089521122,0.4732842302728838,10.646285551681778,11.840957473682243,15.047335809185432,0.71474190000398,58.54555177208737,0.025645220449006766,0.5768760555967282,0.6416101473839734,0.815349887686514,0.03872876469848903,True,True,45,1.1102230246251565e-16
26.0,5.0,15.286169884520843,100000.0,2.4317688633318286,18.614827363649727,1297.9552662849628,0.4905059483360207,10.926998078565832,12.131334759586835,15.300305368065096,0.7706777525818705,69.7269569536571,0.026350281888397237,0.5870050720912742,0.6517027809388343,0.8219418353534079,0.041401283908053775,True,True,45,6.661338147750939e-16
26.0,5.0,15.303891403508185,100000.0,2.5248919380114225,18.76866623072538,1567.0381509479937,0.5081394126252794,11.209663145640723,12.423092214431275,15.54937807959111,0.8305240106751303,83.49224881961312,0.027073815815075133,0.5972541153345177,0.6619059693274295,0.8284753902296951,0.04425056103962864,True,True,45,2.220446049250313e-16
26.0,5.0,15.321612922495527,100000.0,2.621555559958535,18.916643134129604,1901.4688676218375,0.5262101425695153,11.493957182696825,12.71586249299535,15.79425013388895,0.894497984278376,100.51830306991347,0.027817310864215725,0.6076108272064037,0.6722050208820222,0.8349393717425899,0.04728629587902483,True,True,45,5.551115123125783e-16
26.0,5.0,15.339334441482869,100000.0,2.7218913485539464,19.058905200216774,2318.9924294761045,0.5447391461074144,11.779568911661046,13.009294103703173,16.034630767894225,0.9628229152831138,121.67500730575692,0.02858186975510107,0.6180611524069634,0.6825834940170229,0.8413196140831767,0.05051826981500295,True,True,45,2.220446049250313e-16
26.0,5.0,15.35705596047021,100000.0,2.826046625714582,19.195542464402397,2842.6503668934424,0.563753881931703,12.06614331390761,13.30298882524194,16.270250286301795,1.035732539034056,148.08908746210528,0.029368999754873764,0.6285909000114969,0.6930248962701608,0.847605652013978,0.05395692989426026,True,True,45,8.881784197001252e-16
26.0,5.0,15.374777479457553,100000.0,2.9341664300057726,19.32671542889223,3502.3875491327003,0.5832763797089591,12.353337224209417,13.596563698710575,16.50085276830641,1.1134562797507797,181.2200092674232,0.030179798624084743,0.6391845148059639,0.7035113518764066,0.8537846396619815,0.05761228719114021,True,True,45,1.6653345369377348e-15
26.0,5.0,15.392498998444895,100000.0,3.04640403055635,19.4525800854959,4337.3316365984265,0.603332375014261,12.640788250089997,13.889616702076365,16.72620723878787,1.1962370249463359,222.96947847203046,0.031015545103146164,0.6498257914648112,0.7140243937323588,0.8598451807048029,0.06149503149138895,True,True,45,1.6653345369377348e-15
26.0,5.0,15.410220517432236,100000.0,3.162923071272215,19.573274881820353,5398.787185834887,0.6239481792737616,12.92811309432599,14.181724685012044,16.94610138247825,1.2843126805152265,275.82441969633186,0.03187755667056433,0.660498213629729,0.7245453185855997,0.8657775198476255,0.06561562580966435,True,True,46,1.1102230246251565e-16
26.0,5.0,15.427942036419577,100000.0,3.2838828970793594,19.689015473396893,6754.155866558898,0.6451470376080297,13.214950816054692,14.472491832047902,17.160346692749464,1.3779266454920958,343.0418283577905,0.032766851063717725,0.6711839316653628,0.7350541143919881,0.8715695670987674,0.06998453769076986,True,True,45,2.220446049250313e-16
26.0,5.0,15.44566355540692,100000.0,3.4094628787336925,19.79993795616166,8492.521712168622,0.6669585532906147,13.500895195010804,14.76147431078597,17.36878046957083,1.477323918999373,428.91658201008573,0.033684880971208295,0.6818655303315928,0.7455313417379805,0.8772138836003643,0.07461255294184575,True,True,45,6.661338147750939e-16
26.0,5.0,15.46338507439426,100000.0,3.5398366936582737,19.906261000989456,10731.701159280732,0.6894066152839824,13.785572349808671,15.048266985495701,17.571261102216212,1.5827438479111227,539.1118482143535,0.03463265227205224,0.6925244449032115,0.7559564794587851,0.8827002268955892,0.0795098510881803,True,True,45,4.440892098500626e-16
26.0,5.0,15.481106593381602,100000.0,3.675191674865251,20.00816488621241,13628.28634363119,0.7125200226271089,14.068586613226255,15.332442842526076,17.767677457034345,1.694429967406188,681.1362471838894,0.03561146295421152,0.7031422768272413,0.7663093007141117,0.8880213431906502,0.08468692541482487,True,True,45,4.431676380034499e-18
26.0,5.0,15.498828112368944,100000.0,3.8157238817057317,20.105823471839475,17390.983446211987,0.7363271652916102,14.349538468870382,15.613573453983912,17.957939166543266,1.8126167359363416,864.9724529099773,0.03662258182674892,0.7137006096252941,0.7765697075701735,0.8931710353318993,0.0901538172995063,True,True,45,1.1102230246251565e-16
26.0,5.0,15.516549631356286,100000.0,3.9616267691015206,20.199467655302705,22298.39850445313,0.7608544462390838,14.628059995089274,15.891267957670065,18.141986558658143,1.9375361050007143,1103.9102061979054,0.03766705436117503,0.7241804707288491,0.7867171664545494,0.8981418158262979,0.09592015681126517,True,True,45,2.220446049250313e-16
26.0,5.0,15.534271150343628,100000.0,4.113117159782899,20.289239967102716,28724.35168743212,0.786134283252523,14.903743089020905,16.165093627605387,18.31978201429663,2.06941257876192,1415.7431098457223,0.03874636430576863,0.7345638926438872,0.7967323395955549,0.9029309153029195,0.1019955691843212,True,True,45,5.551115123125783e-16
26.0,5.0,15.55199266933097,100000.0,4.270403838124312,20.37536817017866,37170.45876241832,0.8121935892943343,15.176232982651284,16.43467999553084,18.49131669459934,2.2084609301569804,1824.2840302056927,0.039861541765073914,0.7448323316612842,0.8065954861902617,0.90753288677567,0.10838876194587141,True,True,45,4.440892098500626e-16
26.0,5.0,15.569714188318311,100000.0,4.433714868964897,20.458017773315277,48312.50718767781,0.839064552599984,15.44515369148247,16.699635387863367,18.65660387477728,2.354884352354464,2361.543905328646,0.04101397124087117,0.7549682409421204,0.8162880476937403,0.9119458239552564,0.11510813894326033,True,True,45,2.220446049250313e-16
26.0,5.0,15.587435707305653,100000.0,4.603285416035268,20.5373592362239,63062.69211318666,0.8667787898298315,15.710145135445522,16.959589091782792,18.815683171802274,2.508875972446094,3070.632956644025,0.0422049777607728,0.7649544887804216,0.825792103878155,0.9161685762702673,0.12216156632352838,True,True,45,2.220446049250313e-16
26.0,5.0,15.605157226292995,100000.0,4.779351400591814,20.613598086269636,82653.08214592453,0.8953663716648045,15.970885795115112,17.21421551339276,18.96861617018485,2.67060909308598,4009.6387733967867,0.04343571500315574,0.7747742887134801,0.8350902856138858,0.9201991855473072,0.12955569822935603,True,True,45,1.1102230246251565e-16
26.0,5.0,15.622878745280337,100000.0,4.96217412446401,20.686857597656594,108754.18494940367,0.9248630606136077,16.227025389384128,17.46316018675306,19.115485030054877,2.8402429710197215,5257.163125719168,0.04470775980583808,0.7844122923349327,0.8441668873251821,0.9240400548907088,0.13729697502927965,True,True,45,1.111307226797642e-18
26.0,5.5,14.222878745280337,316227.7660168379,0.20067500581110445,5.11367119470137,3.6566294722901014,0.16679455086945083,1.4038180302496859,1.7215214625767006,2.821358260281565,0.015107502937788135,0.7150693372853126,0.03261737888863059,0.2745225449192508,0.33665079294900474,0.5517285239623874,0.0029543360068676433,True,True,101,5.696465976874621e-17
26.0,5.5,14.240600264267679,316227.7660168379,0.2090417784238357,5.28960908078839,3.90223717232754,0.1573231777321546,1.4561706324297323,1.7900996732360717,2.929926785481013,0.016372992021231523,0.7377174972154901,0.029741929002569386,0.2752888937896139,0.33841814128337555,0.5539023282689015,0.0030953122945696415,True,True,44,8.809142651444724e-20
26.0,5.5,14.25832178325502,316227.7660168379,0.21775800872868406,5.470434049456687,4.164574629518706,0.14806222568124222,1.5106216157096668,1.861132768372462,3.0422945469675073,0.017746773642925182,0.7612877866487255,0.02706590086685123,0.276142917006686,0.34021665402534307,0.5561340324118637,0.0032441253257934365,True,True,44,8.470329472543003e-20
26.0,5.5,14.276043302242362,316227.7660168379,0.226837286834484,5.656197157611041,4.444832604410159,0.13908369063565654,1.5672619088200714,1.9346895853007782,3.158564542027973,0.019239021887065503,0.7858341002892983,0.02458961149338721,0.2770875669903314,0.3420477630800826,0.55842546750298,0.003401405812238575,True,True,44,8.809142651444724e-20
26.0,5.5,14.293764821229704,316227.7660168379,0.23629380698170646,5.846941068639823,4.744299294654159,0.1304587866683067,1.6261845740419212,2.010839222634012,3.278840178571774,0.020860913961773222,0.811415616979671,0.02231231427455714,0.27812569939587595,0.3439130305963208,0.5607787285830353,0.00356783379837042,True,True,82,6.776263578034403e-21
26.0,5.5,14.311486340217046,316227.7660168379,0.24614288938546772,6.042695602093971,5.064372958923911,0.1222582737428118,1.6874835277763816,2.0896498040147136,3.4032249611472265,0.022624428838031,0.8380983078427708,0.020232406494288032,0.27926005857247205,0.34581417658877084,0.5631964913089299,0.003744095405069051,True,True,45,6.098637220230962e-20
26.0,5.5,14.329207859204388,316227.7660168379,0.25639925010423636,6.243489653580536,5.406553543208783,0.11454960825365826,1.751257999069604,2.1711927191736344,3.5318223701662745,0.024543208686610793,0.8659505890440958,0.01834704862335537,0.28049345738329,0.3477530739445515,0.5656808237266533,0.003931008145826858,True,True,46,2.0328790734103208e-20
26.0,5.5,14.34692937819173,316227.7660168379,0.26707979881428395,6.4493302329565685,5.772478524291552,0.1074009756801613,1.8176051778400029,2.2555357081459606,3.664735330315781,0.026631471609024463,0.895050852690679,0.016653043308487155,0.28182851740974624,0.3497317747229009,0.5682350256447878,0.004129339116942038,True,True,45,1.3552527156068805e-20
26.0,5.5,14.364650897179072,316227.7660168379,0.2782003506397735,6.660225993774669,6.163900173529202,0.10087594289201515,1.8866286584630931,2.342751079148118,3.802066135848212,0.028905480648293864,0.9254791322832912,0.01514602402175304,0.2832679642142068,0.35175249028154504,0.5708614301379583,0.004340014989778409,True,True,84,6.776263578034403e-21
26.0,5.5,14.382372416166413,316227.7660168379,0.28977878408926994,6.876163214813236,6.5827280476896775,0.09503802764375124,1.9584300898392895,2.43290785382585,3.9439158451717375,0.031382375485662146,0.9573257414118074,0.01382137460597386,0.2848143693884792,0.35381764187689235,0.573563442571492,0.00456393696677465,True,True,46,1.3552527156068805e-20
26.0,5.5,14.400093935153755,316227.7660168379,0.30183272673076705,7.097122413878779,7.031017586114615,0.08994659296305951,2.0331150255554933,2.526077702379409,4.090384032722948,0.034081148045066685,0.9906856858443229,0.012673670780591926,0.28647033360727087,0.3559298480521539,0.5763440158118165,0.004802107961167373,True,True,83,1.0164395367051604e-19
26.0,5.5,14.417815454141095,316227.7660168379,0.3143805881714997,7.323070127548485,7.510994226195267,0.08565843929455268,2.110789848934414,2.622332315190296,4.241568324384744,0.037022506773872414,1.0256619280402401,0.011697066640440354,0.2882383770973165,0.35809192995782,0.5792062960626975,0.005055599103796414,True,True,45,1.3552527156068805e-20
26.0,5.5,14.435536973128437,316227.7660168379,0.32744206103345536,7.553954098982703,8.025074322800833,0.08222758675526937,2.1915605357732044,2.721742429706637,4.397563796957743,0.040228519478495574,1.0623673665003572,0.010885370188619894,0.2901209759890312,0.36030698545986345,0.582153894415372,0.005325491649984103,True,True,83,1.0164395367051604e-19
26.0,5.5,14.45325849211578,316227.7660168379,0.34103617546394943,7.789718269283284,8.575861698202345,0.07970258673593719,2.275536820204899,2.8243826728674577,4.558462713564528,0.04372386216906341,1.1009206497260642,0.010231767566000877,0.29212055449782864,0.36257828270948794,0.5851896764404989,0.005613022275975888,True,True,47,6.776263578034403e-21
26.0,5.5,14.470980011103121,316227.7660168379,0.3551844263107503,8.030277143727695,9.166201820527167,0.07813026861283057,2.362824452265977,2.930323901040352,4.724353634210339,0.047534348823690696,1.1414552270698057,0.009729461040314993,0.2942394652109282,0.3649094357010051,0.5883176320882583,0.005919390822123608,True,True,85,1.3552527156068805e-20
26.0,5.5,14.488701530090463,316227.7660168379,0.36990699139321664,8.275545827358638,9.799162846943423,0.07754989844894751,2.4535338754318015,3.039642983907515,4.895321126810236,0.05168875837350309,1.1841107585372515,0.00937097081772788,0.29648000586505274,0.3673042295117951,0.5915405737500108,0.0062459636441891285,True,True,48,6.776263578034403e-21
26.0,5.5,14.506423049077805,316227.7660168379,0.3852266241219806,8.52540790416265,10.47810719165102,0.07799890601656564,2.547770270524594,3.1524127005228784,5.071444928809779,0.05621753371375365,1.2290446755673634,0.009148994029773237,0.2988443836547234,0.3697667884000798,0.594862437764834,0.006594116591923378,True,True,46,1.3552527156068805e-20
26.0,5.5,14.524144568065147,316227.7660168379,0.4011652788649094,8.779742687112472,11.206679906293479,0.07950666085316242,2.6456418007058637,3.2687111388405907,5.252799226038899,0.06115365440323074,1.2764246408660058,0.009055693735747852,0.30133477654069796,0.3723014734405185,0.5982862383597334,0.006965312832344894,True,True,45,1.3552527156068805e-20
26.0,5.5,14.541866087052489,316227.7660168379,0.4177465704768366,9.038404672460036,11.988881924398425,0.0820990400176382,2.7472522249570166,3.388614539009065,5.439452220237692,0.06653291975359261,1.326437834867969,0.009083355192957167,0.3039532223344544,0.3749129035275609,0.6018155213620463,0.0073611353070213836,True,True,45,1.6940658945086007e-20
26.0,5.5,14.55958760603983,316227.7660168379,0.4349946417787279,9.301232586334699,12.829081258322002,0.08579527585992323,2.852704774489538,3.5122014008022737,5.631464786046947,0.07239293157514294,1.379288297463972,0.009224075955908576,0.3067017997894935,0.3776060181488606,0.6054536034633359,0.0077831546414076445,True,True,45,1.3552527156068805e-20
26.0,5.5,14.577309125027172,316227.7660168379,0.4529338282714723,9.568052439123433,13.73207942162925,0.090608155566061,2.962100639721985,3.6395523823697067,5.828890366362709,0.07877513196946208,1.435201103777322,0.009469864023274727,0.30958240023957845,0.3803859150570396,0.609203430212044,0.008233141746522345,True,True,45,1.3552527156068805e-20
26.0,5.5,14.595030644014514,316227.7660168379,0.47159064668218487,9.838660132105876,14.70316506212147,0.09654657933637628,3.0755357245696624,3.7707457886972398,6.031773404255686,0.08572258520123452,1.494427581062747,0.009812980430264275,0.3125970084619004,0.3832580593359866,0.6130685808093506,0.008712831223989682,True,True,87,6.776263578034403e-21
26.0,5.5,14.612752163001856,316227.7660168379,0.490990388038378,10.112851553020597,15.748154869725123,0.10360998022695198,3.1931070593767155,3.905866444360479,6.240148905334227,0.09328226717800743,1.5572417717356213,0.010245377348192638,0.3157474469624712,0.3862280014575948,0.6170513699936951,0.009224130967308132,True,True,45,2.0328790734103208e-20
26.0,5.5,14.630473681989198,316227.7660168379,0.5111617044049165,10.390382251752726,16.873520516449034,0.11179627620048205,3.3149019223332004,4.0449927620061,6.454041501933378,0.10150374228519692,1.6239557032276348,0.010759592235562212,0.31903560831691424,0.38930163145092767,0.6211553478549514,0.009769009438326922,True,True,47,1.3552527156068805e-20
26.0,5.5,14.64819520097654,316227.7660168379,0.5321316674398534,10.671012078963665,18.086386412555,0.12109322756960621,3.4410103183900334,4.188211187226885,6.673463900858236,0.11043947776393719,1.6949082503813915,0.011347867163258463,0.32246335145412125,0.3924849073578811,0.6253824708917715,0.010349484842365834,True,True,45,2.371692252312041e-20
26.0,5.5,14.665916719963882,316227.7660168379,0.5539303625042837,10.954464295199433,19.394742133555415,0.13148655419354244,3.5715115012176226,4.335601854637433,6.898417073676735,0.12014612380015076,1.7704875027120002,0.01200301088672713,0.32603251103595854,0.395784014425737,0.6297356847198656,0.010967777205938068,True,True,46,2.710505431213761e-20
26.0,5.5,14.683638238951223,316227.7660168379,0.5765878619108181,11.240453979207958,20.80742925944571,0.1429553503559734,3.706484257140727,4.487248254557189,7.128887740651853,0.130682313211849,1.8511200079582437,0.012717933868187639,0.3297450675921809,0.39920525121649725,0.6342170657731904,0.011626070748884231,True,True,85,1.1102230246251565e-16
26.0,5.5,14.701359757938565,316227.7660168379,0.6001349215147641,11.528682673595675,22.334366173408288,0.15547299114378138,3.846001845396919,4.643233889415582,7.364848882440866,0.14211159022807238,1.9372869221703048,0.01348575509844361,0.33360288892376905,0.4027549392134848,0.6388283111745886,0.012326784789866131,True,True,45,4.0657581468206416e-20
26.0,5.5,14.719081276925907,316227.7660168379,0.6246054303126956,11.81881647132685,23.986668322348383,0.16901201084381073,3.990128396125545,4.803635423519663,7.606257668262419,0.15449993459897968,2.029532176977404,0.014300248358525907,0.3376081188675561,0.4064396325278058,0.6435718573611539,0.013072369384346198,True,True,45,5.421010862427522e-20
26.0,5.5,14.736802795913249,316227.7660168379,0.6500312474708144,12.110536326058186,25.776736015299285,0.18353641383130456,4.13893062046746,4.968537205406152,7.853054854517064,0.16791757860389656,2.128455364923484,0.01515510204419189,0.3417627848208292,0.4102656621998956,0.6484481482145165,0.013865412239637071,True,True,45,6.098637220230962e-20
26.0,5.5,14.75452431490059,316227.7660168379,0.676449343756199,12.403471298410413,27.718632357423953,0.1990124798281831,4.292459404496376,5.138009646209191,8.105164285261804,0.18243867887621115,2.234747974220433,0.01604490186982477,0.346069201211961,0.4142396529645424,0.6534593494242643,0.014708679085635638,True,True,48,2.710505431213761e-20
26.0,5.5,14.772245833887931,316227.7660168379,0.7038947868906428,12.697267891700342,29.828035510201737,0.21540056366094962,4.450769488093729,5.31212965868777,8.362490958588888,0.19814078658600495,2.349169582355511,0.016964323781949005,0.3505296986765953,0.4183679279666203,0.6586055386021341,0.01560499378890171,True,True,46,2.0328790734103208e-20
26.0,5.5,14.789967352875273,316227.7660168379,0.7324058968966323,12.991541923716754,32.12273970753887,0.23266105558131095,4.61390393890116,5.490964779400081,8.624921391281623,0.21510624383234342,2.472588696257608,0.01790865602770182,0.3551467536334722,0.4226568956665591,0.6638874309089029,0.016557406741662856,True,True,45,2.371692252312041e-19
26.0,5.5,14.807688871862615,316227.7660168379,0.762022822751544,13.285894391509007,34.62278066655775,0.25075499833906795,4.781900044311463,5.674576683405605,8.892321856340002,0.23342102458076674,2.605980421512692,0.01887377627352849,0.359923081081208,0.42711288500322697,0.6693054749872971,0.01756908625812544,True,True,45,3.3881317890172014e-19
26.0,5.5,14.825410390849957,316227.7660168379,0.7927850915989347,13.579938204365607,37.35072290860567,0.26964084929601306,4.954794495687625,5.863028035122354,9.164538234348546,0.2531760741689161,2.7504339376594773,0.01985582299699496,0.3648613433376879,0.43174187885755905,0.6748586110209528,0.018643389267229978,True,True,45,4.336808689942018e-19
26.0,5.5,14.843131909837298,316227.7660168379,0.8247374968127696,13.873241835288017,40.33223215798089,0.28928184880245417,5.132608454973935,6.056364484102094,9.441395160852512,0.27446619252022897,2.9071959270104926,0.020851784481016978,0.36996460639204154,0.436550054847102,0.6805471477356758,0.019783854111307713,True,True,45,5.963111948670274e-19
26.0,5.5,14.86085342882464,316227.7660168379,0.857922980922514,14.16540333937534,43.59613761633265,0.30964069061772825,5.315366460811003,6.254634467137592,9.722695740232298,0.2973921553337503,3.0776488725279836,0.021858939219684983,0.3752358004544753,0.4415429845016617,0.6863691422895302,0.02099425962034517,True,True,45,2.220446049250313e-16
26.0,5.5,14.878574947811982,316227.7660168379,0.8923890611272176,14.45598846500644,47.17520899626205,0.3306843059144111,5.503079525776881,6.457870872383841,10.008220630132387,0.3220580120613302,3.2633679191470657,0.022875246941078946,0.38067819015615334,0.4467263437582554,0.6923235069230479,0.022278518887929033,True,True,45,1.1655173354219173e-18
26.0,5.5,14.896296466799324,316227.7660168379,0.9281840433578209,14.744571676610429,51.10649464470916,0.35238309751997965,5.6957546054181805,6.666100060409076,10.29772836193825,0.3485745096100596,3.466122703705275,0.023899174913230684,0.38629501964125923,0.4521053718354957,0.69840810488064,0.023640870501718907,True,True,45,1.5856456772600502e-18
26.0,5.5,14.914017985786666,316227.7660168379,0.9653580732393079,15.030728918900516,55.431885731030384,0.3747117957055496,5.893392586179178,6.879339197055913,10.59095506575163,0.377057160530793,3.687904028481752,0.024929715499982512,0.39208960643076207,0.45768500211625995,0.7046201899386226,0.025085753496402914,True,True,45,2.220446049250313e-16
26.0,5.5,14.931739504774008,316227.7660168379,1.0039644158918553,15.314027302256537,60.198912827466025,0.39764940787127373,6.095984453769867,7.097592147239187,10.887613251850176,0.40762551348073206,3.930965489306373,0.02596635098153963,0.39806540327060913,0.4634699943491252,0.7109568918063687,0.02661778678040283,True,True,45,2.220446049250313e-16
26.0,5.5,14.94946102376135,316227.7660168379,1.0440571728393193,15.594052174770749,65.46136403671342,0.4211814031841122,6.303516202457448,7.320853826980205,11.187394840121952,0.4404083375359592,4.197841799107343,0.027009105681044962,0.40422567090392064,0.46946449485557334,0.7174142240091883,0.028242071566778874,True,True,45,3.6591823321385775e-18
26.0,5.5,14.967182542748692,316227.7660168379,1.0856941306575867,15.870381110532179,71.2801227122952,0.44529778706964873,6.515963616587004,7.549104269434449,11.489967370452561,0.4755351298232594,4.491393257405208,0.02805841800321559,0.41057385901481386,0.4756725258742892,0.7239881191528154,0.02996368685233882,True,True,45,4.526544070126981e-18
26.0,5.5,14.984904061736033,316227.7660168379,1.1289334750532685,16.1426208770783,77.72422432164845,0.46999349295746573,6.733297382885196,7.782315161158937,11.794977970013493,0.5131454904325781,4.814845427734284,0.02911506728283711,0.41711302236219494,0.48209737566279764,0.7306730462066269,0.031788238994153575,True,True,45,5.651403824080692e-18
26.0,5.5,15.002625580723375,316227.7660168379,1.1738383896432683,16.410364436599462,84.87192637959691,0.49527243569811547,6.9554730255895265,8.020436678313281,12.102053499074993,0.5533834254318022,5.171848968223401,0.030180465376718063,0.42384634737769616,0.48874214276592065,0.7374640304808957,0.03372158050296619,True,True,45,2.220446049250313e-16
26.0,5.5,15.020347099710717,316227.7660168379,1.2204711699179254,16.673253664920573,92.81154676260707,0.521138460816113,7.18244636051422,8.263416606165624,12.410796993933735,0.596395956258979,5.566492817048447,0.031255954673835136,0.4307765301757277,0.4956091217847485,0.7443536362698802,0.03576962050986826,True,True,45,4.440892098500626e-16
26.0,5.5,15.038068618698059,316227.7660168379,1.2688994202819972,16.930920521986096,101.64371456250412,0.5476061295923615,7.414153284142461,8.511177356957514,12.720798128500668,0.6423421071018701,6.003436991539354,0.0323435532569687,0.4379060946222396,0.5027002132521442,0.7513352928437493,0.037938994886175255,True,True,45,1.1102230246251565e-16
26.0,5.5,15.0557901376854,316227.7660168379,1.3191925045559982,17.183026114564534,111.48185936314586,0.5746918418475644,7.650524039884248,8.763631022614149,13.031622251030509,0.691379308672483,6.4879060661295584,0.033445322029770345,0.4452372934124551,0.5100167435109694,0.7584008872561018,0.04023617866043175,True,True,45,2.220446049250313e-16
26.0,5.5,15.073511656672743,316227.7660168379,1.3714197806595028,17.429281594548346,122.45456488853057,0.6024147078867845,7.891483127429667,9.020681914971846,13.342823339436627,0.7436753812151294,7.025795310280188,0.03456336995985033,0.4527715663219315,0.5175590207799154,0.7655406372922502,0.04266816031291511,True,True,45,4.440892098500626e-16
26.0,5.5,15.091233175660083,316227.7660168379,1.42565942470384,17.66936353962848,134.7081145304434,0.6308044806458881,8.136926443123034,9.282198695338149,13.65393875566582,0.7994033261178006,7.623823813932111,0.03570046420920216,0.46051044367691596,0.5253272804377037,0.7727464956529447,0.04524233848745686,True,True,45,1.1655173354219173e-17
26.0,5.5,15.108954694647425,316227.7660168379,1.4819845406231718,17.90305476936507,148.40662346635952,0.6598851277124281,8.386761478407658,9.548061369849888,13.964492000181886,0.8587361849289759,8.289458161090279,0.03685880070263735,0.4684542155765909,0.5333202346109177,0.7800061039905501,0.0479659028021524,True,True,45,2.220446049250313e-16
26.0,5.5,15.126676213634767,316227.7660168379,1.5404776913490499,18.130103611251055,163.73764154390366,0.689691179577805,8.640861544738048,9.818110759458282,14.273999157864951,0.9218588433546953,9.03125790424565,0.03804121555873521,0.47660298749620833,0.5415363844564808,0.7873092986080285,0.050846860179145054,True,True,45,2.220446049250313e-16
26.0,5.5,15.144397732622108,316227.7660168379,1.601222532756128,18.350309245913053,180.91231623486024,0.7202571577128954,8.899094155402018,10.092178675805352,14.581965768879476,0.9889549728889623,9.858815664109459,0.039250409792048045,0.4849560863604524,0.5499732206449361,0.7946441432384659,0.05389309573130058,True,True,45,9.98821251402271e-18
26.0,5.5,15.16211925160945,316227.7660168379,1.6643018891595664,18.56354187721093,200.16879745278848,0.7516159335341354,9.161323953662267,10.370093913329843,14.887892918765376,1.060213069665562,10.78289901662143,0.04048882150323037,0.493511637717635,0.5586269033098921,0.8019963548573737,0.05711264998233479,True,True,45,4.440892098500626e-16
26.0,5.5,15.179840770596792,316227.7660168379,1.7298109326176498,18.76961892289582,221.77863328640572,0.7838108945394623,9.427373653686962,10.651637191259521,15.191280401983667,1.1358288079814403,11.815830369143649,0.04175955291150547,0.5022677174434869,0.5674935242433874,0.8093547591130273,0.06051421782441825,True,True,46,5.421010862427522e-20
26.0,5.5,15.197562289584134,316227.7660168379,1.7978378904122059,18.96849053216763,246.0449798870591,0.8168769885126627,9.69708360943242,10.936608697758054,15.491627476877584,1.2159948563815854,12.971247209671473,0.04306494431527725,0.5112206262795485,0.5765671590584003,0.8167032295272088,0.06410604229785423,True,True,46,1.1102230246251565e-16
26.0,5.5,15.215283808571476,316227.7660168379,1.868482308369407,19.160068488928015,273.31263568412675,0.8508566263069112,9.970254902777135,11.224765351452119,15.788436518652137,1.3009097728018921,14.264700350213534,0.044407807143204824,0.5203663498665793,0.5858416089659882,0.824028187987729,0.06789692706754394,True,True,46,1.1102230246251565e-16
26.0,5.5,15.233005327558818,316227.7660168379,1.9418462583204492,19.344310930670353,303.96967513602533,0.885793337863757,10.246676929281827,11.515850495753403,16.08122191077893,1.3907755788046439,15.713647088565054,0.04579089640558528,0.5296997637189417,0.5953094187239854,0.8313153137588476,0.07189584492252825,True,True,46,5.421010862427522e-20
26.0,5.5,15.25072684654616,316227.7660168379,2.018030580561414,19.521256211568186,338.4496206363621,0.9217256590268149,10.52614092514033,11.809610251928472,16.36950089536654,1.4857885708885685,17.33749185853105,0.047216513580750276,0.5392143216122843,0.6049615928369488,0.8385475154855078,0.07611131961928243,True,True,46,1.6263032587282567e-19
26.0,5.5,15.268448365533501,316227.7660168379,2.0971501088908915,19.690887054623378,377.24482140000913,0.9587014889482827,10.80839078963749,12.105738572692738,16.652813957720642,1.5861530739589047,19.158345703447264,0.048687572392691246,0.5489031936273132,0.6147888888454285,0.8457117199202357,0.08055264699649371,True,True,46,8.131516293641283e-20
26.0,5.5,15.286169884520843,316227.7660168379,2.1793143343020422,19.853303492716417,420.9019164522058,0.996762144213106,11.09318559535,12.40394686736425,16.93071289175538,1.6920698628305018,21.20059851029941,0.050206362108894786,0.558757669695613,0.6247799955264315,0.8527907155585845,0.08522863026051415,True,True,46,3.296811049391347e-18
26.0,5.5,15.303891403508185,316227.7660168379,2.2646435394023805,20.008580430614266,470.0341770677055,1.035952275350429,11.380251054610365,12.70391016237521,17.20277276956227,1.8037332563291457,23.491630438135754,0.05177540100572868,0.5687685387813887,0.6349231124331792,0.859769778731581,0.09014798738891697,True,True,45,2.8286135877965326e-18
26.0,5.5,15.321612922495527,316227.7660168379,2.353262815131967,20.156821195758653,525.3284497890284,1.076320455174252,11.669295326513328,13.00528479121852,17.46859598305904,1.9213482567979283,26.062068254074042,0.05339733109309561,0.5789253778253861,0.6452051474244886,0.8666344664869448,0.09532000299740782,True,True,45,2.220446049250313e-16
26.0,5.5,15.339334441482869,316227.7660168379,2.445297335817119,20.29819565648927,587.5413289065757,1.1179091806656494,11.960030435764313,13.30773224483458,17.727808020792306,2.0451018894206294,28.94549539523926,0.05507431298743331,0.5892164327394651,0.65561158587907,0.8733686639346577,0.1007528907509972,True,True,45,2.220446049250313e-16
26.0,5.5,15.35705596047021,316227.7660168379,2.5408852486135296,20.432833626198082,657.5193674251599,1.1607682398348247,12.252128430840877,13.61087077850267,17.9800684652894,2.175185948320243,32.17954883076606,0.056808970359673396,0.5996294324606909,0.6661274215560298,0.8799596176536252,0.10645542307608843,True,True,45,1.1102230246251565e-16
26.0,5.5,15.374777479457553,316227.7660168379,2.640163670728558,20.560938893532583,736.1927680434181,1.204945252724255,12.545268070573965,13.91432737990043,18.225071654567884,2.311790943494215,35.80540615657326,0.05860361041699652,0.6101505449500685,0.6767359920648937,0.8863929681878757,0.11243605924150603,True,True,45,2.220446049250313e-16
26.0,5.5,15.392498998444895,316227.7660168379,2.7432790267547036,20.682704909742604,824.5806733302145,1.2504870863042168,12.839107460769604,14.217706978792195,18.462542112518737,2.455084091669807,39.86812541824716,0.06046051963518437,0.6207653939268714,0.6874200952359444,0.8926560714900468,0.11870227334304508,True,True,45,1.0164395367051604e-18
26.0,5.5,15.410220517432236,316227.7660168379,2.850384148341681,20.798338256922417,923.8066787772668,1.2974468014565936,13.133287838434995,14.52059773282543,18.69224973999085,2.6052493490997484,44.41733120047663,0.06238223387989941,0.6314585173199487,0.6981614373923583,0.8987376543782007,0.1252623799515632,True,True,45,7.860465750519907e-19
26.0,5.5,15.427942036419577,316227.7660168379,2.9616356450666466,20.908077306690323,1035.081616726454,1.3458725998358887,13.427451397521198,14.82259038241578,18.913999534495847,2.762442055174832,49.50630330772887,0.06437094047883715,0.642213590497132,0.7089408636189009,0.9046264396795397,0.13212319883143367,True,True,45,1.1102230246251565e-16
26.0,5.5,15.44566355540692,316227.7660168379,3.0771998078548646,21.01214745738541,1159.7186230710686,1.395816515894581,13.721220340019325,15.123255235401638,19.1276343193861,2.9268130508398182,55.19277005946612,0.06642902724366592,0.6530137087533407,0.7197386781181222,0.9103131585278812,0.13929147683622853,True,True,46,5.421010862427522e-20
26.0,5.5,15.46338507439426,316227.7660168379,3.197247794392027,21.110796468169475,1299.1291471230506,1.4473334501637927,14.014213685060549,15.422161433597871,19.333049691631185,3.0985161929655667,61.538613622743085,0.06855892208264426,0.6638410685352851,0.7305343243136829,0.915789687081738,0.146774007207045,True,True,45,4.0657581468206416e-19
26.0,5.5,15.481106593381602,316227.7660168379,3.3219591404415425,21.20426840428858,1454.7995502784877,1.5004742097726553,14.306044480390401,15.718873297689917,19.53016485459698,3.277664223683437,68.60880661104315,0.07076283798922217,0.6746775794206129,0.7413070329986373,0.9210487474610058,0.1545756807634319,True,True,45,1.1102230246251565e-16
26.0,5.5,15.498828112368944,316227.7660168379,3.4515197714950974,21.292817190261495,1628.3080983912935,1.555296020168855,14.596320509172779,16.012952325815665,19.718959064671797,3.4643870652141273,76.47217762880236,0.0730432242136652,0.6855044299092826,0.7520354015503108,0.9260850214639743,0.1627021466562256,True,True,45,1.1102230246251565e-16
26.0,5.5,15.516549631356286,316227.7660168379,3.586125649098924,21.37668282922566,1821.288721274361,1.6118548334114613,14.884642671137534,16.303954864213992,19.89943723902924,3.6587808956106778,85.19978220308069,0.07540247690852081,0.6963027327508282,0.7626980759579609,0.9308945357893991,0.17115756101355842,True,True,45,2.439454888092385e-19
26.0,5.5,15.534271150343628,316227.7660168379,3.7259779252116974,21.456122078082917,2035.4046037802939,1.6702056000897436,15.17062070752797,16.59144980981332,20.071649633030173,3.860922379127365,94.86358235533284,0.07784284569278396,0.7070532434667919,0.7732734624380805,0.9354742464638118,0.1799450229205787,True,True,45,1.6294796322804603e-19
26.0,5.5,15.55199266933097,316227.7660168379,3.8712886838322107,21.53137298728703,2272.3517018299617,1.730410144252005,15.453855686597208,16.8749998629155,20.23568489788817,4.070893899664648,105.536776645486,0.08036692064522348,0.7177366578397845,0.783740074210742,0.9398232481428898,0.18906801261899392,True,True,45,1.4907779871675686e-19
26.0,5.5,15.569714188318311,316227.7660168379,4.022279419999431,21.602665521376668,2533.778409658899,1.7925251459723952,15.733954235553954,17.154177084940905,20.39166042632363,4.288725399254937,117.2900819647292,0.08297703559769616,0.7283339280508973,0.7940768729658008,0.943941867087897,0.19852760276323672,True,True,45,1.4907779871675686e-19
26.0,5.5,15.587435707305653,316227.7660168379,4.179176198709037,21.67024974068768,2821.2641105745897,1.8566111869460942,16.010540711977715,17.42857674132429,20.53973204114752,4.514453285980686,130.19065974479443,0.08567557869257748,0.7388258512737214,0.8042628465236696,0.9478308873654778,0.20832493118454595,True,True,85,5.421010862427522e-20
26.0,5.5,15.605157226292995,316227.7660168379,4.34222286523367,21.734322142155005,3136.280733373091,1.92273250372163,16.283223552947476,17.69778010618795,20.680081043868345,4.748082422991958,144.3008304036356,0.08846526204709079,0.749193991257045,0.8142779880796032,0.9514941808908824,0.21846011078407507,True,True,46,5.421010862427522e-20
26.0,5.5,15.622878745280337,316227.7660168379,4.511665139730278,21.795115701601574,3480.0653115668765,1.9909478686272386,16.551648082483826,17.961413233572628,20.812915820628326,4.98958374994641,159.67179799422448,0.09134835051510819,0.7594200603976403,0.8241026787599374,0.9549348627270158,0.22893128067128177,True,True,45,1.0842021724855044e-19
26.0,6.0,14.222878745280337,1000000.0,0.18870773268838964,5.122395866620894,3.4284173822891932,0.22371602211287106,1.4088263344966174,1.707347414121073,2.9005978858507016,0.043939351755910884,0.6692995761280018,0.043674098593330796,0.2750326939151585,0.33331032168885527,0.5662580482605588,0.008577890678507142,True,True,98,2.1277467635028025e-18
26.0,6.0,14.240600264267679,1000000.0,0.19657475751979514,5.298052260262062,3.6446662609611997,0.21804356167141933,1.4610955899903402,1.7746886240362847,3.0139794481419475,0.047475800940182104,0.6879256907860174,0.041155419191851096,0.2757797617341866,0.3349700110259958,0.5688844315010333,0.008960991437603103,True,True,45,1.4907779871675686e-19
26.0,6.0,14.25832178325502,1000000.0,0.20476720461435402,5.478581035950809,3.874033003041349,0.2127340912230631,1.5154149332358346,1.84441729143375,3.1314422895554537,0.05129506372604973,0.7071234280591434,0.038830144124379656,0.27660719505499365,0.33665967142414477,0.5715790765905849,0.009362837455437485,True,True,45,1.3552527156068805e-20
26.0,6.0,14.276043302242362,1000000.0,0.2132982110377058,5.664027710198242,4.1172668194549145,0.20786372279545132,1.5718660951634331,1.916597876557582,3.253104380321285,0.055420359488419314,0.7269150205677241,0.03669892405737825,0.277517373782131,0.3383807379873324,0.5743447148861893,0.00978462011911301,True,True,46,1.3552527156068805e-20
26.0,6.0,14.293764821229704,1000000.0,0.22218002776648882,5.854439424415835,4.375148520346444,0.20350614693043706,1.630535940317906,1.9912984145550445,3.3790849956178755,0.05987808520831222,0.747321511620731,0.03476099625896176,0.2785127357399557,0.340134771272954,0.5771833561938419,0.010227808483010642,True,True,88,1.1102230246251565e-16
26.0,6.0,14.311486340217046,1000000.0,0.23142681826029243,6.04984461900671,4.648508946456211,0.19973627421329493,1.69150958781257,2.068584031275431,3.5095037633398456,0.06469550945813912,0.7683683200477673,0.03301510812125428,0.27959554242077206,0.34192349746910694,0.5800981652180104,0.010693747283175863,True,True,86,2.710505431213761e-20
26.0,6.0,14.329207859204388,1000000.0,0.2410521715986905,6.250270275793255,4.938212360270983,0.19662684189115537,1.754876524433714,2.1485226960459727,3.644480919017177,0.06990305536984795,0.7900798113317185,0.0314589342884377,0.2807681023379414,0.34374876625207895,0.583091731749894,0.0111840052166346,True,True,45,1.3552527156068805e-20
26.0,6.0,14.34692937819173,1000000.0,0.2510705993515636,6.455730620626995,5.245167452963871,0.1942500757194964,1.8207267874171211,2.2311817381419146,3.7841366039383786,0.0755331923997066,0.8124823914128017,0.030089557191069784,0.28203264578599907,0.3456125834948821,0.5861670547168609,0.011700177228332158,True,True,85,2.0328790734103208e-20
26.0,6.0,14.364650897179072,1000000.0,0.2614976179003457,6.666225795191646,5.570326856379975,0.19267758531573073,1.889150858731859,2.3166277264753132,3.9285903651909586,0.08162037709664538,0.8356042875712155,0.028903549209915638,0.2833913696854531,0.3475171405304481,0.5893275274330873,0.012243866260203521,True,True,125,1.1102230246251565e-16
26.0,6.0,14.382372416166413,1000000.0,0.2723480118349262,6.881754595215797,5.914674940347756,0.19197822545440416,1.9602435952585078,2.404930496277078,4.077961201774434,0.08820287168425672,0.8594719353200483,0.027896697389916757,0.28484648328222445,0.3494647277816312,0.5925757952208056,0.01281691616053491,True,True,46,2.0328790734103208e-20
26.0,6.0,14.400093935153755,1000000.0,0.28363896234948893,7.102289987099323,6.279250193629497,0.19222125850943358,2.0340967237928984,2.4961559840611094,4.23236614389463,0.09531992375513992,0.8841162786981657,0.027064687425969142,0.28640012270516324,0.3514579084485644,0.5959157048758001,0.01342101264919907,True,True,45,4.0657581468206416e-20
26.0,6.0,14.417815454141095,1000000.0,0.2953862939824955,7.327807704588255,6.665115558487852,0.19347220327412912,2.1108076321197946,2.5903750232513665,4.3919207542704175,0.10301536847931857,0.9095647466723965,0.02640246729632218,0.2880544519199279,0.35349931762393566,0.5993498917173341,0.014058142985222745,True,True,45,4.0657581468206416e-20
26.0,6.0,14.435536973128437,1000000.0,0.3076079423383875,7.5582586935898135,7.0733862127025695,0.1957960152307482,2.190470889128864,2.6876553800874086,4.556737471102839,0.11133454392655781,0.9358486523756502,0.02590491053141691,0.2898115793504938,0.35559187493368266,0.6028819144504044,0.014730184350660164,True,True,45,6.505213034913027e-19
26.0,6.0,14.45325849211578,1000000.0,0.3203217225902519,7.793586210424369,7.505209719859388,0.19925475154743322,2.2731834468575167,2.78806700720961,4.7269256340420736,0.12032647381685493,0.9629982292132393,0.025566503810648625,0.2916736128249923,0.35773864969638886,0.6065148323783908,0.015439166330887745,True,True,45,2.220446049250313e-16
26.0,6.0,14.470980011103121,1000000.0,0.33354576834350114,8.033722226462693,7.9617703792477155,0.20390732245595222,2.3590433458807274,2.891681346138566,4.902590465741256,0.13004342239097202,0.9910437720913512,0.02538142553451641,0.29364263281473096,0.3599429087320828,0.610251428608318,0.016187194270000434,True,True,45,4.0657581468206416e-20
26.0,6.0,14.488701530090463,1000000.0,0.3473001094293258,8.278573878843693,8.444303270452266,0.20981140033542223,2.448145645057941,2.9985673372218886,5.083832020471753,0.14053990033945649,1.0200190750283817,0.025343906258009693,0.2957206978987406,0.3622081992751042,0.6140951442692006,0.016976341867119552,True,True,45,1.1102230246251565e-16
26.0,6.0,14.506423049077805,1000000.0,0.3616034325274895,8.5280503157699,8.954062027946723,0.2170191990345312,2.540590256448352,3.1087998349134156,5.270744976532567,0.15187503161604785,1.0499541743309195,0.02544769214520506,0.2979098577491204,0.36453816755333696,0.6180480627308227,0.017808880810096017,True,True,47,4.0657581468206416e-20
26.0,6.0,14.524144568065147,1000000.0,0.37647732042135407,8.782026795416934,9.49236591655643,0.22558212133511021,2.636471005644001,3.2224489404411645,5.463416733584944,0.16410967940173518,1.080885556112195,0.025686794926751362,0.30021213406225233,0.36693681487317487,0.6221134210654118,0.01868699370029011,True,True,46,1.3552527156068805e-20
26.0,6.0,14.541866087052489,1000000.0,0.391942136284151,9.040379498254618,10.060550754658783,0.23554614836043133,2.7358860139213856,3.3395905877621477,5.661927512231721,0.177309283641285,1.1128460654335501,0.02605489608106685,0.30262955382012335,0.36940822986545047,0.6262931233500587,0.019613035456699273,True,True,46,2.710505431213761e-20
26.0,6.0,14.55958760603983,1000000.0,0.4080200115480914,9.302959990942501,10.660011947616754,0.24695416204587187,2.838929666234663,3.460299284722803,5.866348204009208,0.19154173517143114,1.145873136936577,0.026545762024808243,0.30516412722388214,0.3719568060156984,0.6305894263461062,0.020589332358509443,True,True,45,1.3552527156068805e-19
26.0,6.0,14.577309125027172,1000000.0,0.42473394795738284,9.569602726151569,11.292191078685223,0.2598462114300916,2.945694741370473,3.5846498861220977,6.076740320519504,0.2068785846480401,1.180006255413948,0.027153291402577294,0.30781787140656874,0.3745871159652278,0.6350044504891662,0.02161830439237436,True,True,45,1.3724580723479835e-19
26.0,6.0,14.595030644014514,1000000.0,0.4421063782878907,9.84013833988175,11.958559725420644,0.2742558730872137,3.056276311450996,3.712722498085091,6.2931538717158935,0.22339473905407917,1.2152836995139593,0.027871139979370397,0.31059281952002754,0.37730389247044943,0.6395391664576454,0.02270239821209299,True,True,84,2.220446049250313e-16
26.0,6.0,14.612752163001856,1000000.0,0.4601628326892764,10.114360740801441,12.660683276811444,0.2902161010324547,3.1707612644196312,3.844591651120621,6.515627014823819,0.24116789464604413,1.2517531855214645,0.028693469460874556,0.31349101991475803,0.38011217412994736,0.6441956325069274,0.02384410649633745,True,True,46,2.710505431213761e-20
26.0,6.0,14.630473681989198,1000000.0,0.4789271243414913,10.392071249580994,13.400138181460928,0.3077529647340192,3.2892417599043053,3.980340045139111,6.74418434918538,0.26027986865885505,1.289457881844413,0.029614208500199392,0.31651455045950794,0.38301700878923417,0.6489740290663716,0.02504600501746459,True,True,45,1.1102230246251565e-16
26.0,6.0,14.64819520097654,1000000.0,0.4984260402525796,10.67303616810208,14.178607520606965,0.32688994965642537,3.4118021496400512,4.120045992832551,6.978835560545956,0.2808142043355008,1.3284511827086087,0.030627643765827713,0.3196655661897519,0.3860238012821419,0.6538753781612041,0.026310620512535587,True,True,45,2.220446049250313e-16
26.0,6.0,14.665916719963882,1000000.0,0.518686462364741,10.957013697938477,14.997836009493875,0.3476475514539749,3.5385261609871907,4.2637898862658465,7.219575115611099,0.30285938660440914,1.368788651995175,0.031728312206033255,0.32294622043348836,0.3891379534432875,0.6588998895720498,0.027640687047912612,True,True,45,1.1102230246251565e-16
26.0,6.0,14.683638238951223,1000000.0,0.5397356436750136,11.243752543448515,15.859625559455655,0.3700395866795178,3.6694976623149262,4.411655794796833,7.466379336021309,0.3265049472696572,1.4105278018322012,0.03291068397757754,0.32635880664707984,0.39236507364860207,0.6640469280313184,0.02903878807435195,True,True,45,1.1655173354219173e-18
26.0,6.0,14.701359757938565,1000000.0,0.56160386686632,11.532967054558231,16.76593120935552,0.39408014286649057,3.80479107497093,4.563721221698551,7.719207226430486,0.3518447760054553,1.4537396257218163,0.034169883691008755,0.3299056571454562,0.3957109389205104,0.6693166806003825,0.030507741359270937,True,True,45,1.1102230246251565e-16
26.0,6.0,14.719081276925907,1000000.0,0.5843199957888057,11.824381099654659,17.71873593962113,0.4197771361315138,3.944485597258407,4.720071169357967,7.977997745998417,0.3789757488321543,1.4984916157800954,0.03550098162378865,0.33358918018750333,0.39918124505440883,0.6747074268632479,0.032050366580558085,True,True,45,2.220446049250313e-16
26.0,6.0,14.736802795913249,1000000.0,0.6079163273691093,12.11768215966187,18.720186138578566,0.4471359336610746,4.088651360153155,4.880784633138886,8.242668814282935,0.4079952614872432,1.544865254916121,0.036899460455360834,0.33741199895172397,0.4027820311533142,0.6802182715867616,0.033669414341086154,True,True,45,2.220446049250313e-16
26.0,6.0,14.75452431490059,1000000.0,0.6324252896720697,12.412554568462346,19.77255346879666,0.4761610815220376,4.237356610489462,5.045940922477078,8.5131178425275,0.43900756841838484,1.5929479592407594,0.038361247791156655,0.3413766752941962,0.40651913307980436,0.685847364905651,0.035368027266023824,True,True,45,3.550762114890027e-18
26.0,6.0,14.772245833887931,1000000.0,0.6578805095820531,12.708670695218835,20.87818746294195,0.5068514122347327,4.390668746916531,5.2156205871467805,8.789217986153426,0.47211501783680493,1.6428301561701957,0.039882331078530245,0.34548607420981936,0.4103985941746814,0.6915922362722046,0.03714904801289884,True,True,45,3.3306690738754696e-16
26.0,6.0,14.789967352875273,1000000.0,0.6843182210281195,13.005677993340889,22.039664520704573,0.5392066407635308,4.54864603987973,5.389897065233629,9.070819682396348,0.5074255894736185,1.6946186528675573,0.04145932576830005,0.34974309237924456,0.4144264580434284,0.6974507355203434,0.03901569681591597,True,True,45,5.339695699491109e-18
26.0,6.0,14.807688871862615,1000000.0,0.7117746067584511,13.303227612906442,23.259649048428706,0.5732241369953943,4.711347630734219,5.568845639381232,9.357749363680021,0.5450502119996797,1.7484214902752477,0.043089102409949544,0.3541507194963268,0.41860861149052914,0.7034194735269641,0.04097127613383735,True,True,45,6.207057437479513e-18
26.0,6.0,14.825410390849957,1000000.0,0.7402888647120524,13.60094495598436,24.540976539058903,0.6088985233056322,4.878825727281132,5.752535739938686,9.64980628245401,0.5850982266642579,1.8043581985280348,0.044768839611965296,0.35871226176343496,0.42295118159474604,0.7094952824000758,0.04301893938676791,True,True,45,1.1102230246251565e-16
26.0,6.0,14.843131909837298,1000000.0,0.7699008514430168,13.89845566104652,25.886698056777544,0.6462266129980099,5.051128072265097,5.941033064978163,9.946766732854082,0.6276879314030545,1.8625593150849638,0.04649628913874238,0.3634308872475663,0.42745994302296586,0.7156742429111806,0.04516242284114256,True,True,45,7.724940478959219e-18
26.0,6.0,14.86085342882464,1000000.0,0.8006529113672027,14.195368996059333,27.299958414108634,0.6852034784819556,5.228298359687952,6.134398452045462,10.248378632387144,0.6729344308477415,1.9231594769876827,0.04826950808197868,0.3683101412255884,0.43214082379601304,0.7219522532476695,0.04740520877157541,True,True,45,1.1102230246251565e-16
26.0,6.0,14.878574947811982,1000000.0,0.8325887929508302,14.491290960766952,28.784112942767802,0.7258245096170929,5.410374942712054,6.332687582787293,10.55436382574913,0.7209578235140772,1.9863042582401094,0.05008694612385856,0.37335355127157765,0.4369995468265814,0.7283246091962079,0.049751110889013614,True,True,45,8.239936510889834e-18
26.0,6.0,14.896296466799324,1000000.0,0.8657542222455841,14.785821171729012,30.34269078332468,0.7680879135578736,5.597390102420331,6.535948806582008,10.864419013684795,0.7718823993688139,2.052147826685536,0.05194759930050308,0.3785647098940118,0.44204165130029854,0.734786312339414,0.05220422933591805,True,True,45,1.1102230246251565e-16
26.0,6.0,14.914017985786666,1000000.0,0.9001977563183147,15.078546013353844,31.97932965449447,0.8119921271671063,5.789369742032715,6.744222117926198,11.17821185153224,0.825830573517367,2.120849691089113,0.05385082397520231,0.38394747987674277,0.44727270865197405,0.7413322107869422,0.05476858131984317,True,True,45,1.1102230246251565e-16
26.0,6.0,14.931739504774008,1000000.0,0.9359683047110954,15.369067615437611,33.69782645225681,0.8575379968944524,5.986336552510394,6.9575432282618355,11.4953856267886,0.8829323808398191,2.1925745461883905,0.05579635787619868,0.38950551212991996,0.4526978085042233,0.7479559537653375,0.05744866266011797,True,True,45,1.1102230246251565e-16
26.0,6.0,14.94946102376135,1000000.0,0.973119284587322,15.656963152420639,35.50211017878945,0.9047305431021119,6.188301260244195,7.175932582540137,11.815557246338956,0.9433165070445211,2.2674965657884085,0.05778454827379704,0.39524275557150146,0.45832212241175935,0.7546519162952885,0.0602490085632398,True,True,45,2.220446049250313e-16
26.0,6.0,14.967182542748692,1000000.0,1.0117046310885094,15.941829422551477,37.39615694241826,0.9535770479776564,6.395271839719452,7.399405499963566,12.138316878394013,1.0071166088242456,2.3457883001506254,0.05981603633449474,0.40116298262937344,0.46415033706835995,0.7614130446799929,0.06317446901041157,True,True,45,2.220446049250313e-16
26.0,6.0,14.984904061736033,1000000.0,1.0517809701092111,16.223263697402437,39.38399163011589,1.004088090962289,6.607248085424267,7.627966195137522,12.46323342029057,1.074467484225978,2.4276244512022442,0.06189186773331293,0.40726996790924236,0.4701869079745564,0.768232191299837,0.0662300449691892,True,True,45,1.1102230246251565e-16
26.0,6.0,15.002625580723375,1000000.0,1.0934088792442271,16.50085323917029,41.469710250008795,1.0562806164795582,6.824216932333236,7.861601916872847,12.78984765968347,1.1455065254213581,2.513185812207976,0.06401369681733325,0.41356751880767456,0.4764360850268462,0.7751022007348379,0.06942104804023803,True,True,45,1.1102230246251565e-16
26.0,6.0,15.020347099710717,1000000.0,1.1366489757427982,16.774220230149712,43.65727920968319,1.1101742686087317,7.046163566841693,8.100295217729048,13.117685524992458,1.2203758731250984,2.602641351471844,0.0661833607390776,0.42005908293591093,0.4829014467790108,0.7820146239295787,0.0727530613275015,True,True,45,1.951563910473908e-18
26.0,6.0,15.038068618698059,1000000.0,1.1815668304688303,17.042973533210922,45.95056974327268,1.1657927140006075,7.273058718636838,8.34400983131593,13.446243194572338,1.2992135992637934,2.69615919157128,0.0684031288160412,0.42674822585766126,0.48958650408370996,0.7889611028480571,0.07623162687732107,True,True,45,1.1102230246251565e-16
26.0,6.0,15.0557901376854,1000000.0,1.2282297659759354,17.306745761713806,48.35340116272258,1.2231685053878552,7.50486305043441,8.592695415839101,13.775009664993211,1.3821690661243289,2.7939048639456274,0.07067582330201923,0.43363802495075415,0.49649399916926995,0.7959329763465097,0.07986302480862578,True,True,45,8.673617379884035e-19
26.0,6.0,15.073511656672743,1000000.0,1.2767076668727835,17.56518870717127,50.86916677787113,1.2823343430968066,7.741530392194733,8.846290913007637,14.103447965243737,1.469385197232672,2.896021649747661,0.07300430211565408,0.4407314103624818,0.5036262951957924,0.8029203785032937,0.08365325427063428,True,True,45,2.220446049250313e-16
26.0,6.0,15.091233175660083,1000000.0,1.327074232738481,17.81796344256316,53.501032744204416,1.3433291954715874,7.982999750079225,9.104716118454757,14.431012825019945,1.5610079263824108,3.0026457802917212,0.0753918482211425,0.4480309871446706,0.5109852283513845,0.8099137071157897,0.08760866141713533,True,True,45,2.220446049250313e-16
26.0,6.0,15.108954694647425,1000000.0,1.3794056965600892,18.064757751331666,56.25187725237472,1.4062013163961986,8.229197376559396,9.367873656123937,14.757149906731252,1.6571928280318526,3.1139015549891913,0.07784224597711745,0.4555387617059393,0.5185717840823729,0.8169027290522848,0.09173623310335788,True,True,45,2.981555974335137e-19
26.0,6.0,15.126676213634767,1000000.0,1.4337817117960472,18.305280161641825,59.123754653461845,1.4709951985067375,8.48004092467197,9.635653631518176,15.081289777957117,1.758080612646244,3.2298743385175785,0.08035906500842116,0.46325654946498146,0.5263865696909357,0.8238764796159479,0.09604226742894928,True,True,45,2.439454888092385e-19
26.0,6.0,15.144397732622108,1000000.0,1.490284627601179,18.539270828363705,62.118427976599776,1.537766007358514,8.735431914117378,9.907926193739394,15.402867844087051,1.8638269613616063,3.350640300348987,0.08294641259600385,0.47118530146033666,0.5344291199727772,0.8308238218582906,0.10053399503232294,True,True,45,2.220446049250313e-16
26.0,6.0,15.16211925160945,1000000.0,1.5490020351822733,18.76647939764579,65.23695098760352,1.6065734313964173,8.995253617187267,10.184538438024687,15.72131218763959,1.9745826469419194,3.476248773426695,0.08560867477348778,0.4793255797523589,0.5426984050776361,0.8377336981816521,0.10521859775092532,True,True,45,9.804406364468526e-20
26.0,6.0,15.179840770596792,1000000.0,1.6100224991745233,18.986710533991598,68.47916347310921,1.6774728657338414,9.259385456144049,10.465330762466186,16.03605602585272,2.090489384425618,3.60668918138885,0.08834984147099567,0.48767718028708146,0.5511924113305606,0.8445936960561773,0.11010276796936724,True,True,45,1.6263032587282567e-19
26.0,6.0,15.197562289584134,1000000.0,1.6734403638984376,19.199779378341333,71.84460024868633,1.7505337499285674,9.52767969150693,10.7501122185631,16.34653935514043,2.2117043937910763,3.7419492606113987,0.09117468047071882,0.4962390194053379,0.5599081117926784,0.8513920411804548,0.11519426084062354,True,True,45,1.0842021724855044e-19
26.0,6.0,15.215283808571476,1000000.0,1.7393542971929947,19.405528807229803,75.33143554512274,1.825821387457293,9.799975315114835,11.038675133021282,16.652215610841118,2.3383680346780094,3.881957368616358,0.0940876904512418,0.5050094440850134,0.5688417585873088,0.8581170745853162,0.12050009344794652,True,True,46,5.421010862427522e-20
26.0,6.0,15.233005327558818,1000000.0,1.8078634899988515,19.60386844974674,78.93648670959959,1.9034017053094003,10.076105381265473,11.330803747227067,16.95254461009783,2.47062270838534,4.0265770458493035,0.09709316863600918,0.5139855639765653,0.577988154545765,0.8647550688046388,0.12602730500455164,True,True,46,1.0842021724855044e-19
26.0,6.0,15.25072684654616,1000000.0,1.879076872462809,19.794688613628825,82.6560724144517,1.9833532147758877,10.355865095500807,11.626239765358312,17.247019707718326,2.6086151024374526,4.1756692427857764,0.1001962321049259,0.52316382932999,0.5873413819378568,0.8712953279721508,0.1317835886865832,True,True,46,1.0842021724855044e-19
26.0,6.0,15.268448365533501,1000000.0,1.9531032317817518,19.977956318759713,86.48443197499446,2.0657433606649747,10.639050865815515,11.924725486550352,17.535141301496566,2.7524751198677335,4.328992945779134,0.10340113511636818,0.5325394998398923,0.5968941615590975,0.877724479006429,0.1377756100749456,True,True,85,1.1102230246251565e-16
26.0,6.0,15.286169884520843,1000000.0,2.0300571528118176,20.153660446175138,90.4146675067935,2.1506477011014113,10.925435147266823,12.225976139404452,17.816449322775604,2.9023366233996386,4.486265298964727,0.10671251045660898,0.5421067391923985,0.6066379937310474,0.8840304405424722,0.1440103960841743,True,True,46,1.0842021724855044e-19
26.0,6.0,15.303891403508185,1000000.0,2.110061337167921,20.321792673847884,94.43882829720897,2.238146492082902,11.21476032047516,12.529674056714002,18.090509289945565,3.058329401099927,4.647170149449576,0.11013528816102788,0.5518588099221894,0.6165634232081523,0.8902024334312908,0.1504950596723532,True,True,45,1.6263032587282567e-19
26.0,6.0,15.321612922495527,1000000.0,2.1932373640262797,20.482431937162634,98.54642097326875,2.3283096219815076,11.50677408928353,12.835507398563688,18.356920514309582,3.220568756295623,4.811265638552883,0.11367349488207507,0.5617874930371929,0.6266593458209119,0.8962275852118617,0.1572356625510046,True,True,83,2.168404344971009e-19
26.0,6.0,15.339334441482869,1000000.0,2.2797183308901774,20.635631888285584,102.72621100216593,2.4212190333733,11.801182293992229,13.143118784502695,18.615323907267474,3.389170485151383,4.978098638233678,0.11733195506107934,0.5718837376960341,0.6369138030594435,0.9020961416662507,0.1642387547664748,True,True,45,1.6263032587282567e-19
26.0,6.0,15.35705596047021,1000000.0,2.369639623856824,20.781503504278657,106.96506309102332,2.516951808248644,12.097683364174594,13.452144083231339,18.865397815948597,3.56424402785623,5.147128217599874,0.12111500054509697,0.582137060568492,0.6473133226603026,0.9077975427554817,0.17151040236922205,True,True,45,1.6263032587282567e-19
26.0,6.0,15.374777479457553,1000000.0,2.463141497198029,20.920191648871118,111.24744569176828,2.615581229795112,12.395964101780242,13.76220657779194,19.106866549024915,3.7458788940893557,5.3177068144961925,0.12502663807748876,0.5925358768139749,0.657843236275255,0.9133217739932104,0.17905566817747048,True,True,45,8.131516293641283e-20
26.0,6.0,15.392498998444895,1000000.0,2.5603745439030674,21.051829752748272,115.55724522519422,2.717190769340146,12.695674924645987,14.072891614300199,19.339495807579254,3.934170298286883,5.4891782131246085,0.12907147745603548,0.603067527799506,0.6684878122037355,0.9186610396682751,0.18688020682730846,True,True,45,1.6263032587282567e-19
26.0,6.0,15.410220517432236,1000000.0,2.6614902706453423,21.176617694398054,119.87574445447136,2.82185293447531,12.996470278272467,14.383791058293498,19.563107609368153,4.12919547016378,5.660759720197557,0.1332532406826132,0.6137179442829759,0.6792298593603315,0.923806997495321,0.1949884315688475,True,True,83,3.63207727782644e-18
26.0,6.0,15.427942036419577,1000000.0,2.7666508483857877,21.294741427990566,124.18261443281556,2.9296437517331526,13.297975982173888,14.694466354951953,19.77755550896224,4.331013194295799,5.83160940708045,0.13757592510056613,0.6244722917693922,0.6900514103278579,0.9287530245831451,0.20338416453382996,True,True,46,5.421010862427522e-20
26.0,6.0,15.44566355540692,1000000.0,2.876023749872324,21.40641625978704,128.45666657416143,3.0406431704987686,13.599803711637591,15.004466829237483,19.98276329120591,4.539691633033809,6.000848764931911,0.14204354122603696,0.6353143630671829,0.7009331523382585,0.9334941004928728,0.21207153864245054,True,True,83,2.220446049250313e-16
26.0,6.0,15.46338507439426,1000000.0,2.989782728948408,21.51187791067903,132.6740563506628,3.1549198179669187,13.901560036250507,15.31333839026511,20.17868081115033,4.755260292857095,6.167479050483087,0.14665943303818857,0.6462271724473403,0.7118550251097878,0.9380250713087737,0.22105277431388107,True,True,45,1.0842021724855044e-19
26.0,6.0,15.481106593381602,1000000.0,3.108111076410243,21.611357400599562,136.81041326232636,3.2725500928380162,14.202828566349643,15.620604663293703,20.365321598812237,4.977750981227459,6.330486823494523,0.1514273274082833,0.6571928039076164,0.7227960915985935,0.9423434734482362,0.23033032534501333,True,True,46,1.7042302898756523e-18
26.0,6.0,15.498828112368944,1000000.0,3.2311976172485304,21.705110690168187,140.84010881951795,3.3936060112511703,14.503189740879918,15.92578991496297,20.542738738074533,5.207183248758102,6.4887993813970555,0.15635055078472276,0.6681923878623416,0.7337345633614718,0.9464470848047701,0.2399058601031144,True,True,45,1.6263032587282567e-19
26.0,6.0,15.516549631356286,1000000.0,3.359240788514061,21.793388132469694,144.7356649625608,3.5181526693291496,14.802214313817638,16.228410421067117,20.711024967361396,5.443538347428788,6.641264959940807,0.16143211179208516,0.6792066577185402,0.7446483457470577,0.950335250373681,0.2497793511656193,True,True,46,1.1102230246251565e-16
26.0,6.0,15.534271150343628,1000000.0,3.492446312537754,21.876450976423254,148.47006845783974,3.6462630389642237,15.099464312944786,16.527977710422906,20.870326645809925,5.686813267211011,6.78675296179665,0.16667525472453845,0.6902154435021394,0.7555145817863913,0.9540087954989751,0.25995136383592654,True,True,46,1.0842021724855044e-19
26.0,6.0,15.55199266933097,1000000.0,3.631029697670716,21.95455447830353,152.01497388401137,3.7779979475555625,15.39449881763863,16.824004459901346,21.020812992557314,5.9369590761330135,6.924074639466693,0.1720826515194899,0.7011984157024075,0.7663104471797676,0.9574693493931303,0.27042038507318295,True,True,45,2.168404344971009e-19
26.0,6.0,15.569714188318311,1000000.0,3.7752141421768286,22.027961089418884,155.3418506132892,3.913418565594659,15.686878463532615,17.116009118991585,21.16270291992059,6.193917754487736,7.052030370977347,0.17765686754705895,0.7121348362589852,0.7770128633109511,0.9607200064506234,0.28118434245205653,True,True,45,1.0842021724855044e-19
26.0,6.0,15.587435707305653,1000000.0,3.9252336282593614,22.096921779574433,158.42321256273553,4.052587981355159,15.97615794742319,17.403509300475818,21.29623443318947,6.457623659589644,7.169469763393741,0.18340056691069156,0.723003778842669,0.7875988101004625,0.9637647562691247,0.2922408706518946,True,True,46,1.6263032587282567e-19
26.0,6.0,15.605157226292995,1000000.0,4.081331487342541,22.16168530888798,161.23093325836297,4.1955547406472276,16.2619017708357,17.686038250113477,21.42168281034399,6.72796213660644,7.275210842999429,0.18931568976681543,0.7337845269517403,0.798045726378962,0.9666089248976382,0.30358531144326734,True,True,45,1.0842021724855044e-19
26.0,6.0,15.622878745280337,1000000.0,4.24376000348142,22.222501109446927,163.73876250779017,4.342373685517895,16.543680687573854,17.963141545776416,21.539336710002548,7.004827783811204,7.368151843096715,0.19540436353817636,0.7444562880701592,0.8083312250635987,0.9692579878349534,0.3152132943682656,True,True,45,8.673617379884035e-19
26.0,6.5,14.222878745280337,3162277.6601683795,0.18317264988928364,4.9988142138064084,2.8918221324355833,0.3507899575158698,1.3984487176602676,1.6420422709397968,3.000821635007495,0.11308415226128711,0.5785016223344636,0.07017463392558382,0.27975608971380467,0.3284863571053671,0.600306694079451,0.022622195469668753,True,True,87,1.4907779871675686e-19
26.0,6.5,14.240600264267679,3162277.6601683795,0.19068108783642945,5.168549202024935,3.0515159410006976,0.3536170095993539,1.4500500454883858,1.705635559571363,3.1199859466888635,0.12131026760149294,0.5904008691269059,0.06841707329801829,0.2805526248875187,0.33000277116509386,0.603648301435636,0.023470854752425687,True,True,44,5.314072952836667e-19
26.0,6.5,14.25832178325502,3162277.6601683795,0.1984911218662092,5.343019627018248,3.2188557850299473,0.3571030378308718,1.5036211399256547,1.7714773164588271,3.2434857830372548,0.13009547400260713,0.6024413177808741,0.0668354344096165,0.2814178582317454,0.3315498426210024,0.6070510702666706,0.02434867978862523,True,True,44,6.794792423755591e-19
26.0,6.5,14.276043302242362,3162277.6601683795,0.20661336831163213,5.522288257784572,3.3940918008081624,0.3613242166147752,1.559238825173301,1.8396345316642069,3.37144434970568,0.13947794305931863,0.6146169200826547,0.06543016223490858,0.28235375489051984,0.3331290301752973,0.610515821037244,0.02525727317162438,True,True,44,8.594737436670979e-19
26.0,6.5,14.293764821229704,3162277.6601683795,0.21506007004809363,5.706403127118332,3.5774772991514183,0.36635812491567565,1.6169790056397801,1.9101726903810032,3.503984673548982,0.1494963073638452,0.6269233384774909,0.06420123442990652,0.28336221076906914,0.3347419815651227,0.6140443630589509,0.026197992681834786,True,True,44,1.0545030797724005e-18
26.0,6.5,14.311486340217046,3162277.6601683795,0.2238427133777376,5.895413743129032,3.7692593925123523,0.3722819247066554,1.676921701867793,1.9831604981494175,3.6412303856866073,0.16019356337802623,0.639354514669193,0.0631477180275161,0.28444512547099965,0.3363903848921113,0.6176378019151543,0.027172573522041287,True,True,44,1.3153362879675216e-18
26.0,6.5,14.329207859204388,3162277.6601683795,0.23297403979497422,6.08935666281993,3.969682476207371,0.37917372303561053,1.7391470374312343,2.0586660184655248,3.7833042088036355,0.1716137765459114,0.6519050691258154,0.06226827299355764,0.28560439693901096,0.3380761109026867,0.6212978510363062,0.02818257921953261,True,True,44,1.951563910473908e-18
26.0,6.5,14.34692937819173,3162277.6601683795,0.24246729886654936,6.288260151102097,4.1789854444893875,0.3871120128366316,1.8037365826593728,2.1367580178219563,3.9303278883292307,0.18380361812863324,0.6645694268480554,0.061561068329653204,0.286841914824921,0.339801147929203,0.6250262861087882,0.029229645993004812,True,True,44,1.1102230246251565e-16
26.0,6.5,14.364650897179072,3162277.6601683795,0.25233539584491166,6.492150466777525,4.397394209963993,0.39617525641392,1.8707754619527923,2.2175079025232405,4.082422033013087,0.19681356188781005,0.6773401560033012,0.06102373295894472,0.28815959696654714,0.3415675458957644,0.6288243092799816,0.030315619284391197,True,True,45,8.131516293641283e-20
26.0,6.5,14.382372416166413,3162277.6601683795,0.26259330975571454,6.70103327778545,4.6251290493735375,0.40644311427677715,1.9403471545428055,2.3009848078317714,4.239704174787371,0.21069413126047007,0.6902113237828965,0.0606537973217017,0.28955939690304733,0.34337761244370335,0.6326940934381545,0.031442036254161095,True,True,44,2.220446049250313e-16
26.0,6.5,14.400093935153755,3162277.6601683795,0.2732548768886509,6.914917651030851,4.862390324788253,0.4179948162443273,2.0125402553146574,2.387262147422627,4.402289959932258,0.2255012716707434,0.7031740029562586,0.06044827101910811,0.2910432715008016,0.3452336337030337,0.636636642994003,0.03261083978883342,True,True,44,1.1102230246251565e-16
26.0,6.5,14.417815454141095,3162277.6601683795,0.284335863727507,7.133792437060905,5.109365512400816,0.43091068729302723,2.0874422437029243,2.4764115856486058,4.570290512752695,0.24129111007039006,0.7162200971613711,0.06040415264318522,0.2926132575512587,0.347138160732481,0.6406536990072054,0.03382367964854905,True,True,45,1.3552527156068805e-19
26.0,6.5,14.435536973128437,3162277.6601683795,0.2958521182527711,7.357639807789114,5.366222205587345,0.4452708637002082,2.165143090347208,2.5685067324028594,4.743812919445863,0.25812327407609786,0.7293401614885294,0.06051816551672254,0.29427141677350044,0.34909383980495046,0.6447465550602054,0.03508234716829131,True,True,45,1.3552527156068805e-19
26.0,6.5,14.45325849211578,3162277.6601683795,0.3078196965326389,7.586434537706952,5.633104081483802,0.46115594036309077,2.2457351292937973,2.6636230168927346,4.922959227089025,0.27606070820283274,0.7425232569378294,0.06078691354561903,0.29601983884943467,0.3511034074905274,0.6489160622978262,0.03638872870130556,True,True,45,2.220446049250313e-16
26.0,6.5,14.470980011103121,3162277.6601683795,0.3202565463620161,7.820129747997238,5.910134642485763,0.47864659699933093,2.3293096708386836,2.76183451039886,5.107824393543017,0.29516642748898586,0.7557591539960533,0.061206989196299966,0.297860744757493,0.35316990886323535,0.6531636377070531,0.03774444120502975,True,True,45,1.9068829225062436e-19
26.0,6.5,14.488701530090463,3162277.6601683795,0.33317965630836544,8.058680005113619,6.197406960067651,0.49782350148044013,2.4159624413620007,2.863219477078693,5.2984976134596575,0.3155092124411072,0.769034997807966,0.06177481934566793,0.2997962991245411,0.35529633578474923,0.6574895156647872,0.03915147545763096,True,True,45,2.439454888092385e-19
26.0,6.5,14.506423049077805,3162277.6601683795,0.3466082614696285,8.302014800106143,6.494988765984255,0.5187676058233238,2.5057875298456267,2.9678543468003244,5.495058487605039,0.33715712406963844,0.7823388565750587,0.062486952663188614,0.3018288439829799,0.3574860342048993,0.6618945665496505,0.04061148193391896,True,True,45,3.5236570605778894e-19
26.0,6.5,14.524144568065147,3162277.6601683795,0.3605613745895585,8.550058445366838,6.802916065915408,0.5415590700879809,2.5988819698019103,3.0758186373480005,5.697578658705091,0.36018235409696825,0.7956572588812907,0.06333980914264328,0.30396072569658394,0.3597424107685188,0.666378913677781,0.04212630315903235,True,True,46,3.4640259410911867e-17
26.0,6.5,14.541866087052489,3162277.6601683795,0.37505895114183296,8.802720628888618,7.121195538086487,0.5662787967287576,2.6953431674591117,3.1871923928226904,5.906118948350249,0.3846595705171575,0.8089766605469982,0.0643299748569043,0.3061943325355096,0.3620690156135385,0.6709424503337807,0.04369780511434025,True,True,45,4.607859233063394e-19
26.0,6.5,14.55958760603983,3162277.6601683795,0.3901223960590746,9.059891280172797,7.449799778315449,0.593006127581138,2.7952686431823355,3.302056042274759,6.120728891839919,0.4106634074275613,0.8222835736030334,0.06545400041156209,0.30853225019373764,0.3644697204591378,0.6755852473897656,0.045327630843239965,True,True,45,5.421010862427522e-19
26.0,6.5,14.577309125027172,3162277.6601683795,0.4057727373115569,9.32145672755548,7.788670543173978,0.6218209375438126,2.898758353324056,3.4204931006844768,6.341446022896665,0.4382740551014231,0.8355636646522876,0.06670855808466356,0.31097696830527966,0.3669483430173568,0.6803063306779613,0.047017764273455886,True,True,46,1.0842021724855044e-19
26.0,6.5,14.595030644014514,3162277.6601683795,0.42203336144019765,9.587275446852722,8.137718317082722,0.6528025295763553,3.005910153422638,3.542585402851539,6.568293993380635,0.46757031385865727,0.8488040593174095,0.06809051572526323,0.31353121854962535,0.3695090875911453,0.6851053805423785,0.04876988425446248,True,True,45,4.881027358552906e-19
26.0,6.5,14.612752163001856,3162277.6601683795,0.43892731086899706,9.85720183177787,8.496815933991796,0.686028273061129,3.116825092123102,3.6684189111816625,6.801281688536838,0.4986347279696929,0.8619906621572432,0.06959665478792325,0.31619775523668503,0.3721562136787471,0.6899809707264705,0.05058582917133572,True,True,45,5.421010862427522e-19
26.0,6.5,14.630473681989198,3162277.6601683795,0.4564793646971968,10.131067976223092,8.865817376219104,0.7215772055231066,3.2316016797495952,3.798077947634978,7.040403040432843,0.5315519569657057,0.8751118240472334,0.0712241993851584,0.31897936992762643,0.3748941332294682,0.6949319713337406,0.05246751460095036,True,True,45,3.7947076036992655e-19
26.0,6.5,14.64819520097654,3162277.6601683795,0.4747153682059175,10.408689190995007,9.244535374818762,0.759525131201542,3.350339568346268,3.9316488060924004,7.285633955408033,0.5664059914449266,0.8881555789768991,0.07297029599641028,0.3218791057037986,0.3777275633798187,0.6999569130867257,0.054416649498473656,True,True,45,2.220446049250313e-16
26.0,6.5,14.665916719963882,3162277.6601683795,0.4936613918793632,10.689872556630878,9.632761571664076,0.7999481016505987,3.4731389829817645,4.069219727414778,7.536933436262133,0.6032853458074193,0.9011109833754678,0.07483233288449212,0.32489994287419194,0.38066120113758134,0.7050536286877442,0.05643522339592386,True,True,47,1.0842021724855044e-19
26.0,6.5,14.683638238951223,3162277.6601683795,0.5133461460408547,10.974394267718612,10.030273601019916,0.842922289402244,3.6000959224619775,4.210875763551022,7.79424147851048,0.6422776457405529,0.9139705897503752,0.07680809244130365,0.3280450687881451,0.383700062238277,0.7102206544043518,0.05852511127924616,True,True,45,1.8973538018496328e-19
26.0,6.5,14.701359757938565,3162277.6601683795,0.5337978665943054,11.262029320335891,10.436806530296403,0.8885195391637837,3.7313106188071847,4.356707559647064,8.05747705142866,0.6834723279336147,0.926725213852056,0.0788951541405935,0.33131778586915434,0.38684924676764426,0.7154551655161511,0.060688203563763234,True,True,85,1.1102230246251565e-16
26.0,6.5,14.719081276925907,3162277.6601683795,0.5550472996386269,11.552523905370556,10.852104348403337,0.9368143082552544,3.8668774057828017,4.506801242074684,8.326540480239634,0.7269607982095944,0.939370862791151,0.08109174375477783,0.3347214372770232,0.3901139940493484,0.720755096327373,0.06292657813689038,True,True,45,3.5236570605778894e-19
26.0,6.5,14.736802795913249,3162277.6601683795,0.5771262163844025,11.845609542039636,11.275887768423022,0.9878778395139063,4.006890630814378,4.661244252789771,8.60130813000877,0.7728343677569961,0.9519043936409779,0.08339611701769874,0.3382595565550316,0.3934997381305863,0.7261178160130165,0.06524226254581794,True,True,45,4.87890977618477e-19
26.0,6.5,14.75452431490059,3162277.6601683795,0.600066921089736,12.141009305445413,11.707857551509676,1.0417784597103859,4.151445424505494,4.8201263768079015,8.881635731435596,0.8211854536030776,0.9643232499837173,0.08580657781418004,0.3419357748653987,0.3970119992121254,0.7315401469507199,0.06763733005581046,True,True,46,1.0842021724855044e-19
26.0,6.5,14.772245833887931,3162277.6601683795,0.6239048827904187,12.438412260190628,12.147747217609266,1.0985870513294964,4.30062839630897,4.98353030460993,9.167354972196703,0.8721078521708028,0.9766316603356491,0.08832212893003594,0.3457538073467152,0.4006564664655643,0.737019708016673,0.07011408159882274,True,True,45,4.87890977618477e-19
26.0,6.5,14.789967352875273,3162277.6601683795,0.6486752008053318,12.737509534019624,12.595255383386341,1.158368864692679,4.454530006311916,5.151543955674711,9.45827438724507,0.9256959152886578,0.9888318709200298,0.09094155035557631,0.34971750124423134,0.40443886945998764,0.7425528799003996,0.07267479665599375,True,True,45,4.87890977618477e-19
26.0,6.5,14.807688871862615,3162277.6601683795,0.6744158422990496,13.037963441191902,13.050100612855683,1.2211887021604098,4.613234075721809,5.324249979192418,9.754177568908062,0.9820429446197148,1.000930910085653,0.09366406860002449,0.3538308798402396,0.4083651563534133,0.7481365945613019,0.07532180536087917,True,True,45,3.7947076036992655e-19
26.0,6.5,14.825410390849957,3162277.6601683795,0.7011662756469649,13.339421897177903,13.512037984345913,1.2871117563462078,4.776819272381411,5.501727504569307,10.054824381827558,1.0412463055438534,1.012940297450561,0.09648932062179622,0.3580979227736997,0.41244122473802675,0.75376762646324,0.07805782841040061,True,True,45,3.2526065174565133e-19
26.0,6.5,14.843131909837298,3162277.6601683795,0.7289668360367876,13.641526950016598,13.980791277039733,1.3561970402620542,4.945365248743828,5.684057604307574,10.359949203545433,1.103400471728718,1.0248699671426975,0.09941680614136852,0.362522851500712,0.41667312062163675,0.7594420508426168,0.08088540789983745,True,True,83,1.6263032587282567e-19
26.0,6.5,14.86085342882464,3162277.6601683795,0.7578611232099952,13.943891457088402,14.45613884832286,1.4285049156778584,5.118941469114897,5.871312364903404,10.669260440051962,1.1686011016220101,1.036736329511089,0.10244664626614512,0.3671099624425629,0.4210669871443034,0.7651565901015548,0.0838073865691166,True,True,85,1.1102230246251565e-16
26.0,6.5,14.878574947811982,3162277.6601683795,0.7878932575253064,14.246129413967134,14.937881495397804,1.504093849696938,5.297615044071628,6.063562861618982,10.982443555687528,1.2369481282529462,1.0485571948232104,0.1055791230018099,0.3718634648143629,0.42562879259500247,0.7709071872476578,0.08682696136679921,True,True,84,1.1102230246251565e-16
26.0,6.5,14.896296466799324,3162277.6601683795,0.8191102875795443,14.547833125837892,15.425807508274403,1.5830170140946485,5.48144768947617,6.260875067413813,11.299156423833347,1.308535335393645,1.0603508697716069,0.10881462554606211,0.3767879135031295,0.4303647844498638,0.7766899940421584,0.08994709549352761,True,True,45,2.168404344971009e-19
26.0,6.5,14.914017985786666,3162277.6601683795,0.8515610065153187,14.84858746067918,15.91976985838473,1.6653297089790784,5.670492592144444,6.46330740539801,11.619032313974307,1.3834632517636307,1.0721403568212913,0.11215408289772134,0.3818876783505893,0.4352809600585654,0.7825008503160911,0.09317137104301708,True,True,45,1.6263032587282567e-19
26.0,6.5,14.931739504774008,3162277.6601683795,0.8852962436474722,15.147969756824805,16.419625034235388,1.7510840772622465,5.864797468147981,6.670912993475158,11.941684461889887,1.4618313262322944,1.0839488920181959,0.11559859871474251,0.3871672284997559,0.44038330552314625,0.7883356419106692,0.0965034489571566,True,True,46,8.131516293641283e-20
26.0,6.5,14.94946102376135,3162277.6601683795,0.9203696675625435,15.445543527704727,16.92523308191615,1.8403288546920313,6.064402038896965,6.883736696302378,12.26669318607201,1.5437363959047492,1.0958004198141231,0.11914950428199739,0.39263118374689926,0.44567785419496536,0.79418980394372,0.09994704253273727,True,True,83,1.6263032587282567e-19
26.0,6.5,14.967182542748692,3162277.6601683795,0.9568363339894348,15.74087713967582,17.436502184327964,1.9331147066138756,6.269337859508465,7.101815338379496,12.593629121408908,1.6292827099200737,1.1077211282196098,0.12280857600631064,0.39828389510176815,0.45117024136342104,0.8000589172801504,0.10350647524040255,True,True,45,1.6263032587282567e-19
26.0,6.5,14.984904061736033,3162277.6601683795,0.9947550357938413,16.03352184479492,17.95332654878308,2.0294896821337867,6.479625940461959,7.325173807381474,12.922027779245393,1.718569511937454,1.1197369313225094,0.12657790981790037,0.4041299224951933,0.456866175646837,0.8059382027436702,0.10718602741015168,True,True,46,1.0842021724855044e-19
26.0,6.5,15.002625580723375,3162277.6601683795,1.0341858747556054,16.323040728719853,18.475600283611435,2.1295005817600527,6.695280556245328,7.553829434579472,13.251416994548414,1.811700153610336,1.1318724611833029,0.13045979711447184,0.4101736108803063,0.4627709726465828,0.8118228224005458,0.11099035919347486,True,True,45,1.6263032587282567e-19
26.0,6.5,15.020347099710717,3162277.6601683795,1.075192324206704,16.6089907913277,19.003229912337414,2.2331955483635486,6.916303004051483,7.787784977709273,13.581297369457323,1.9087787533423402,1.144153196969671,0.1344570285107028,0.41641922082723987,0.46888971615154523,0.8177075621324764,0.1149244272167939,True,True,46,1.0842021724855044e-19
26.0,6.5,15.038068618698059,3162277.6601683795,1.117840781327915,16.890930795871544,19.536095665325323,2.340622675273082,7.142683413520508,8.027029650192825,13.911159004066672,2.009909408841809,1.1566026704757033,0.138572746733719,0.42287091811816035,0.47522719423815174,0.8235874726019727,0.11899340735757842,True,True,45,2.168404344971009e-19
26.0,6.5,15.0557901376854,3162277.6601683795,1.1621993747303547,17.16843843494878,20.074045982594253,2.4518292983271768,7.374403324757872,8.271542163414566,14.240477101738094,2.115198867489701,1.1692412247424144,0.14281026824991447,0.42953256073343477,0.4817876823658391,0.829456747373692,0.12320275227733671,True,True,45,1.0842021724855044e-19
26.0,6.5,15.073511656672743,3162277.6601683795,1.2083407389255612,17.441084632652217,20.616904580273022,2.566864795299618,7.611427332044597,8.521281094626275,14.568711404122682,2.224751708311106,1.1820884431507896,0.14717346136226403,0.43640791225764203,0.4885751817678364,0.835309942642441,0.12755810519639652,True,True,46,1.1102230246251565e-16
26.0,6.5,15.091233175660083,3162277.6601683795,1.256339143238339,17.708468119135595,21.164457006959587,2.6857817504889936,7.85370948662518,8.776191601987243,14.895323468231604,2.3386786420066836,1.1951602399808645,0.15166652092208724,0.44350021886639307,0.49559293005721805,0.841141275915101,0.1320655533992537,True,True,46,1.6263032587282567e-19
26.0,6.5,15.108954694647425,3162277.6601683795,1.3062727685063693,17.9701960280603,21.71640084029023,2.808629491138256,8.101190155918434,9.036201908411531,15.219754008622397,2.4570840949898716,1.2084676653710547,0.15629375921957703,0.4508125644967088,0.5028438139629408,0.8469442394983832,0.1367310679946483,True,True,45,1.0842021724855044e-19
26.0,6.5,15.126676213634767,3162277.6601683795,1.358222981985877,18.225895287000917,22.272400235808153,2.9354635026083704,8.3537929948874,9.30121981730812,15.541458952336304,2.5800772725015575,1.222019543352325,0.16106004431518947,0.45834747008809473,0.5103299273282855,0.8527130605990474,0.14156107186359848,True,True,45,1.6263032587282567e-19
26.0,6.5,15.144397732622108,3162277.6601683795,1.4122741416123419,18.47521960902111,22.832050690386943,3.0663412227256357,8.611427137850377,9.571135267447191,15.859878765190334,2.707768994873229,1.2358202594375913,0.16597048844975015,0.4661068891243694,0.5180525844885645,0.8584406086001948,0.1465622088492564,True,True,45,1.8973538018496328e-18
26.0,6.5,15.16211925160945,3162277.6601683795,1.468514693726936,18.717841857833456,23.39480788797282,3.201315170322969,8.873987184814071,9.845819759602687,16.1744709954519,2.8402605394461227,1.2498667349399601,0.171030143038804,0.4740924328891201,0.5260125517879718,0.8641205069634057,0.1517408129109429,True,True,46,1.6263032587282567e-19
26.0,6.5,15.179840770596792,3162277.6601683795,1.5270359909306275,18.95347066032187,23.96012486061561,3.3404492683036033,9.14134807597077,10.125121650220075,16.484692222466613,2.977665285857397,1.2641550083370703,0.17624472732039861,0.48230470502205797,0.5342093715541241,0.8697453103919632,0.15710395943952304,True,True,45,2.220446049250313e-16
26.0,6.5,15.197562289584134,3162277.6601683795,1.5879341439648949,19.181835630075405,24.527320093346898,3.4838008022118316,9.41336760454874,10.408868814287047,16.790017007690142,3.120085344023225,1.278674291989566,0.1816197818288852,0.49074383630883694,0.5426419564333493,0.8753081473268854,0.16265832969245184,True,True,44,1.1384122811097797e-18
26.0,6.5,15.215283808571476,3162277.6601683795,1.6513079891287161,19.402711260828244,25.09558082819091,3.631426529896658,9.68988986753208,10.696871801163443,17.08992920768016,3.2676216025106286,1.293405879767736,0.18716077774285464,0.4994090638814386,0.5513080959339507,0.8808010889788731,0.16841056688338016,True,True,44,9.75781955236954e-19
26.0,6.5,15.233005327558818,3162277.6601683795,1.7172616647351164,19.615895159326588,25.664117140454763,3.7833936782149085,9.970731390854768,10.988910466213937,17.383936486104723,3.4203824878859566,1.3083327032492058,0.19287387333001998,0.5082985665384777,0.5602043840955758,0.8862168330788281,0.17436790215814846,True,True,44,1.1102230246251565e-16
26.0,6.5,15.25072684654616,3162277.6601683795,1.78590296650113,19.821227356278907,26.231929959016064,3.939752759568536,10.255697412005665,11.284751112221594,17.671567182425886,3.578458062865277,1.323426117238214,0.19876431911874082,0.5174098065504958,0.5693265562915227,0.891547574970323,0.18053665388847395,True,True,44,6.505213034913027e-19
26.0,6.5,15.268448365533501,3162277.6601683795,1.8573436875784177,20.018589689284823,26.797989873779628,4.100563059016389,10.544570963486665,11.58413464706932,17.952370948393593,3.7419476185859684,1.338655234445589,0.20483775943573398,0.5267389525012727,0.5786688686301342,0.8967849996946989,0.18692363831148845,True,True,85,1.0842021724855044e-19
26.0,6.5,15.286169884520843,3162277.6601683795,1.931701918001517,20.207886493762675,27.361244145204953,4.265881125605597,10.837108208584157,11.886773439605623,18.22593958250188,3.910942338297262,1.3539884120811059,0.21109981624858667,0.536281130237401,0.5882244757894186,0.9019221078922559,0.1935354466437846,True,True,45,1.0842021724855044e-19
26.0,6.5,15.303891403508185,3162277.6601683795,2.009098268158291,20.38908232431996,27.920421305115504,4.4357475819173935,11.133057764613229,12.19237055720231,18.491878073927364,4.085522953351646,1.369380968745818,0.21755503810127164,0.5460303503377291,0.5979852532479764,0.9069499931279582,0.200377971326275,True,True,44,3.2526065174565133e-19
26.0,6.5,15.321612922495527,3162277.6601683795,2.0896605804865938,20.56215954454976,28.47435146755049,4.6102151921633245,11.43213311766467,12.50059204258645,18.749849288417614,4.265775445422536,1.3847938202141783,0.22420870639462165,0.5559792050487659,0.6079415936591094,0.9118618716966176,0.20745755990173848,True,True,82,1.6263032587282567e-19
26.0,6.5,15.339334441482869,3162277.6601683795,2.1735209313922765,20.727147603833707,29.021723079698997,4.789315753932073,11.734034757256353,12.81109116427822,18.999534791051037,4.451771171812787,1.4001793027387484,0.23106487421579602,0.5661191294399823,0.6180826908333819,0.9166497558755683,0.21477973027940345,True,True,84,1.0842021724855044e-19
26.0,6.5,15.35705596047021,3162277.6601683795,2.2608163683700244,20.884116620161006,29.561140793669495,4.9730778256638875,12.038444420615399,13.12350074370611,19.240669947160395,4.643575464052416,1.4154843765396286,0.23812727711274137,0.5764402028378727,0.6283962583812144,0.9213063830809072,0.2223496233290339,True,True,46,1.0842021724855044e-19
26.0,6.5,15.374777479457553,3162277.6601683795,2.351691711017705,21.0331534585366,30.09131547093434,5.1615300357704745,12.345011457682123,13.437421574759835,19.473028162780654,4.841253660273382,1.4306611478994065,0.24539972315352435,0.5869310791659597,0.6388686128900976,0.9258254213362976,0.23017250693373756,True,True,44,1.8295911660692887e-19
26.0,6.5,15.392498998444895,3162277.6601683795,2.4462950048406045,21.174401437302432,30.610760914492168,5.354674970883218,12.653381070087988,13.752451160389496,19.69642451924893,5.044851684318831,1.445649408562073,0.25288436070972076,0.5975791621574168,0.6494847658910506,0.9301998253679187,0.238252386933188,True,True,44,2.710505431213761e-19
26.0,6.5,15.410220517432236,3162277.6601683795,2.5447831611573397,21.308011520193812,31.118097530384446,5.552521149810401,12.963164924624198,14.068152882293065,19.910727212275507,5.254415142264737,1.4603942512840073,0.2605837313607711,0.6083704672460346,0.6602283309712189,0.9344244625269662,0.24659340630096224,True,True,84,2.168404344971009e-19
26.0,6.5,15.427942036419577,3162277.6601683795,2.647318000925859,21.4341756435227,31.61192364517423,5.755057031356093,13.273962612974433,14.384080747796025,20.115839545337423,5.469978615237047,1.474837389173266,0.26849910755001405,0.6192896257704111,0.6710815935738038,0.9384937344868837,0.25519892652788106,True,True,45,1.0842021724855044e-19
26.0,6.5,15.44566355540692,3162277.6601683795,2.754068391358329,21.553107781210624,32.09074407523927,5.9622569824497065,13.585358810662317,14.69977393632321,20.31172300864997,5.6915593336356105,1.4889149351916224,0.2766309639878213,0.6303201815983883,0.6820257238790429,0.942403444312432,0.2640713994200571,True,True,46,1.6263032587282567e-19
26.0,6.5,15.46338507439426,3162277.6601683795,2.865211324664327,21.66503491974955,32.55323720548975,6.174094779646138,13.89691210422751,15.014747901477635,20.49837122982916,5.919175144243716,1.5025702624561506,0.2849796828168468,0.641444251334175,0.693040558535652,0.9461499280180308,0.2732132750382911,True,True,44,1.6263032587282567e-19
26.0,6.5,15.481106593381602,3162277.6601683795,2.980929339463134,21.770216229151053,32.997953482123975,6.390514204649169,14.208179219406302,15.328519067952127,20.675835759100515,6.152821266751958,1.5157384352452412,0.29354390132754193,0.6526429994930906,0.7041050445528751,0.9497303812451285,0.28262563871612456,True,True,44,1.6263032587282567e-19
26.0,6.5,15.498828112368944,3162277.6601683795,3.1014146803952842,21.86890991343869,33.423555150669266,6.611458828312688,14.518693503880058,15.640581702672412,20.844197133424622,6.392483412022135,1.5283594510639105,0.30232228558634616,0.6638965344568071,0.7151971344059129,0.9531429420089947,0.29230919315708015,True,True,46,2.168404344971009e-19
26.0,6.5,15.516549631356286,3162277.6601683795,3.226865938024514,21.96139787697153,33.82875913264247,6.836852286869344,14.82798333741831,15.950429666276763,21.003588436810272,6.638140253001976,1.540373673941535,0.31131225458277356,0.6751839486942114,0.726293916062702,0.956386681506936,0.30226401298264594,True,True,44,2.168404344971009e-19
26.0,6.5,15.534271150343628,3162277.6601683795,3.3574909866901184,22.047962901897122,34.212230807026764,7.066599235891061,15.135569495454819,16.257551145031258,21.154171675962424,6.88974017750274,1.5517184494211465,0.32051030144299697,0.6864838063634656,0.7373720292151059,0.9594615053594002,0.3124887413934242,True,True,45,1.6263032587282567e-19
26.0,6.5,15.55199266933097,3162277.6601683795,3.493506274131469,22.12889341703856,34.572836618721816,7.300601403418461,15.440961566145313,16.561427441270478,21.29614737252797,7.147236359804079,1.5623391539362652,0.3299126289702866,0.6977737781617337,0.7484073934089579,0.9623683828731624,0.32298209517792376,True,True,44,2.168404344971009e-19
26.0,6.5,15.569714188318311,3162277.6601683795,3.635136710929798,22.20448360897106,34.90938575460008,7.538729608060794,15.743673947721572,16.861548998153072,21.42975031876521,7.4105473056879765,1.5721773300098716,0.3395138450783424,0.7090313030905528,0.759375867283879,0.9651091507531009,0.3337410333962446,True,True,45,1.0842021724855044e-19
26.0,6.5,15.587435707305653,3162277.6601683795,3.782617639299182,22.275019876474257,35.22082927612503,7.780851510117363,16.043214329356005,17.157402881179536,21.555233040422426,7.679584816394734,1.5811805992291608,0.3493083980739834,0.7202334461797734,0.770253089619027,0.9676863661606859,0.34476219814759945,True,True,44,1.6263032587282567e-19
26.0,6.5,15.605157226292995,3162277.6601683795,3.936192997677617,22.3407931184366,35.506218237132046,8.026814056369124,16.339097822416193,17.448489547818568,21.672887813304513,7.954243157438982,1.5892998090488901,0.3592895746277264,0.7313571069655739,0.7810147766606956,0.9701037782503387,0.3560412164094028,True,True,44,1.0842021724855044e-19
26.0,6.5,15.622878745280337,3162277.6601683795,4.096118119759451,22.402081125133464,35.76461513767825,8.276444620019591,16.63084523292447,17.734318861689385,21.78300739005443,8.234386523242778,1.5964862790159713,0.3694498102113396,0.7423794753723083,0.7916371145443627,0.9723653471469452,0.36757239103131406,True,True,44,1.6263032587282567e-19
26.0,7.0,14.222878745280337,10000000.0,0.17674207774978737,4.793871598845061,2.175787803569113,0.566918191395256,1.3832708477590494,1.5324202977638608,3.134935072738889,0.22795872072220713,0.4538686025911298,0.11825894367547055,0.2885498326847776,0.31966235769290346,0.6539463997104464,0.047552112321307675,True,True,54,4.662069341687669e-18
26.0,7.0,14.240600264267679,10000000.0,0.1838387229295267,4.9574384424018865,2.2765794491978317,0.5832077418069828,1.43490975308121,1.5910871783231537,3.2595298520573546,0.24196148973667117,0.45922495572024197,0.1176429619011906,0.2894458034633697,0.32094945742831443,0.6575028394055272,0.04880776484628228,True,True,44,2.220446049250313e-16
26.0,7.0,14.25832178325502,10000000.0,0.19121814560743483,5.125796102226919,2.3810453742678273,0.6005588796964424,1.4885203069411477,1.6518914272569225,3.3885270090847586,0.25671818615770975,0.4645220618965656,0.11716402051878881,0.2903978771794015,0.3222702179938942,0.6610733126143278,0.05008357356356366,True,True,44,2.220446049250313e-16
26.0,7.0,14.276043302242362,10000000.0,0.19889132671652843,5.2990213072901025,2.4892419365507186,0.6190470778184972,1.5441763489209652,1.7149025011593404,3.522037833965098,0.2722666017353573,0.46975503441100647,0.11682290783900912,0.29140783917901447,0.32362627015673096,0.6646581754860414,0.05138054481131976,True,True,44,2.220446049250313e-16
26.0,7.0,14.293764821229704,10000000.0,0.2068696840595678,5.4771851769306785,2.6012212950136924,0.6387492000549918,1.6019534977349525,1.780191203115243,3.660172964064926,0.288646395588765,0.47491936295485493,0.1166199753014259,0.29247751280752937,0.3250193567698275,0.6682580277696626,0.052699769364109306,True,True,44,2.220446049250313e-16
26.0,7.0,14.311486340217046,10000000.0,0.21516461699148445,5.6603562915406265,2.7170298401378385,0.6597439496706877,1.661930092196865,1.8478304881244607,3.803042275012119,0.30590018435058547,0.4800103916070488,0.11655519824020118,0.2936087423826325,0.32645126789739964,0.6718733025155583,0.05404256703906638,True,True,44,1.1102230246251565e-16
26.0,7.0,14.329207859204388,10000000.0,0.22378895469438312,5.848590054181965,2.8367098953318086,0.6821121845444154,1.7241844894716523,1.9178929033606156,3.9507533133391832,0.3240705871880006,0.4850245732821456,0.11662848280102639,0.2948034438212667,0.3279239757946873,0.6755052545551973,0.05541003629691531,True,True,44,2.220446049250313e-16
26.0,7.0,14.34692937819173,10000000.0,0.2327550154896312,6.041941975290743,2.9602957135721972,0.705936369772957,1.7887988748626031,1.9904541264567288,4.103412294837063,0.3432042556260577,0.48995765362836763,0.11683931634232333,0.2960635640292664,0.3294394640989492,0.6791545353494732,0.0568036331745047,True,True,44,9.215718466126788e-19
26.0,7.0,14.364650897179072,10000000.0,0.24207646546196393,6.2404543136482955,3.0878155554835796,0.7313016959870299,1.8558557949689394,2.065589625655151,4.261121920832951,0.36334812125161503,0.49480621126098434,0.1171872525991615,0.2973911355956981,0.33099987946992365,0.6828223886702591,0.058224626443774796,True,True,44,9.75781955236954e-19
26.0,7.0,14.382372416166413,10000000.0,0.2517673633333945,6.444162046004992,3.219289696460308,0.7582952131986636,1.9254400058378995,2.1433764215157702,4.423981868959123,0.38455135543594593,0.49956684414168034,0.117671655024374,0.2987882663552139,0.3326074680019165,0.686510028359969,0.05967437700831026,True,True,44,2.220446049250313e-16
26.0,7.0,14.400093935153755,10000000.0,0.26184188103031025,6.653095186313585,3.354728715698528,0.7870066701349299,1.9976391859865086,2.2238936718931397,4.592087891740547,0.4068660369807739,0.5042357912749705,0.11829180976606507,0.30025711793451443,0.33426452043975297,0.6902182763275597,0.06115439890560387,True,True,44,9.75781955236954e-19
26.0,7.0,14.417815454141095,10000000.0,0.2723158900537919,6.867265990107413,3.4941356997829986,0.8175283851789866,2.0725408497572726,2.307219746566353,4.765530335117615,0.4303437850933981,0.5088103045398924,0.11904714137426319,0.3017999962056014,0.3359735519040621,0.6939487041833771,0.06266595552193938,True,True,44,1.1102230246251565e-16
26.0,7.0,14.435536973128437,10000000.0,0.2832046437543971,7.086686355206233,3.63750192865364,0.8499551499090665,2.1502369072346514,2.3934365636389243,4.944395071554441,0.45504077297321927,0.5132867106474029,0.11993689395956506,0.303419228601105,0.33773705278780775,0.6977019757509152,0.06421065504598263,True,True,44,1.1102230246251565e-16
26.0,7.0,14.45325849211578,10000000.0,0.2945251573062735,7.311349254406774,3.7848094006736717,0.8843847923182949,2.230819218084359,2.482625270269564,5.128760570339715,0.481012501615773,0.5176622356526671,0.12096054524891547,0.30511731015171734,0.3395577456203737,0.7014793565289544,0.065789840544938,True,True,44,2.220446049250313e-16
26.0,7.0,14.470980011103121,10000000.0,0.3062946442255949,7.5412399349533095,3.936029370460227,0.9209176424092547,2.314382380639923,2.5748690193359924,5.318699401175155,0.5083174299231873,0.5219339796121467,0.12211753642008427,0.306896796893156,0.34143841616835313,0.7052818166576588,0.06740502017011271,True,True,44,8.402566836762659e-19
26.0,7.0,14.488701530090463,10000000.0,0.31853088391919915,7.776333315323338,4.091121133471174,0.9596570664205606,2.401023363290494,2.670252527614225,5.514275421722491,0.5370159508155419,0.5260989939062387,0.12340739877103098,0.3087603457736636,0.34338195385124076,0.7091099619992574,0.0690577331294875,True,True,44,1.1102230246251565e-16
26.0,7.0,14.506423049077805,10000000.0,0.33125320186688667,8.01658495724319,4.250034349014957,1.000709000981059,2.490839365025895,2.7688600963057035,5.715544633570776,0.5671683242292109,0.5301552184231444,0.12482983793203525,0.3107107800030683,0.3453914741842744,0.7129650174051527,0.07074936862195415,True,True,46,2.220446049250313e-16
26.0,7.0,14.524144568065147,10000000.0,0.3444806063329947,8.261946289002722,4.412706893451112,1.044182457421341,2.583931398242393,2.8707791319712834,5.9225530260549455,0.5988390804237191,0.5341001670907447,0.12638456132439727,0.3127509315428257,0.34747007927085033,0.7168471954287954,0.07248159930800076,True,True,45,1.6263032587282567e-19
26.0,7.0,14.541866087052489,10000000.0,0.3582340319191579,8.51234557971412,4.5790662826964805,1.0901888701760623,2.6804002365834627,2.976096166482177,6.135337011295193,0.6320913761366226,0.5379323759609704,0.12807150038340845,0.3148838603276586,0.34962116359262363,0.7207575108224451,0.07425584055738617,True,True,46,1.1102230246251565e-16
26.0,7.0,14.55958760603983,10000000.0,0.3725345365269243,8.76770229739196,4.749030580962845,1.138842479583713,2.780349339036095,3.0848999021717134,6.353921199033598,0.6669918691870961,0.541650528254762,0.12989064192137012,0.3171126533188903,0.35184815787932805,0.7246962754339452,0.07607373591887345,True,True,45,1.1384122811097797e-18
26.0,7.0,14.577309125027172,10000000.0,0.3874042990252149,9.027918882377714,4.922508767191501,1.190260263981009,2.883883217755266,3.197279606188436,6.578319337931576,0.7036079633801645,0.545253987250608,0.13184215315717657,0.31944053278818646,0.3541546670771988,0.7286639837639991,0.07793689470932119,True,True,45,1.0842021724855044e-19
26.0,7.0,14.595030644014514,10000000.0,0.4028667711495745,9.292878425799824,5.09940108045403,1.2445607470829485,2.991107128488997,3.3133249073609417,6.808531561622212,0.7420072174615129,0.5487429025539127,0.1339262917319217,0.32187089849198763,0.35654452318693375,0.7326612110537981,0.07984686589695156,True,True,45,2.168404344971009e-19
26.0,7.0,14.612752163001856,10000000.0,0.41894564723617866,9.562453942525412,5.279602760277526,1.3018658760414052,3.102128350042614,3.4331272391608207,7.044545256780781,0.7822608625459427,0.5521179805947594,0.13614349244097765,0.32440714158601763,0.3590215712196302,0.7366880195315576,0.08180545153447821,True,True,45,1.1248597539537109e-18
26.0,7.0,14.630473681989198,10000000.0,0.4356665803455677,9.83649272872032,5.463002766510849,1.362298490592717,3.217053553214719,3.5567772589863496,7.286333792518555,0.824438299180806,0.5553811624909888,0.13849433209207948,0.32705290817952365,0.36158998507683227,0.7407451002575459,0.08381425391325038,True,True,45,1.111307226797642e-18
26.0,7.0,14.64819520097654,10000000.0,0.4530554573353164,10.114831577785251,5.64948613897501,1.4259833311158092,3.335991533994058,3.684367750798211,7.533854079540421,0.8686121999434401,0.5585348698620669,0.1409794439135924,0.3298118716401315,0.3642539890520789,0.7448323802134961,0.08587510264146503,True,True,46,1.0842021724855044e-19
26.0,7.0,14.665916719963882,10000000.0,0.47113984048234236,10.397284031327525,5.838940488047596,1.4930475716495397,3.4590497697199107,3.815990444794232,7.787050308431693,0.9148554417176573,0.561583243321485,0.14359976770384597,0.3326878210980507,0.3670180052114058,0.7489504263775935,0.08798984801811253,True,True,45,1.0842021724855044e-19
26.0,7.0,14.683638238951223,10000000.0,0.4899483698033396,10.683645337267665,6.031249058993914,1.5636172972621758,3.5863368002546396,3.9517383516325184,8.045846002594772,0.9632407845101633,0.5645310068423145,0.14635615914802258,0.335684748701312,0.36988670316934846,0.753099316628241,0.09016031083979352,True,True,45,1.0842021724855044e-19
26.0,7.0,14.701359757938565,10000000.0,0.50951057197988,10.973694903119197,6.226302503450033,1.637821389924142,3.7179606848412825,4.091704566673039,8.310152033414568,1.0138437885841753,0.5673843275595578,0.1492497654056887,0.33880663875432493,0.3728648010352466,0.7572793035327111,0.09238855258277659,True,True,45,2.220446049250313e-16
26.0,7.0,14.719081276925907,10000000.0,0.5298579870672797,11.267185569957487,6.423998624075314,1.7157879959269622,3.854027326803649,4.235980819346917,8.579857503912727,1.0667388140549374,0.5701511335008174,0.15228186180778738,0.3420576773919408,0.37595731365618223,0.7614907423544902,0.09467659935408008,True,True,46,1.0842021724855044e-19
26.0,7.0,14.736802795913249,10000000.0,0.5510226224586099,11.563858843514273,6.624237116160989,1.7976435454778004,3.9946442181457003,4.384661157311861,8.854835025102696,1.1220018099656446,0.5728396727945422,0.15545360504690267,0.3454421462768152,0.3791693773373107,0.7657335795022295,0.09702659165499349,True,True,46,1.1102230246251565e-16
26.0,7.0,14.75452431490059,10000000.0,0.573038723712217,11.863428447799887,6.826938876645394,1.8835166021193441,4.139914013765421,4.537836026291615,9.134937499389551,1.179709610844511,0.5754608717610189,0.1587666339799646,0.34896438512537936,0.3825062920266672,0.7700082265075452,0.09944086703395529,True,True,45,1.6263032587282567e-19
26.0,7.0,14.772245833887931,10000000.0,0.5959415226473513,12.165592835093594,7.032031385126433,1.9735311073868227,4.289939597889181,4.695597317111811,9.419996680421008,1.239938941415966,0.5780261990062182,0.1622223539895119,0.3526288982411252,0.385973571593372,0.7743146436109158,0.1019217853353734,True,True,45,2.710505431213761e-19
26.0,7.0,14.789967352875273,10000000.0,0.6197678630873199,12.470030253635114,7.2394578888000565,2.0678098823767517,4.444821085562511,4.858035428124841,9.709824981891376,1.302767403863406,0.5805485425097262,0.16582236292281397,0.35644028082985685,0.38957687586272566,0.7786528808990567,0.10447187194943965,True,True,48,1.0842021724855044e-19
26.0,7.0,14.807688871862615,10000000.0,0.6445566189252658,12.776395124187331,7.449191113141721,2.166474520538403,4.604653114857531,5.025237199929735,10.004212702941341,1.368273980859177,0.5830432638263872,0.16956852848398474,0.36040315520144967,0.3933219934953581,0.7830231145561631,0.107093899927129,True,True,44,4.607859233063394e-19
26.0,7.0,14.825410390849957,10000000.0,0.6703476338930097,13.08433015072072,7.661208838262949,2.26963905825017,4.769530537696741,5.197291055951803,10.302927569631033,1.436537085450436,0.58552549118007,0.17346238073373227,0.36452233188521477,0.3972149125009294,0.7874249159834537,0.1097906479661328,True,True,44,2.220446049250313e-16
26.0,7.0,14.843131909837298,10000000.0,0.6971833513326012,13.393450928188043,7.8755222765297725,2.3774170740402645,4.939540200116095,5.374279247034104,10.605717032342056,1.507636382290581,0.5880129265232785,0.1775059382968074,0.3688026503849184,0.4012617267834476,0.7918584306021622,0.1125651925238766,True,True,44,2.220446049250313e-16
26.0,7.0,14.86085342882464,10000000.0,0.7251073937930146,13.703362018359131,8.092167228387002,2.4899157055336385,5.114765549951275,5.5562827635376735,10.912302487674964,1.5816536850342522,0.5905242244600624,0.18170108198249194,0.3732489547527642,0.405468581804496,0.7963230098610228,0.11542084949045538,True,True,44,3.2526065174565133e-19
26.0,7.0,14.878574947811982,10000000.0,0.7541656504488234,14.013647648485376,8.311190329807792,2.607233785379098,5.295285436445746,5.743379386094215,11.22238637380026,1.6586683986621693,0.5930783004028278,0.1860496175427169,0.3778663178403855,0.40984185774893317,0.8008183633055166,0.11836093216183023,True,True,44,4.336808689942018e-19
26.0,7.0,14.896296466799324,10000000.0,0.7844060613034509,14.323875562318017,8.532681112702427,2.7294686431411166,5.481169338656325,5.935639750929552,11.53564383186107,1.7387646011622215,0.5956964004315598,0.19055378073246887,0.38265965902941096,0.4143878327555782,0.8053437620058652,0.12138925625243557,True,True,45,2.168404344971009e-19
26.0,7.0,14.914017985786666,10000000.0,0.8158782610697064,14.633603416087858,8.756738981696019,2.856706229911409,5.6724827161351765,6.133132076165152,11.851731242222378,1.8220253233670165,0.5983993643062006,0.19521550151966055,0.3876340334533718,0.41911290758519004,0.8098983487001464,0.12450968306028591,True,True,44,1.1102230246251565e-16
26.0,7.0,14.931739504774008,10000000.0,0.8486346308402029,14.942369781408296,8.98348579188703,2.9890262134475916,5.869281425304511,6.335916376793644,12.170279556900049,1.9085335875184837,0.601208906171264,0.2000369591419575,0.39279455074169234,0.424023529699885,0.8144812191733231,0.12772629880255898,True,True,46,1.0842021724855044e-19
26.0,7.0,14.94946102376135,10000000.0,0.8827291427633692,15.249709416653419,9.213077749940314,3.126502967060958,6.071612355554546,6.544045706060104,12.490898195368523,1.9983777765580735,0.6041477577191857,0.2050204945968784,0.3981461016512257,0.42912592805956623,0.8190908989864331,0.13104366266649964,True,True,45,2.168404344971009e-19
26.0,7.0,14.967182542748692,10000000.0,0.9182186458776765,15.555142569746872,9.445668106532569,3.269197878118352,6.279514465567696,6.757565865224106,12.813179395741047,2.0916420832991034,0.6072376427396691,0.21016830051282206,0.4036937904883428,0.43442648210546564,0.8237262589068995,0.13446627531187846,True,True,45,1.0842021724855044e-19
26.0,7.0,14.984904061736033,10000000.0,0.9551620207655622,15.858187108783055,9.681438411652971,3.4171686641422077,6.493015059941523,6.976512245344636,13.136686146830337,2.188416077815385,0.6105009573440402,0.21548293261400664,0.40944245489103653,0.43993126058404847,0.8283851146865701,0.13799913336899217,True,True,44,1.6263032587282567e-19
26.0,7.0,15.002625580723375,10000000.0,0.9936207583397193,16.158356351016664,9.920578855172494,3.570463349685359,6.712130608118372,7.200910221225549,13.460977191169318,2.2887899560400364,0.6139596528051755,0.22096698897599878,0.4153968672498087,0.4456462071262884,0.8330659937650385,0.14164744893103118,True,True,46,2.168404344971009e-19
26.0,7.0,15.020347099710717,10000000.0,1.0336590739531162,16.455161222482854,10.163274525003951,3.7291202009848026,6.936866541808509,7.430774141778401,13.785576711698628,2.3928525926242616,0.6176344544784992,0.22662313365180936,0.42156174880441755,0.45157710953482844,0.8377661285301328,0.14541653893702863,True,True,44,2.168404344971009e-19
26.0,7.0,15.038068618698059,10000000.0,1.0753434541773792,16.748119638421308,10.409725179386609,3.8931733451268906,7.167214784511469,7.666105261302605,14.11001078992836,2.500699089761415,0.6215459051000568,0.23245435482773183,0.427941460847306,0.45772931092013736,0.8424832813803796,0.14931222989502918,True,True,46,2.168404344971009e-19
26.0,7.0,15.0557901376854,10000000.0,1.118743729699173,17.03674909693135,10.660115079886227,4.06264709967653,7.4031537705994745,7.906890686621605,14.433778900836876,2.6124211095210446,0.6257129819330568,0.23846375130383837,0.43454028280154267,0.46410794932971045,0.8472143845469134,0.15334035235581375,True,True,44,2.168404344971009e-19
26.0,7.0,15.073511656672743,10000000.0,1.163931986418976,17.320582912649947,10.914619268630982,4.237559582365577,7.644649149055475,8.15310410269838,14.756376647076188,2.728115291360811,0.6301531145732734,0.24465455947621198,0.4413621174072766,0.47071765100606555,0.8519561218865785,0.15750712924149649,True,True,46,1.6263032587282567e-19
26.0,7.0,15.091233175660083,10000000.0,1.2109837920104163,17.599161935698152,11.173401685890376,4.41792379939169,7.891649731860572,8.404701334034277,15.077291143416137,2.847877383980086,0.6348825999052966,0.251030351077705,0.4484105414049941,0.4775625887608986,0.8567050634856281,0.16181892037730783,True,True,45,1.0842021724855044e-19
26.0,7.0,15.108954694647425,10000000.0,1.2599775889002207,17.87204552070036,11.43659925636509,4.603746176422484,8.144089884934655,8.661622141231398,15.395996980771747,2.971805862666279,0.6399155173994274,0.2575948103472643,0.4556887389024235,0.4846463786811108,0.8614569027892905,0.16628235750766046,True,True,45,2.168404344971009e-19
26.0,7.0,15.126676213634767,10000000.0,1.3109949144542221,18.138814381243648,11.704322219758007,4.7950269061335495,8.401888196994086,8.923788892266593,15.711977484454959,3.099998447778776,0.6452639061051754,0.2643517269293975,0.4631994142727442,0.49197200570585214,0.866207523502851,0.17090413864008192,True,True,44,2.710505431213761e-19
26.0,7.0,15.144397732622108,10000000.0,1.3641211214598759,18.399067470746296,11.976654640387006,4.991764030347386,8.664943946850762,9.19110241738419,16.0247008101693,3.2325554648858987,0.6509381336542929,0.2713052733941038,0.47094473459742675,0.4995417529718632,0.8709517933801735,0.1756912664201878,True,True,44,3.2526065174565133e-19
26.0,7.0,15.16211925160945,10000000.0,1.419444350273771,18.652437909322884,12.253640881172972,5.193947673806464,8.933141585325044,9.463446715740588,16.33365464617271,3.3695766172765382,0.6569458073385861,0.2784594538824557,0.47892622019452324,0.5073570951822097,0.8756847081103969,0.18065073496866338,True,True,45,2.168404344971009e-19
26.0,7.0,15.179840770596792,10000000.0,1.477057146729079,18.898580513580743,12.535283394184322,5.401563438086676,9.206345261013608,9.740682710993859,16.638317065234432,3.5111605680512823,0.6632923242661701,0.28581847373166724,0.48714480192826226,0.5154187481961457,0.8804003588141417,0.1857896451814527,True,True,45,2.710505431213761e-19
26.0,7.0,15.197562289584134,10000000.0,1.5370551548802251,19.13718997947001,12.821557810091667,5.614595996466583,9.484399991126368,10.022650005088307,16.938189233275768,3.6574094106373387,0.6699812158340057,0.2933866467589969,0.49560045133590885,0.5237263159241458,0.8850928088944466,0.19111527944076084,True,True,45,2.6020852139652106e-18
26.0,7.0,15.215283808571476,10000000.0,1.599538436628225,19.36799166453591,13.112375649463743,5.833015675715186,9.767133249962432,10.30916801172583,17.232776224144434,3.8084187738891813,0.6770126648429625,0.301167812168973,0.5042925161851813,0.5322786270402319,0.8897554543922487,0.1966346764214408,True,True,44,2.220446049250313e-16
26.0,7.0,15.233005327558818,10000000.0,1.6646109575850432,19.59075056518778,13.407624754430948,6.056796079121868,10.054349400352377,10.600030440211503,17.521602953795902,3.964288063434793,0.6843854557699247,0.30916610667712885,0.5132192034652657,0.5410732174318764,0.8943814018504889,0.20235508845073158,True,True,44,1.6263032587282567e-19
26.0,7.0,15.25072684654616,10000000.0,1.7323809168725142,19.805272034972855,13.707142090855163,6.285896304332913,10.345834116841349,10.895010476404245,17.804217768134432,4.1251125506370405,0.6920956231578441,0.3173850019950775,0.522377783984603,0.5501065805693276,0.8989635555974748,0.20828355921356545,True,True,44,1.5178830414797062e-18
26.0,7.0,15.268448365533501,10000000.0,1.8029605392302823,20.011406068428414,14.010762033508751,6.5202678846627435,10.641353646640487,11.19386302158534,18.080183751278078,4.290981766327166,0.7001388101165587,0.3258275736530896,0.531764415266608,0.5593741380944575,0.9034939218890178,0.21442679997868613,False,True,44,2.168404344971009e-19
26.0,7.0,15.286169884520843,10000000.0,1.8764660364592838,20.209050834642913,14.318327998678607,6.759859916686397,10.940650777444796,11.49632001064429,18.349106613568157,4.461989466310293,0.7085106626647568,0.3344966555825798,0.5413738065664139,0.568869864533023,0.9079647908111356,0.2207916394896403,False,True,43,1.1102230246251565e-16
26.0,7.0,15.303891403508185,10000000.0,1.953021397137087,20.398120178549963,14.629426344608063,7.004595068476389,11.24344480600218,11.802074096323993,18.61059936903577,4.6382165745377515,0.7171948305310957,0.3433941464783704,0.5512000472389335,0.5785863595771287,0.9123683558157534,0.22738451062834494,False,True,43,1.1102230246251565e-16
26.0,7.0,15.321612922495527,10000000.0,2.032753706858328,20.578588536661957,14.943744877484402,7.254399116294822,11.549432664865186,12.110802389808795,18.864328073565474,4.819748810923374,0.7261792931454578,0.3525217049444711,0.5612354143866183,0.5885147257904833,0.9166968881251293,0.23421182664382983,False,True,43,2.220446049250313e-16
26.0,7.0,15.339334441482869,10000000.0,2.115795802768321,20.750467922146573,15.260920684282928,7.509171921190729,11.858290984850125,12.42216123525556,19.10998149907887,5.006659785072576,0.7354494723463678,0.3618796428766956,0.5714710159472597,0.5986448730632058,0.9209421961363655,0.24127936795724325,False,True,43,7.318364664277155e-19
26.0,7.0,15.35705596047021,10000000.0,2.202285687382402,20.913813885795047,15.580549192767364,7.768802104584679,12.169675626586555,12.735784622024275,19.347293624280827,5.1990180876109795,0.7449884214256056,0.3714674973683952,0.5818965250930328,0.6089651888254871,0.9250963850941495,0.2485925386924393,False,True,43,6.776263578034403e-19
26.0,7.0,15.374777479457553,10000000.0,2.2923673003547522,21.06871941859699,15.902223210358224,8.033165717703055,12.483217105039827,13.051281704812384,19.57603893027247,5.396890941748552,0.7547788213611886,0.3812840048841468,0.5925000403214402,0.6194625048398644,0.9291518170294224,0.25615657195495284,False,True,43,5.149960319306146e-19
26.0,7.0,15.392498998444895,10000000.0,2.386190588104155,21.215314037446863,16.225467096856157,8.30210907256415,12.798530146996143,13.36824507543533,19.79602758765628,5.600327808198769,0.7647997605982549,0.3913262399939124,0.6032684750461685,0.630122422502878,0.9331008512395612,0.2639757204778448,False,True,43,4.87890977618477e-19
26.0,7.0,15.410220517432236,10000000.0,2.4839115243072056,21.353763438196975,16.549817969117587,8.575474795360915,13.115204171821656,13.686242427108406,20.007124492386335,5.809382566824465,0.7750305006898113,0.40159079312555096,0.6141870125039209,0.6409288211288725,0.9369366926954987,0.27205427200869026,False,True,43,3.5236570605778894e-19
26.0,7.0,15.427942036419577,10000000.0,2.585692993235249,21.484261259549896,16.874762347681788,8.853070801303753,13.43281251738453,14.004826084519813,20.209224777505796,6.0240881470799685,0.7854476420584787,0.4120723861225856,0.6252396745274895,0.6518644469702013,0.9406525331897396,0.28039540546930475,False,True,44,1.0842021724855044e-19
26.0,7.0,15.44566355540692,10000000.0,2.6917041480124917,21.607033300257893,17.199771847393013,9.134694525632964,13.750910172824637,14.323529978364437,20.40228220869564,6.244476191983802,0.7960265348962887,0.4227648654349941,0.636408986913558,0.6629105337748278,0.9442426419758482,0.2890020163901571,False,True,86,1.0842021724855044e-19
26.0,7.0,15.46338507439426,10000000.0,2.8021217343400386,21.722325769427453,17.52431025455758,9.420119755560776,14.069033152567817,14.641870757353068,20.586282460247464,6.470563932954861,0.8067418949780109,0.4336607348380204,0.6476761881717531,0.6740471030942923,0.9477015803354314,0.29787620357216515,False,True,43,2.439454888092385e-19
26.0,7.0,15.481106593381602,10000000.0,2.917129425664223,21.83040899589749,17.847796439612054,9.709094807522199,14.386707282540028,14.95935513993183,20.761263170433764,6.702355870320708,0.8175658295255085,0.44475093477849154,0.6590214267283618,0.6852530863138244,0.951024929232217,0.3070192533534419,False,True,44,1.0842021724855044e-19
26.0,7.0,15.498828112368944,10000000.0,3.0369188144041286,21.9315685302184,18.169667737916743,10.001357298453058,14.703440361704194,15.275473572442767,20.92729972508585,6.939849393096949,0.828470964713795,0.4560256273814932,0.6704235650744755,0.6965062052627683,0.9542089840154926,0.3164319680799338,False,True,44,1.0842021724855044e-19
26.0,7.0,15.516549631356286,10000000.0,3.1616894573822227,22.026103320219395,18.489316403393268,10.296610779212285,15.018734527419854,15.589712119703508,21.084507234025082,7.183020994127332,0.8394274799583162,0.467473099055168,0.6818607135849146,0.707783482763951,0.9572509003292493,0.326114015252689,False,True,44,3.2526065174565133e-19
26.0,7.0,15.534271150343628,10000000.0,3.2916489995506293,22.11432350179425,18.806145934631576,10.594551477615695,15.332081163096762,15.901547383548925,21.23304276770526,7.431841002689269,0.8504056627870953,0.4790809665399036,0.6933099790211892,0.7190609914998644,0.9601488721091791,0.3360645873741643,False,True,43,3.2526065174565133e-19
26.0,7.0,15.55199266933097,10000000.0,3.427014182837394,22.196542129658454,19.11954295356892,10.89484633900349,15.642967118236882,16.210453682901534,21.3730908929815,7.68625782034524,0.861374841265112,0.4908352965683819,0.7047479299640618,0.7303143700586381,0.962901823542295,0.3462817665673726,False,True,43,4.336808689942018e-19
26.0,7.0,15.569714188318311,10000000.0,3.5680101910590336,22.27307870517282,19.428883081817574,11.197148144408331,15.950879143555328,16.51590642456764,21.50487705634975,7.946208343876055,0.8723034358651687,0.5027211681251701,0.7161506208771583,0.74151879240349,0.9655098579324527,0.35676290866922605,False,True,43,2.168404344971009e-19
26.0,7.0,15.587435707305653,10000000.0,3.714872207975233,22.34424815736883,19.733556916294916,11.501093307317992,16.255301299679832,16.81738093824068,21.628645077270495,8.211610797047621,0.8831604794805796,0.5147227700979989,0.7274937686511083,0.7526492196021614,0.9679737230334,0.3675044574878454,False,True,45,1.0842021724855044e-19
26.0,7.0,15.605157226292995,10000000.0,3.867844670793944,22.410365345404454,20.03293212750838,11.806295456392395,16.555727004696784,17.114363609612987,21.74467206543457,8.48236467782103,0.8939136787261883,0.5268229800998507,0.7387531059636098,0.7636807051484557,0.9702952955157247,0.3785018471178317,False,True,43,2.168404344971009e-19
26.0,7.0,15.622878745280337,10000000.0,4.027182560355404,22.471736971093627,20.3264071640451,12.11236337663032,16.85165287132307,17.40634645619598,21.853248709230193,8.758353689530473,0.9045320880264771,0.5390043231731921,0.7499043306265146,0.7745883853387266,0.9724770602887075,0.38974974212259267,False,True,43,2.168404344971009e-19
36.0,3.5,14.222878745280337,3162.2776601683795,0.776241429938278,1.9386877518074348,1.9816393295013723,-0.35863481547342324,0.6986747796453491,0.8136001465852707,1.4016872769500484,0.0004393167838854002,1.0221549744944196,-0.18498843619302216,0.3603854096638182,0.41966538749045734,0.7230082697140156,0.00022660522999427114,True,True,146,1.732976470523095e-19
36.0,3.5,14.240600264267679,3162.2776601683795,0.8042556559826761,1.9929232195557145,2.1138992856329653,-0.3825634820216102,0.7233577418191312,0.8444727155234081,1.4470766280327916,0.00047726672214730366,1.0607028233151,-0.1919609738436866,0.36296317626345403,0.42373570001942557,0.7261075659278989,0.00023948073737316457,True,True,45,1.5881867761018131e-22
36.0,3.5,14.25832178325502,3162.2776601683795,0.8332513055243473,2.04793396412016,2.2542345421338554,-0.4064293496694877,0.7488920641936977,0.8763227137048377,1.493571522121377,0.0005187580797009552,1.1007359522465494,-0.19845822999673682,0.36568174429171063,0.4279057474791802,0.7293064856039193,0.0002533080112882574,True,True,88,1.5881867761018131e-22
36.0,3.5,14.276043302242362,3162.2776601683795,0.8632601729299129,2.1037022433930024,2.4030857294251615,-0.4301401911643013,0.7753191803167881,0.9091777579056463,1.5411805559981362,0.0005641681587537971,1.1423126713737264,-0.20446819055083587,0.36854986619508356,0.4321798680212742,0.7326039418546273,0.0002681787123275897,True,True,47,1.0587911840678754e-22
36.0,3.5,14.293764821229704,3162.2776601683795,0.8943146451555306,2.1602095317996364,2.5609308175026464,-0.45360741002549,0.802681827950911,0.9430661299227885,1.5899116481826416,0.0006139159969577858,1.1855011191294835,-0.209983061063339,0.3715759124913265,0.43656234084715617,0.7359988115866295,0.0002841928007077823,True,True,45,1.0587911840678754e-22
36.0,3.5,14.311486340217046,3162.2776601683795,0.9315622083292447,2.2040679187922483,2.679057189429237,-0.46407759601593923,0.8296598360901214,0.975679480536535,1.625884288704517,0.0006394858669528828,1.2155057321905334,-0.21055503419796492,0.3764220825575765,0.44267214826627166,0.7376743134101986,0.0002901389115555471,True,True,85,9.47377113297942e-10
36.0,3.5,14.329207859204388,3162.2776601683795,0.9596947057325946,2.2753627933503098,2.9056562777637693,-0.49945635031937874,0.8603928557835762,1.0140585492569085,1.6907680921146238,0.0007283144416405648,1.2770079067195246,-0.21950624831302828,0.3781343609458907,0.4456689510000203,0.7430762676861249,0.00032008717193101927,True,True,263,1.0587911840678754e-22
36.0,3.5,14.34692937819173,3162.2776601683795,0.9940892294395028,2.3339683803143085,3.093662232899594,-0.521670017635049,0.8908344552767248,1.0512221115063054,1.7429060834480374,0.000794032945577028,1.325494492124602,-0.2235120329971211,0.38168231531772456,0.45040117954157566,0.7467565105630632,0.0003402072419978963,True,True,48,1.0587911840678754e-22
36.0,3.5,14.364650897179072,3162.2776601683795,1.02966737328125,2.3932324650078303,3.292913618108121,-0.5433035322753307,0.9223982232779194,1.0895381023131185,1.7961911527817822,0.0008662329350699393,1.3759271889608715,-0.22701661464948958,0.3854194010672095,0.4552579485042017,0.7505293276121028,0.00036195102136352857,True,True,46,1.7470054537119944e-20
36.0,3.5,14.382372416166413,3162.2776601683795,1.0664654890792415,2.453134604248673,3.5040798436381793,-0.5642825450944218,0.9551345941015507,1.1290380373192217,1.8506281820402741,0.0009455861649143226,1.428409120954609,-0.23002510507051688,0.38935270508488135,0.4602430031209049,0.7543932480651914,0.00038546036702455204,True,True,88,1.0587911840678754e-22
36.0,3.5,14.400093935153755,3162.2776601683795,1.104520518693384,2.5136554874214014,3.727870743444327,-0.584536295666637,0.989096060640325,1.1697546493705007,1.9062209367152856,0.0010328299177641469,1.483047602226712,-0.23254431587451765,0.39348911001919973,0.4653599728459516,0.7583461402146067,0.00041088761882148816,True,True,83,5.293955920339377e-23
36.0,3.5,14.417815454141095,3162.2776601683795,1.143870016553538,2.574775921776705,3.9650611093267476,-0.6040027202570433,1.0243361620628935,1.2117214029406713,1.9629729242728549,0.0011287687343690812,1.539963565680188,-0.23458457691349532,0.39783507116070044,0.4706123716212679,0.7623859255753487,0.0004383949394672693,True,True,45,3.1763735522036263e-22
36.0,3.5,14.435536973128437,3162.2776601683795,1.184551803849421,2.6364798185264013,4.21646285311218,-0.6226216163004492,1.0609109673775063,1.2549734223058733,2.0208869040068946,0.001234279261038436,1.5992775000526547,-0.23615641277635457,0.40239677160528303,0.4760034245235798,0.7665095290342189,0.0004681542609828538,True,True,45,3.1763735522036263e-22
36.0,3.5,14.45325849211578,3162.2776601683795,1.226604084748745,2.6987518359942295,4.4829686002586655,-0.640344175861117,1.09887736028979,1.2995468285095426,2.079964611355916,0.0013503171835523432,1.6611266513903544,-0.23727419739770628,0.40717984722925066,0.48153624619241253,0.7707135512108507,0.000500348778106484,True,True,45,6.352747104407253e-22
36.0,3.5,14.470980011103121,3162.2776601683795,1.2700651967240584,2.7615803891916673,4.76551670108503,-0.6571243123234493,1.1382945238143798,1.3454794338195102,2.1402076683724363,0.0014779193158664956,1.7256483713950215,-0.23795226635274372,0.41218953041144896,0.48721356766780227,0.7749937958528482,0.0005351715711955401,True,True,45,7.411538288475128e-22
36.0,3.5,14.488701530090463,3162.2776601683795,1.314973366436027,2.8249566297384114,5.065133701676744,-0.6729268075479994,1.1792225786199542,1.3928105570509677,2.2016164611982565,0.0016182117038724111,1.79299520861875,-0.238207836702368,0.41743033015312137,0.4930378549492778,0.7793452253467426,0.0005728270964720106,True,True,91,2.117582368135751e-22
36.0,3.5,14.506423049077805,3162.2776601683795,1.3613668420929732,2.8888753227266464,5.382915526302029,-0.6877223385403696,1.221723175603335,1.4415810521103096,2.2641907037967193,0.0017724134499688265,1.8633256630893296,-0.23805885049108566,0.4229061621289421,0.4990111690765812,0.7837620010751026,0.000613530613808541,True,True,45,8.470329472543003e-22
36.0,3.5,14.524144568065147,3162.2776601683795,1.4092835565757922,2.953335349511886,5.720049398945539,-0.7014897496039091,1.2658587504651984,1.4918333317755268,2.3279297278609374,0.0019418427794323035,1.9368099866785948,-0.23752458376250707,0.428620051791414,0.5051350948080076,0.7882375187246132,0.0006575083929270824,True,True,124,1.0587911840678754e-22
36.0,3.5,14.541866087052489,3162.2776601683795,1.4587609588732768,3.018339905189734,6.077827125858691,-0.7142174172909425,1.3116925481688053,1.543611505833733,2.392831415276219,0.0021279232810224903,2.0136324326522916,-0.23662590686453736,0.4345741663864567,0.5114107603254515,0.7927640658237279,0.000704997895486767,True,True,47,3.705769144237564e-22
36.0,3.5,14.55958760603983,3162.2776601683795,1.5098364471296517,3.083896190780437,6.457638723161604,-0.725898681775999,1.3592878378031468,1.5969606055859307,2.4588931704324284,0.00233219050074606,2.093987061713442,-0.2353836305988941,0.44076964778089817,0.5178386387843328,0.7973333141963381,0.0007562480565066804,True,True,270,2.117582368135751e-22
36.0,3.5,14.577309125027172,3162.2776601683795,1.5625464054105351,3.1500164794604872,6.861022095404254,-0.7365390022395778,1.4087079277792847,1.6519274563732829,2.5261115521705606,0.002556295773543944,2.178090857664136,-0.23382068222250285,0.4472065263673028,0.5244186711861943,0.8019359799042116,0.000811518222273481,True,True,86,4.235164736271502e-22
36.0,3.5,14.595030644014514,3162.2776601683795,1.616927353031176,3.2167168661623524,7.289631823251783,-0.7461463635829979,1.4600152793775012,1.7085591705656071,2.5944817768384714,0.002802020670560525,2.266171418421588,-0.2319589801116611,0.45388367709196203,0.5311500022082993,0.8065620583927152,0.0008710809148407975,True,True,124,3.1763735522036263e-22
36.0,3.5,14.612752163001856,3162.2776601683795,1.6730149021950842,3.2840177215983717,7.745320253727166,-0.7547412458438972,1.5132710142221102,1.766903891647506,2.6639983226210315,0.003071271394737054,2.358489177079539,-0.22982252528057473,0.4607986748273644,0.538031168354211,0.811200958234912,0.000935217667839572,True,True,261,3.1763735522036263e-22
36.0,3.5,14.630473681989198,3162.2776601683795,1.7308445792242866,3.3519437439307604,8.23009362995512,-0.7623460078692719,1.5685350079381555,1.8270099582144936,2.7346546913918535,0.0033661073493509277,2.455319736453526,-0.22743401026631888,0.46794789166084405,0.5450598511751853,0.8158414640291595,0.0010042254901938056,True,True,83,2.117582368135751e-22
36.0,3.5,14.64819520097654,3162.2776601683795,1.7904518628291355,3.420521545807142,8.746213875852058,-0.7689931286035688,1.6258635619197837,1.8889249742997274,2.806442843041929,0.003688726378598337,2.556982541616533,-0.22481750759506156,0.4753262156505808,0.5522330290873806,0.8204722015220317,0.0010784105082220455,True,True,45,2.752857078576476e-21
36.0,3.5,14.665916719963882,3162.2776601683795,1.8518716809788238,3.4897827701911353,9.296159415920469,-0.7747181898358549,1.685311900898143,1.9526970177375043,2.879353936827491,0.004041501138001083,2.6638217986878647,-0.22199610716555393,0.4829274519014943,0.5595468676208047,0.8250811372622454,0.001158095332615712,True,True,46,2.117582368135751e-22
36.0,3.5,14.683638238951223,3162.2776601683795,1.9151403633440816,3.5597576400008966,9.882731448151086,-0.7795624038129378,1.7469290563633364,2.0183711035454728,2.953377789545212,0.0044269697438341915,2.776237162075055,-0.2189931120739842,0.49074381826817187,0.5669967755290679,0.829656984609904,0.0012436154905852176,True,True,46,4.235164736271502e-22
36.0,3.5,14.701359757938565,3162.2776601683795,1.9949045850937799,3.5921624206049327,10.491071501739043,-0.7863227460882075,1.7923268476590282,2.073535943773334,2.9877725746424244,0.004611395728617858,2.920544862214863,-0.2188995524193998,0.4989548460776988,0.5772389165588295,0.8317476285326968,0.0012837380910636226,True,False,85,1.2761819145531587e-09
36.0,3.5,14.719081276925907,3162.2776601683795,2.047368684032051,3.7019862306126163,11.17862558845409,-0.7867944037004233,1.8768535974576248,2.1556026973765716,3.10471593275407,0.005307124565944185,3.0196291644780686,-0.21253304434096237,0.5069855695133251,0.5822827431262098,0.8386622043811038,0.0014335884131762276,True,True,390,2.662085586877357e-18
36.0,3.5,14.736802795913249,3162.2776601683795,2.1164046554415696,3.7743051179015255,11.895449736326867,-0.7892824611308991,1.9452380767707131,2.2272403689840887,3.1820030640905363,0.005807907328267267,3.15169265990361,-0.20911994035334694,0.5153897249971792,0.5901060723523093,0.8430699068282262,0.0015388017520683126,True,True,262,1.487601613615365e-19
36.0,3.5,14.75452431490059,3162.2776601683795,2.187441963708398,3.847469576573054,12.663994921246646,-0.7910869793358903,2.015947020054814,2.3009409052317964,3.2603484107971705,0.006353630169651564,3.2915126862488364,-0.20561227674229265,0.5239669813972696,0.5980400518933401,0.8474006995790638,0.001651378924043566,True,True,45,7.72917564369549e-21
36.0,3.5,14.772245833887931,3162.2776601683795,2.260524482054257,3.9215052972297157,13.489414338834568,-0.7922631994464726,2.089003078040435,2.3767338606612305,3.3397344106603675,0.006947967767091595,3.439856207350771,-0.20203037848913635,0.5327043876534293,0.6060769221299371,0.8516460281259008,0.0017717603931326766,True,True,224,6.246867986000465e-21
36.0,3.5,14.789967352875273,3162.2776601683795,2.335697087219114,3.996440309752272,14.377487095321035,-0.7928634434217475,2.1644260850339165,2.4546468700851283,3.4201424020287594,0.007594913696035852,3.597573335509734,-0.19839241474143146,0.5415884930777518,0.6142083153588461,0.8557971937383356,0.0019004196503329333,True,True,86,3.756591121072822e-19
36.0,3.5,14.807688871862615,3162.2776601683795,2.4130111496991633,4.072289913454028,15.334919560038196,-0.7929405045772612,2.242223633589565,2.5346974665289443,3.501551972198635,0.008298777798145881,3.765674813420013,-0.19471612322038886,0.5506051094696643,0.6224255935597348,0.8598484014191158,0.0020378651752490378,True,True,47,4.446922973085077e-21
36.0,3.5,14.825410390849957,3162.2776601683795,2.492518898945683,4.1490725123168914,16.369285339879017,-0.7925457281394932,2.3224018162825706,2.6169020344459852,3.5839405289551216,0.009064258026197463,3.9452878423515942,-0.19101756495861438,0.5597399923448708,0.630719763676696,0.863793177466982,0.0021846468094470282,True,True,88,4.482921873343385e-19
36.0,3.5,14.843131909837298,3162.2776601683795,2.574279997847084,4.226793589961914,17.48935367008185,-0.7917267396512917,2.4049544798335862,2.701265879809206,3.6672846447456116,0.009896447338067674,4.1377354483589635,-0.18731142716113225,0.5689784534416445,0.6390815691176314,0.8676280416093506,0.0023413604491050737,True,True,90,6.352747104407253e-22
36.0,3.5,14.86085342882464,3162.2776601683795,2.6583569221765035,4.3054575287194545,18.70516414433376,-0.7905302885185697,2.489871611070619,2.7877906709813867,3.751558964958908,0.010800917400156039,4.344524134673585,-0.1836112151253045,0.5783059278745611,0.6475016075261442,0.8713496625931672,0.0025086572862718466,True,True,261,8.092341019830772e-19
36.0,3.5,14.878574947811982,3162.2776601683795,2.7448185657929747,4.385060246449106,20.028267152970848,-0.7889980527441385,2.577134794614995,2.876469480725808,3.8367355680640363,0.011783711153282755,4.567386997519397,-0.17992866879834687,0.5877079560541691,0.6559703445477378,0.8749561813137945,0.002687240423395519,True,True,83,4.235164736271502e-22
36.0,3.5,14.896296466799324,3162.2776601683795,2.8337398668667695,4.465590234520482,21.472054749165043,-0.7871688644256603,2.6667173392263392,2.9672871629545026,3.9227860318297885,0.01285147464309229,4.808335208004307,-0.17627431606701974,0.5971701833750299,0.6644781556570947,0.8784473777968613,0.002877889364712902,True,True,45,2.456395547037471e-20
36.0,3.5,14.914017985786666,3162.2776601683795,2.925198818159348,4.547036647098277,23.051907087669257,-0.7850782971851182,2.7585901870471887,3.060225375393051,4.009680074086335,0.014011415544881996,5.069655003194222,-0.1726571299323311,0.6066786791365762,0.6730153312808586,0.8818226870120214,0.0030814388869778472,True,True,89,6.352747104407253e-22
36.0,3.5,14.931739504774008,3162.2776601683795,3.019283749659301,4.629373273617682,24.7857600641879,-0.7827561615074022,2.8527120000229016,3.1552524203653123,4.097384310460489,0.015271448630922828,5.354020641506568,-0.16908469359518888,0.6162199138877419,0.6815722634307259,0.8850840207271808,0.003298815569259284,True,True,45,3.049318610115481e-20
36.0,3.5,14.94946102376135,3162.2776601683795,3.116082676806964,4.712582943932364,26.694331620097962,-0.7802312398815484,2.949043088120247,3.2523378650437196,4.185865393222028,0.016640222325204873,5.664479954558247,-0.1655633967962573,0.6257806224752513,0.6901391240723376,0.8882316646779649,0.0035310195116310507,True,True,45,3.134021904840911e-20
36.0,3.5,14.967182542748692,3162.2776601683795,3.2156941073458736,4.796634559233866,28.8018049186087,-0.7775256426225834,3.0475332479853074,3.3514385735339354,4.275088420144928,0.0181271312994494,6.004586041094824,-0.16209816132975788,0.6353482239164097,0.6987062558439385,0.891268318933131,0.0037791353657646003,True,True,83,8.470329472543003e-22
36.0,3.5,14.984904061736033,3162.2776601683795,3.318218553543307,4.8815016507080635,31.136361449862907,-0.774660523242191,3.1481312874489795,3.452510035821634,4.365014773123023,0.019742544569573212,6.378439193059899,-0.1586930782108465,0.6449104215692197,0.7072639287791382,0.8941950828778017,0.004044358884260451,True,True,48,8.470329472543003e-22
36.0,3.5,15.002625580723375,3162.2776601683795,3.423761166944752,4.967157368045224,33.73098406532966,-0.7716528754228686,3.2507829533175068,3.555502658726348,4.455606726573333,0.02149760546893465,6.790802377699613,-0.15535100224266601,0.654455398218402,0.7158022980305899,0.897013401515562,0.004327949343266896,True,True,46,6.352747104407253e-22
36.0,3.5,15.020347099710717,3162.2776601683795,3.532433239088541,5.053571751457475,36.62435804105146,-0.7685161561948702,3.3554291741105344,3.660361017121552,4.5468254129840435,0.023404657432890434,7.247222329531349,-0.15207385864724815,0.6639718082844698,0.7243116744243091,0.8997251125746294,0.004631310008834923,True,True,46,6.352747104407253e-22
36.0,3.5,15.038068618698059,3162.2776601683795,3.6443471269606036,5.140721575456633,39.86210264310057,-0.7652644410380458,3.462011664315599,3.767029357100209,4.638627973901338,0.025476949450835014,7.754184321791393,-0.14886323443223434,0.673448583724957,0.7327822177892598,0.9023301312499704,0.00495590921952858,True,True,272,8.470329472543003e-22
36.0,3.5,15.0557901376854,3162.2776601683795,3.759620391509824,5.2285836611577485,43.49795416404557,-0.7619053027049044,3.570469623208478,3.8754475010731655,4.730973382906677,0.027729032391944144,8.319261387588462,-0.14571925249374287,0.6828751062611629,0.741204072120563,0.9048288579663106,0.005303354443372183,True,True,83,8.470329472543003e-22
36.0,3.5,15.073511656672743,3162.2776601683795,3.8783722576613653,5.317139526172461,47.595913417998304,-0.7584502276023898,3.680741322063809,3.9855549163382715,4.823820114941336,0.030176679887250975,8.951413289743064,-0.1426425287260347,0.6922408757464726,0.7495674876915013,0.9072209016139472,0.005675359794248927,True,True,86,8.470329472543003e-22
36.0,3.5,15.091233175660083,3162.2776601683795,4.000725754237544,5.406373816796628,52.23184910368579,-0.7549043136429318,3.792765620209786,4.097288656806315,4.917123174142458,0.03283694627623338,9.661161228143504,-0.13963228204782663,0.7015359552878766,0.7578626257912057,0.9095048438688874,0.006073746912249189,True,True,47,1.8211208365967457e-20
36.0,3.5,15.108954694647425,3162.2776601683795,4.126804756294282,5.496277462481199,57.49682339936757,-0.751275758342997,3.906480737369702,4.210586852637487,5.010839785512292,0.03572854944578491,10.461048189770905,-0.13668810635404977,0.7107502785360091,0.766079747862054,0.9116788262087183,0.006500499599897541,True,True,45,4.785736151986797e-20
36.0,3.5,15.126676213634767,3162.2776601683795,4.256737544807555,5.586842302064519,63.50003974375372,-0.7475699036469837,4.021824484911146,4.325384953623588,5.104928559223169,0.038871495579002345,11.365998234868451,-0.13380902184597773,0.719874352534517,0.7742092437485157,0.9137413020118239,0.0069576861986310355,True,True,45,4.828087799349512e-20
36.0,3.5,15.144397732622108,3162.2776601683795,4.390653274781916,5.678067193013349,70.37317660932288,-0.7437917186271995,4.138736041961377,4.44162043122925,5.199344916922741,0.04228784657644179,12.393861188524586,-0.1309938211971862,0.7288987434058439,0.7822416114931678,0.9156892196204269,0.007447577694831687,True,True,45,4.828087799349512e-20
36.0,3.5,15.16211925160945,3162.2776601683795,4.528685027003268,5.7699512744522234,78.27646927033159,-0.7399477747578588,4.2571522827143005,4.559228396234012,5.2940475695932765,0.04600117813707253,13.566227087032525,-0.128241598509531,0.737814251840187,0.7901675732377562,0.9175203251774207,0.007972541872364373,True,True,47,1.9481757786848908e-20
36.0,3.5,15.179840770596792,3162.2776601683795,4.670967313162282,5.862500528678019,87.40421305109423,-0.7360408082112851,4.377013706335788,4.678146874629354,5.388998644456436,0.05003733744396807,14.909032864650962,-0.12555065958812983,0.7466120787408772,0.7979780729647568,0.9192320952628797,0.008535152738869156,True,True,45,5.124549330888517e-20
36.0,3.5,15.197562289584134,3162.2776601683795,4.817640814557082,5.955716192257237,97.99595086837121,-0.7320781120781498,4.49825455190458,4.798309076042291,5.484157750423403,0.05442421671716573,16.45410017955043,-0.12292024811892349,0.755283564007392,0.8056644946044207,0.9208225465063486,0.009138148118595753,True,True,46,8.470329472543003e-22
36.0,3.5,15.215283808571476,3162.2776601683795,4.9688462062877585,6.049609216950471,110.34508924685235,-0.7280618743980545,4.620815682420328,4.919653463390007,5.579489574197278,0.059192033471729695,18.240035891520918,-0.12034857926989555,0.7638205240552084,0.8132183893143993,0.9222892544139943,0.009784439184249925,True,True,83,2.117582368135751e-21
36.0,3.5,15.233005327558818,3162.2776601683795,5.124731879677768,6.144183435780598,124.81685972814101,-0.7239986512012297,4.744630560526533,5.042113314396424,5.674963475899138,0.06437379603704703,20.314637580849414,-0.11783480404979936,0.772214991644979,0.8206319630748199,0.9236318438754673,0.010477193057447926,True,True,45,5.251604272976662e-20
36.0,3.5,15.25072684654616,3162.2776601683795,5.285450026075442,6.239445359046153,141.86517498189215,-0.719891553898948,4.869635018344714,5.165622850385632,5.770548574018289,0.07000492826299226,22.73682464038432,-0.11537749150334742,0.780459598269349,0.8278977622420144,0.9248496047251953,0.011219735767298102,True,True,46,1.6940658945086007e-21
36.0,3.5,15.268448365533501,3162.2776601683795,5.45115637858353,6.33540303889317,162.05949437864035,-0.7157453351122143,4.995764502840486,5.290117732424593,5.866219845607078,0.07612437637035255,25.579981791806105,-0.11297550143506875,0.7885472277251162,0.8350088699879789,0.9259426447842755,0.01201571169237749,True,True,46,8.470329472543003e-22
36.0,3.5,15.286169884520843,3162.2776601683795,5.622016857942688,6.432055872292255,186.11917425446237,-0.7115644902701981,5.122948610755501,5.415527411057689,5.961958872983193,0.08277385102171426,28.936187425892683,-0.11062784658563776,0.7964714101480256,0.8419590125742649,0.9269134148330199,0.012868957090109252,True,True,83,8.470329472543003e-22
36.0,3.5,15.303891403508185,3162.2776601683795,5.798198445424152,6.529410755710019,214.95504673658837,-0.7073518338784641,5.2511226104975695,5.541787596352901,6.057749056936379,0.0899991532939491,32.921048281211064,-0.10833318048797581,0.8042261096693025,0.8487423756434017,0.9277635124484751,0.013783656238083069,True,True,45,5.124549330888517e-20
36.0,3.5,15.321612922495527,3162.2776601683795,5.979881524514705,6.627460773282286,249.73559619943066,-0.7031128389666864,5.380211572976113,5.668824564359498,6.153580407020302,0.09784958520567935,37.68194256331264,-0.10609083373245919,0.8118058721170723,0.8553539218538416,0.928497446839313,0.014764264709064254,True,True,47,2.159934015498466e-20
36.0,3.5,15.339334441482869,3162.2776601683795,6.167247524264164,6.726207996550675,291.9590229422599,-0.6988490382618814,5.510148734106331,5.796572435599213,6.249451227216105,0.10637888982995959,43.406184151899836,-0.10389940938791428,0.8192058195244688,0.8617890553744105,0.9291195321971816,0.015815581362412918,True,True,86,1.1102230246251565e-16
36.0,3.5,15.35705596047021,3162.2776601683795,6.36049231660163,6.825640143290288,343.5741004295445,-0.6945657933901839,5.640856727897821,5.924956121873051,6.3453629800924505,0.11564543908669411,50.33580634444716,-0.10175833750523063,0.8264216409713414,0.8680440218779152,0.929636319361202,0.01694279754850179,True,True,45,4.997494388800372e-20
36.0,3.5,15.374777479457553,3162.2776601683795,6.559816874556423,6.925748616591047,407.1194385840542,-0.6902645155179522,5.772263123715651,6.053904690199725,6.441325071948176,0.1257123053279971,58.78345592977127,-0.09966641207051351,0.8334497024462955,0.8741155686328598,0.9300547028977626,0.018151439257677607,True,True,86,1.6940658945086007e-21
36.0,3.5,15.392498998444895,3162.2776601683795,6.765432398326897,7.026518869965265,485.94090866579296,-0.6859492428600724,5.904291620899475,6.183344726622423,6.537354793793431,0.1366485188271456,69.15813045673855,-0.09762291335929527,0.8402868803408852,0.8800011557718892,0.9303831548417584,0.019447541713898665,True,True,86,1.2705494208814505e-21
36.0,3.5,15.410220517432236,3162.2776601683795,6.977562575755193,7.127929628461566,584.4757418060326,-0.6816221327770493,6.036862978760927,6.313199411141546,6.633474894257116,0.14852826832061708,81.99796747041974,-0.09562694475200158,0.8469307770177683,0.8856988971851192,0.9306313670339686,0.020837504866427,True,True,47,2.1175823681357508e-20
36.0,3.5,15.427942036419577,3162.2776601683795,7.196438282463323,7.229960728308031,708.6553877020119,-0.6772853203424609,6.169900530491388,6.443395257602968,6.729715484930955,0.16143295680453643,98.0164919744803,-0.09367759325311861,0.8533795358436587,0.891207504402429,0.9308094107042066,0.022328331075501605,True,True,46,2.117582368135751e-21
36.0,3.5,15.44566355540692,3162.2776601683795,7.422306990301307,7.332580078737963,866.494142223163,-0.6729419607736568,6.30332008355289,6.573851305610416,6.826113910395592,0.17545011894050686,118.17043017855434,-0.09177423956472894,0.859631946172728,0.8965263570284616,0.9309293368904413,0.02392747396639468,True,True,47,1.8634724839594607e-20
36.0,3.5,15.46338507439426,3162.2776601683795,7.655421834955508,7.435761333719795,1068.8810338281658,-0.668592447974966,6.437044534098112,6.704493973992987,6.922714579565806,0.1906754757216041,143.7487011559918,-0.08991580256120157,0.8656873513284122,0.9016553481335332,0.9310027943167813,0.02564303333095513,True,True,47,2.541098841762901e-21
36.0,3.5,15.481106593381602,3162.2776601683795,7.896058286295034,7.539459808792069,1330.8069092329654,-0.6642404362383878,6.5709839856296295,6.835237372166582,7.019567108102706,0.20721255673087607,176.51223602002065,-0.08810186048923428,0.8715457277147283,0.9065951070122737,0.93104377317814,0.027483740478228578,True,True,47,2.0328790734103208e-20
36.0,3.5,15.498828112368944,3162.2776601683795,8.14449610070535,7.643640405290582,1673.0289851158398,-0.6598855931171421,6.705059070262055,6.9660058161260965,7.116728062678918,0.2251737600354217,218.87855738972817,-0.08633132357461494,0.8772075496410214,0.9113466158487181,0.9310652627971668,0.029458968252819247,True,True,381,1.6940658945086007e-21
36.0,3.5,15.516549631356286,3162.2776601683795,8.401037012324988,7.7482525049673185,2124.670707417064,-0.655530847938351,6.839179737709022,7.096713918982821,7.214260506767377,0.24468155615918422,274.21288942957926,-0.08460370225648912,0.8826738330126052,0.9159115444977041,0.9310822668908112,0.03157893421804744,True,True,45,3.8963515573697816e-20
36.0,3.5,15.534271150343628,3162.2776601683795,8.665996577834589,7.853244253045423,2726.9230369699085,-0.6511763697313409,6.973257900221376,7.227277792572586,7.312231214789357,0.26586807321974243,347.2352252271321,-0.08291813532717004,0.8879461373580995,0.9202919913983202,0.9311096126869777,0.03385455292780955,True,True,85,3.3881317890172014e-21
36.0,3.5,15.55199266933097,3162.2776601683795,8.939704648687197,7.958561215935875,3538.741600555381,-0.6468234538471797,7.107205533785926,7.3576141289344905,7.410711820409022,0.2888778881861065,444.6458982396918,-0.08127391827457564,0.8930264329128698,0.9244904863208095,0.9311622565106538,0.036297752866142445,True,True,46,2.541098841762901e-21
36.0,3.5,15.569714188318311,3162.2776601683795,9.222512285066172,8.064139692195763,4645.447649949193,-0.6424732878085355,7.240929386517181,7.487634601164897,7.509780418895165,0.31386669404775713,576.0623981309402,-0.07967040655685842,0.897917157055791,0.9285100316914413,0.9312562412780262,0.038921286836276915,True,True,46,3.3881317890172014e-21
36.0,3.5,15.587435707305653,3162.2776601683795,9.514785550912228,8.169916044727245,6171.830130485054,-0.6381254752512054,7.374339104501394,7.617253818955487,7.609516055202159,0.3410047473063421,755.4337274332545,-0.07810673595147201,0.9026211608699082,0.9323539895947354,0.9314068851555996,0.041739076073666885,True,True,45,3.9810548520952116e-20
36.0,3.5,15.605157226292995,3162.2776601683795,9.81691438986938,8.275815832598862,8302.906940121022,-0.6337820031093137,7.507337222056277,7.746379498978472,7.71000083584446,0.3704759453736843,1003.2735271144443,-0.07658241990026093,0.9071416491029792,0.9360260856053716,0.931630305917922,0.04476609350275299,True,True,410,5.082197683525802e-21
36.0,3.5,15.622878745280337,3162.2776601683795,10.129300021600791,8.38177189961091,11315.849187388045,-0.6294413802633302,7.639835346119575,7.874928601544838,7.811323284963005,0.4024803805103802,1350.0545377419942,-0.0750964578614397,0.9114821349975204,0.9395302921462703,0.9319417634504721,0.048018531801022134,True,True,45,1.1102230246251565e-16
36.0,4.0,14.222878745280337,10000.0,0.44716900879275906,3.2149402699829612,3.4708943312537115,-0.3214555388249617,0.9870183341780714,1.2126723498086491,2.413761385414202,0.0010889103970971436,1.07961393984844,-0.09998802833953284,0.3070098512851383,0.3771990295219625,0.7507950949978286,0.00033870315018416023,True,True,142,1.784857238542421e-19
36.0,4.0,14.240600264267679,10000.0,0.4640233941396088,3.31225893781091,3.7282031311024952,-0.3461313856341517,1.0226308113189546,1.2586960607722406,2.4949249297329943,0.0011839561452678918,1.1255771970432011,-0.10450009861333842,0.3087412036677352,0.38001137121366474,0.7532397003302839,0.0003574467357465642,True,True,45,3.1763735522036263e-22
36.0,4.0,14.25832178325502,10000.0,0.48151032965500296,3.4115171733124257,4.004920560619521,-0.3705141748721956,1.0596484655734895,1.306205936794181,2.578216298667318,0.0012877115124233236,1.1739411989331796,-0.10860686200575197,0.31060915473704614,0.3828812432815384,0.7557389184015125,0.0003774600704041056,True,True,83,3.1763735522036263e-22
36.0,4.0,14.276043302242362,10000.0,0.49965054900851813,3.5127072261083105,4.302614458997314,-0.39450581768558657,1.0981402444828903,1.3552434808292535,2.663656524646335,0.001401061885906062,1.2248713547824288,-0.11230819772095131,0.31261934849592,0.38581168130277477,0.75829164037601,0.00039885529755871024,True,True,45,5.293955920339377e-22
36.0,4.0,14.293764821229704,10000.0,0.5184651667013974,3.615819127202136,4.62299574762855,-0.4180101417790266,1.1381774801961042,1.4058514844284407,2.7512650166553008,0.001524975853421629,1.2785472903910853,-0.11560593245228953,0.31477721649113793,0.3888058099621444,0.7608967483902289,0.0004217511440074801,True,True,83,4.235164736271502e-22
36.0,4.0,14.311486340217046,10000.0,0.5379751792988484,3.720841399287629,4.967957719686482,-0.4409403446538822,1.1798339427806086,1.4580749154029617,2.841059664708095,0.0016605371516577232,1.3351705129483937,-0.1185055468202171,0.31708794226125653,0.39186698892409566,0.7635530139102483,0.00044628001397093684,True,True,121,4.235164736271502e-22
36.0,4.0,14.329207859204388,10000.0,0.5582027010851487,3.8277565682145083,5.339585359777154,-0.4632119050229498,1.2231837229383413,1.5119584963260628,2.933056569227694,0.001808913336617364,1.3949647174840725,-0.12101394035071023,0.319556299137619,0.3949986028059589,0.7662599533062378,0.0004725779459536394,True,True,45,1.0587911840678754e-21
36.0,4.0,14.34692937819173,10000.0,0.5791691052477083,3.936549218678947,5.740172980771958,-0.4847494113947308,1.2683048614947023,1.5675506798573224,3.027270099859712,0.0019714136325785264,1.4581738121131085,-0.12314069619518342,0.32218696910395256,0.39820426286537614,0.7690161945633246,0.000500797404799147,True,True,45,6.352747104407253e-22
36.0,4.0,14.364650897179072,10000.0,0.6008972071320478,4.047195488019487,6.172276370607849,-0.5054830552628414,1.3152742693640493,1.6248989925279937,3.123712944810249,0.0021494475233132184,1.525074928769571,-0.12489711869841053,0.3249841212902924,0.40148764677614945,0.7718216117944061,0.0005310955523833764,True,True,89,3.2744176158483115e-18
36.0,4.0,14.382372416166413,10000.0,0.6234089922858991,4.15967507811883,6.6386965652003065,-0.52534939914007,1.3641731015799963,1.68405516912361,3.22239567878108,0.0023445761805857223,1.5959651752902269,-0.12629577774080705,0.32795184142049133,0.4048525756211725,0.7746748527864286,0.0005636440675183776,True,True,127,1.1102230246251565e-16
36.0,4.0,14.400093935153755,10000.0,0.6467274490738051,4.273960663947307,7.142574068771323,-0.5442943898081722,1.4150815824460041,1.7450709352997038,3.3233272651280577,0.0025585004415727727,1.671183857404679,-0.12735128668813664,0.3310937310169522,0.4083029939933997,0.7775755385775424,0.0005986251729349834,True,True,46,4.235164736271502e-22
36.0,4.0,14.417815454141095,10000.0,0.6708753261480261,4.390026235136884,7.6873644883561765,-0.5622683366208243,1.4680826341530675,1.8080012471029427,3.426514496439046,0.0027930659431370263,1.7510976191504422,-0.12807858233751362,0.33441318013155147,0.41184292536387723,0.7805225556544322,0.0006362298978493318,True,True,83,2.117582368135751e-22
36.0,4.0,14.435536973128437,10000.0,0.6958753695978549,4.507843842366887,8.27694056422688,-0.5792324357768769,1.5232597703948116,1.8729031461788865,3.531962152939833,0.0030503130787676537,1.8361196291753072,-0.1284943436445095,0.337913162847054,0.4154764920151938,0.7835147526062798,0.0006766678672626906,True,True,89,2.5673568631277843e-18
36.0,4.0,14.45325849211578,10000.0,0.7217508291246267,4.627382984798621,8.915608489278407,-0.5951528520130044,1.5806969227938727,1.9398354662567245,3.6396732535468375,0.0033324191170692923,1.9267064166867105,-0.12861542992402752,0.3415963035665316,0.41920789194005825,0.7865511165822019,0.0007201520012535369,True,True,89,2.574980159653073e-18
36.0,4.0,14.470980011103121,10000.0,0.748524201619122,4.748615925508184,9.608182610422675,-0.610005154225697,1.6404797018222246,2.0088607559296565,3.7496482848822597,0.0036418054660724776,2.0233648627614444,-0.12845956880802398,0.3454648107062196,0.42304132139612316,0.789629724471975,0.000766919355703155,True,True,45,8.470329472543003e-22
36.0,4.0,14.488701530090463,10000.0,0.7762186071831877,4.871511101382903,10.36007665722803,-0.6237725221187117,1.7026928534865402,2.0800429199099315,3.861885991549759,0.003981044593412181,2.126665923903377,-0.12804497601198897,0.3495204707638226,0.42698104892329164,0.7927490897954568,0.0008172093854578428,True,True,83,1.2281977735187355e-20
36.0,4.0,14.506423049077805,10000.0,0.8048564573315332,4.996040691091068,11.177349205098649,-0.6364447602218097,1.7674223108685203,2.153449690097719,3.9763828885472012,0.004352980333487859,2.2372414270024024,-0.12738982717989408,0.35376459483610395,0.43103125519729,0.7959068259067388,0.000871286004785767,True,True,87,4.235164736271502e-22
36.0,4.0,14.524144568065147,10000.0,0.834460238131704,5.122175378112818,12.066869964955732,-0.6480214665599168,1.8347531315360057,2.2291507775628254,4.093133020765806,0.004760653106596447,2.3558096070895513,-0.12651294005451835,0.35819803034779935,0.43519610575772977,0.7991005224568969,0.0009294201691997575,True,True,125,4.235164736271502e-22
36.0,4.0,14.541866087052489,10000.0,0.8650522997636407,5.249887462328245,13.03637487192403,-0.658507100181809,1.9047699339120874,2.3072187314866195,4.212128784035916,0.005207375999864353,2.4831722518757755,-0.12543261258590316,0.36282109808642465,0.4394796551435796,0.8023274430663512,0.0009919024050003085,True,True,45,2.117582368135751e-21
36.0,4.0,14.55958760603983,10000.0,0.8966544984980143,5.379150944690132,14.09468197989537,-0.6679158536448577,1.9775567374203065,2.3877286868883276,4.333359856038628,0.0056967367908160906,2.6202428830907807,-0.12416752392943553,0.3676336205758257,0.4438857937692383,0.8055843571960319,0.0010590401439542151,True,True,45,3.1763735522036263e-21
36.0,4.0,14.577309125027172,10000.0,0.9292888726681945,5.509939938174105,15.251817629438065,-0.6762669996721771,2.053195836837496,2.4707578339111254,4.456813796009567,0.006232577327208886,2.768055151340224,-0.12273582058251616,0.37263488529384736,0.448418287973188,0.808867945207852,0.00113115159096893,True,True,84,4.235164736271502e-22
36.0,4.0,14.595030644014514,10000.0,0.9629772891119988,5.642229682633198,16.51926758711499,-0.6835870581797812,2.1317678587224247,2.5563849828530967,4.582476361865007,0.006819111291975341,2.9277906991204823,-0.12115548225267475,0.3778236581335945,0.4530806306453029,0.8121747287193721,0.0012085844915113236,True,True,91,1.1102230246251565e-16
36.0,4.0,14.612752163001856,10000.0,0.9977411930178032,5.775998366650303,17.91021762456845,-0.6899091946327612,2.2133522401671932,2.6446916158507867,4.710330324593843,0.007460794135810258,3.100800327087902,-0.11944414642084861,0.3831982108836348,0.45787610175252397,0.815500633066405,0.0012916891006908343,True,True,83,1.6940658945086007e-21
36.0,4.0,14.630473681989198,10000.0,1.0336031509793555,5.911220075360172,19.43987837626992,-0.6952703724020257,2.2980239725446068,2.735758164191051,4.840356804166295,0.008162542184618704,3.288640606919959,-0.11761875950112766,0.38875628774565424,0.4628076994789203,0.8188422597125808,0.0013808557422253238,True,True,84,1.2705494208814505e-21
36.0,4.0,14.64819520097654,10000.0,1.0705845359777593,6.047875852161941,21.1258552058102,-0.6997150496703085,2.385858258626748,2.829668493638582,4.972534671506637,0.008929542299466528,3.493103317962176,-0.11569600083972963,0.39449524377618833,0.46787807203864096,0.8221952290454341,0.0014764757937738545,True,True,45,5.929230630780102e-21
36.0,4.0,14.665916719963882,10000.0,1.1087088197516892,6.185938734481483,22.988631825479008,-0.703289262580647,2.4769235461887837,2.926503322187335,5.106840080547293,0.009767492339074027,3.7162721475620883,-0.113691598440895,0.40041191038346163,0.47308960657410065,0.8255562008852256,0.0015789830385206291,True,True,84,4.235164736271502e-22
36.0,4.0,14.683638238951223,10000.0,1.1479986538465707,6.325387637805039,25.052104778982464,-0.7060451558697681,2.571288275408622,3.0263454294975483,5.2432476167515984,0.010682463232372642,3.9605643501203267,-0.11162085176407806,0.40650287739533386,0.4784442634645732,0.8289211534506126,0.0016888234909947027,True,True,86,1.1102230246251565e-16
36.0,4.0,14.701359757938565,10000.0,1.188478539656999,6.466195500009716,27.344304453705647,-0.7080360087100012,2.669014484264934,3.129274625027806,5.38172949663141,0.011681032342916235,4.228808803208094,-0.10949808256012941,0.41276427294240076,0.48394370770619355,0.832286851924493,0.0018064768290563876,True,True,45,1.5246593050577406e-20
36.0,4.0,14.719081276925907,10000.0,1.2301738734346925,6.608333800293201,29.898235056318057,-0.7093181449973253,2.77016125180566,3.235368880008466,5.522255351335186,0.012770330454110475,4.524322765746416,-0.10733691221315939,0.4191920891893737,0.4895892032368156,0.83565018327164,0.001932458444145766,True,True,45,1.8634724839594607e-20
36.0,4.0,14.736802795913249,10000.0,1.2731110004665744,6.751773469481238,32.752881179432734,-0.7099491651023556,2.8747838403629475,3.344704692973764,5.664793542156378,0.013957971552431914,4.851004158756122,-0.10515002736857276,0.425782033914095,0.49538165166414405,0.839008235060295,0.0020673044816333793,True,True,86,1.1102230246251565e-16
36.0,4.0,14.75452431490059,10000.0,1.3173190699803246,6.8964758817843865,35.9546074877219,-0.709986641355744,2.982930698222438,3.457352504022,5.809309792565855,0.015252320927892563,5.213475419045335,-0.10294919514342488,0.4325297078325514,0.5013216261879319,0.8423591834649845,0.0022116108559414255,True,True,45,2.710505431213761e-20
36.0,4.0,14.772245833887931,10000.0,1.3628277595015685,7.042405280565528,39.558577913411185,-0.7094886164409667,3.0946488103975365,3.573381725223138,5.9557675647096096,0.01666227770726931,5.617197014005775,-0.10074521249137659,0.43943066141587156,0.5074092703929394,0.8457007694722367,0.002365992447672832,True,True,46,1.2705494208814505e-21
36.0,4.0,14.789967352875273,10000.0,1.4096705225252877,7.189513086076278,43.630989225744045,-0.7085113673159238,3.209976424473257,3.692853740762869,6.104129302937285,0.01819762743166937,6.0686987704692985,-0.09854789313730818,0.44648036467030366,0.5136444842022351,0.8490323655935721,0.002531134892418819,True,True,45,3.3881317890172014e-20
36.0,4.0,14.807688871862615,10000.0,1.4578821137892832,7.3377512633500634,48.251346667055145,-0.7071098035337295,3.328949942886812,3.815826664730731,6.254354460779652,0.01986887373664377,6.575767552663799,-0.09636600889778557,0.4536744056062448,0.5200267122421657,0.8523530215610245,0.0027077605963400564,True,True,45,3.9810548520952116e-20
36.0,4.0,14.825410390849957,10000.0,1.5075006641480124,7.487063050426011,53.51572205309296,-0.7053357608503084,3.4515987317351047,3.9423516041470084,6.406400863923639,0.02168746938832058,7.1477589667216614,-0.09420726873806345,0.4610083698358477,0.5265551495419409,0.8556627372810914,0.0028966591094870737,True,True,45,4.277516383634217e-20
36.0,4.0,14.843131909837298,10000.0,1.5585672029671747,7.63738553886287,59.54083074209078,-0.7032388639958419,3.5779471664816467,4.072472584815141,6.560225039549623,0.023665865926515765,7.795970288407859,-0.09207848162403323,0.46847800838064896,0.5332286243888495,0.8589621417130102,0.0030986868223545744,True,True,45,4.531626267810507e-20
36.0,4.0,14.86085342882464,10000.0,1.6111255021941422,7.788652979547923,66.46870015224843,-0.7008632131252304,3.7080154760125206,4.206227840896201,6.715780774553787,0.025817552081735185,8.534043091505982,-0.08998516366894428,0.47607917386348175,0.5400456089058346,0.8622518928739834,0.003314764715995052,True,True,45,4.870439446712227e-20
36.0,4.0,14.878574947811982,10000.0,1.665222670133109,7.940792464780523,74.47374885085392,-0.6982515784836478,3.8418175814232636,4.3436474672738585,6.873020255023687,0.028157261942376357,9.378629296907626,-0.08793222862586762,0.48380783132952065,0.5470042803081763,0.8655332934977608,0.0035459007482264685,True,True,85,8.470329472543003e-22
36.0,4.0,14.896296466799324,10000.0,1.7209095784589454,8.09372575496996,83.7703234231776,-0.6954388036762673,3.9793624248059363,4.484753390680825,7.0318944377918005,0.03070100530852362,10.350032353361906,-0.08592319837983546,0.4916601507485481,0.5541024648539591,0.8688080929198595,0.003793185763635695,True,True,47,3.3881317890172014e-21
36.0,4.0,14.914017985786666,10000.0,1.7782385700689984,8.24737847451714,94.62398718216976,-0.6924588734025252,4.120656204191396,4.629563013740539,7.1923513974459,0.03346617363862321,11.473219941893078,-0.08396108842853446,0.4996322427694393,0.5613375241654089,0.8720772812438429,0.004057795303323043,True,True,46,1.6940658945086007e-21
36.0,4.0,14.931739504774008,10000.0,1.837267629922118,8.401662973178158,107.36528618501784,-0.6893384144372593,4.265696171137465,4.77808136060748,7.354337929331567,0.03647179738889977,12.779051781507487,-0.08204785369728991,0.5077204578135855,0.5687066210417199,0.8753431258561408,0.004341021236549711,True,True,83,1.6940658945086007e-21
36.0,4.0,14.94946102376135,10000.0,1.8980549063450665,8.556504853631822,122.40728605533698,-0.6861008151209781,4.414480437395804,4.930311709117311,7.517798960717098,0.03973845060380717,14.3057578005558,-0.0801847047196802,0.5159209879396108,0.5762062656955816,0.8786062871835054,0.0046442386562709805,True,True,84,1.6940658945086007e-21
36.0,4.0,14.967182542748692,10000.0,1.9606633298166918,8.711820441288033,140.27099310643712,-0.6827665408338973,4.566997904386817,5.0862458678567775,7.68267704871658,0.04328862727681259,16.101226379925045,-0.07837243035887813,0.5242300315032195,0.583832724989541,0.8818681583823719,0.004968953110150697,True,True,46,2.541098841762901e-21
36.0,4.0,14.984904061736033,10000.0,2.0251582922182383,8.867531573506241,161.61476561943454,-0.6793485409334852,4.723235170833226,5.24586962263486,7.848913069821041,0.04714676386428412,18.225451387429537,-0.07661078342965169,0.532643738754194,0.591581724761836,0.8851294190224759,0.005316785564671205,True,True,48,2.541098841762901e-21
36.0,4.0,15.002625580723375,10000.0,2.091605364678721,9.023572408849256,187.27897421291829,-0.6758622295570071,4.883176920727425,5.409165855423471,8.016445377300302,0.0513392695753038,20.754415848567596,-0.07489962942993632,0.5411578363286119,0.5994483792382271,0.8883893223307786,0.00568946169534322,True,True,46,1.6940658945086007e-21
36.0,4.0,15.020347099710717,10000.0,2.1600772762274927,9.179862342655708,218.34086592627926,-0.6723131817156486,5.046795902399865,5.576101950775891,8.185211026925172,0.05589515028801807,23.784764713924226,-0.07323782826150205,0.5497681461898525,0.6074276217482735,0.8916485587034646,0.006088887632692732,True,True,46,8.470329472543003e-22
36.0,4.0,15.038068618698059,10000.0,2.230641942760238,9.336357290252476,256.19132646044375,-0.6687112350974284,5.214072868122638,5.7466522384179015,8.355143529111233,0.060845364663440864,27.440180200464003,-0.07162442634833494,0.5584697228293025,0.61551331635708,0.8949040047807866,0.0065170347247706355,True,True,45,6.860966872759833e-20
36.0,4.0,15.0557901376854,10000.0,2.3033774312198223,9.492984233835625,302.64186075026873,-0.6650592953205796,5.384968479347899,5.92076914439309,8.526175031546007,0.06622409189345053,31.88058183764483,-0.07005797954979469,0.5672577080823942,0.6236994604172869,0.898155397873343,0.006976108909715612,True,True,46,5.929230630780102e-21
36.0,4.0,15.073511656672743,10000.0,2.3783563903816725,9.6497114577305,360.0624459773776,-0.6613610937567871,5.559453644279925,6.0984134521416875,8.698235290686043,0.07206776774682079,37.31328626297186,-0.06853687767285131,0.576126412549484,0.6319788398705097,0.9013984852073251,0.007468385771171057,True,True,84,2.541098841762901e-21
36.0,4.0,15.091233175660083,10000.0,2.455658815563172,9.806489638720706,431.58816250175954,-0.6576199588393514,5.737482392247867,6.279529039962433,8.871250927374751,0.07841629706284473,44.010464335539936,-0.06705966998045393,0.5850699489441712,0.6403442282922375,0.9046306327951252,0.00799636770666842,True,True,46,3.3881317890172014e-21
36.0,4.0,15.108954694647425,10000.0,2.535365753445951,9.96328352141677,521.3869663849728,-0.6538349241549632,5.919007076802037,6.464055797752856,9.045146268996776,0.08531270574353757,52.33083704425507,-0.0656244422583679,0.5940819674637102,0.6487876997435553,0.9078479247884099,0.008562709829560906,True,True,45,7.115076756936123e-20
36.0,4.0,15.126676213634767,10000.0,2.617556765656977,10.12007846519152,635.0572986056162,-0.650010155472786,6.103978937468852,6.651933632459134,9.219843821032978,0.09280335575628532,62.75221094282275,-0.06422975451312221,0.6031552975072052,0.6573005985416781,0.911044697207147,0.00917022096967793,True,True,46,1.6940658945086007e-21
36.0,4.0,15.144397732622108,10000.0,2.7023223684357593,10.276831211308082,780.1779032236395,-0.6461428674057781,6.2923282470041055,6.843079290663491,9.39526298495067,0.10093897332325855,75.9161931515595,-0.06287374523528193,0.6122829223934669,0.6658744461165936,0.9142178938010209,0.00982199388583814,True,True,48,5.082197683525802e-21
36.0,4.0,15.16211925160945,10000.0,2.7897444834685463,10.433549984724452,967.0965745057753,-0.6422366599562087,6.483998339910745,7.037423733122037,9.571319198449789,0.1097734895189117,92.69103765465078,-0.061554951181188984,0.6214565847102697,0.6744994506592086,0.9173597876526169,0.010521202244646245,True,True,86,3.3881317890172014e-21
36.0,4.0,15.179840770596792,10000.0,2.879919341703959,10.590199824512794,1210.0903597564845,-0.6382899148306246,6.678903187527087,7.234867841856754,9.74792897958152,0.11936628186845072,114.2651111224103,-0.06027175364087045,0.6306682874923328,0.6831663199697553,0.9204669544589993,0.01127139089407524,True,True,83,6.776263578034403e-21
36.0,4.0,15.197562289584134,10000.0,2.9729373654290328,10.746786357049816,1529.0148678329024,-0.6343041319572994,6.876966920632143,7.435322244493207,9.92500318656655,0.12978043260102268,142.27647382511512,-0.05902267997922936,0.6399091497823348,0.6918647116880376,0.9235321943527627,0.012076208485887285,True,True,45,7.115076756936123e-20
36.0,4.0,15.215283808571476,10000.0,3.068897323709254,10.903296450894327,1951.8053906994369,-0.6302802084849657,7.078093846970225,7.638679025694049,10.102450359468408,0.14108499280051248,179.01057716717798,-0.05780639014297991,0.6491700816214764,0.7005843654803587,0.9265500947321091,0.012939664021419888,True,True,85,1.6940658945086007e-21
36.0,4.0,15.233005327558818,10000.0,3.1679009647060603,11.059722522288036,2518.1219418397004,-0.6262173320487098,7.282182887131539,7.844823330751079,10.280180485759276,0.1533539679940486,227.68400714982417,-0.0566214324804921,0.6584417350847787,0.7093146609186486,0.9295152265386593,0.013865986934572996,True,True,45,6.606856988583543e-20
36.0,4.0,15.25072684654616,10000.0,3.270050129927859,11.216071381610108,3284.9156174082086,-0.622118444959911,7.489129668067562,8.053638956640116,10.458098097880509,0.1666673760698274,292.8757766996885,-0.05546669807932371,0.6677141588405682,0.7180445525556192,0.9324207863929634,0.014859692881688997,True,True,48,3.3881317890172014e-21
36.0,4.0,15.268448365533501,10000.0,3.3754580446017863,11.372323060336486,4334.865175527017,-0.6179814397747672,7.698808100782669,8.264986504165467,10.636105923831659,0.18111191220141104,381.1767527644221,-0.05434082697932802,0.6769776113408157,0.7267632532346405,0.9352623793222558,0.01592567422157389,True,True,46,6.776263578034403e-21
36.0,4.0,15.286169884520843,10000.0,3.4842312609455672,11.528498428846435,5789.352938180406,-0.61380956215555,7.911103418089408,8.478739641895505,10.814109226975557,0.1967802839315864,502.1775362951323,-0.05324280225598895,0.6862214942315787,0.7354591488411127,0.9380327623514834,0.017069029860749752,True,True,85,3.3881317890172014e-21
36.0,4.0,15.303891403508185,10000.0,3.5964929158260794,11.684572494000422,7828.812541272304,-0.6096011766208005,8.125869360146854,8.69473974909719,10.99200960466421,0.21377359934951884,670.0127493147137,-0.05217145744389084,0.6954357435258479,0.7441213406448207,0.9407284357479218,0.01829537190678421,True,True,46,5.082197683525802e-21
36.0,4.0,15.321612922495527,10000.0,3.712359138667406,11.840562775631334,10724.620516377685,-0.6053579141110288,8.342973554050143,8.912842860466288,11.16970575044772,0.23219942379576,905.7525997370385,-0.0511257721091514,0.704609545352062,0.7527381113007156,0.9433424713085191,0.019610505699411675,True,True,45,6.945670167485263e-20
36.0,4.0,15.339334441482869,10000.0,3.8319576833698408,11.996460154980175,14890.409803346733,-0.6010796944518147,8.562261675080952,9.132883881801549,11.347103264869949,0.2521749875288718,1241.2336315029706,-0.05010475479321159,0.7137323480815664,0.7612982299624569,0.9458709584559697,0.021020783153619247,True,True,45,6.945670167485263e-20
36.0,4.0,15.35705596047021,10000.0,3.9554201397275284,12.152258926426454,20964.81181084668,-0.5967658394410231,8.783575189316549,9.354692641898962,11.524103599943654,0.2738252912878499,1725.178169571119,-0.04910739995370644,0.722793617424961,0.7697904314362601,0.9483095834045467,0.022532871702756925,True,True,45,6.776263578034403e-20
36.0,4.0,15.374777479457553,10000.0,4.082876857439489,12.307973633755614,29947.616941087523,-0.5924177098973117,9.006758818590649,9.578104681074523,11.700607535138587,0.29728550895437866,2433.1882592723273,-0.04813283872111638,0.7317824271161001,0.7782032173684379,0.9506526324567941,0.024153895499016108,True,True,45,1.1102230246251565e-16
36.0,4.0,15.392498998444895,10000.0,4.214474001741822,12.463581053812531,43426.53092220084,-0.5880327724874165,9.23163194405689,9.802928482559919,11.876525667302944,0.3227006940584562,3484.273960646081,-0.0471800817075395,0.7406885632787691,0.7865258339665762,0.9528983376467063,0.025891490789458467,True,True,45,1.0842021724855044e-19
36.0,4.0,15.410220517432236,10000.0,4.350349143483472,12.619103580163175,63959.67217977381,-0.5836127586440483,9.458033697687856,10.02899510036229,12.051765462896025,0.3502262195155624,5068.4798467235305,-0.04624835313670527,0.7495012333962914,0.7947470306946007,0.9550413297059399,0.027753652808279246,True,True,45,2.220446049250313e-16
36.0,4.0,15.427942036419577,10000.0,4.490658765844557,12.774517250908222,95733.38954245343,-0.5791547463054312,9.685772757461855,10.256104067179498,12.226237179386771,0.38002968264165254,7494.090591614891,-0.04533672270584279,0.7582104722409946,0.8028564888783039,0.9570801729135816,0.02974904453744691,True,True,45,2.220446049250313e-16
36.0,4.0,15.44566355540692,10000.0,4.635552776645886,12.929836635540838,145705.2055184766,-0.5746591176704917,9.914676866501987,10.4840757277275,12.399862622587374,0.4122892916363072,11268.913105829195,-0.04444442214303773,0.7668060429510035,0.8108436342427899,0.9590115460935756,0.031886658993279825,True,True,45,3.411102594627799e-19
36.0,4.0,15.46338507439426,10000.0,4.785194786454953,13.085048867571896,225631.71859490205,-0.5701240170313009,10.144554519631118,10.712711958750402,12.572564060803382,0.4471975965421368,17243.47542591723,-0.04357064484827522,0.7752783059734629,0.8186986588410264,0.9608343222898783,0.03417622670484686,True,True,45,1.1102230246251565e-16
36.0,4.0,15.481106593381602,10000.0,4.939752098772535,13.240147008517765,355714.7281876689,-0.5655475655659885,10.37521661524302,10.941816907226704,12.744268738013131,0.4849587216295587,26866.37300619302,-0.042714598652277475,0.7836179317773697,0.8264120406055553,0.9625473742711753,0.03662789554508503,True,True,47,3.5356842666844104e-19
36.0,4.0,15.498828112368944,10000.0,5.099392561225689,13.395139464285082,571279.2003120863,-0.560929229165692,10.606481795244784,11.171205338867903,12.914918877325015,0.525792295573407,42648.24579357795,-0.04187557962059857,0.7918157047580144,0.8339745449200612,0.9641496388865185,0.03925246892541177,True,True,45,4.440892098500626e-16
36.0,4.0,15.516549631356286,10000.0,5.264303569346055,13.54999294326198,935230.702407704,-0.5562652643103916,10.838143720565256,11.400665428848646,13.084459544727354,0.5699315751793751,69020.75199033717,-0.04105280841397089,0.7998634217706181,0.8413779606075638,0.9656432737283364,0.04206139276720329,True,True,45,3.3306690738754696e-16
36.0,4.0,15.534271150343628,10000.0,5.434660436797053,13.704728265586057,1561675.9433240513,-0.5515555810695487,11.0700303225997,11.630023468660104,13.252844464404843,0.6176254262070396,113951.61677488899,-0.040245641531949226,0.807752631651782,0.8486139413551348,0.967027160814568,0.045066594115401676,True,True,45,1.8465318250143747e-18
36.0,4.0,15.55199266933097,10000.0,5.6106660535862485,13.859303393862213,2661693.1878488157,-0.5467959510870363,11.30193160200827,11.859066375527748,13.420044601062822,0.6691389457418442,192051.0080634777,-0.03945335025490477,0.8154761665015205,0.8556755010341791,0.9683058534533616,0.04828084981804943,True,True,45,2.6495190590114515e-18
36.0,4.0,15.569714188318311,10000.0,5.79251298059125,14.013725120017725,4633513.166298145,-0.5419852076587636,11.53367190882979,12.087618254614245,13.586035661979091,0.7247525580069498,330641.07698812097,-0.03867531316741555,0.8230268404761747,0.8625556838807865,0.9694806730989959,0.05171733795261093,True,True,45,2.220446049250313e-16
36.0,4.0,15.587435707305653,10000.0,5.980413144190333,14.167964309321142,8244254.903573471,-0.5371200360673055,11.765055129619766,12.315483279854307,13.750806584627304,0.7847653024939807,581894.104444458,-0.03791088291448707,0.8303984166504078,0.8692486098198255,0.9705562693703718,0.055390124181614535,True,True,47,1.1102230246251565e-15
36.0,4.0,15.605157226292995,10000.0,6.174584758459773,14.321994530425721,15003332.075538041,-0.5321972669817562,11.995891736266552,12.542472638233832,13.914362803233693,0.8494914616710878,1047572.8114310394,-0.03715943794358764,0.8375852756250127,0.875749017470195,0.9715380615230614,0.05931376805558916,True,True,46,1.6601845766184287e-19
36.0,4.0,15.622878745280337,10000.0,6.375246435869572,14.475808250437852,27946589.362491578,-0.5272148719967669,12.22600961769681,12.76841808285713,14.07671749902517,0.9192651418608835,1930571.9500426701,-0.036420410030011285,0.8445821750455287,0.8820521702110085,0.9724305030497615,0.06350354508412878,True,True,46,2.220446049250313e-16
36.0,4.5,14.222878745280337,31622.776601683792,0.24849661596572573,4.2568704978677765,4.5168680018184855,-0.2713692268915675,1.1804188271878322,1.480167687810061,3.2615122482377883,0.002835855024823963,1.0610771467163351,-0.06374852771008506,0.2772973309333916,0.3477126420809517,0.766176055830556,0.000666183062473809,True,True,140,3.654417771810272e-19
36.0,4.5,14.240600264267679,31622.776601683792,0.25840827930043553,4.398922303653927,4.871324672594468,-0.29583646647191414,1.2244547632111349,1.5375373197811624,3.3788063670090334,0.0030842003753080156,1.1073904780150683,-0.06725203266858797,0.27835335081823387,0.34952590967656333,0.7680986691223114,0.0007011263583232991,True,True,45,1.6940658945086007e-21
36.0,4.5,14.25832178325502,31622.776601683792,0.2687211457949772,4.544766900979408,5.255280611330892,-0.3199358571043897,1.2703531112875177,1.5968570526237154,3.499646526871912,0.003354973365587209,1.156336667167323,-0.07039653827690102,0.2795199707632428,0.3513617062031474,0.7700387287448627,0.0007382058175226115,True,True,84,2.244637310223896e-20
36.0,4.5,14.276043302242362,31622.776601683792,0.2794496172626194,4.694451788259039,5.671467878073134,-0.3435676410567865,1.3182032732395854,1.6581841983196102,3.6240936753115744,0.0036503773859178973,1.208121445033825,-0.0731858918896684,0.2808002579846384,0.353222116896967,0.7719950781847496,0.000777593966359948,True,True,45,8.470329472543003e-22
36.0,4.5,14.293764821229704,31622.776601683792,0.29060781590713497,4.848024453582632,6.122907132025969,-0.36663761099189607,1.3680986463992229,1.7215792332109279,3.7522066675965307,0.003972863215913156,1.2629695230809355,-0.07562618846135466,0.28219714225826864,0.3551094367807286,0.7739661182656979,0.0008194808532735965,True,True,87,4.235164736271502e-22
36.0,4.5,14.311486340217046,31622.776601683792,0.30221134058485,5.005520050124772,6.612987451969421,-0.3890579719034061,1.4201317539041247,1.7871018026868721,3.88404219995431,0.004325070371698089,1.3211389397600317,-0.0777257843355773,0.28371312864259235,0.3570262000333662,0.7759517814452652,0.000864060143279274,True,True,123,8.470329472543003e-22
36.0,4.5,14.329207859204388,31622.776601683792,0.31427450306488997,5.166978915577418,7.145466761424066,-0.4107501254284749,1.4744009625021353,1.8548170477721881,4.019654337929781,0.004709997903475905,1.3829099901843802,-0.0794952199611546,0.2853506829797792,0.3589751531945064,0.7779505981360442,0.0009115574072261441,True,True,45,1.2705494208814505e-21
36.0,4.5,14.34692937819173,31622.776601683792,0.32681364159658693,5.332425417310753,7.724564288011313,-0.4316397580979298,1.5310026996673893,1.9247884498737347,4.159094507093551,0.0051308275914795755,1.4486024057523457,-0.08094623446521906,0.28711188246482855,0.3609592819855028,0.7799629964990797,0.0009621939717756339,True,True,45,1.2705494208814505e-21
36.0,4.5,14.364650897179072,31622.776601683792,0.3398440456976365,5.501886259158697,8.355000686422319,-0.451663873383829,1.5900378864021316,1.997084509236904,4.302411053504915,0.005591158319934421,1.5185702308029712,-0.08209255010169798,0.28899868363423187,0.36298178754830923,0.7819883674154333,0.0010162257190662778,True,True,44,1.8634724839594607e-20
36.0,4.5,14.382372416166413,31622.776601683792,0.3533819967689824,5.67537868395023,9.042059637714878,-0.470763770918939,1.651607950153351,2.071774811546276,4.44964905433176,0.006094858258304961,1.5932081612960036,-0.08294843342352508,0.291012819078318,0.3650460924140942,0.784026811623198,0.0010739121735684359,True,True,86,8.470329472543003e-22
36.0,4.5,14.400093935153755,31622.776601683792,0.3674443704756659,5.852910571731783,9.79171510803675,-0.48889090633203736,1.7158144594070979,2.1489304825076974,4.600850127283797,0.006646184935457407,1.6729650979682638,-0.08352953634611614,0.29315576214235844,0.36715587162505764,0.7860790064869347,0.001135535022106259,True,True,45,2.541098841762901e-21
36.0,4.5,14.417815454141095,31622.776601683792,0.38204701024147475,6.034493060336779,10.610647980886341,-0.5060037329162743,1.7827635634850572,2.228628525578235,4.756051944500404,0.007249833240554842,1.7583329493951183,-0.08385190402191543,0.2954288861814621,0.3693149537657862,0.7881444053288834,0.0012013988860483066,True,True,45,1.6940658945086007e-21
36.0,4.5,14.435536973128437,31622.776601683792,0.39720818015568227,6.22011537510723,11.506464688232686,-0.5220675561732286,1.852557232325734,2.310943774950364,4.915288285509935,0.00791083102139981,1.8498796235004442,-0.08393213384152519,0.2978332588073252,0.3715274774803554,0.7902246162797583,0.0012718141938425757,True,True,86,8.470329472543003e-22
36.0,4.5,14.45325849211578,31622.776601683792,0.4129436936678753,6.409778442961543,12.48771838734744,-0.5370580368960878,1.9253041180658683,2.3959601721818835,5.07858839663006,0.008634808721298962,1.9482293340513148,-0.0837873011797812,0.3003698388639327,0.3737976582970418,0.7923188674651871,0.0013471306064846411,True,True,85,1.2705494208814505e-21
36.0,4.5,14.470980011103121,31622.776601683792,0.4292722917760059,6.603457933250273,13.56416631165957,-0.550954709211642,2.001107591821408,2.4837587873806823,5.245977072310414,0.009427732868634653,2.0541005104855996,-0.08343427258579625,0.30303934878501565,0.37613002346456337,0.7944287864537518,0.001427696362108004,True,True,45,2.541098841762901e-21
36.0,4.5,14.488701530090463,31622.776601683792,0.4462106212450589,6.801137498456029,14.746902117135754,-0.5637491293333553,2.0800756516379897,2.574428923032007,5.4174740899468175,0.010296258509396848,2.168299364699441,-0.08289041788396952,0.30584231712859816,0.37852916863046,0.7965541192450047,0.0015139024187842505,True,True,45,3.3881317890172014e-21
36.0,4.5,14.506423049077805,31622.776601683792,0.4637768980666739,7.002785122582357,16.04858158391966,-0.5754360570656255,2.1623139184042026,2.6680603367499423,5.59309416825819,0.011247494383788872,2.2917426856589826,-0.0821724566715574,0.3087791329525794,0.38099988648031863,0.7986956718437297,0.0016061458672376385,True,True,45,2.541098841762901e-21
36.0,4.5,14.524144568065147,31622.776601683792,0.4819893127312282,7.20836139029812,17.483774066967758,-0.586020906362712,2.2479271087375374,2.7647462726795253,5.772846562249661,0.012289242253836553,2.425485227544158,-0.08129738155906686,0.311849945781446,0.3835471229842407,0.8008542093934764,0.001704859341594179,True,True,45,4.235164736271502e-21
36.0,4.5,14.541866087052489,31622.776601683792,0.5008649988083966,7.41782971129368,19.069133982489543,-0.5955142372343217,2.337022864520648,2.8645863349071337,5.956734861696661,0.013429939246690423,2.570716061795905,-0.0802814651201346,0.31505480113172724,0.386175801602157,0.8030293352013061,0.0018104944127044706,True,True,45,5.082197683525802e-21
36.0,4.5,14.55958760603983,31622.776601683792,0.5204238530879208,7.631125899695828,20.824038686382654,-0.6039335122316848,2.4297013759747794,2.9676771982036056,6.144756832329779,0.014678706270790837,2.7288291347955203,-0.07914081357978345,0.3183935644505126,0.38889113313173035,0.8052228351487041,0.0019235308739141523,True,True,45,1.0164395367051604e-20
36.0,4.5,14.577309125027172,31622.776601683792,0.5406822082440185,7.8482063636391475,22.770776565689467,-0.6113043718649384,2.5260704107190546,3.074127292768528,6.336903866415037,0.01604548905225729,2.901398805106196,-0.07789096559656232,0.3218659517443852,0.39169807091350245,0.8074333895925575,0.002044478484484846,True,True,45,9.317362419797304e-21
36.0,4.5,14.595030644014514,31622.776601683792,0.561661090741372,8.068986268444245,24.93546340012405,-0.6176550509073833,2.626226268700474,3.1840375556675102,6.533161402552365,0.01754096551920365,3.0902845252866906,-0.0765467966308079,0.32547164926664673,0.3946019301234248,0.8096632197903099,0.0021738747515040284,True,True,49,1.6940658945086007e-21
36.0,4.5,14.612752163001856,31622.776601683792,0.5833772565471943,8.2934060974612,27.348469449511693,-0.6230239937899427,2.7302732737993374,3.297521752677623,6.733507714154233,0.01917677096394213,3.297616097429943,-0.07512281280675072,0.32921012690252033,0.3976076552777356,0.8119110091830078,0.0023122913238039287,True,True,46,3.3881317890172014e-21
36.0,4.5,14.630473681989198,31622.776601683792,0.6058517460859563,8.521369064853976,30.045523918808247,-0.6274496292192739,2.8383058253219398,3.4146868382509292,6.937915031356314,0.02096538932611095,3.5259033718806676,-0.07363249079389875,0.3330809643051856,0.40072044905726,0.8141784469788369,0.0024603311001493654,True,True,46,3.3881317890172014e-21
36.0,4.5,14.64819520097654,31622.776601683792,0.6291034790715946,8.752787400854958,33.068745575153834,-0.6309795150816293,2.950420775863779,3.5356469792069856,7.146347980789752,0.022920397007286764,3.778081662525441,-0.07208897990827429,0.3370835644397791,0.40394525963941835,0.8164653902243425,0.0026186397495554315,True,True,87,1.6940658945086007e-21
36.0,4.5,14.665916719963882,31622.776601683792,0.6531525290008631,8.987560802460496,36.46786480372878,-0.633661713483043,3.066712440717197,3.660516300969179,7.35876451691475,0.025056352226069414,4.0575931117756765,-0.07050430338224442,0.3412174346434054,0.4072869582108474,0.818772153941942,0.0027878923744482278,True,True,46,1.6940658945086007e-21
36.0,4.5,14.683638238951223,31622.776601683792,0.6780212149887127,9.22556512519489,40.30228240120542,-0.6355491296262292,3.1872679352199325,3.789405409808466,7.57511545333423,0.027389067215424192,4.368543482625302,-0.06888999437991646,0.3454821349117734,0.4107504915292021,0.8211004258857482,0.0029688227055733453,True,True,45,2.0328790734103208e-20
36.0,4.5,14.701359757938565,31622.776601683792,0.7037289081825433,9.466696306257552,44.64255934412032,-0.6366975213427548,3.3121808277389064,3.922433658071582,7.795343675245357,0.0299355169644741,4.715748546260143,-0.0672565698470641,0.3498771610059501,0.41434028632341635,0.8234492185085288,0.0031621925956034436,True,True,46,6.776263578034403e-21
36.0,4.5,14.719081276925907,31622.776601683792,0.7303010845028393,9.710797774738,49.573833118537806,-0.6371622898788806,3.4415299568555953,4.059707416333131,8.019385781078492,0.03271406226241461,5.105021674686797,-0.06561379452637932,0.3544023917178575,0.4180611635116316,0.8258215202401182,0.0033688336449058894,True,True,85,3.3881317890172014e-21
36.0,4.5,14.736802795913249,31622.776601683792,0.757758449201912,9.95774823822162,55.19827658238712,-0.6370031485581605,3.5754040175648027,4.201345079731831,8.24716967245173,0.03574455840140006,5.5432488612752,-0.06397060191912671,0.3590574828796177,0.4219171824012855,0.8282163271407043,0.0035896226281559186,True,True,47,3.3881317890172014e-21
36.0,4.5,14.75452431490059,31622.776601683792,0.7861281007093847,10.207373723821831,61.640002905233814,-0.6362761675790392,3.7138778780564223,4.347451007917898,8.478616778623982,0.039048269161828776,6.038772026283235,-0.06233495361241711,0.36384264733924887,0.42591278869038324,0.830636460271529,0.0038254961774054036,True,True,87,3.3881317890172014e-21
36.0,4.5,14.772245833887931,31622.776601683792,0.8154347365838466,10.459517759600427,69.04991938537434,-0.6350402955705028,3.8570305373280216,4.498135019376323,8.71364078062833,0.04264845956415046,6.601635082267136,-0.06071410844803255,0.3687579701069667,0.4300518554259007,0.833082459526433,0.004077478574478726,True,True,46,1.6940658945086007e-21
36.0,4.5,14.789967352875273,31622.776601683792,0.8457061050288619,10.714000380578366,77.61249320269668,-0.6333504683155676,4.0049355884758295,4.653500235348274,8.952147461863468,0.04656984299497628,7.244025615622293,-0.059114284657266175,0.3738039430851349,0.4343382555580111,0.8355560149214977,0.004346634435387461,True,True,45,3.5575383784680614e-20
36.0,4.5,14.807688871862615,31622.776601683792,0.8769719053332392,10.970625777335753,87.55485253648632,-0.6312610159854265,4.157661545339559,4.813644249261851,9.1940363596126,0.05083954040228872,7.980843965835216,-0.05754102170630507,0.37898125683303174,0.4387757222752391,0.8380594276223136,0.004634151363299464,True,True,46,6.776263578034403e-21
36.0,4.5,14.825410390849957,31622.776601683792,0.9092615488455985,11.229204138506773,99.15706358803301,-0.6288227893942414,4.315278897603647,4.978664962163717,9.439198566763743,0.055486573311881275,8.830284173747208,-0.055998874153325384,0.3842907159204499,0.44336757091191015,0.8405937277776606,0.004941273898620185,True,True,45,4.0657581468206416e-20
36.0,4.5,14.843131909837298,31622.776601683792,0.9426087446366307,11.489513151394531,112.76765663135777,-0.6260832863307657,4.47784898426783,5.148648821586439,9.687518743921682,0.06054233620044303,9.814833330659505,-0.05449171588743735,0.3897335705407443,0.4481172312302481,0.8431618134094626,0.005269356099139392,True,True,84,3.3881317890172014e-21
36.0,4.5,14.86085342882464,31622.776601683792,0.9770465178514794,11.751342161088006,128.82129058680695,-0.6230860495494012,4.645435379825284,5.323682403595657,9.9388748164467,0.06604114603362662,10.962261911951677,-0.05302254338339445,0.3953110475506045,0.4530276057507596,0.8457650777421073,0.005619881127477286,True,True,45,4.573977915173222e-20
36.0,4.5,14.878574947811982,31622.776601683792,1.0126117065184905,12.014454969592325,147.86438161839746,-0.6198702770469667,4.818094409620004,5.503841737750316,10.193136855853849,0.07201938358561868,12.307206776556324,-0.05159370763100044,0.4010248006933511,0.45810165768485733,0.8484060976258936,0.005994394566203318,True,True,83,3.3881317890172014e-21
36.0,4.5,14.896296466799324,31622.776601683792,1.0493412112332083,12.278623448801113,170.58667883307717,-0.6164706421639499,4.995882578784393,5.689200175846401,10.450169629403089,0.07851739258202677,13.89298071924612,-0.050206820392732394,0.40687643852065447,0.4633418558333504,0.8510864164030899,0.006394641297489518,True,True,45,4.743384504624082e-20
36.0,4.5,14.914017985786666,31622.776601683792,1.0872758841670969,12.54359599527284,197.8652710087109,-0.6129164432803917,5.178848634439119,5.879819670617393,10.709830704783815,0.08557783138029207,15.774206302824014,-0.048862897331146064,0.41286793965548735,0.4687507213109584,0.8538086453693108,0.006822432053180188,True,True,46,5.082197683525802e-21
36.0,4.5,14.931739504774008,31622.776601683792,1.1264550874258694,12.809144792673024,230.82067345192254,-0.6092337504040999,5.3670449726230585,6.075762662739708,10.971971307641956,0.09324747998163685,18.019990966450358,-0.04756240641081585,0.41900103867145516,0.4743300791021671,0.8565732908193877,0.007279758445308189,True,True,84,1.0164395367051604e-20
36.0,4.5,14.94946102376135,31622.776601683792,1.1669246979321644,13.075000492737695,270.89620075121366,-0.6054413033962976,5.560509480413634,6.2770729982508415,11.23643797384417,0.1015768676820854,20.718637899989275,-0.046305260465005764,0.42527795570655097,0.4800820467836574,0.859383369054959,0.007768784998402462,True,True,45,5.251604272976662e-20
36.0,4.5,14.967182542748692,31622.776601683792,1.2087264677451217,13.340942251247531,319.9597702648467,-0.6015572802767031,5.759289226951764,6.483801220158168,11.503069921245393,0.11061988131494194,23.983296249927687,-0.04509106395543018,0.43170033409096004,0.4860077420357515,0.8622381916217142,0.008291759249958354,True,True,45,5.759824041329242e-20
36.0,4.5,14.984904061736033,31622.776601683792,1.2519093093128135,13.606705965543819,380.4488977332451,-0.5975916310287188,5.963414406991167,6.695976525535827,11.77170220077967,0.12043607691826,27.960396784986283,-0.043918905320802594,0.43827024866211456,0.4921085634165983,0.8651397502517568,0.00885122947635082,True,True,46,3.3881317890172014e-21
36.0,4.5,15.002625580723375,31622.776601683792,1.2965204475759844,13.872057911500553,455.5657768618605,-0.593554564407593,6.172917521390875,6.9136285504747415,12.042164660769997,0.1310879566083888,32.84053308948316,-0.04278778016890413,0.4449893131049613,0.49838521397341023,0.8680878307743011,0.0094497844115624,True,True,45,5.082197683525802e-20
36.0,4.5,15.020347099710717,31622.776601683792,1.3426077892436805,14.136779199237283,549.5437611844028,-0.5894509689776806,6.387828410266199,7.136780735064043,12.314281352070314,0.14264456843085854,38.873335534168355,-0.041696270463747714,0.4518588230203694,0.5048378159184301,0.8710811125022524,0.010090315935510586,True,True,45,5.759824041329242e-20
36.0,4.5,15.038068618698059,31622.776601683792,1.3902268754907954,14.400605717270665,668.0355267846678,-0.5852830869438767,6.608156023808721,7.365432985681646,12.587873272064193,0.15517913877990758,46.38940471673993,-0.040642949222750115,0.45888042166751025,0.5114668875940596,0.8741210973485332,0.010775875808737756,True,True,87,2.1785687403380605e-18
36.0,4.5,15.0557901376854,31622.776601683792,1.4394239236642266,14.663374761881634,818.6229202462205,-0.5810537033135105,6.83392890914095,7.59960377548706,12.862755963889978,0.16877068916697346,55.82772953292323,-0.03962619197485125,0.4660543033317391,0.5182711278199551,0.8772029749473171,0.01150967576752546,True,True,86,6.776263578034403e-21
36.0,4.5,15.073511656672743,31622.776601683792,1.4902607777481913,14.924815266183773,1011.5949637954768,-0.5767591757580461,7.06513471728805,7.8392665413740845,13.138741786997564,0.183504950087326,67.77939597601052,-0.038644309190536574,0.4733817197252708,0.5252504906466798,0.8803286039169246,0.012295291218987908,True,True,45,1.1102230246251565e-16
36.0,4.5,15.091233175660083,31622.776601683792,1.5427871809600249,15.184781817766973,1260.98981950103,-0.5724007182540187,7.301785502377919,8.084420329012293,13.415639292663075,0.1994723073917426,83.04299888099857,-0.037695682764719116,0.48086206242584634,0.5324027981457795,0.8834923974321507,0.013136330161711627,True,True,45,1.1102230246251565e-16
36.0,4.5,15.108954694647425,31622.776601683792,1.597064998922579,15.44305474001338,1586.1611280388663,-0.5679728638599625,7.5438601700126515,8.335026855546593,13.693253946553519,0.21677182824080773,102.71032219610535,-0.03677853076492238,0.4884953331458641,0.5397265629027597,0.8866933503171442,0.014036849048986789,True,True,45,2.220446049250313e-16
36.0,4.5,15.126676213634767,31622.776601683792,1.6531541015177802,15.699456619342035,2014.0238286549884,-0.5634739824415343,7.791335894437562,8.591046863452906,13.971387998989615,0.23550757951899973,128.28621254150107,-0.03589130478231479,0.49628060915423566,0.5472193765527253,0.8899281253961742,0.015001001960083754,True,True,45,1.1102230246251565e-16
36.0,4.5,15.144397732622108,31622.776601683792,1.7111126615107715,15.95385422840702,2582.309104112642,-0.5589002341701923,8.044189493897893,8.852439194771764,14.24984143199449,0.2557925075224051,161.86114446969495,-0.03503230167259702,0.5042160583098858,0.5548777786253895,0.8931911516792972,0.01603327345607481,True,True,45,2.236166980751353e-19
36.0,4.5,15.16211925160945,31622.776601683792,1.7710123706015786,16.206031024917014,3344.535264343332,-0.5542467007101486,8.30235703686334,9.11911985927515,14.528412517474338,0.27774662385039595,206.37596331890637,-0.03420002712928206,0.5123004530904787,0.5626991485610738,0.8964818403183783,0.01713847291933209,True,True,45,2.220446049250313e-16
36.0,4.5,15.179840770596792,31622.776601683792,1.8329109051510273,16.45591710547802,4377.159431496204,-0.549511909465242,8.565803282640994,9.391035496563692,14.806896021783164,0.3014979360050752,265.9930408885622,-0.03339296776612436,0.5205302887548893,0.5706783424083672,0.8997916024293832,0.018321551699158074,True,True,45,5.04831636563563e-19
36.0,4.5,15.197562289584134,31622.776601683792,1.8968868347437438,16.703304006821657,5790.786954400045,-0.5446892455176694,8.83443380225777,9.668069061076078,15.085088008009206,0.32718392400290425,346.6851200238634,-0.032609670834896944,0.5289033713719018,0.5788117762286804,0.9031200055898181,0.01958797635900549,True,True,45,7.115076756936123e-19
36.0,4.5,15.215283808571476,31622.776601683792,1.963005725151501,16.9481209893185,7746.826045139575,-0.5397778505854506,9.108178666373133,9.950131289212033,15.362780898269094,0.35494960936874176,457.09055593962233,-0.03184883155635034,0.5374152492841852,0.5870934775296371,0.906459241585037,0.02094330159623286,True,True,45,1.1102230246251565e-16
36.0,4.5,15.233005327558818,31622.776601683792,2.031345714655018,17.190231290261043,10483.534263928103,-0.5347721215486411,9.38692996849674,10.23709110726999,15.63976777887752,0.3849507491559483,609.8541716461632,-0.031109070757623314,0.5460618772369173,0.5955179389046216,0.9098055468129784,0.022393575901101363,True,True,45,1.5043305143236374e-18
36.0,4.5,15.25072684654616,31622.776601683792,2.1019868922202702,17.429516469494637,14356.61045342581,-0.5296694362597603,9.670565467583382,10.52880396287363,15.915842107037069,0.4173515583070015,823.6952802765891,-0.030389221478794005,0.554838425065258,0.6040789474166582,0.9131545407408851,0.023945102495382217,True,True,45,2.220446049250313e-16
36.0,4.5,15.268448365533501,31622.776601683792,2.1750048432240017,17.66593035846523,19902.626779016548,-0.524466649324371,9.958968182098708,10.825130521160885,16.190795576948126,0.45232704523240347,1126.6107346268084,-0.02968802880359228,0.5637386755193752,0.6127687759152552,0.9164983246517644,0.025604484793842495,True,True,45,3.3306690738754696e-16
36.0,4.5,15.286169884520843,31622.776601683792,2.2504938394922593,17.89931685368205,27941.71615298931,-0.5191587101198788,10.251964052317467,11.125870994569375,16.464423033589423,0.4900620934580914,1561.0493060377023,-0.029004386835751402,0.5727572809689967,0.621580761183111,0.9198352746184582,0.027378815485758677,True,True,45,5.551115123125783e-16
36.0,4.5,15.303891403508185,31622.776601683792,2.3285323211344013,18.12967960833372,39740.79693560777,-0.5137442804012066,10.549412733946719,11.430862992970292,16.73651810135033,0.5307523426349519,2192.0297431698687,-0.02833719577510086,0.5818863301421742,0.6305055158126366,0.9231557569090746,0.02927532941017774,True,True,45,2.220446049250313e-16
36.0,4.5,15.321612922495527,31622.776601683792,2.4092215034168833,18.3568864712039,57283.711191831164,-0.508217156878646,10.851107194897166,11.739871999658948,17.006878511619618,0.5746040383066768,3120.557033552015,-0.02768536797761846,0.5911191536712445,0.6395350332462459,0.9264576832404551,0.03130182447922458,True,True,46,2.220446049250313e-16
36.0,4.5,15.339334441482869,31622.776601683792,2.492652182228177,18.580921798898846,83714.7582958051,-0.5025755972373092,11.156859452646772,12.052686210330112,17.275301060419835,0.6218345417659463,4505.414704493631,-0.027047936731916772,0.6004470377410424,0.648659218351825,0.9297332633649863,0.03346629131191962,True,True,45,2.220446049250313e-16
36.0,4.5,15.35705596047021,31622.776601683792,2.578924962578079,18.80173614791568,124083.72594233773,-0.49681437839886144,11.46645010798821,12.36905941672171,17.541588410224268,0.6726717452071304,6599.5887276661615,-0.026423856525288874,0.6098612392908915,0.6578679393973368,0.9329770544710516,0.03577710802423431,True,True,46,2.642742795433417e-19
36.0,4.5,15.374777479457553,31622.776601683792,2.6681483346008372,19.01926084120581,186614.0142509064,-0.49092936457337755,11.779630654471559,12.688716058448861,17.80554484969671,0.7273549929815332,9811.843678309591,-0.02581222102542303,0.619352705282354,0.667150851149713,0.9361849021556322,0.038243073642783024,True,True,45,1.6653345369377348e-15
36.0,4.5,15.392498998444895,31622.776601683792,2.760422148742545,19.23352905904997,284873.71556053864,-0.4849171490883955,12.096171449277264,13.011401354007312,18.066976580824097,0.7861341907451487,14811.307622534136,-0.0252120735409307,0.6289106597203304,0.6764957857739085,0.9393479753692433,0.04087311217466085,True,True,46,3.1170812458958252e-19
36.0,4.5,15.410220517432236,31622.776601683792,2.855869585361148,19.44444703443977,441588.6638614812,-0.47877117317603335,12.4157737433395,13.336786980147634,18.325700484609804,0.8492694291250528,22710.271116444954,-0.024622514197911602,0.6385254217488845,0.6858918104755398,0.9424644708153205,0.0436767076801329,True,True,46,8.131516293641283e-20
36.0,4.5,15.427942036419577,31622.776601683792,2.9545973386822646,19.65207570510727,695353.9365462854,-0.4724887634575729,12.738179502210945,13.66459061324116,18.58153007315752,0.9170325828953068,35383.23111413487,-0.024042689970646736,0.6481849395125469,0.6953255634818232,0.945525060659545,0.04666339559525431,True,True,47,5.421010862427522e-19
36.0,4.5,15.44566355540692,31622.776601683792,3.056734263516181,19.856362458646128,1112731.1471996098,-0.46606277272108415,13.06306782565486,13.9944619750652,18.834291976657457,0.9897023252670626,56039.02273223711,-0.023471709568745544,0.6578781915801885,0.704784776376377,0.9485268017182258,0.04984308315927789,True,True,46,2.220446049250313e-16
36.0,4.5,15.46338507439426,31622.776601683792,3.16240356277083,20.057331891319716,1810272.2488573133,-0.4594889717694425,13.390129640630747,14.326066584546563,19.083817622650326,1.0675701694696946,90254.88827059552,-0.022908778408772163,0.6675927642412719,0.7142558472967437,0.9514634212593999,0.05322593130802761,True,True,47,1.4230153513872246e-19
36.0,4.5,15.481106593381602,31622.776601683792,3.271733252457534,20.25501504983609,2995243.46762244,-0.4527615043500922,13.719044083965228,14.65905733165381,19.32994146520935,1.1509316886630014,147876.63500880383,-0.022353056921266327,0.6773159165870997,0.7237248303981111,0.9543286646615341,0.05682206040485342,True,True,47,1.9651164376299768e-19
36.0,4.5,15.498828112368944,31622.776601683792,3.384866813212652,20.44938066464416,5042354.09024711,-0.4458734569309674,14.049446232271702,14.993041922110146,19.572514509573367,1.2400927374075594,246577.3498443921,-0.02180376336295885,0.6870352927882267,0.7331782887700008,0.9571201607789107,0.060642068224179065,True,True,46,1.1102230246251565e-16
36.0,4.5,15.516549631356286,31622.776601683792,3.5019335179113744,20.640526151806228,8639903.545440027,-0.4388202766046784,14.381014439639186,15.327676558048642,19.811391330231277,1.3353642308320792,418589.3073604599,-0.02126013035604123,0.6967368144528002,0.7426010580019704,0.9598297632784718,0.0646962301741142,True,True,46,2.0761571630590952e-19
36.0,4.5,15.534271150343628,31622.776601683792,3.6230910268376704,20.82840846696512,15074153.321004517,-0.4315934385440103,14.713352001894203,15.662537203418738,20.04643620916179,1.437058502585201,723730.4446430877,-0.020721383452246903,0.7064078863841327,0.751979548906019,0.9624564565725905,0.06899511812745782,True,True,46,8.131516293641283e-20
36.0,4.5,15.55199266933097,31622.776601683792,3.7484810172516303,21.013120407143855,26789836.244580917,-0.42418783844052954,15.046112214938965,15.997257111420655,20.27753166724782,1.545497436170103,1274909.9479520016,-0.020186808537789463,0.7160341692909027,0.7612985031000941,0.9649938359632702,0.07354916386643263,True,True,46,1.3552527156068805e-19
36.0,4.5,15.569714188318311,31622.776601683792,3.878263185998154,21.194682380899042,48515675.78895608,-0.41659545979625395,15.378908125733648,16.33142623568226,20.504564258453897,1.660993176266642,2289049.43782876,-0.01965565948615941,0.7256021982001176,0.7705435704193606,0.9674390910869658,0.0783683919587091,True,True,47,3.560185356428231e-20
36.0,4.5,15.587435707305653,31622.776601683792,4.012602745559094,21.373119629723178,89564818.96564373,-0.40880880322806246,15.711345784723498,16.66463012064905,20.727438210599466,1.7838675008114684,4190535.6128306,-0.019127240679434557,0.7350983879243365,0.7797004091753587,0.9697900245584283,0.0834631318083617,True,True,46,6.776263578034403e-20
36.0,4.5,15.605157226292995,31622.776601683792,4.151657943621372,21.548532937421495,168611653.90917623,-0.4008212594196129,16.043065751308667,16.996492787633613,20.94607598036911,1.9144291995472331,7824739.363873946,-0.01860086069820284,0.7445084915014352,0.7887540575032492,0.9720418573829613,0.08884266994448646,True,True,47,7.48099499014998e-18
36.0,4.5,15.622878745280337,31622.776601683792,4.295614772261658,21.7209028886602,323814066.63472295,-0.3926232076908551,16.37364490050289,17.326571152049844,21.16040444964251,2.052982818976731,14907946.888514293,-0.018075823537511942,0.7538197184727093,0.7976911107638855,0.9741954355262871,0.09451645861593207,True,True,46,9.486769009248164e-20
36.0,5.0,14.222878745280337,100000.0,0.1611301132544971,4.790135563552724,4.938472139578918,-0.23887415147395882,1.268214876626325,1.5993405138783774,3.7180927169766047,0.008061664446857209,1.030967093531728,-0.049867931356997304,0.2647555293165277,0.3338820984624048,0.7761978064393209,0.0016829720870943522,True,True,184,1.6940658945086007e-21
36.0,5.0,14.240600264267679,100000.0,0.16779910438098303,4.958732028652894,5.331650192849527,-0.26276716421076673,1.3163347039399407,1.6621285154160843,3.8580530388540475,0.00876482111242446,1.0752043389402395,-0.05299079738377211,0.2654579227782028,0.3351922438663466,0.7780321696274722,0.0017675528868628017,True,True,85,5.082197683525802e-21
36.0,5.0,14.25832178325502,100000.0,0.17474994787521578,5.132490702830145,5.758300641885716,-0.28626615856892984,1.36654298351569,1.7271162040130699,4.002682002107012,0.009530568249786243,1.1219310419228794,-0.055775290233078784,0.2662533772856431,0.33650644570300103,0.7798712620950027,0.0018569090138888945,True,True,123,5.082197683525802e-21
36.0,5.0,14.276043302242362,100000.0,0.18199387444162218,5.311517533494149,6.221597647944463,-0.3092694789072114,1.4189382329756912,1.7943699745751107,4.152089511535482,0.010364827056186103,1.1713408849187443,-0.058226199378421405,0.26714365979740096,0.33782623577158666,0.7817143566509241,0.0019513871489317415,True,True,45,3.3881317890172014e-21
36.0,5.0,14.293764821229704,100000.0,0.18954109699368282,5.495923957657232,6.725062321323571,-0.33168466734644675,1.4736244107584047,1.8639611641843907,4.306384547418352,0.01127431425270714,1.2236454458133166,-0.06035102921763044,0.26813042212952526,0.33915337594644385,0.7835597036269859,0.002051395605100964,True,True,45,8.470329472543003e-21
36.0,5.0,14.311486340217046,100000.0,0.19740404132022904,5.685804100951531,7.2726448121428575,-0.35342364540573573,1.5307033624564976,1.9359590374200089,4.465674947986362,0.012266121324051114,1.279088178737246,-0.06215895573092108,0.2692149316576579,0.34048992948878104,0.7854078101704247,0.0021573239433272688,True,True,45,5.082197683525802e-21
36.0,5.0,14.329207859204388,100000.0,0.2055934550315381,5.881261570538941,7.868728509466657,-0.3744082979311079,1.590283755933545,2.010439460184136,4.630066901051535,0.013348377413393892,1.3379320771726178,-0.06366122190630577,0.2703984063384918,0.3418381304880316,0.7872574354191239,0.0022696452543889637,True,True,47,1.6940658945086007e-21
36.0,5.0,14.34692937819173,100000.0,0.2141221156776497,6.0823821857708635,8.518246538184608,-0.39456663946138526,1.6524722796376667,2.0874768774604884,4.799664725290714,0.014529714364272502,1.4004786739827382,-0.06487041218561293,0.27168175710882875,0.3432005444090534,0.7891093618745396,0.0023888196960499034,True,True,45,8.131516293641283e-20
36.0,5.0,14.364650897179072,100000.0,0.22300238538540085,6.289251395393107,9.226708857100697,-0.41383459784264276,1.717379328821231,2.1671498311073503,4.974570327711808,0.015819755012568517,1.4670599530906467,-0.06580029511076274,0.27306577855660463,0.3445799340593688,0.7909638230323713,0.0025153637560356595,True,True,45,6.776263578034403e-21
36.0,5.0,14.382372416166413,100000.0,0.2322466279539143,6.501950189631938,10.000304037907819,-0.4321572360213599,1.7851175830847439,2.2495402028965983,5.154882841458826,0.017229068270386835,1.5380468545967,-0.06646578694350525,0.2745511009806422,0.34597930425301215,0.792821029247324,0.002649830861186917,True,True,123,3.3881317890172014e-21
36.0,5.0,14.400093935153755,100000.0,0.24186927414864606,6.7205393258916635,10.846014699112494,-0.44948477297673095,1.8557974586473582,2.3347288158817125,5.340698185563396,0.018768962983918024,1.613860759258852,-0.06688224726920923,0.2761381741339838,0.34740200193262716,0.794682975068345,0.002792776304664776,True,True,84,3.6083603553033194e-19
36.0,5.0,14.417815454141095,100000.0,0.25188239114884814,6.9450920448660245,11.771666495417314,-0.4657785773409489,1.9295365911253215,2.422805377283081,5.532108450752961,0.020452226076505507,1.6949619125810156,-0.0670658609464022,0.2778273604813748,0.3488514423756379,0.7965493351297519,0.002944845934997258,True,True,84,4.1674021004911577e-19
36.0,5.0,14.435536973128437,100000.0,0.26230185444438836,7.175645816814148,12.786166097451428,-0.4810041230286175,2.006445895733625,2.5138549745664216,5.729201623074104,0.022292256323435886,1.7818836692706561,-0.06703286858187968,0.27961885897880745,0.35033152955736685,0.7984231342145259,0.0031066550513404838,True,True,45,6.776263578034403e-21
36.0,5.0,14.45325849211578,100000.0,0.27314049663032763,7.412255420347941,13.899520666192643,-0.495137372949633,2.0866446950614996,2.607973414286032,5.932060712585164,0.024304197383768596,1.8752080005278853,-0.06679982608132931,0.28151278885145997,0.3518461340561319,0.8003044115696036,0.0032789206530915425,True,True,47,6.776263578034403e-21
36.0,5.0,14.470980011103121,100000.0,0.28441432493807595,7.654942348203679,15.123168215433937,-0.508159997123837,2.1702462012675996,2.70525349154188,6.14076358875658,0.026504098358982715,1.9756083752848594,-0.06638325594223222,0.28350915036961355,0.35339959055037157,0.8021959290389145,0.003462351139091493,True,True,45,6.776263578034403e-21
36.0,5.0,14.488701530090463,100000.0,0.29613811523677736,7.903730223551225,16.47006792333011,-0.5200611961757932,2.257367745743424,2.8057949121648065,6.35538197512884,0.02890962056361676,2.083834778957061,-0.06579946195862496,0.2856078942341691,0.3549962907139984,0.8040990513809951,0.00365771853870632,True,True,45,6.776263578034403e-21
36.0,5.0,14.506423049077805,100000.0,0.3083271173048859,8.158629300454573,17.955049467543766,-0.5308387288221961,2.3481256796939673,2.909700557239722,6.5759812107313556,0.03153995883079107,2.2007433854781673,-0.06506469521695506,0.28780884548377966,0.3566408584193919,0.806015443104513,0.0038658404088826245,True,True,45,8.470329472543003e-21
36.0,5.0,14.524144568065147,100000.0,0.32099851143400715,8.419624473339704,19.595103460382465,-0.5404943602031861,2.4426331232850726,3.01707311079918,6.8026193742784535,0.03441565755517007,2.327313233794372,-0.06419459227838877,0.29011188456439374,0.3583382038418201,0.807948073672239,0.004087552558210338,True,True,83,6.776263578034403e-21
36.0,5.0,14.541866087052489,100000.0,0.3341667749435609,8.686712820900627,21.409698725079565,-0.5490406119576967,2.5410086754397296,3.1280257134918705,7.035346657462708,0.03755939626424198,2.4646490757202026,-0.06320464636941606,0.29251671234324067,0.36009314201865844,0.8098974609285279,0.004323775522297958,True,True,46,6.776263578034403e-21
36.0,5.0,14.55958760603983,100000.0,0.34785108618803684,8.959840221715917,23.421390083815975,-0.5564917404099026,2.6433608748733453,3.242664738678199,7.274204968744996,0.040995182573911555,2.6140410436170143,-0.06210956073314081,0.2950232157563084,0.36191100046839786,0.8118677106668203,0.004575436788990026,True,True,45,6.776263578034403e-21
36.0,5.0,14.577309125027172,100000.0,0.3620661288891518,9.238980254677106,25.656116447864868,-0.5628724648641206,2.7498077826537193,3.361111088542144,7.51922664408772,0.04474942335758709,2.776942448261735,-0.060923657086416456,0.2976310920527909,0.36379676066962346,0.813858936464467,0.004843545729512011,True,True,45,1.0164395367051604e-20
36.0,5.0,14.595030644014514,100000.0,0.37683182162639806,9.524047779897154,28.144199723558447,-0.5682097256317307,2.860455061474552,3.483477236552047,7.770434660586756,0.04885027302483311,2.955067044388805,-0.05966052867049629,0.30034026787562385,0.3657559597616449,0.8158752287014109,0.0051291503522214186,True,True,45,1.3552527156068805e-20
36.0,5.0,14.612752163001856,100000.0,0.3921647149247394,9.814975991731641,30.920772856983294,-0.5725374622117735,2.975416013950422,3.6098872547451797,8.02784084032887,0.05332819725284646,3.1503666318727275,-0.05833304765025325,0.30315061559569584,0.36779379366655923,0.8179175218657393,0.005433349740006633,True,True,46,5.082197683525802e-21
36.0,5.0,14.630473681989198,100000.0,0.408084016602498,10.111660287200596,34.02713790275475,-0.5758946027723718,3.094796234543844,3.740462357310309,8.291446215962626,0.058216067938731915,3.365138556506543,-0.0569535156853858,0.30606212497677127,0.3699157458884383,0.8199886052795891,0.005757320389058381,True,True,45,3.3881317890172014e-20
36.0,5.0,14.64819520097654,100000.0,0.4246096047641092,10.41397760639411,37.51169816923387,-0.5783219812216895,3.2187003343155833,3.875325217838396,8.561239528216687,0.0635489905351876,3.6020528934306473,-0.05553324609288615,0.30907501974455215,0.372127285491662,0.8220912173807773,0.0061022783932403474,True,True,45,3.7269449679189215e-20
36.0,5.0,14.665916719963882,100000.0,0.4417594056334154,10.721809310060587,41.43153719469911,-0.5798680482544409,3.347235391287321,4.014606068487493,8.837196802440934,0.06936501791177445,3.8642300004181838,-0.054083040603075616,0.3121894164025574,0.37443363824055986,0.8242262613408665,0.006469525422979424,True,True,85,1.0164395367051604e-20
36.0,5.0,14.683638238951223,100000.0,0.4595567947079407,11.034972186987629,45.854426612239955,-0.5805793470676759,3.480496378195347,4.1584244241022255,9.119281039357148,0.0757046185035626,4.155373102463385,-0.05261266972220297,0.3154059946158747,0.37684049888279864,0.8263981897580628,0.006860426761458721,True,True,46,1.3552527156068805e-20
36.0,5.0,14.701359757938565,100000.0,0.47801975414794523,11.353321944647849,50.86059375502432,-0.5805094746449112,3.6185894687628832,4.306914886720368,9.407440553718514,0.08261158921976113,4.47979842401993,-0.05113124400727254,0.3187251701664946,0.3793528367924704,0.8286068693888614,0.007276424435290999,True,True,45,5.421010862427522e-20
36.0,5.0,14.719081276925907,100000.0,0.49717337738763234,11.676631604037219,56.54632082789759,-0.5797101502671738,3.7616039931225926,4.460196612430476,9.701609652706402,0.09013248707770356,4.842691175453937,-0.04964703605676296,0.3221480406919758,0.38197630649650316,0.8308568756551377,0.007719048620711822,True,True,83,2.710505431213761e-20
36.0,5.0,14.736802795913249,100000.0,0.5170385790049172,12.004703930956337,63.02648231132857,-0.5782355764189888,3.9096390579224303,4.6183999545172405,10.001706773947207,0.09831757890581802,5.250148831143032,-0.048167416684713235,0.32567559186867634,0.3847158564742148,0.8331489748910814,0.008189921173506667,True,True,45,5.421010862427522e-20
36.0,5.0,14.75452431490059,100000.0,0.5376398806788452,12.33729283448992,70.43981817614308,-0.5761406867355954,4.062784418634117,4.781647600793945,10.307634554896817,0.10722030635185321,5.709503626210667,-0.04669911742103961,0.32930923121774885,0.3875767289422242,0.8354859281673994,0.008690748269515821,True,True,45,7.453889935837843e-20
36.0,5.0,14.772245833887931,100000.0,0.5590031292566134,12.674128352263656,78.95386186414274,-0.5734776746772725,4.221127463073479,4.950059076901274,10.619279582679125,0.11689815801481152,6.229529926611578,-0.04524789861188733,0.3330507113192969,0.39056406399870264,0.8378706043940666,0.009223368642462341,True,True,46,2.0328790734103208e-20
36.0,5.0,14.789967352875273,100000.0,0.5811523081114218,13.014949019695985,88.77185636997925,-0.5703004903312366,4.384759358164245,5.123758638577283,10.936510589998571,0.12741262739938383,6.820760975370526,-0.04381888007922126,0.33690176976710645,0.39368257461656725,0.8403037594267915,0.009789713905645406,True,True,45,6.776263578034403e-20
36.0,5.0,14.807688871862615,100000.0,0.6041173720965921,13.359421959154089,100.14216204033815,-0.5666581290957327,4.553757902639346,5.302855310373466,11.259180071548727,0.13882903823097642,7.495995137103903,-0.04241636582991897,0.34086489045426394,0.3969374817702995,0.8427894639433675,0.010391844696233174,True,True,46,6.776263578034403e-21
36.0,5.0,14.825410390849957,100000.0,0.6279242251436329,13.707249147261665,113.3681746153964,-0.5625991235525803,4.728210422195277,5.487466926145017,11.587121681640927,0.15121833304832127,8.270672940824474,-0.04104391169288495,0.3449423273334055,0.4003332008626445,0.8453280127293606,0.011031997115083486,True,True,46,1.0164395367051604e-20
36.0,5.0,14.843131909837298,100000.0,0.652604650589122,14.05806271231135,128.82394758774004,-0.558167601002447,4.9081910534921,5.677695777429555,11.920151706393439,0.16465469338349767,9.163705570535152,-0.03970444665278322,0.34913708623548473,0.40387469408977045,0.8479227863988943,0.011712473955554437,True,True,45,1.5585406229479126e-19
36.0,5.0,14.86085342882464,100000.0,0.6781885830648531,14.41150968337998,146.97116155898146,-0.5534044497143586,5.0937781693460105,5.873646408761014,12.258067939858856,0.1792192486661737,10.198179426578424,-0.03840017193705738,0.3534520866485203,0.40756635063256247,0.8505748675307366,0.012435841393692268,True,True,46,1.3552527156068805e-20
36.0,5.0,14.878574947811982,100000.0,0.7047091307897085,14.76719869932988,168.3833148257348,-0.5483460587369356,5.285043483717288,6.0754133979150104,12.600649591232925,0.19499725348662644,11.402522459007466,-0.03713270674429396,0.3578907273697833,0.4114127209645189,0.8532863847633289,0.013204755854979808,True,True,45,2.981555974335137e-19
36.0,5.0,14.896296466799324,100000.0,0.732199961878291,15.124730132623855,193.7758731887709,-0.5430250347581675,5.48205707852078,6.283087258275772,12.947657689553214,0.21208006662239484,12.811856574604182,-0.035903122237326356,0.36245652189826855,0.4154181399060623,0.8560587578105131,0.01402207277503357,True,True,45,4.2690460541616737e-19
36.0,5.0,14.914017985786666,100000.0,0.7606965413752814,15.48368451551401,224.04578291930082,-0.5374684412475031,5.684884643894802,6.496750166645491,13.29883469651212,0.23056641028374975,14.46979772126048,-0.03471192148800126,0.36715322106949305,0.41958683413731507,0.8588934166920825,0.014890926642991967,True,True,45,6.030874584450618e-19
36.0,5.0,14.931739504774008,100000.0,0.7902357842060086,15.843628022381255,260.32279641196,-0.5316993892728283,5.893588854704835,6.716477881004819,13.653904766373605,0.25055876955461176,16.430756645145863,-0.03355919417709956,0.3719848033783265,0.4239229721574434,0.8617915509683532,0.015814481960865517,True,True,45,8.199278929421627e-19
36.0,5.0,14.94946102376135,100000.0,0.8208549000891816,16.204127359348654,304.03822541281096,-0.5257367930580589,6.108229399714703,6.942340454205283,14.012573965570562,0.2721699973038225,18.76301134089779,-0.03244462237299964,0.37695515866151713,0.4284303807449425,0.8647533838029409,0.016796337826041546,True,True,45,1.1102230246251565e-16
36.0,5.0,14.967182542748692,100000.0,0.852595695918944,16.564703990635618,357.01377966608044,-0.5195930556869365,6.328855502350718,7.174391907362883,14.374531498004913,0.29551682187723355,21.55268092130762,-0.03136748208604715,0.3820687351810546,0.43311319727890824,0.8677807648196517,0.017840151085361716,True,True,45,2.220446049250313e-16
36.0,5.0,14.984904061736033,100000.0,0.8854956169261362,16.924937403846716,421.5800617547828,-0.513280196844821,6.555523928511084,7.412693175302009,14.739447383703281,0.3207250916681331,24.908810691315505,-0.030326859390815954,0.3873292864894814,0.4379746287048155,0.8708716039536598,0.01894985393536749,True,True,45,2.220446049250313e-16
36.0,5.0,15.002625580723375,100000.0,0.9196013340787228,17.28431295589131,500.7397969756427,-0.5068018370714079,6.788266883727444,7.657274207618331,15.106978556081359,0.34792911369510354,28.97076662830078,-0.02932149159557227,0.39274149346003845,0.4430187203367184,0.8740282934377318,0.02012976243736161,True,True,45,2.220446049250313e-16
36.0,5.0,15.020347099710717,100000.0,0.9549526547118012,17.642409393061733,598.3724773372409,-0.5001623331662165,7.027131730426521,7.908179252669398,15.476761484346763,0.37726795347052344,33.916709674165254,-0.028350001523199907,0.3983090729767384,0.4482482566003408,0.8772476105465131,0.02138415139708142,True,True,45,4.526544070126981e-18
36.0,5.0,15.038068618698059,100000.0,0.9915965052517564,17.998739134618,719.5366195341064,-0.49336128158768777,7.272142322927876,8.165425602187875,15.84842229533982,0.40889355178953596,39.97705695673875,-0.027410880167643408,0.4040362087887007,0.45366653414531954,0.8805295847006109,0.022717899777939875,True,True,45,6.213833701057547e-18
36.0,5.0,15.0557901376854,100000.0,1.029580967266785,18.352822072252618,870.8489583255251,-0.4863944778878043,7.523317902752926,8.429021513542107,16.221569752926218,0.4429617421728373,47.45041143520646,-0.026502435209851325,0.4099270331905701,0.45927658865531257,0.8838733187225407,0.02413589258529047,True,True,45,3.3306690738754696e-16
36.0,5.0,15.073511656672743,100000.0,1.0689490034045208,18.704259590342858,1061.025232256157,-0.47926007985449365,7.780683966247592,8.698982798383119,16.59580045711092,0.479639694365618,56.726395777995506,-0.02562304471554378,0.41598460119024516,0.4650803073153703,0.8872738520844443,0.02564334033373122,True,True,45,1.0977546996415732e-17
36.0,5.0,15.091233175660083,100000.0,1.1097575618932556,19.05251604003044,1301.6308769305829,-0.4719483642969424,8.044225047411539,8.975277245834507,16.97070164325205,0.519103222576989,68.31805700600283,-0.024770920717523688,0.4222132672928948,0.4710809442163402,0.8907328358939901,0.02724591447587936,True,True,45,1.4230153513872246e-17
36.0,5.0,15.108954694647425,100000.0,1.15204999017456,19.397244361836943,1608.063307151766,-0.4644545360983398,8.313955801697889,9.257905377722006,17.345844890181525,0.5615341248951514,82.9016368075223,-0.023944356602122806,0.42861530465921016,0.4772794117053269,0.8942427370925202,0.028949170017156675,True,True,45,6.661338147750939e-16
36.0,5.0,15.126676213634767,100000.0,1.1958839762798863,19.73796052747436,2001.0310610441102,-0.4567691028956289,8.589844195644275,9.546816631867411,17.720799746399518,0.6071272234413432,101.37982889664634,-0.02314165651815073,0.4351941115541089,0.483677967568061,0.8978029782627721,0.03075936962161056,True,True,45,2.220446049250313e-16
36.0,5.0,15.144397732622108,100000.0,1.2413134637481813,20.074261467881016,2508.482522519835,-0.44888213289399626,8.871863059383363,9.841963556723263,18.095121719522073,0.6560821182767108,124.96013995500796,-0.022361078319728542,0.4419521521914227,0.4902777406018391,0.9014090878747603,0.032682752455249604,True,True,45,4.440892098500626e-16
36.0,5.0,15.16211925160945,100000.0,1.2883900316632908,20.40580892429795,3168.441031047764,-0.44078660998465496,9.159981971109353,10.143297068407708,18.468365981604162,0.7086093093773381,155.27152306493394,-0.021601035843268827,0.4488909018550215,0.4970789007207506,0.9050543426197232,0.03472586222904258,True,True,46,2.220446049250313e-16
36.0,5.0,15.179840770596792,100000.0,1.3371802824271584,20.732131736225632,4033.0238565354616,-0.43246945610236254,9.45412165631933,10.450712782353829,18.840080963291967,0.7649277525595131,194.53010948644925,-0.0208598643692149,0.45601300322629007,0.5040828852198111,0.9087382427911332,0.03689575979410457,True,True,46,1.1102230246251565e-16
36.0,5.0,15.197562289584134,100000.0,1.3877347500220152,21.05299123510616,5173.997878108587,-0.4239236036779668,9.754239001856059,10.76414695440085,19.20981411122704,0.8252628034117849,245.76070071605184,-0.020136027177509494,0.4633184374100117,0.5112882456556331,0.9124505822808877,0.03919931349402016,True,True,46,6.776263578034403e-20
36.0,5.0,15.215283808571476,100000.0,1.4401228983485057,21.367975396221016,6691.175554908254,-0.4151375768401521,10.060227387369299,11.083466973097545,19.57711339776624,0.8898498744426436,313.1403621932102,-0.019428025778875164,0.470808637731232,0.5186952328229321,0.9161894393246308,0.04164408924768867,True,True,46,2.220446049250313e-16
36.0,5.0,15.233005327558818,100000.0,1.4944070254133939,21.676807942462784,8724.03517619647,-0.4061009186616707,10.37199238955379,11.40855282031214,19.94152859712755,0.9589309733640778,402.4594026644912,-0.018734350543659063,0.47848338265875645,0.5263022512629215,0.919947653273433,0.044237646793263516,True,True,46,1.1102230246251565e-16
36.0,5.0,15.25072684654616,100000.0,1.550650577313603,21.979251015813816,11469.109844744533,-0.39680534027447817,10.68942576778268,11.739271387154865,20.302614188695234,1.0327542643779328,521.8153173869592,-0.018053633401292034,0.486341675614504,0.5341069802018548,0.9237172901882661,0.046987691420188896,True,True,46,2.0328790734103208e-19
36.0,5.0,15.268448365533501,100000.0,1.608931065263314,22.274963232047693,15205.495213017739,-0.3872378477916458,11.012368805431983,12.075433639724215,20.65993080285271,1.1115764196971207,682.6271744925313,-0.017384443860024624,0.4943832540018805,0.5421079044633801,0.9274956186292875,0.04990250300830399,True,True,46,2.220446049250313e-16
36.0,5.0,15.286169884520843,100000.0,1.669310565627634,22.563836987556154,20331.865781413155,-0.3773906241184112,11.340698656697857,12.416891181611785,21.01304961124276,1.1956581259752532,901.0819300204163,-0.016725463152678345,0.5026050606088049,0.5503005179686257,0.9312711141651729,0.05299001790496239,True,True,46,2.0328790734103208e-19
36.0,5.0,15.303891403508185,100000.0,1.731871875799882,22.84559038286124,27423.165582353122,-0.36725188571086936,11.674220520726884,12.763417761527279,21.36154836259537,1.285264153738491,1200.3701862275348,-0.016075394837963202,0.5110054205246052,0.5586818964898537,0.9350403296480709,0.05625874106115008,True,True,46,1.6263032587282567e-19
36.0,5.0,15.321612922495527,100000.0,1.7966894324897162,23.120099551076667,37313.61303973519,-0.356810776137671,12.012755322887463,13.114804374395247,21.70502582690414,1.3806677253236939,1613.9036493896735,-0.01543292559573148,0.5195806054532343,0.5672468816763598,0.9387946526334646,0.05971720503510541,True,True,46,1.3552527156068805e-19
36.0,5.0,15.339334441482869,100000.0,1.863841211900997,23.38726312316181,51223.70724579347,-0.3460580059037017,12.35610402850777,13.470821776282913,22.043085665913335,1.4821379183897696,2190.2394895905354,-0.014796857763189047,0.5283262074505324,0.5759896617805591,0.9425252347754511,0.06337372229424826,True,True,47,8.131516293641283e-20
36.0,5.0,15.35705596047021,100000.0,1.9334183031133452,23.64690284433882,70953.93506180965,-0.3349802770797785,12.704017643623324,13.831186084266239,22.375360002736986,1.589952548665235,3000.5593345090588,-0.014165926053186046,0.5372381206642766,0.58490476217174,0.9462279331051489,0.06723724282758989,True,True,46,1.5177771623612994e-19
36.0,5.0,15.374777479457553,100000.0,2.005498299436201,23.899052315212554,99178.36635755106,-0.32356827590896964,13.056280873960896,14.195651368089264,22.70149165997533,1.704386990350115,4149.886993402692,-0.01353895843405504,0.5463095649884884,0.5939838609857033,0.9498908726822219,0.07131609102613726,True,True,46,1.3552527156068805e-19
36.0,5.0,15.392498998444895,100000.0,2.0801791209805556,24.14359326747397,139905.2858927189,-0.31180953544022894,13.412606556768328,14.563893890314658,23.02114843785671,1.8257111045187886,5794.7168154625115,-0.012914794081637215,0.5555348124107802,0.6032198160799455,0.9535096198323797,0.07561886436259552,True,True,46,8.131516293641283e-20
36.0,5.0,15.410220517432236,100000.0,2.1575515769896287,24.38055167522542,199186.259527159,-0.2996916315886331,13.772721870814106,14.935605911746944,23.334024163992737,1.9542049016407494,8169.883199548944,-0.012292241602275482,0.5649060798246587,0.6126032794788615,0.957075314571486,0.08015425276969994,True,True,47,1.0766953429904632e-17
36.0,5.0,15.427942036419577,100000.0,2.237710508372787,24.609976131107317,286232.59101989126,-0.28720376523382374,14.136335756107124,15.310460806200927,23.63982901932402,2.0901272750777395,11630.754515770932,-0.011670217138926624,0.5744148503353735,0.6221241631700859,0.9605791120391612,0.0849300813598024,True,True,48,2.220446049250313e-16
36.0,5.0,15.44566355540692,100000.0,2.320763507089876,24.831852623830578,415187.3320487855,-0.2743315326137037,14.503108924401857,15.688079836774271,23.93831071526182,2.233745361392176,16719.949910235027,-0.011047566074487484,0.5840526336920808,0.6317724285186346,0.9640163010748846,0.08995484127706606,True,True,48,1.1102230246251565e-16
36.0,5.0,15.46338507439426,100000.0,2.406807721703088,25.04633817829516,607925.772989184,-0.2610632030925998,14.872731926698668,16.068117759538016,24.22923408893438,2.38531488324628,24272.042031118337,-0.010423208424089468,0.5938086366488172,0.6415356067284297,0.9673763053287817,0.09523607268520248,True,True,47,5.421010862427522e-20
36.0,5.0,15.481106593381602,100000.0,2.495957826944116,25.253479929097956,898583.4445940243,-0.24738523019886835,15.244834974546634,16.450164379707786,24.51239964195649,2.545069757166391,35582.55920043101,-0.009796084773006761,0.6036726430317033,0.6514018830629882,0.9706543300478929,0.1007809523405078,True,True,47,5.8768204671687425e-18
36.0,5.0,15.498828112368944,100000.0,2.5883250906124977,25.45342424096789,1340854.9870268567,-0.2332827855783835,15.619055724912906,16.833818584853802,24.787634334868727,2.7132577438318948,52678.766296155896,-0.009165084562685649,0.6136327897200434,0.6613577185327926,0.9738428158114947,0.10659696385623597,True,True,47,1.1102230246251565e-16
36.0,5.0,15.516549631356286,100000.0,2.6840242299999546,25.646345197820917,2019875.2794336686,-0.21874304105905767,15.995021992053475,17.218669601927374,25.054796924139563,2.890082389266991,78758.79638418384,-0.008529209108424678,0.6236764680767269,0.6713888263264266,0.9769344025778919,0.11268983424244604,True,True,48,5.421010862427522e-20
36.0,5.0,15.534271150343628,100000.0,2.783181583475631,25.832369938264893,3071816.2580726985,-0.2037502003043191,16.37232209689107,17.60426502451979,25.313772788517927,3.0757512864079866,118913.45104664547,-0.007887398670398747,0.6337909427597322,0.6814808345727118,0.9799245229537078,0.11906578040491543,True,True,46,2.710505431213761e-20
36.0,5.0,15.55199266933097,100000.0,2.885918558564039,26.011730546084927,4716182.695786311,-0.18828933884549406,16.750564173598338,17.99017522483693,25.56448748790292,3.270455765810726,181309.8397059996,-0.007238631759309603,0.6439619287890669,0.6916177757940316,0.9828061013707017,0.12573003399433447,True,True,46,5.421010862427522e-20
36.0,5.0,15.569714188318311,100000.0,2.9923690584523013,26.184603483848708,7309756.066999296,-0.17234550557956976,17.129320651980773,18.37593298051838,25.80688271185064,3.4743384803452715,279162.3738548544,-0.006581940631099363,0.6541752928413275,0.7017838934186305,0.9855746995660616,0.13268631249231355,True,True,47,2.220446049250313e-16
36.0,5.0,15.587435707305653,100000.0,3.102667797024078,26.35121523092168,11437329.33336057,-0.15590134822508164,17.508165856130976,18.76107496542614,26.040945618133563,3.687563477811508,434034.22700367536,-0.005916286852764957,0.6644158799775625,0.7119624199877911,0.9882256051544813,0.13993902920592285,True,True,46,2.710505431213761e-20
36.0,5.0,15.605157226292995,100000.0,3.2169550878905193,26.511797308419425,18064896.07175365,-0.13894114982289787,17.886666990576842,19.145131382085477,26.266684649005644,3.910229330246629,681390.8488209788,-0.005240729182052623,0.6746682159076602,0.7221363063154344,0.9907545815712788,0.14749016389789787,True,True,46,2.168404344971009e-19
36.0,5.0,15.622878745280337,100000.0,3.335377664068967,26.666579948038578,28801413.422350246,-0.12144773476993422,18.264380452467197,19.527622638180326,26.484133032817915,4.142422640733317,1080056.5156263576,-0.004554304864237648,0.6849164942807227,0.7322882302954133,0.9931582184301034,0.1553413541895914,True,True,48,5.421010862427522e-20
36.0,5.5,14.222878745280337,316227.7660168379,0.12989334297847444,4.961053870181915,4.920880155758658,-0.2070170883987464,1.2947399790817882,1.6296017962349558,3.910970524938032,0.023874747314296247,0.9919021813762761,-0.04172845000595718,0.26098083450851783,0.3284789560600358,0.7883346214893293,0.004812434603420421,True,True,133,6.776263578034403e-21
36.0,5.5,14.240600264267679,316227.7660168379,0.13535799006280583,5.138035166219073,5.304243853441896,-0.22956757921118628,1.343824333483376,1.6935230586317114,4.061532829869752,0.02592373153662251,1.0323486861895366,-0.0446800326943107,0.2615444017040966,0.329605190280923,0.7904836573663456,0.005045456229467385,True,True,46,3.3881317890172014e-21
36.0,5.5,14.25832178325502,316227.7660168379,0.14105665049339614,5.320612518631527,5.71904774647828,-0.25170244810745657,1.3950188247197906,1.759685957114928,4.2173634626836645,0.02814974245998557,1.0748852179051804,-0.04730704354546664,0.26219139616628057,0.3307299584310874,0.7926462315974815,0.005290695828988078,True,True,46,3.8624702394796095e-19
36.0,5.5,14.276043302242362,316227.7660168379,0.1469992035835302,5.5089081595103275,6.168091815312567,-0.27332088817942746,1.448418783381769,1.828156163299058,4.378604325640616,0.030568597573062465,1.1196577682392934,-0.04961434830013979,0.26292302239261056,0.33185453639175533,0.7948225308642318,0.005548939406493868,True,True,91,1.1102230246251565e-16
36.0,5.5,14.293764821229704,316227.7660168379,0.1531943272634864,5.703051572396681,6.654446940579426,-0.2943301218934744,1.5041250325285143,1.8990049043603896,4.545397835241491,0.033198226510061844,1.1668221575949953,-0.051609233786006875,0.2637403876564302,0.33298048952454795,0.7970115257666011,0.0058211338418794,True,True,45,1.0164395367051604e-20
36.0,5.5,14.311486340217046,316227.7660168379,0.15965231085577763,5.903158090613573,7.181527378521364,-0.31464378923659236,1.5622370689088168,1.9723022527514253,4.717886456363884,0.036057716911042405,1.2165568443678454,-0.053300925438012174,0.2646442878419402,0.33410967866293834,0.7992139773226888,0.006108207904575121,True,True,45,1.3552527156068805e-20
36.0,5.5,14.329207859204388,316227.7660168379,0.16638319090472084,6.109342820561864,7.753089406794809,-0.33418170970694666,1.6228577228866363,2.0481213869623986,4.896212308207889,0.03916814675668953,1.2690545668350255,-0.05470010760931773,0.26563539983788065,0.3352441411650946,0.8014302768751147,0.00641118822549351,True,True,45,1.3552527156068805e-20
36.0,5.5,14.34692937819173,316227.7660168379,0.17339691995401094,6.321717481368103,8.373299251786332,-0.35287326435794425,1.6860919093410156,2.126538241803547,5.080516943591666,0.04255274349543903,1.3245291768360137,-0.05581920821326831,0.26671421402655326,0.33638615583044623,0.8036608656690832,0.006731199807782307,True,True,46,1.0164395367051604e-20
36.0,5.5,14.364650897179072,316227.7660168379,0.18070542308801124,6.540375301669338,9.046781887149214,-0.3706520956625085,1.7520426538844123,2.207627382851046,5.270940448488871,0.046236046808296585,1.3832206058328413,-0.056671380244479985,0.2678810577486629,0.3375383339680187,0.8059079495244774,0.0070693262505127944,True,True,45,2.0328790734103208e-20
36.0,5.5,14.382372416166413,316227.7660168379,0.18831857032185173,6.7654204841796695,9.77863950303478,-0.38746223087970083,1.82081927803204,2.2914705334121384,5.467621735225618,0.05024590525410007,1.445385327623206,-0.05727097551227549,0.2691361582461671,0.33870334279599285,0.8081717534055957,0.00742687100847547,True,True,45,2.710505431213761e-20
36.0,5.5,14.400093935153755,316227.7660168379,0.1962494205858637,6.996926548640912,10.574582750143325,-0.40325278360075745,1.8925258962051903,2.3781456346349086,5.67069678366948,0.05461120881742399,1.5113182447509528,-0.05763284504952901,0.2704796003000483,0.33988432179509465,0.8104553826952722,0.007805028170265946,True,True,45,3.3881317890172014e-20
36.0,5.5,14.417815454141095,316227.7660168379,0.20450907343807717,7.234977151012703,11.440909148674017,-0.4179806925434068,1.9672727176818507,2.4677379314562975,5.880298992851022,0.0593644499632101,1.5813331417463559,-0.057772220121649,0.27191139330778474,0.34108441256250277,0.8127598567506101,0.008205202134591492,True,True,45,1.3552527156068805e-20
36.0,5.5,14.435536973128437,316227.7660168379,0.21311031056651106,7.479634500785809,12.38467719645152,-0.4316111313223943,2.045167245504033,2.5603322795463814,6.096558169704334,0.0645400830122955,1.6557864151183306,-0.057704842566444835,0.27343144177555306,0.34230713803961854,0.8150877117142329,0.008628774976305984,True,True,83,2.710505431213761e-20
36.0,5.5,14.45325849211578,316227.7660168379,0.22206659978780743,7.7309484289087855,13.41373314255822,-0.44411348810457824,2.1263171308906923,2.656015398125583,6.319599826331003,0.0701753539467591,1.735069541066846,-0.0574461842797811,0.27503962165102935,0.3435562172674429,0.8174417258689446,0.009077198560056138,True,True,47,1.3552527156068805e-20
36.0,5.5,14.470980011103121,316227.7660168379,0.23138994873297644,7.9889717894795345,14.536836831340269,-0.4554677108157593,2.210833636205767,2.7548806613505867,6.549544750606267,0.07631110058259429,1.819612988305134,-0.05701205647209228,0.27673569195940273,0.3448354474074394,0.8198232417382159,0.009552055332462978,True,True,84,2.0328790734103208e-20
36.0,5.5,14.488701530090463,316227.7660168379,0.24109599069642154,8.25371772392361,15.76383780230846,-0.46565636551285333,2.298821121006875,2.8570169908201763,6.786507436036787,0.08299004791005997,1.9099075507048873,-0.056417772098400765,0.27851947424173273,0.3461491035171993,0.8222364349056817,0.010054868688992259,True,True,45,4.743384504624082e-20
36.0,5.5,14.506423049077805,316227.7660168379,0.25119690730333005,8.52521938202163,17.105700332336877,-0.4746716743915815,2.39039192003927,2.9625245792315433,7.030596334469369,0.09025959569277775,2.006482128590163,-0.05567852897634407,0.28039066362095466,0.3475012719882669,0.8246821600035079,0.010587363403588334,True,True,45,4.0657581468206416e-20
36.0,5.5,14.524144568065147,316227.7660168379,0.26170899761025046,8.803462304249408,18.57485966714293,-0.4825103043506352,2.4856492350461648,3.0714980285922038,7.281912349420396,0.09816920819088883,2.1099493614207785,-0.054809152089823655,0.2823490519004493,0.34889659573025034,0.8271645970364906,0.011151204469121519,True,True,85,1.1102230246251565e-16
36.0,5.5,14.541866087052489,316227.7660168379,0.27264631579389614,9.088441673314616,20.18520719252883,-0.48917459069772207,2.58470198330738,3.184040600922765,7.540547332973096,0.10677281990193993,2.2209755993479514,-0.05382381361746879,0.2843944073378997,0.3503395538392143,0.8296853964650034,0.011748198837590072,True,True,46,2.0328790734103208e-20
36.0,5.5,14.55958760603983,316227.7660168379,0.2840242550071809,9.380127174327646,21.95253260993617,-0.49467484665374456,2.687655016664045,3.3002561921214655,7.806583608180825,0.11612772891843737,2.340323558727198,-0.052736475472061194,0.2865265008367749,0.3518349091421592,0.8322470967714134,0.0123801870444002,True,True,46,1.3552527156068805e-20
36.0,5.5,14.577309125027172,316227.7660168379,0.29585982940505234,9.678461843707574,23.894668072836506,-0.49902272812475373,2.794610359918721,3.42024832405598,8.080093174715786,0.12629480618037228,2.4688497468605055,-0.05156012765077873,0.28874529910304186,0.3533875918805885,0.8348530278051401,0.013049057610583288,True,True,45,1.0164395367051604e-19
36.0,5.5,14.595030644014514,316227.7660168379,0.30816733264258106,9.98340022874639,26.03183220404991,-0.5022396614168803,2.9056749060491787,3.5441304114181085,8.36113628786324,0.13733968340860303,2.6075116300650114,-0.05030747540008683,0.2910506279897027,0.3550023369005154,0.8375038660463623,0.013756804321351814,True,True,45,1.2197274440461925e-19
36.0,5.5,14.612752163001856,316227.7660168379,0.32096610980871204,10.294835060174227,28.387171680682446,-0.5043471955857756,3.0209441299970248,3.672007208181597,8.649760253659526,0.1493310482847234,2.757418794449537,-0.04899031335983737,0.29344269357783176,0.3566844137587818,0.8402038695230091,0.01450543378421025,True,True,46,2.710505431213761e-20
36.0,5.5,14.630473681989198,316227.7660168379,0.334271099788799,10.61268813559111,30.98689984024768,-0.505373844144985,3.140523215533955,3.8039969293540516,8.94599877101739,0.16234302603460454,2.9197974579436523,-0.04761977716561219,0.2959215587426694,0.3584385860352218,0.8429531384245385,0.015297069315564344,True,True,46,2.710505431213761e-20
36.0,5.5,14.64819520097654,316227.7660168379,0.3481016589439689,10.936822278814285,33.86129109795571,-0.5053514877048578,3.2645060228946226,3.9402104327665795,9.249869781247014,0.17645306880114428,3.0960813145467676,-0.04620642768272591,0.298487617305284,0.36027013444290484,0.8457547855710277,0.016133851707817497,True,True,45,4.2012834183813297e-19
36.0,5.5,14.665916719963882,316227.7660168379,0.3624758760450212,11.26709967678346,37.04487507113437,-0.5043129995021443,3.3929899487022013,4.080763869404284,9.561375654527055,0.19174402924898415,3.2878803005060457,-0.04475978858528355,0.301141380305143,0.3621840568085986,0.8486101950645601,0.017018046768866733,True,True,45,1.1102230246251565e-16
36.0,5.5,14.683638238951223,316227.7660168379,0.3774114320083103,11.603370886265573,40.57752498860057,-0.5022982044127672,3.526071879139019,4.225777320017036,9.880500253730268,0.20830288835571145,3.497046279597121,-0.04328898984064335,0.30388340713237766,0.36418531833873485,0.8515198170064016,0.017951928831497658,True,True,45,2.220446049250313e-16
36.0,5.5,14.701359757938565,316227.7660168379,0.39293025852924435,11.945428656875661,44.505369110354835,-0.49934427133899684,3.663839191348254,4.375362322502625,10.207209381784985,0.22622147927561956,3.725723905666459,-0.0418021224421762,0.3067147522780095,0.36627922263670404,0.8544866555215517,0.018937912215097354,True,True,46,4.658681209898652e-20
36.0,5.5,14.719081276925907,316227.7660168379,0.4090497233518689,12.293099187427837,48.88152397424518,-0.4954938277911206,3.8063895684249167,4.529643485631046,10.541448503278117,0.24559728876424658,3.9763385318029774,-0.04030666475853889,0.30963628539804794,0.3684704252824638,0.8575094321258602,0.019978468002228366,True,True,45,1.666960840196463e-18
36.0,5.5,14.736802795913249,316227.7660168379,0.42579312284490983,12.646130875172618,53.76810373570027,-0.49078902639684624,3.953806424853164,4.688732888090788,10.883141261834517,0.2665312290259198,4.251743419899277,-0.03880942173075107,0.31264949444856943,0.3707642230159023,0.8605905924317712,0.021076108705247103,True,True,45,2.3987973066241786e-18
36.0,5.5,14.75452431490059,316227.7660168379,0.44318085954667835,13.00429075060796,59.23698702089203,-0.4852715649060263,4.10618050048293,4.8527502294259905,11.232190117110418,0.2891317584242554,4.555187834301741,-0.03731626539366166,0.31575582084635895,0.37316531308707634,0.8637295437727202,0.022233566133603888,True,True,45,3.40168431617327e-18
36.0,5.5,14.772245833887931,316227.7660168379,0.4612350294372737,13.36731325074146,65.3723198078584,-0.4789859524141614,4.263598439917949,5.021812901052105,11.588472144961788,0.31351017518392027,4.890460676847856,-0.03583262720259757,0.318957022996484,0.375678553113398,0.8669260551905594,0.023453492059560318,True,True,47,5.421010862427522e-20
36.0,5.5,14.789967352875273,316227.7660168379,0.47998048156949735,13.734890488892104,72.27266669199832,-0.47197271948373315,4.4261406185295575,5.196031372914279,11.951840970271448,0.3397850186967544,5.261976187611238,-0.03436304933522654,0.3222552536628621,0.378308904400548,0.8701810167279694,0.024738822560802412,True,True,45,1.1102230246251565e-16
36.0,5.5,14.807688871862615,316227.7660168379,0.49943921389853874,14.106734978637016,80.05329281325014,-0.4642736786445667,4.593894857634267,5.37552362013096,12.322124521581785,0.36808051846961537,5.674827870125965,-0.03291149081255545,0.32565259534478946,0.3810607931793966,0.8734923098961018,0.02609253799883742,True,True,45,9.053088140253962e-18
36.0,5.5,14.825410390849957,316227.7660168379,0.5196384024298634,14.482489291306443,88.85030355942519,-0.45592802087373197,4.7669371606093485,5.560395137969703,12.699121508831164,0.39852428530325695,6.135016002584604,-0.03148132974263041,0.32915178217814034,0.38393918518603704,0.8768604107619952,0.027517664766545578,True,True,45,2.220446049250313e-16
36.0,5.5,14.843131909837298,316227.7660168379,0.5406026345806098,14.861816914197908,98.82375921534887,-0.44697242959286787,4.945349869012035,5.750756555047658,13.082607536249805,0.4312539904817475,6.64950724301682,-0.030075221096679147,0.3327554024896919,0.38694841877333314,0.8802831855472277,0.0290175819666947,True,True,45,1.1102230246251565e-16
36.0,5.5,14.86085342882464,316227.7660168379,0.56235986926271,15.244333087871967,110.16306577732611,-0.4374415900128496,5.1292087153837675,5.946710055010092,13.472323795521808,0.46640902186870714,7.226492962487763,-0.02869535764479378,0.3364665863582085,0.39009315925674404,0.8837594742822874,0.030595567492537355,True,True,45,2.220446049250313e-16
36.0,5.5,14.878574947811982,316227.7660168379,0.5849381957275689,15.629644995725776,123.09268346409463,-0.42736670635736196,5.318588989697267,6.148355979904805,13.867988168416963,0.5041376885983653,7.87559048831606,-0.02734334058606152,0.3402885344581874,0.39337783945740223,0.8872874702022616,0.032255223246352126,True,True,45,2.585822181377928e-17
36.0,5.5,14.896296466799324,316227.7660168379,0.608366399517142,16.017345741737447,137.879131896172,-0.41677575677889156,5.513565006187566,6.35579106690863,14.269284595366182,0.5445949084062086,8.608113611289,-0.026020275986980267,0.3442246359095882,0.3968067599581701,0.8908644931215896,0.03400032172541059,True,True,45,3.16722559637328e-17
36.0,5.5,14.914017985786666,316227.7660168379,0.6326763664592053,16.40698728988213,154.83979633562953,-0.4056924735270111,5.714204764664175,6.569102812768837,14.675869260643482,0.5879388349435144,9.43743013875047,-0.02472681098358586,0.34827873415785565,0.40038446405208555,0.894488976028756,0.035834661449764445,True,True,46,1.1102230246251565e-16
36.0,5.5,14.931739504774008,316227.7660168379,0.6578974649438074,16.798150423056008,174.3533409886697,-0.3941383324190151,5.920581505447868,6.788382560904735,15.087367931130181,0.6343387586835882,10.379317758064843,-0.023463198179130923,0.35245436886442433,0.40411488109949645,0.8981564964689374,0.037762416855902044,True,True,46,2.0328790734103208e-19
36.0,5.5,14.94946102376135,316227.7660168379,0.6840654363242452,17.190336938740344,196.87332437941578,-0.3821283357885198,6.132753857266812,7.013702192479227,15.503375492323126,0.68396666177442,11.452557624728097,-0.022229252233407416,0.35675588437396866,0.40800260154721374,0.9018657137187659,0.039787856643637085,True,True,46,1.8973538018496328e-19
36.0,5.5,14.967182542748692,316227.7660168379,0.711212034424839,17.583101055138638,222.94239976450766,-0.3696756225498297,6.3507901981941295,7.245141820025474,15.923458714485701,0.7370027672541289,12.679356108196457,-0.0210244837580452,0.3611871522707378,0.41205142354045055,0.9056115109929423,0.04191540303061279,True,True,46,1.6776546311555486e-19
36.0,5.5,14.984904061736033,316227.7660168379,0.7393729596934118,17.975951121124766,253.21439216822395,-0.35678934364113196,6.5747476630267485,7.482767249744408,16.347151998187332,0.7936342922274402,14.08628619771081,-0.01984814829752427,0.3657524221514106,0.41626544260853593,0.9093901005870382,0.04414978027475756,True,True,46,1.1102230246251565e-16
36.0,5.5,15.002625580723375,316227.7660168379,0.7685872084718859,18.368361148923093,288.47645509215675,-0.3434719399284361,6.804675305824936,7.726631383153488,16.773966893873,0.8540538480390981,15.7050731283705,-0.01869910642238071,0.37045631075387925,0.4206489256449799,0.9131988835518093,0.04649591986540236,True,True,48,1.1102230246251565e-16
36.0,5.5,15.020347099710717,316227.7660168379,0.7988879658690687,18.759888979638042,329.6776678121493,-0.32972705902688143,7.040635489402733,7.97680033828978,17.20337878366892,0.9184610929081339,17.573540449518706,-0.01757617325906175,0.3753026202364326,0.425205093001765,0.917029882337867,0.0489587701667654,True,True,47,5.421010862427522e-20
36.0,5.5,15.038068618698059,316227.7660168379,0.8303190482173579,19.14996771505584,377.9711911361143,-0.3155508837900789,7.28266092700319,8.233305390742528,17.63484680920983,0.987060791802358,19.737432290235702,-0.01647788071945367,0.380296250905818,0.4299383431476725,0.9208812814522496,0.05154373137800769,True,True,46,1.1102230246251565e-16
36.0,5.5,15.0557901376854,316227.7660168379,0.8629185763441419,19.53812056587059,434.7517381179981,-0.30093729299658534,7.530798035836792,8.496189519883087,18.067796296803245,1.0600663710742277,22.25146152887537,-0.015402571193171262,0.3854412716129757,0.43485193426046964,0.9247458697928335,0.054256312294743626,True,True,47,8.131516293641283e-20
36.0,5.5,15.073511656672743,316227.7660168379,0.8967267124459335,19.923862036089766,501.71787476146596,-0.2858806135482436,7.785085063189034,8.765486508239187,18.50163560302286,1.1376915584573013,25.18175812764926,-0.01434865454450568,0.3907417672882524,0.439949167102318,0.9286169302672992,0.05710195926856475,True,True,46,1.546893919923166e-19
36.0,5.5,15.091233175660083,316227.7660168379,0.931791328143472,20.306628152191692,580.9447550911758,-0.27036706470969973,8.04553586441438,9.041200701531926,18.93574936987521,1.2201614089065895,28.60862722935489,-0.013314227388386932,0.3962024519341989,0.4452339715767194,0.9324910678404025,0.06008685438871828,True,True,46,1.3552527156068805e-19
36.0,5.5,15.108954694647425,316227.7660168379,0.9681513563463444,20.68599792585778,674.959447372724,-0.25438562282262894,8.312186465887727,9.323359091230932,19.369505565027662,1.3077026248938863,32.6288076500779,-0.012297478890522533,0.401826708853015,0.4507086931289211,0.936358286143668,0.06321680150896855,True,True,46,1.3552527156068805e-19
36.0,5.5,15.126676213634767,316227.7660168379,1.0058560618741037,21.061442396418563,786.8682523681048,-0.23792241165523395,8.58503995979031,9.61195279263169,19.80225234152159,1.4005415195958806,37.36060605715729,-0.011296586775827469,0.40761880398325284,0.4563767576652858,0.9402134938720487,0.06649789189338896,True,True,46,1.3552527156068805e-19
36.0,5.5,15.144397732622108,316227.7660168379,1.0449538683034334,21.4324770070379,920.4836833197189,-0.2209582854548699,8.864096655652867,9.906967168880753,20.233332059895236,1.4989213122403366,42.94807749087773,-0.010309507640312066,0.41358246425469697,0.46224088637200206,0.9440500999138414,0.06993691451287351,True,True,47,1.0842021724855044e-19
36.0,5.5,15.16211925160945,316227.7660168379,1.0854898766164793,21.79869652331997,1080.4878543355162,-0.20347877638833,9.14936391225017,10.208394989633613,20.662070776295767,1.603071780894721,49.56662675585322,-0.009334446955149405,0.4197206884577845,0.46830300053550455,0.9478580865691555,0.07353979992243001,True,True,84,8.131516293641283e-20
36.0,5.5,15.179840770596792,316227.7660168379,1.1275194282307035,22.15959958056995,1272.6776508333824,-0.18546418777265186,9.440812504158618,10.516189003102514,21.08778779557995,1.7132344952251375,57.43233970478851,-0.008369473784863475,0.42603714339840965,0.4745658406356473,0.9516321682125615,0.07731342297030228,True,True,47,1.3552527156068805e-19
36.0,5.5,15.197562289584134,316227.7660168379,1.1710930164674536,22.51479247503636,1504.206942143208,-0.1668937170267747,9.73842217524322,10.830309424395013,21.509813951015513,1.8296586701651278,66.80971826904565,-0.00741262515352166,0.43253439648803577,0.48103083501228333,0.9553636337028142,0.08126473615929579,True,True,46,8.131516293641283e-20
36.0,5.5,15.215283808571476,316227.7660168379,1.216264777109809,22.863879314674065,1783.9358587733711,-0.14774974082807593,10.04215851818347,11.150701211345385,21.92745541837017,1.9525731043333263,78.02419852821909,-0.006462146637261594,0.43921498972129375,0.4876994432081721,0.9590435252296448,0.0853999042533505,True,True,47,5.421010862427522e-20
36.0,5.5,15.233005327558818,316227.7660168379,1.263093385820798,23.20645463938672,2122.8955563035665,-0.12800917340602086,10.35196397538686,11.477283607710453,22.340055482127134,2.08223192074931,91.47866786598767,-0.005516102110175834,0.446081236287476,0.49457290163706646,0.9626655958127656,0.0897264124617847,True,True,46,8.131516293641283e-20
36.0,5.5,15.25072684654616,316227.7660168379,1.3116360038817916,23.54218606251745,2534.7850472375403,-0.10765076385599873,10.667781734238764,11.809974803410533,22.746943225069376,2.218873757622252,107.6699096891976,-0.004572674923650962,0.4531347133995941,0.5016515786617503,0.9662205185475865,0.0942509651282987,True,True,47,2.220446049250313e-16
36.0,5.5,15.268448365533501,316227.7660168379,1.3619538454109055,23.87074453483583,3036.6965238409775,-0.08665415591106611,10.989536151504206,12.148673044143496,23.14747280369148,2.3627283714018725,127.2141520097694,-0.003630140475283758,0.4603767651849568,0.5089356566325068,0.9697004955128717,0.09898008702467655,True,True,47,2.791820594150174e-18
36.0,5.5,15.286169884520843,316227.7660168379,1.4141108279731474,24.19182537381207,3650.0195896774158,-0.06499428473213714,11.31713342936805,12.493255782435599,23.541022591965103,2.5140486387173384,150.87822160078107,-0.0026866217711084424,0.46780816472075637,0.5164246843464608,0.9730982357969784,0.10392141146318067,True,True,47,1.0842021724855044e-19
36.0,5.5,15.303891403508185,316227.7660168379,1.4681729047574468,24.50516010876771,4401.478072599852,-0.04264931721323478,11.650470316319812,12.843588982074431,23.926982677269113,2.6730516680461984,179.61433645255167,-0.0017404218957939093,0.47542926733016466,0.5241177337780021,0.9764058904764417,0.10908117540067841,True,True,46,1.6263032587282567e-19
36.0,5.5,15.321612922495527,316227.7660168379,1.524206743045618,24.810536472130988,5324.624732650752,-0.019596339174997354,11.989431587593232,13.199526555103631,24.304781181104065,2.8399668003425074,214.61143085848872,-0.0007898393973467441,0.48323951402907556,0.5320129441751615,0.9796153020876827,0.11446615850215759,True,True,47,5.421010862427522e-20
36.0,5.5,15.339334441482869,316227.7660168379,1.5822858877716364,25.10772142512738,6461.647926183323,0.004191344496362716,12.333872280090908,13.560888400856605,24.67387795004302,3.015024471267395,257.3570025241962,0.00016693448303787894,0.49123821597555956,0.5401082866597803,0.9827207149649918,0.12008355597931757,True,True,47,8.131516293641283e-20
36.0,5.5,15.35705596047021,316227.7660168379,1.6424834475879477,25.396558367841404,7865.535505350733,0.028736669462607355,12.683644586592775,13.927491149719518,25.033765617904916,3.1984186782517847,309.70871688309273,0.0011315182571743814,0.4994237566714371,0.5484007300514906,0.9857148852737512,0.1259390596129674,True,True,46,8.131516293641283e-20
36.0,5.5,15.374777479457553,316227.7660168379,1.7048739333916516,25.67694428627999,9603.17076451729,0.05406529121147354,13.038585320357761,14.299135564229532,25.383976797378494,3.3903658586966023,373.9997508055727,0.0021055967800795656,0.5077934965697882,0.5568861857082432,0.9885902510191589,0.1320393042449441,True,True,46,2.220446049250313e-16
36.0,5.5,15.392498998444895,316227.7660168379,1.7695427031617392,25.9487147277488,11758.981777672303,0.08020551993247908,13.398490106238446,14.67557571087274,25.724103349805468,3.5910563133071145,453.1623974846658,0.003090924570792311,0.5163450385429106,0.5655607942376856,0.9913440268506578,0.13839052727597886,True,True,46,1.1102230246251565e-16
36.0,5.5,15.410220517432236,316227.7660168379,1.8365685220071857,26.211862873225893,14439.470165705605,0.1071821564951387,13.763170542988087,15.056583863238759,26.053754067385476,3.800660517207035,550.8753893434564,0.0040890705484584195,0.5250741089846948,0.5744186872966708,0.9939680439118306,0.14499772624284632,True,True,46,1.1926223897340549e-18
36.0,5.5,15.427942036419577,316227.7660168379,1.9060388143151032,26.46635040112399,17779.630211800184,0.13502408104123884,14.132399817810976,15.441890667988286,26.37262605806221,4.019359328971077,671.7824687700465,0.005101726494012735,0.5339761472065597,0.5834537227064178,0.9964587356533374,0.15186677679595673,True,True,84,1.6263032587282567e-19
36.0,5.5,15.44566355540692,316227.7660168379,1.9780490967253415,26.712120139175365,21950.34300526829,0.1637612612729768,14.505919385923637,15.831190938063044,26.680434913768398,4.2472957800810125,821.7372073389425,0.006130597662025651,0.5430463516315801,0.5926594690192858,0.9988138258872047,0.1590025710408523,True,True,46,8.131516293641283e-20
36.0,5.5,15.46338507439426,316227.7660168379,2.0526859081532285,26.94929902854713,27167.89787860765,0.19342113332131036,14.883495321321016,16.224207629497638,26.97697103230202,4.484606790220548,1008.1114855651333,0.007177223166970734,0.5522776420104684,0.6020270735914687,1.0010268171994223,0.1664090329574082,True,True,46,2.220446049250313e-16
36.0,5.5,15.481106593381602,316227.7660168379,2.1300533060670506,27.177884375599575,33707.16911738568,0.22403622635994358,15.264826773187677,16.62059028069017,27.262073758670557,4.731415003159365,1240.2425682422922,0.00824332840863376,0.5616635409227256,0.6115483475826473,1.003097716581154,0.17409062963735508,True,True,46,1.0842021724855044e-19
36.0,5.5,15.498828112368944,316227.7660168379,2.2102540447402075,27.397968845392587,41916.613078886396,0.2556384476229468,15.649613858555211,17.01998950855374,27.53563246905005,4.987815296010964,1529.9168093599521,0.009330562023247812,0.5711961330734541,0.6212135507050891,1.0050245923131857,0.1820505499570909,True,True,47,5.421010862427522e-20
36.0,5.5,15.516549631356286,316227.7660168379,2.2933883553639913,27.609748463371112,52238.23032811349,0.28825867036179376,16.037561840138114,17.42206264848521,27.797605742151934,5.253887848768525,1892.0212329140238,0.010440467096040967,0.5808659163054161,0.6310112774695666,1.0068040199290496,0.19029104360507576,True,True,87,1.0842021724855044e-19
36.0,5.5,15.534271150343628,316227.7660168379,2.3795762877453788,27.813274321642936,65234.178579671316,0.3219331562870452,16.428302253597437,17.826386234018134,28.047983591203415,5.5296860225445785,2345.4332569865483,0.011574802468925153,0.5906640859186338,0.6409308745121932,1.0084387500315934,0.1988146364429177,True,True,46,9.75781955236954e-19
36.0,5.5,15.55199266933097,316227.7660168379,2.4689283801814774,28.00877962328749,81617.12555059136,0.35669626028726104,16.82149926359378,18.232573629945993,28.28684293140014,5.815249043792814,2913.9836382850463,0.01273515894247285,0.6005795143465583,0.65095923046882,1.009927719516971,0.2076223642017523,True,True,46,9.215718466126788e-19
36.0,5.5,15.569714188318311,316227.7660168379,2.5615643758277353,28.1964694838307,102291.36258116116,0.39258305547513395,17.21678469403131,18.640203581152445,28.51426785885046,6.110573377571304,3627.8074685846846,0.013923128060421223,0.6106007244596454,0.6610828916663376,1.0112708569844888,0.21671413086221378,True,True,46,2.168404344971009e-19
36.0,5.5,15.587435707305653,316227.7660168379,2.657616742125316,28.37648976633043,128405.54797473122,0.4296335427827062,17.613743650864404,19.048804443207526,28.730436195590915,6.415644537607893,4525.068076851715,0.01514047531321085,0.6207160856013857,0.6712882601078275,1.0124732280904052,0.22609013977550707,True,True,47,5.421010862427522e-20
36.0,5.5,15.605157226292995,316227.7660168379,2.757209335088472,28.549147231615056,161413.4801824182,0.46788521267189986,18.011996412016742,19.457944736222167,28.935535436380903,6.730424022758311,5653.880967893515,0.016388763169562143,0.6309118890973537,0.681559577887308,1.0135341417251849,0.23574868867904758,True,True,45,9.215718466126788e-19
36.0,5.5,15.622878745280337,316227.7660168379,2.860482938059501,28.71464518813949,203156.19062372757,0.5073777347119833,18.41110722566026,19.86713260657336,29.129811363215406,7.054810018349782,7075.002643864836,0.01766965015195641,0.6411748118435717,0.691881528620783,1.0144583425062623,0.24568682538566602,True,True,45,7.589415207398531e-19
36.0,6.0,14.222878745280337,1000000.0,0.1201622629674654,4.922559606417166,4.484759798844438,-0.1409472069569208,1.288573184174318,1.6028493610004917,4.01134418750237,0.06848991574292879,0.9110625685462495,-0.028632910157792436,0.26176893470106555,0.32561299184899234,0.8148899166752773,0.013913476162613389,True,True,140,1.1102230246251565e-16
36.0,6.0,14.240600264267679,1000000.0,0.12520771469960856,5.096090205782342,4.808904374018044,-0.15999924482455344,1.336587662487998,1.6648196205087877,4.168001535928607,0.07409504855450096,0.9436458500207789,-0.03139647030639456,0.26227708076505835,0.32668566553625356,0.8178822131522187,0.014539587323322514,True,True,84,1.0842021724855044e-18
36.0,6.0,14.25832178325502,1000000.0,0.13046590027382363,5.274990819254733,5.156532002582745,-0.17860196914710785,1.386576622247419,1.7289228213255912,4.330280819782553,0.08014665157811365,0.9775433132054769,-0.03385825213101343,0.26285858492609065,0.3277584512592306,0.8209077452753459,0.015193704467799817,True,True,45,2.710505431213761e-20
36.0,6.0,14.276043302242362,1000000.0,0.13594433913209342,5.459380863205069,5.529336786490757,-0.19665996245356399,1.4386256711521272,1.7952223397698073,4.498341524763126,0.08668091884198714,1.0128138931938555,-0.03602239290154777,0.26351443638016225,0.32883258830120826,0.8239655077155141,0.015877426582599496,True,True,45,2.710505431213761e-20
36.0,6.0,14.293764821229704,1000000.0,0.14165171209325772,5.649369946233529,5.92914957380433,-0.21408133237502636,1.4928195737453893,1.8637807889524207,4.672343819082388,0.09373577118253938,1.0495240407750837,-0.037894727095674756,0.26424532079735047,0.329909495517286,0.8270557360467197,0.016592252246648075,True,True,83,2.8189256484623115e-18
36.0,6.0,14.311486340217046,1000000.0,0.1475957328360716,5.845072113149851,6.357929073169235,-0.23078137590466113,1.5492476467731948,1.934665133846471,4.85244860659323,0.10135369920732759,1.087741767781717,-0.03948306734924017,0.2650519303752988,0.3309908066820923,0.8301777142623299,0.01734002545140698,True,True,83,2.710505431213761e-20
36.0,6.0,14.329207859204388,1000000.0,0.15378572758982578,6.046586200554414,6.817801159761521,-0.2466807944933925,1.6079971785339298,2.0079400276585817,5.038816472421217,0.10957894213776108,1.1275455163669696,-0.04079670516741731,0.2659347150936989,0.3320782936121001,0.8333324466554708,0.018122447692503537,True,True,47,2.710505431213761e-20
36.0,6.0,14.34692937819173,1000000.0,0.16023056936241917,6.254011635196604,7.31104051825687,-0.26170551916686374,1.6691583134546966,2.0836741648321206,5.2316076683035595,0.11845968634210037,1.1690161363166438,-0.04184602370964995,0.26689402112092875,0.33317401475646874,0.8365202966462176,0.018941392061925133,True,True,47,2.710505431213761e-20
36.0,6.0,14.364650897179072,1000000.0,0.16693890458241423,6.4674448927979915,7.840101383096922,-0.27578945789407927,1.7328228590467354,2.1619381772700508,5.430981521330278,0.12804822451438078,1.212240925597602,-0.04264272250718248,0.26793005395011094,0.33428010800332275,0.8397414452464995,0.01979888914971236,True,True,84,5.149960319306146e-18
36.0,6.0,14.382372416166413,1000000.0,0.17392151526373864,6.686962054278793,8.407632875964918,-0.2888702214093406,1.7990800929293211,2.2428008729137905,5.637095092570453,0.13839842075240347,1.2573172701922417,-0.043199022076774146,0.2690429642528242,0.3353990728089577,0.8429979184588672,0.020696755810636958,True,True,46,2.710505431213761e-20
36.0,6.0,14.400093935153755,1000000.0,0.18118693530072863,6.912651937103669,9.016464504077703,-0.3008932237084884,1.8680250695754383,2.3263377263447826,5.850103633240301,0.14957069171343176,1.3043423256538953,-0.04352790021054635,0.27023276834593846,0.3365333228855574,0.8462893382263125,0.021637237499346793,True,True,45,1.1106719520872013e-19
36.0,6.0,14.417815454141095,1000000.0,0.1887464901694264,7.144575385689056,9.669666629323077,-0.31180896241156475,1.9397485872460785,2.4126211246478175,6.0701586461333275,0.16162646638145603,1.3534277556496785,-0.04364275629817466,0.27149949192662903,0.33768572579980316,0.8496178314938296,0.022622263417529608,True,True,86,1.1102230246251565e-16
36.0,6.0,14.435536973128437,1000000.0,0.19661043093941988,7.382796998240332,10.370519499255536,-0.3215729625040895,2.0143449464949423,2.5017281749159275,6.297407589144544,0.17463283578463262,1.4046870720849183,-0.04355706415613696,0.27284306299835354,0.33885913096516224,0.8529839829871405,0.02365402107443234,True,True,46,2.710505431213761e-20
36.0,6.0,14.45325849211578,1000000.0,0.20478908392699188,7.627373834865021,11.12255800752128,-0.33014795308837613,2.091909346052838,2.5937384096678495,6.531993563345806,0.18866099458809285,1.4582421483892183,-0.04328461672866447,0.2742633823047508,0.3400565470924961,0.8563882805229516,0.024734725040710098,True,True,45,3.3881317890172014e-19
36.0,6.0,14.470980011103121,1000000.0,0.21329505263819687,7.878337877050171,11.929599912051682,-0.33750003146015944,2.1725336742322274,2.688729781023939,6.774052437251692,0.2037841226635952,1.514228013348216,-0.042838989229353426,0.27576040887518694,0.3412813493130686,0.8598326884385988,0.02586638525078041,True,True,46,5.421010862427522e-20
36.0,6.0,14.488701530090463,1000000.0,0.2221383694091065,8.13573603909299,12.795721131529962,-0.3436017207103564,2.2563158864360573,2.7867880843683377,7.02371471770606,0.22008311152441262,1.5727797792412757,-0.042233636767382475,0.27733395916414244,0.34253668887210137,0.8633164453660295,0.02705140757601921,True,True,45,7.318364664277155e-19
36.0,6.0,14.506423049077805,1000000.0,0.2313322534412583,8.399579989866558,13.725348023468367,-0.34843038283759814,2.3433487649291442,2.8879960986700945,7.281101340982017,0.23763904832943755,1.634051707350479,-0.04148188162478986,0.2789840406015792,0.34382625109282106,0.8668411217901493,0.028291777519367713,True,True,45,9.893344823930228e-19
36.0,6.0,14.524144568065147,1000000.0,0.24088860310063526,8.669886115347651,14.723224794806343,-0.35196678894020156,2.433728376445136,2.992442019159067,7.54632482864897,0.2565404334702201,1.6982027905468007,-0.040596472001764944,0.28071053576319627,0.3451535555769032,0.8704064538160744,0.029589827369945004,True,True,45,1.463672932855431e-18
36.0,6.0,14.541866087052489,1000000.0,0.25081949369275325,8.946660584736161,15.79446423305616,-0.3541981611814748,2.527551800765635,3.100217278479479,7.819487742727599,0.2768788565219991,1.7654033126061575,-0.0395899853165068,0.28251343356848413,0.3465222860660143,0.8740118917742756,0.030947732273914615,True,True,45,2.1412992906588713e-18
36.0,6.0,14.55958760603983,1000000.0,0.2611392871249119,9.229880987914752,16.9446219771799,-0.3551142138483683,2.624912039598478,3.2114118468248996,8.100679116853094,0.29874886116834015,1.835844037357202,-0.03847440875059397,0.28439283702958207,0.3479364307112733,0.8776580247849142,0.03236757457214349,True,True,45,1.1102230246251565e-16
36.0,6.0,14.577309125027172,1000000.0,0.2718598277991891,9.519539669030628,18.179648206520596,-0.35470918396172507,2.7259082369394783,3.326123954553438,8.389978305103881,0.3222528690463687,1.9097192551929167,-0.03726116979329159,0.28634874497214596,0.34939966323940286,0.8813428586676849,0.033851728156008995,True,True,45,4.30970363562988e-18
36.0,6.0,14.595030644014514,1000000.0,0.2829960285014733,9.815591136855847,19.506029681412475,-0.35298195248889624,2.830634678559617,3.4444496865168643,8.68744641069862,0.34749260784474556,1.9872496123204142,-0.035961354498916534,0.2883814779051944,0.35091617392085045,0.8850660433561419,0.03540210701523323,True,True,45,1.1102230246251565e-16
36.0,6.0,14.612752163001856,1000000.0,0.2945617936431502,10.11799118500048,20.930789216833666,-0.3499326853494995,2.9391877440433185,3.566489640319563,8.993132839384678,0.37457873635065453,2.068670434093946,-0.03458519373571513,0.2904912339121769,0.3524898940025508,0.8888259215640195,0.037021057787236716,True,True,45,8.267041565201971e-18
36.0,6.0,14.630473681989198,1000000.0,0.30657109126616794,10.426685424744921,22.461509314153595,-0.3455666760894758,3.051665918086149,3.6923485211963607,9.307067557831763,0.4036235832854029,2.1542329512356124,-0.033142524398920355,0.2926784297955172,0.35412486046942293,0.892619962979218,0.03871063207944409,True,True,45,2.220446049250313e-16
36.0,6.0,14.64819520097654,1000000.0,0.31904007733854434,10.741589058637302,24.10650777058369,-0.3398913212802118,3.1681635659371623,3.8221297912353274,9.629262384688966,0.4347426496775685,2.244221747731046,-0.031642554879429644,0.2949436576508803,0.3558253597648065,0.8964467298203038,0.040472843198929895,True,True,45,1.3904892862126594e-17
36.0,6.0,14.665916719963882,1000000.0,0.3319830763480667,11.062626376913444,25.874786202187305,-0.33291553041368205,3.288779817706603,3.9559433143666847,9.959711761476877,0.46806009353695666,2.3389370047048956,-0.03009371545878493,0.29728743479667236,0.35759531051526144,0.9003026426221683,0.0423100335842264,True,True,45,2.220446049250313e-16
36.0,6.0,14.683638238951223,1000000.0,0.3454168289407491,11.389687655766108,27.77616806855257,-0.324652523711439,3.4136114383935157,4.093898641729961,10.298384808615578,0.5036973256081628,2.43871200932281,-0.02850407610142684,0.299710715654731,0.3594390614967739,0.9041850066364155,0.04422398057186077,True,True,45,1.1102230246251565e-16
36.0,6.0,14.701359757938565,1000000.0,0.35935768216050507,11.72265838286725,29.821454437291653,-0.31511545879289454,3.5427555377092754,4.236108059420665,10.64523217751012,0.5417858288943997,2.543915677085321,-0.02688088729544811,0.3022143460980692,0.3613607017339827,0.908090283776264,0.04621697666172919,True,True,46,2.5261910618912253e-17
36.0,6.0,14.719081276925907,1000000.0,0.37382240414244433,12.061410058440842,32.0223727420427,-0.3043193641062181,3.6763112168908867,4.3826864480856305,11.000178624854602,0.5824586261499055,2.654944371088083,-0.025230828123055868,0.30479945537695424,0.36336435183368376,0.9120143143758248,0.04829108896287695,True,True,46,1.3552527156068805e-19
36.0,6.0,14.736802795913249,1000000.0,0.3888291366635942,12.405790760741931,34.391821286475576,-0.2922822826566329,3.8143764741978146,4.5337498635558795,11.363121438446159,0.6258492755198383,2.772239347717224,-0.02356014931200991,0.3074674196721415,0.3654543229846267,0.9159530140073542,0.050448156638296326,True,True,46,1.0842021724855044e-19
36.0,6.0,14.75452431490059,1000000.0,0.40439554471627526,12.755644757350343,36.944023709860026,-0.27902067878583253,3.9570501507889833,4.689416367532133,11.733936791945137,0.6721027204288362,2.896288224754089,-0.021874290488142437,0.310219532298339,0.36763460073861753,0.9199015036212533,0.05269061135004894,True,True,46,1.8973538018496328e-19
36.0,6.0,14.772245833887931,1000000.0,0.42054147677565784,13.11078348875773,39.69447705405688,-0.2645528294876323,4.104430650072968,4.849803526627825,12.1124651438188,0.7213592136760691,3.0276205146774187,-0.0201782623986188,0.313057618073889,0.3699095123328402,0.923855172667982,0.05502029793220383,True,True,46,1.6263032587282567e-19
36.0,6.0,14.789967352875273,1000000.0,0.43728570534542893,13.471022351046095,42.66031483933266,-0.2488984005639266,4.256619238512507,5.015034005810791,12.498523816647158,0.7737668608441269,3.1668208787449506,-0.01847657839752588,0.31598338474896515,0.37228310332521625,0.9278081121791459,0.05743935691592405,True,True,47,2.7511630126819675e-17
36.0,6.0,14.807688871862615,1000000.0,0.4546492084674233,13.836143361583039,45.8604731182835,-0.23207452829984784,4.413713614371734,5.185226479981467,12.891895866059604,0.8294791198104453,3.314541626217759,-0.016773064735959443,0.318998835081942,0.3747595225399723,0.9317550078192165,0.059950168058647654,True,True,47,5.421010862427522e-20
36.0,6.0,14.825410390849957,1000000.0,0.4726537553468786,14.205911952779456,49.31563690893965,-0.21409992425141228,4.575813830400305,5.360502031455088,13.292333083499154,0.8886460719637926,3.4714868762290765,-0.015071184797081794,0.3221063065581668,0.3773430420569571,0.9356902342970276,0.06255466561510856,True,True,48,1.1102230246251565e-16
36.0,6.0,14.843131909837298,1000000.0,0.49131997837744434,14.58009973085084,53.04877264651593,-0.1949928701130423,4.74302246110127,5.540985699983503,13.69955531901702,0.9514286488364855,3.6384368849183586,-0.013373905097538264,0.3253079573293485,0.38003757191447907,0.9396064205260114,0.06525529086905386,True,True,47,1.3118846287074604e-17
36.0,6.0,14.86085342882464,1000000.0,0.5106729518275396,14.958419186827376,57.08525331894573,-0.17476849723638394,4.915434724733308,5.726793577314501,14.113247020497067,1.0179863474324609,3.8162624409680888,-0.011683620779279128,0.32860656352389955,0.3828475125471552,0.9434985638673249,0.06805440700103631,True,True,47,5.421010862427522e-20
36.0,6.0,14.878574947811982,1000000.0,0.5307355631379438,15.340603192571116,61.45285501940368,-0.1534429282270276,5.0931537288572395,5.918050147510336,14.53306101202491,1.0884820317513797,4.005895612316145,-0.010002405140192551,0.33200478918088855,0.38577688720716197,0.947359163755877,0.0709543176423787,True,True,47,4.22203572558906e-18
36.0,6.0,14.896296466799324,1000000.0,0.5515325082584863,15.726357543079851,66.18247879198377,-0.13103013116564466,5.276278977018054,6.1148761972544285,14.958609659426303,1.1630848959890323,4.208379379057574,-0.008331880462892217,0.3355054698816638,0.38882978340685054,0.9511808197447867,0.07395767855353323,True,True,47,1.1102230246251565e-16
36.0,6.0,14.914017985786666,1000000.0,0.5730919760888249,16.115340970915632,71.3081884304373,-0.10754085419836074,5.464904651159038,6.31738544851155,15.38948006427552,1.2419623935321182,4.4248637716776615,-0.00667319756947411,0.33911194687235563,0.39201065989934264,0.9549583897759211,0.0770670875517661,True,True,48,1.1102230246251565e-16
36.0,6.0,14.931739504774008,1000000.0,0.5954391391406315,16.507246264655976,76.86736822485338,-0.08298547788534227,5.659133857522052,6.52570077093578,15.825210248784463,1.3252900187164842,4.656583356936752,-0.00502721511237306,0.3428272509412395,0.39532340320796566,0.9586826291353129,0.08028534847475387,True,True,47,2.220446049250313e-16
36.0,6.0,14.94946102376135,1000000.0,0.6186039315845446,16.901704296588353,82.90150407175426,-0.05737123509368735,5.859059989394317,6.7399336729557975,16.265320560153775,1.4132418117707481,4.904919800808971,-0.0033944053266431753,0.34665498144923657,0.39877242878496394,0.9623479546637771,0.0836153435755005,True,True,46,1.6263032587282567e-19
36.0,6.0,14.967182542748692,1000000.0,0.6426166128939034,17.298340703606588,89.4562291088963,-0.030702196338710665,6.06477732810769,6.960195246666334,16.709278719340382,1.505996670538666,5.171376297973208,-0.0017748636626349638,0.3505987904864901,0.40236201644561087,0.9659469081827374,0.08706018087761885,True,True,47,4.065758146820642e-18
36.0,6.0,14.984904061736033,1000000.0,0.6675070867976548,17.69678556014329,96.58171783153024,-0.0029800640819824063,6.276382356692974,7.186597483747483,17.156538964600575,1.6037393737770829,5.457585362228247,-0.00016839578418659874,0.3546622823315803,0.40609620652991024,0.9694720493896101,0.09062320206834769,True,True,46,5.421010862427522e-20
36.0,6.0,15.002625580723375,1000000.0,0.6933098991996298,18.0966105405657,104.33326163824427,0.02579620925748872,6.493962269058556,7.419240609190612,17.60650573712112,1.7066489150032718,5.765348234928794,0.0014254718694234733,0.35884964504825745,0.4099795700725008,0.9729173149664713,0.09430765563405455,True,True,46,1.6263032587282567e-19
36.0,6.0,15.020347099710717,1000000.0,0.7200577802827962,18.49741402676927,112.77164163747625,0.05563128398907245,6.7176086828464685,7.658228077095707,18.058566093319094,1.8149164307122443,6.096616612153151,0.003007516829572146,0.36316474687352585,0.4140161465820464,0.976275173772124,0.09811730591561153,True,True,46,1.1102230246251565e-16
36.0,6.0,15.038068618698059,1000000.0,0.7477874178450785,18.8987467321288,121.9636206162685,0.08653427309148007,6.947404339568605,7.903650942902945,18.512078279250435,1.9287315567476147,6.4535295564824064,0.004578836592606828,0.36761190771225455,0.41821032129428715,0.9795399949870216,0.10205605610178775,True,True,46,2.6020852139652106e-18
36.0,6.0,15.0557901376854,1000000.0,0.7765362177425635,19.30015650720231,131.98204990390616,0.11851540362931322,7.183431763367731,8.155597939039891,18.96636223814093,2.048280355640486,6.8383927277819705,0.006140644692963313,0.37219551876105583,0.42256641473329176,0.9827051003997395,0.10612765522787972,True,True,46,1.1102230246251565e-16
36.0,6.0,15.073511656672743,1000000.0,0.8063414524674726,19.70120152799146,142.90708411143444,0.15158951664733647,7.42577194608551,8.414154259646367,19.420739509327287,2.1737616759919858,7.253724292317506,0.007694430029151173,0.3769197495662879,0.42708838076152555,0.9857642175648174,0.1103365027205831,True,True,46,1.951563910473908e-18
36.0,6.0,15.091233175660083,1000000.0,0.8372466447626494,20.101366792278935,154.82636612636028,0.18577732725815949,7.674489809540807,8.679384007311091,19.87448402559425,2.305367482009808,7.702280532776014,0.009242024643295288,0.38178945187392077,0.4317807886896974,0.9887130676720036,0.11468710092367025,True,True,46,1.0842021724855044e-19
36.0,6.0,15.108954694647425,1000000.0,0.8692913376434079,20.500204743994598,167.83452024386847,0.22109853325030504,7.929661320297189,8.951361358418396,20.326880932134475,2.4432901067013897,8.186968000552994,0.0107851865877132,0.3868088840732253,0.43664741256014233,0.9915452643510355,0.11918369290517139,True,True,48,1.0842021724855044e-19
36.0,6.0,15.126676213634767,1000000.0,0.9025197549113398,20.897220533921846,182.03567448341462,0.2575788212532681,8.191346540403666,9.230141104957195,20.777177699100342,2.587727646757238,8.710999349790152,0.012325984732522104,0.39198258577531364,0.4416922858221349,0.9942555597464915,0.12383118810258309,True,True,46,1.6263032587282567e-19
36.0,6.0,15.144397732622108,1000000.0,0.9369805259621544,21.29187847685291,197.54287665840715,0.2952499946508055,8.459591831215578,9.51575958694044,21.22463969161886,2.7388744274226813,9.277851030061175,0.013866789394452973,0.39731542899853917,0.4469196833565122,0.9968420454161832,0.12863470127354898,True,True,45,1.1926223897340549e-18
36.0,6.0,15.16211925160945,1000000.0,0.9727168573033589,21.68373999600135,214.4769206507916,0.33414090397996155,8.734458211120504,9.808267456785302,21.668504651496225,2.896922257612301,9.891140582313882,0.015409744999782312,0.4028114251845487,0.4523328290504324,0.9992973839149549,0.1335988283454107,True,True,45,7.589415207398531e-19
36.0,6.0,15.179840770596792,1000000.0,1.0097808317279329,22.072270822154906,232.97042064270332,0.37428761135472643,9.015976910801779,10.107680993441843,22.108025600232736,3.0620610172810094,10.554891362100392,0.016957367656935306,0.40847527576329157,0.45793570923823207,1.001619895767224,0.13872886219787972,True,True,45,5.421010862427522e-19
36.0,6.0,15.197562289584134,1000000.0,1.0482250036378185,22.456960077088056,253.16607322041372,0.41573173238142364,9.304173595359526,10.414007573619571,22.542463456758423,3.234486165588019,11.273390180655351,0.018512377942265578,0.4143113566315774,0.4637318469584211,1.003807433391557,0.14403045445532214,True,True,46,1.6263032587282567e-19
36.0,6.0,15.215283808571476,1000000.0,1.0880990721047106,22.837369923460834,275.21473382970817,0.4585106318438293,9.59908151589069,10.727261295800691,22.971072027489686,3.414377494133438,12.05106957377697,0.020077208250359916,0.4203234237594738,0.46972402390261997,1.0058545316066148,0.14950834993594633,True,True,46,1.6263032587282567e-19
36.0,6.0,15.233005327558818,1000000.0,1.129462176117982,23.212969954188857,299.281069783774,0.5026693931615347,9.900699099048563,11.047416939178465,23.393144801850287,3.601912876138161,12.892838373306374,0.021654678145603956,0.42651582794393567,0.4759157040646116,1.0077618179843857,0.15516811865291646,True,True,83,2.710505431213761e-19
36.0,6.0,15.25072684654616,1000000.0,1.1723715505553787,23.583298010742293,325.54048259968516,0.548257919401596,10.209024065527618,11.374446375470734,23.80797413921173,3.7972826943083087,13.803857393117793,0.023247720448253767,0.43289212818653966,0.4823094026242481,1.0095269172431733,0.161015761772532,True,True,45,3.4558944247975454e-19
36.0,6.0,15.268448365533501,1000000.0,1.2168857990875084,23.94791868023078,354.17604147963124,0.5953212777464018,10.524049043568834,11.708314353445841,24.21489944415783,4.000642537051624,14.789428935718188,0.02485899863347393,0.43945568648754973,0.48890738730924277,1.0111483911187422,0.16705595966275721,True,True,45,2.846030702774449e-19
36.0,6.0,15.286169884520843,1000000.0,1.2630697464337024,24.306361168972433,385.38561248613536,0.6439121639099658,10.845737688365483,12.048953478368672,24.613261597296336,4.212156859000407,15.855339670427014,0.026491508104961956,0.4462098465898832,0.495711941191321,1.0126263419765056,0.17329442402827913,True,True,45,2.710505431213761e-19
36.0,6.0,15.303891403508185,1000000.0,1.31098802583852,24.658211516562407,419.3775503925728,0.6940875032286028,11.174046615499211,12.396286903461371,25.00248073246229,4.431997763255256,17.00762239430405,0.02814833114568746,0.45315722139839043,0.502724493831803,1.0139616458261234,0.1797371946573812,True,True,45,4.87890977618477e-19
36.0,6.0,15.321612922495527,1000000.0,1.360708791645446,25.003065930135428,456.36557019932906,0.745899216957042,11.508919397857934,12.750222163605786,25.381970062336432,4.6602884727302465,18.252384386559797,0.029832310127136552,0.460300325968688,0.5099463481491817,1.0151543068062034,0.1863886807222847,True,True,45,4.336808689942018e-19
36.0,6.0,15.339334441482869,1000000.0,1.4123025127293758,25.340551884169237,496.57740696278887,0.7994065926326294,11.850279853678632,13.110645433975728,25.751219451069634,4.897176127150645,19.596155965056585,0.031546534435662195,0.467640953829492,0.5173780545074165,1.0162059440843099,0.19325451748389155,True,True,85,1.0842021724855044e-19
36.0,6.0,15.35705596047021,1000000.0,1.465844588121145,25.670296229027947,540.2491465315705,0.8546729223023811,12.198027894574652,13.477415098603574,26.10976986358134,5.142796259594537,21.045691943385417,0.03329423683611091,0.4751806440309455,0.5250198508953444,1.017119928443071,0.20034035500451558,True,True,47,1.6263032587282567e-19
36.0,6.0,15.374777479457553,1000000.0,1.521411522706326,25.991981833930023,587.6169402168547,0.9117563815327379,12.5520558127359,13.850380474451857,26.45717919071751,5.397238611571314,22.607623534492376,0.035078370989876886,0.48292030569021105,0.5328712740315755,1.0178977255278094,0.20765013787928016,True,True,47,1.6263032587282567e-19
36.0,6.0,15.392498998444895,1000000.0,1.5790820400668732,26.305335707613168,638.9276545794584,0.9707223936243942,12.912235073343808,14.229368649764611,26.793115853263554,5.660620218294787,24.288899472001145,0.03690211006672126,0.49085992350999763,0.5409308897603772,1.0185430116183316,0.2151890506630758,True,True,47,1.0842021724855044e-19
36.0,6.0,15.410220517432236,1000000.0,1.6389439160529866,26.610042497163516,694.4309409702405,1.0316403227743791,13.27839860794963,14.614163185630902,27.1172518862884,5.933025425576695,26.096573917319486,0.03876883409278081,0.4989995265646432,0.5491972884744055,1.0190608259712082,0.2229618921581626,True,True,122,1.6263032587282567e-19
36.0,6.0,15.427942036419577,1000000.0,1.7010814010803637,26.905915040788997,754.3668556546928,1.0945743965411974,13.65038533428698,15.004554237544333,27.429364837279838,6.21451073242329,28.037212431210126,0.04068155254641359,0.5073377104474307,0.5576674948537389,1.0194548223205677,0.23097191539489279,True,True,45,4.336808689942018e-19
36.0,6.0,15.44566355540692,1000000.0,1.7655856612656824,27.19275893497722,818.9793689712121,1.1595964107442738,14.02799734452634,15.400292213932719,27.729257380544347,6.505140255612406,30.117553387265307,0.04264357336881769,0.515872529818317,0.5663379817677783,1.019729459848116,0.23922325318910695,True,True,45,1.1102230246251565e-16
36.0,6.0,15.46338507439426,1000000.0,1.8325560303628692,27.470362218088507,888.504362732132,1.2267815766575003,14.410999666293831,15.80108630242991,28.016824289594314,6.804945566531951,32.34410801278315,0.04465836915137934,0.5246017344760227,0.575204876331238,1.0198927872580426,0.24771954270231916,True,True,83,1.6263032587282567e-19
36.0,6.0,15.481106593381602,1000000.0,1.9020865490240557,27.738669866232755,963.153309980209,1.2962003607628754,14.799169319375597,16.206659459805806,28.292003105238383,7.1139378193712055,34.72240430507048,0.04672900203988458,0.5335212319387794,0.5842623145940655,1.0199480812048316,0.25646283162377764,True,True,46,3.2526065174565133e-19
36.0,6.0,15.498828112368944,1000000.0,1.9742838318994864,27.99755863272564,1043.1298136565822,1.3679312924472051,15.192227074719977,16.616673685710715,28.554789885131097,7.43211052982192,37.25788477989985,0.04885894911023652,0.5426268509341442,0.5935043802814973,1.0199028515205653,0.2654556644497822,True,True,45,3.2526065174565133e-19
36.0,6.0,15.516549631356286,1000000.0,2.049257549118341,28.246961856003352,1128.6117556016804,1.4420554781159198,15.58987384702242,17.030769628927064,28.805269893816458,7.7594450553134795,39.95515557938899,0.05105170196593863,0.5519132969590175,0.6029239433163146,1.0197652420341428,0.2747001640342555,True,True,84,1.4907779871675686e-17
36.0,6.0,15.534271150343628,1000000.0,2.1271159929429437,28.486923204228685,1219.7324183959208,1.5186500397183131,15.991810512049172,17.44858887785288,29.043531942264508,8.09588190687409,42.81727477732169,0.05331042699244123,0.5613737362017145,0.6125122307088173,1.0195390963792537,0.28419643107235654,True,True,46,3.2526065174565133e-19
36.0,6.0,15.55199266933097,1000000.0,2.207981558098483,28.71741097523662,1316.5993529904372,1.5978002737431656,16.39767655782934,17.86970690033408,29.2697792264549,8.441343667280849,45.84672880594135,0.05563872993707436,0.5710012149761432,0.6222603742288381,1.0192346117724398,0.29394514967104535,True,True,46,2.168404344971009e-19
36.0,6.0,15.569714188318311,1000000.0,2.291975250230619,28.93850705025499,1419.27062580681,1.6795934686197334,16.80710918128317,18.293698162507116,29.48421226257069,8.795749067294464,49.044362355738876,0.05804008706126164,0.5807870168317849,0.6321576344881248,1.0188574072383216,0.3039461936311936,True,True,84,2.168404344971009e-19
36.0,6.0,15.587435707305653,1000000.0,2.379224201219149,29.150316322687722,1527.733292197901,1.764113486537133,17.219721774979867,18.72011218673628,29.68711431321863,9.158951703455813,52.40880665877593,0.0605178162394115,0.5907216094796797,0.6421924201270638,1.018414825574744,0.3141973350157916,True,True,45,2.168404344971009e-19
36.0,6.0,15.605157226292995,1000000.0,2.469864769710931,29.352933910187758,1641.926931878184,1.8514526668600852,17.635085062912157,19.148454036603713,29.878788606011696,9.530803258379613,55.93740431202031,0.0630755573710295,0.6007946298271536,0.6523523030165549,1.0179148938716966,0.3246967845715648,True,True,46,1.0842021724855044e-19
36.0,6.0,15.622878745280337,1000000.0,2.564034319172728,29.5465389140887,1761.7126128621705,1.9417042356715244,18.052763861109053,19.578224462636886,30.059583393988415,9.911144503240504,59.625007788040165,0.0657168083651808,0.6109941984609554,0.6626232777911387,1.0173639451101693,0.33544181036089354,True,True,45,2.168404344971009e-19
36.0,6.5,14.222878745280337,3162277.6601683795,0.11643632359900537,4.721853632815968,3.5764682016078546,0.00832762888268668,1.2593849291036128,1.5169265867637112,4.113440060925965,0.17187279154634144,0.7574288573351985,0.001763635540248701,0.2667140972670418,0.3212565879258445,0.8711494215615566,0.03639943228054738,True,True,66,2.6183482465524932e-17
36.0,6.5,14.240600264267679,3162277.6601683795,0.12116843697421435,4.884970417872441,3.7990880913637954,-0.0028934997166201043,1.3051785753568517,1.5742917537841439,4.275769191764458,0.1844730179442129,0.7777095389286756,-0.0005923269680474984,0.2671824931798253,0.32227252554577346,0.8752907031168248,0.037763384864991,True,True,45,2.168404344971009e-19
36.0,6.5,14.25832178325502,3162277.6601683795,0.12608837666588313,5.053092867275238,4.03443004522805,-0.013618267422611357,1.352754717185638,1.6336323619599344,4.443935416601293,0.19791978580498426,0.7984080544720965,-0.0026950360463006274,0.2677082635758245,0.3232935560198466,0.8794485938267708,0.03916804836237017,True,True,83,8.131516293641283e-20
36.0,6.5,14.276043302242362,3162277.6601683795,0.13120295234365575,5.226338338434301,4.283092192749868,-0.023759551203407833,1.402186260109546,1.695009572075816,4.61809598235996,0.21226541993793224,0.8195206500987824,-0.004546118078250113,0.26829228597733895,0.32432067392399333,0.8836197894802659,0.04061455768696414,True,True,45,3.324604317973129e-19
36.0,6.5,14.293764821229704,3162277.6601683795,0.13651884264021327,5.404824993727587,4.545689138503099,-0.03323306373758394,1.4535486059057705,1.7584868959713598,4.798408022009054,0.22756548813510938,0.8410427985695128,-0.006148777023520948,0.26893536933992207,0.32535501112656207,0.8878008127141411,0.04210413628548638,True,True,45,4.336808689942018e-19
36.0,6.5,14.311486340217046,3162277.6601683795,0.14204246277622654,5.588671853838705,4.822857569061376,-0.04195824140518009,1.5069192305041086,1.8241300688268445,4.985027957284224,0.24387990490829103,0.8629702539698564,-0.007507730370027026,0.2696381662611032,0.3263977768839478,0.8919879512804362,0.0436382581204471,True,True,45,2.220446049250313e-16
36.0,6.5,14.329207859204388,3162277.6601683795,0.14778170452071793,5.777986532470854,5.115255128841131,-0.049856914564410965,1.5623750886143357,1.892004297692098,5.178110339081205,0.26126949202287714,0.8853006319925917,-0.008628769604122032,0.2704013032626806,0.32745045130505274,0.8961790253372012,0.04521808601570932,True,True,45,3.5236570605778894e-19
36.0,6.5,14.34692937819173,3162277.6601683795,0.15374317500424686,5.972884869650297,5.423553120088464,-0.05685494288857705,1.619997440790875,1.9621791549061776,5.377807989995144,0.2798010159365552,0.9080290744673275,-0.00951884125164894,0.27122529165470477,0.3285144779663332,0.9003702745588007,0.046845204962562274,True,True,45,5.149960319306146e-19
36.0,6.5,14.364650897179072,3162277.6601683795,0.1599346549970317,6.17347209793628,5.748445931884781,-0.06288169890333022,1.6798671991487053,2.0347240682358914,5.584271102123121,0.2995432570379469,0.9311528165497694,-0.010185791383806665,0.27211060040431145,0.3295915225592541,0.9045592194366405,0.04852103521097645,True,True,45,7.047314121155779e-19
36.0,6.5,14.382372416166413,3162277.6601683795,0.16636457769692792,6.3798471859615375,6.090641456331408,-0.06786923301923117,1.7420664377868549,2.1097096626153236,5.797645350289416,0.32056746188149154,0.954668862560453,-0.010638065621473389,0.2730577060874068,0.33068341625135006,0.9087436080047151,0.05024688719611977,True,True,45,8.944667923005412e-19
36.0,6.5,14.400093935153755,3162277.6601683795,0.17303993864945286,6.592117810609695,6.450859149727569,-0.07175411150815605,1.806681694853006,2.1872113018551476,6.018073643929328,0.34295157403971915,0.9785715812519648,-0.010884834520504363,0.2740669609916921,0.3317919012816999,0.9129196135183641,0.052024491050168306,True,True,45,1.0570971181733668e-18
36.0,6.5,14.417815454141095,3162277.6601683795,0.1799705002495425,6.810367894587331,6.82983862799171,-0.0744750894143546,1.8737966872288023,2.26730169245065,6.245692113304146,0.3667726206739966,1.0028589840821747,-0.010935545710173028,0.2751388348224239,0.3329191208969241,0.9170858623170751,0.053855037840980086,True,True,45,1.1102230246251565e-16
36.0,6.5,14.435536973128437,3162277.6601683795,0.1871644323983064,7.034691881396324,7.228319215122695,-0.07597428212862406,1.9435004787263708,2.3500590971175117,6.480631260403826,0.3921142149369831,1.0275246360453156,-0.010799944533397792,0.2762737176685844,0.334067097285723,0.9212388217801343,0.05574006957916,True,True,45,1.1102230246251565e-16
36.0,6.5,14.45325849211578,3162277.6601683795,0.19463058043888892,7.265175639850138,7.6470539429467035,-0.07619730084832586,2.0158828510104807,2.4355629100472695,6.723015940585071,0.41906311698716525,1.052562845280977,-0.010488019096245499,0.2774720049372493,0.3352379943422137,0.9253755550944601,0.05768107169888179,True,True,45,1.2468324983583301e-18
36.0,6.5,14.470980011103121,3162277.6601683795,0.20237975975185274,7.501886393672103,8.086801848407555,-0.07509127703750186,2.0910326202884817,2.5238917123793296,6.972959603114334,0.44770633571987345,1.0779691165716443,-0.010009652652277155,0.2787342423703301,0.3364342753188386,0.9294941614946445,0.059679167642090275,True,True,45,1.2468324983583301e-18
36.0,6.5,14.488701530090463,3162277.6601683795,0.21042033548958566,7.744908598278657,8.548312637094524,-0.07260720799372256,2.169045558892361,2.6151315829437807,7.230571446535367,0.4781390747621251,1.103733185307626,-0.009374830841755815,0.2800608336907219,0.3376581595197916,0.9335902877075135,0.061735922211966936,True,True,45,9.512179997665793e-19
36.0,6.5,14.506423049077805,3162277.6601683795,0.21876381390995145,7.99429663502735,9.032349489568197,-0.0686974245276265,2.2500138595336967,2.709365365599836,7.495945875990763,0.5104553564090293,1.1298491789749925,-0.008593304409874637,0.2814523856514362,0.3389122882591868,0.9376617128700176,0.06385244127325067,True,True,45,1.1102230246251565e-16
36.0,6.5,14.524144568065147,3162277.6601683795,0.22742080494038078,8.250109321742062,9.539656678857025,-0.06331647364605661,2.334034446243546,2.8066809992509296,7.769169974760356,0.5447539866682616,1.1563066993205209,-0.007674622380965848,0.2829095173433047,0.34019924946379754,0.9417050940507836,0.06602991129252495,True,True,47,1.0842021724855044e-19
36.0,6.5,14.541866087052489,3162277.6601683795,0.23640148086448193,8.512405095254012,10.070973624672257,-0.05642186689075197,2.421207353740117,2.907170302012587,8.050317171065503,0.581138712467407,1.1830937921748117,-0.006628193355390158,0.2844328161837636,0.34152161104661766,0.9457159382080934,0.06826962602982956,True,True,45,2.710505431213761e-19
36.0,6.5,14.55958760603983,3162277.6601683795,0.24571910828720678,8.781210859119716,10.627039694793503,-0.047971178851808884,2.511629439822986,3.010922189017423,8.33944760490489,0.6197118367251673,1.2102020854853752,-0.005462934397252114,0.2860231328136867,0.3428823470160079,0.9496922165630458,0.07057248102425036,True,True,45,2.220446049250313e-16
36.0,6.5,14.577309125027172,3162277.6601683795,0.25538424701200196,9.056573619483107,11.208555762029931,-0.03792507030445218,2.605405967412042,3.1180347361176386,8.636609144969782,0.6605831506854416,1.2376154860506337,-0.004187573788708042,0.28768120007406756,0.34428414841236576,0.9536287682120898,0.07293963240848073,True,True,45,1.1384122811097797e-18
36.0,6.5,14.595030644014514,3162277.6601683795,0.26540996526715277,9.33851239358048,11.81622721504397,-0.026245017782518684,2.702639628112872,3.2286041575593503,8.94183220895402,0.7038624730648646,1.265322218040502,-0.002810406698240305,0.2894079393170514,0.3457300286691027,0.9575221225921221,0.07537201252189982,True,True,45,1.4094628242311558e-18
36.0,6.5,14.612752163001856,3162277.6601683795,0.27580986682270575,9.627036238556528,12.45073252871955,-0.012892788749389051,2.8034351175656615,3.3427291568682493,9.255133913560426,0.7496621454602409,1.2933089914894105,-0.0013392271961907758,0.2912043798420361,0.34722307821804316,0.961368970077559,0.0778705020822322,True,True,45,1.1102230246251565e-16
36.0,6.5,14.630473681989198,3162277.6601683795,0.2865958868298623,9.922164542927609,13.112710664582087,0.002166645052281912,2.9079036763151094,3.460516038407001,9.576511613164715,0.7980996531899087,1.321557469426231,0.00021836415259070347,0.29307150307115454,0.34876624182508764,0.9651635559693201,0.08043604293569026,True,True,45,2.220446049250313e-16
36.0,6.5,14.64819520097654,3162277.6601683795,0.29778362202747705,10.22387575050616,13.802808372034622,0.018969592465182886,3.0161515250813364,3.582066736294738,9.90594690106678,0.849290905385856,1.3500563493596132,0.0018554208724850501,0.29501058098559285,0.35036289795652087,0.9689032948758557,0.08306936880994564,True,True,45,2.1141942363467336e-18
36.0,6.5,14.665916719963882,3162277.6601683795,0.3093867528960308,10.532161119570768,14.521618393447039,0.03755126348941935,3.1282920272947203,3.707491221745111,10.243400512316288,0.9033579873215841,1.3787880975788622,0.0035653901476727246,0.29702280394113567,0.3520161892373526,0.9725829671635096,0.08577137940312861,True,True,46,5.421010862427522e-20
36.0,6.5,14.683638238951223,3162277.6601683795,0.32141993113118106,10.846995957549206,15.269704811450161,0.05794442230719844,3.244440057516438,3.8369021241038466,10.58881344812405,0.9604226272666652,1.4077358257723764,0.005341978786935082,0.2991095479535418,0.3537294693498498,0.9761977868862882,0.08854272934417735,True,True,45,1.951563910473908e-18
36.0,6.5,14.701359757938565,3162277.6601683795,0.333900150927848,11.168325409490686,16.04763867211105,0.08018431827321082,3.3647075559470343,3.970410076050603,10.942105276486954,1.0206085005300787,1.4368885292753013,0.0071796187282536835,0.3012723423233848,0.3555063029123958,0.9797444894637926,0.09138420157983397,True,True,45,1.951563910473908e-18
36.0,6.5,14.719081276925907,3162277.6601683795,0.3468422180579728,11.496110325166017,16.85592172992266,0.10430446109834625,3.489214700482249,4.108135126940969,11.303173004538403,1.0840447691433328,1.4662282505260527,0.009073021930732034,0.3035126318198291,0.35735000889369445,0.9832171651827961,0.09429665673704102,True,True,85,1.0842021724855044e-19
36.0,6.5,14.736802795913249,3162277.6601683795,0.3602638572390577,11.830274366868617,17.69503920894666,0.1303369064340477,3.6180793116034833,4.250196168293328,11.671888419844176,1.1508560700585877,1.4957420817308062,0.011017234460687059,0.3058322401833831,0.35926437853345594,0.9866118111792902,0.09728058998205724,True,True,87,1.0842021724855044e-19
36.0,6.5,14.75452431490059,3162277.6601683795,0.37418291781942714,12.17073275149396,18.56548728790442,0.1583168220182171,3.751420167727163,4.39671451706336,12.04810053979468,1.2211748114646876,1.5254206683344933,0.013007994280277305,0.30823289314825153,0.3612530655990012,0.9899240075184277,0.10033699994889693,True,True,45,1.6263032587282567e-18
36.0,6.5,14.772245833887931,3162277.6601683795,0.38861689853963616,12.517397109250831,19.46768923632682,0.18827743869268168,3.889361266861733,4.547817762131035,12.431629230781915,1.295133853032417,1.5552505897523583,0.015041261138351001,0.3107164558985947,0.3633197638804656,0.9931481059744018,0.1034667065148284,True,True,47,1.6263032587282567e-19
36.0,6.5,14.789967352875273,3162277.6601683795,0.4035860266359732,12.870142016058482,20.402060839591,0.22025103333674342,4.032024371562452,4.703632643072849,12.822270168971805,1.372861958398161,1.5852242200695772,0.01711333356399092,0.31328514996427914,0.36546858901820806,0.996280394806293,0.10667030376861404,True,True,86,2.710505431213761e-19
36.0,6.5,14.807688871862615,3162277.6601683795,0.4191096624470133,13.228844090493295,21.369046709742175,0.2542734780625832,4.179533890419505,4.864290249316166,13.219784194605186,1.4544993998616766,1.615337406924216,0.019221141040229883,0.315940974270236,0.3677033470227239,0.9993151407767652,0.10994909229498973,True,True,45,1.5178830414797062e-18
36.0,6.5,14.825410390849957,3162277.6601683795,0.4352090869988748,13.593350435423092,22.369019336512842,0.29037891435817154,4.3320152496452815,5.029923182881385,13.623914909532234,1.5401808712573124,1.6455854237540377,0.021361835386916037,0.3186863511115277,0.3700282139253794,1.0022484871742505,0.11330399216691528,True,True,46,2.168404344971009e-19
36.0,6.5,14.843131909837298,3162277.6601683795,0.4519064075438086,13.963490895396552,23.402346494871225,0.32860052535324696,4.489595256905969,5.200666971211627,14.034355853585577,1.6300413569673038,1.6759667528831526,0.023532834863062728,0.32152384318065386,0.37244747822524593,1.005075017323382,0.11673594870926522,True,True,48,1.0842021724855044e-19
36.0,6.5,14.86085342882464,3162277.6601683795,0.46922394543208795,14.339084669677762,24.469458205719267,0.3689755238910774,4.652400847000664,5.376658488030924,14.450792649494232,1.7242264804515555,1.7064867646303647,0.0257321532295108,0.32445591571398513,0.3749652514013471,1.00779045402059,0.1202466210481135,True,True,47,1.0842021724855044e-19
36.0,6.5,14.878574947811982,3162277.6601683795,0.4871869285357083,14.719908299457563,25.57071275601235,0.4115398083367213,4.8205577114449145,5.558033163456176,14.872861747561261,1.8228731588775968,1.737151634086922,0.02795804158317255,0.32748558030232805,0.3775861269231543,1.0103909239780613,0.12383726323517727,True,True,47,1.0842021724855044e-19
36.0,6.5,14.896296466799324,3162277.6601683795,0.5058194142044758,15.105744033216926,26.70645982147056,0.4563281321378991,4.994196984311072,5.744933247374988,15.300172350883484,1.9261235502279885,1.7679671893515556,0.03020891464428709,0.3306157560547189,0.3803144839964261,1.012871151347396,0.12750934651034204,True,True,45,1.0299920638612292e-18
36.0,6.5,14.914017985786666,3162277.6601683795,0.5251481265255624,15.496333425356287,27.87714584782462,0.5033797252766807,5.173444227457443,5.937495564836151,15.732315082411478,2.034124808606274,1.7989510862104905,0.03248379545402736,0.3338495685045249,0.3831548665002759,1.0152282253212919,0.13126490975457997,True,True,47,2.168404344971009e-19
36.0,6.5,14.931739504774008,3162277.6601683795,0.5452015789973076,15.891387449683002,29.083147391267524,0.5527330491768027,5.35842522416581,6.135856585901752,16.168822467441583,2.1470184357434983,1.830120087585409,0.034781925173426466,0.3371905216666716,0.3861120751935445,1.0174581998354155,0.1351057887513986,True,True,45,8.673617379884035e-19
36.0,6.5,14.94946102376135,3162277.6601683795,0.5660068639607374,16.290626652595243,30.324824062112548,0.6044253732969352,5.549271538421211,6.3401592883473485,16.609232964204175,2.264951590376493,1.8614891071290698,0.037102647196241824,0.34064199350717805,0.3891906323528263,1.0195576461485092,0.13903403709860762,True,True,47,3.2526065174565133e-19
36.0,6.5,14.967182542748692,3162277.6601683795,0.5875956396117099,16.69370672006018,31.602647311458234,0.6584986863274749,5.746104274194856,6.550535337665487,17.053015348724617,2.3880699706964172,1.8930874874830859,0.03944592398620388,0.34420781259383126,0.3923954965492452,1.0215235977658976,0.14305211004017257,True,True,45,5.421010862427522e-19
36.0,6.5,14.984904061736033,3162277.6601683795,0.6099992177128228,17.100280192914145,32.91702444785787,0.7149950439697529,5.9490480961580925,6.767119419468062,17.49964997550425,2.516521790445469,1.9249406487209326,0.04181189055990006,0.3478918490834556,0.3957314934682859,1.0233545753686302,0.14716260564480352,True,True,48,1.0842021724855044e-19
36.0,6.5,15.002625580723375,3162277.6601683795,0.6332494407413816,17.509986652366145,34.268332458447176,0.7739559298537287,6.1582284531572755,6.990046687358767,17.948558718886364,2.6504535964332274,1.957073591133575,0.04420082923073749,0.35169806667585934,0.3992034275145603,1.0250469674950298,0.1513681106133264,True,True,46,1.0842021724855044e-19
36.0,6.5,15.020347099710717,3162277.6601683795,0.6573823515019416,17.92240606066269,35.65703562753679,0.83542702437566,6.373760468958436,7.219440712442173,18.399155392893277,2.790011165936479,1.9895228077551075,0.04661355297653431,0.35563084818996465,0.4028164905987645,1.026600743818487,0.15567168584915528,True,True,46,1.0842021724855044e-19
36.0,6.5,15.038068618698059,3162277.6601683795,0.6824326381672787,18.337131959057267,37.083548519733846,0.8994554548541897,6.595763324054157,7.455428664599928,18.85083470202084,2.9353462695290107,2.0223199899817024,0.04905104336176854,0.3596943807123725,0.40657550380540647,1.0280143451064516,0.160076628999725,True,True,45,2.710505431213761e-19
36.0,6.5,15.0557901376854,3162277.6601683795,0.7084382766282374,18.7537123110094,38.548225142626094,0.9660891165661244,6.824349584314042,7.698129509090822,19.302948200981845,3.086602831136675,2.055498372980601,0.05151455352117031,0.36389326396501215,0.4104856351332435,1.029286782310829,0.1645862312457827,True,True,45,2.168404344971009e-19
36.0,6.5,15.073511656672743,3162277.6601683795,0.7354388360919917,19.171673199186,40.05143908654052,1.0353791385100357,7.059626823531567,7.9476562421672154,19.754865023343267,3.243927701208583,2.0890946069454723,0.05400567429628397,0.3682321699407701,0.4145520403771884,1.0304194536438285,0.16920420390570373,True,True,47,2.168404344971009e-19
36.0,6.5,15.091233175660083,3162277.6601683795,0.7634741996690946,19.59053814468865,41.5935160636939,1.1073795320974664,7.301701015941591,8.204119209773891,20.205897631124174,3.4074712034631456,2.123143109010033,0.05652624363449133,0.37271569377083263,0.4187796756363314,1.0314110557806375,0.17393453810695714,True,True,45,2.168404344971009e-19
36.0,6.5,15.108954694647425,3162277.6601683795,0.7925885576372247,20.009776213141166,43.174686057154375,1.1821472071688495,7.550666940700922,8.4676151156502,20.655388304563736,3.5773758361791668,2.1576796060717536,0.059078482166756534,0.37734889487380263,0.42317390386851017,1.0322648331768236,0.17878140155459463,True,True,46,1.0842021724855044e-19
36.0,6.5,15.126676213634767,3162277.6601683795,0.822825286917114,20.42887426915403,44.79508409254978,1.259741117964499,7.80661984012065,8.73824039972982,21.10263284950616,3.753787841347134,2.1927338482956342,0.06166473499064056,0.3821365650043685,0.4277396925842295,1.0329807003300937,0.18374912840963803,True,True,45,2.168404344971009e-19
36.0,6.5,15.144397732622108,3162277.6601683795,0.8542312632225096,20.847280849653473,46.45475797817148,1.3402242639924713,8.069643778968162,9.016078051066309,21.546948315399767,3.9368522284460026,2.228336554450153,0.06428772527496068,0.38708375625410624,0.4324822079238298,1.0335615695299623,0.1888424805535942,True,True,83,9.622294280808852e-18
36.0,6.5,15.16211925160945,3162277.6601683795,0.8868560188065561,21.264420291514423,48.1536435590869,1.4236655126168047,8.33981239929046,9.301198169161179,21.987640456708423,4.1267101433278945,2.264517108811221,0.06695059132107727,0.3921956152558961,0.4374066182689601,1.034010810324446,0.19406643053300918,True,True,46,3.2526065174565133e-19
36.0,6.5,15.179840770596792,3162277.6601683795,0.9207487068564781,21.679738851004853,49.89141311855558,1.5101338547129906,8.617198946831214,9.59366912351225,22.424006829555683,4.323505946841359,2.30129216322378,0.0696564596599371,0.39747706400217125,0.4425177438457744,1.0343301173351696,0.19942610824580875,True,True,45,2.168404344971009e-19
36.0,6.5,15.197562289584134,3162277.6601683795,0.9559633758499863,22.09263467027101,51.66758842982386,1.5997036397780602,8.901859154765228,9.89353870441768,22.85537696417077,4.527371296164947,2.33867934725551,0.07240891200408542,0.402933343515793,0.4478206810585129,1.0345247321237854,0.20492672620243033,True,True,46,7.426784881525705e-18
36.0,6.5,15.215283808571476,3162277.6601683795,0.9925551530978654,22.50251504930489,53.481561205505265,1.6924577314860432,9.193839517537338,10.200843072910567,23.281053229532017,4.738451223132563,2.3766926091738054,0.07521193643367094,0.40856941979120415,0.4533201311302167,1.0345978295546647,0.21057429415113024,True,True,46,6.5865281978494394e-18
36.0,6.5,15.233005327558818,3162277.6601683795,1.030580806348903,22.908793187081447,55.33228513509352,1.7884774101539878,9.493179915141589,10.515609531936867,23.700395970589156,4.95687424534601,2.415329549803439,0.07806947295515036,0.41439022289899197,0.45902066713259915,1.0345545388202337,0.21637430679418124,True,True,45,5.421010862427522e-19
36.0,6.5,15.25072684654616,3162277.6601683795,1.0701012035512798,23.310857927335483,57.2184570588924,1.887849525357438,9.799902549533615,10.837844488798208,24.11273611869341,5.182763335366155,2.4545839212462086,0.08098584493295936,0.42040076689076966,0.46492688182399355,1.0343993427379437,0.222332586450565,True,True,45,2.168404344971009e-19
36.0,6.5,15.268448365533501,3162277.6601683795,1.1111781852531581,23.70812290521076,59.13867812061435,1.9906723134315343,10.11401700381713,11.167539339380843,24.517470979370295,5.41625662299944,2.494447930654872,0.08396583404728379,0.426605558114185,0.47104274699564475,1.0341380073570332,0.2284557341234726,True,True,46,1.1102230246251565e-16
36.0,6.5,15.286169884520843,3162277.6601683795,1.153877585074338,24.099988973613062,61.09090019577933,2.097039492035842,10.435518888432496,11.504668337788463,24.913998466238795,5.657462014117771,2.534893284086868,0.08701412661772909,0.4330092806207623,0.47737234860915734,1.0337763429484133,0.23474956857084428,True,True,46,1.1102230246251565e-16
36.0,6.5,15.303891403508185,3162277.6601683795,1.1982663831410285,24.485889907067996,63.07275825398317,2.2070511081847433,10.764391691485523,11.849191266506853,25.30174196420525,5.906490775658415,2.5758818034943807,0.09013562980807428,0.4396161108434257,0.4839191596253365,1.033319273272635,0.24122018019665567,True,True,46,2.168404344971009e-19
36.0,6.5,15.321612922495527,3162277.6601683795,1.244416018078714,24.86525078219445,65.08182912549023,2.3208198818885544,11.100592868709251,12.201038509343045,25.680199056863994,6.163461827960814,2.6173807654533743,0.09333587270917254,0.4464299582555661,0.4906863243092639,1.0327745849743495,0.2478745089663184,True,True,47,1.1102230246251565e-16
36.0,6.5,15.339334441482869,3162277.6601683795,1.2924005484682726,25.237520052815533,67.11485049487152,2.438450619934575,11.444068653595224,12.560126671756601,26.04884394624028,6.428458392769787,2.6593282681665107,0.09662005675801486,0.4534545640635759,0.49767673866019874,1.0321475284309574,0.25471830747699076,True,True,45,1.6534083130403943e-18
36.0,6.5,15.35705596047021,3162277.6601683795,1.3422949060250504,25.60219941343225,69.1682658641821,2.560055447815747,11.794751026850347,12.926356025869934,26.407256168129315,6.701573089421553,2.701653273893837,0.09999357502358208,0.46069288174758166,0.5048924046380208,1.0314448279109447,0.2617577099999291,True,True,45,3.2526065174565133e-19
36.0,6.5,15.374777479457553,3162277.6601683795,1.3941816308456478,25.958755184184966,71.23848471214647,2.6857587466935833,12.152533305638702,13.29958418385024,26.755012983705853,6.982891383655921,2.7442951022377065,0.10346254000383835,0.46814776823514537,0.5123352059636834,1.0306739592816068,0.26899946989407864,True,True,45,2.168404344971009e-19
36.0,6.5,15.392498998444895,3162277.6601683795,1.4481423969575593,26.306742813589306,73.32092781948143,2.8156734168664745,12.51730736292989,13.679666221115506,27.091765363943352,7.272471196009524,2.7871534054609737,0.10703238469385798,0.47582125433118266,0.5200060804961755,1.0298411154857425,0.2764489411533219,True,True,45,9.75781955236954e-19
36.0,6.5,15.410220517432236,3162277.6601683795,1.5042636481039455,26.645733279709454,75.41087368858535,2.9499212935642847,12.888935022133655,14.066424394155046,27.41720981536898,7.570368371516502,2.830129420608223,0.11070895526116482,0.4837147804053301,0.5279053215197697,1.0289530983276411,0.28411184229939307,True,True,45,1.1102230246251565e-16
36.0,6.5,15.427942036419577,3162277.6601683795,1.562638221703923,26.975296914892603,77.50353441893536,3.088633484590298,13.26724139321736,14.459641046530605,27.731082462263927,7.876632155344275,2.873129984943631,0.11449859085277077,0.49182929978771583,0.5360326928801173,1.028017691510712,0.29199427091368624,True,True,46,1.1102230246251565e-16
36.0,6.5,15.44566355540692,3162277.6601683795,1.6233575019174675,27.29511615790534,79.59307730307181,3.231927078343544,13.652051355503875,14.859098011974874,28.03320532082192,8.191281458785467,2.9160189992457566,0.11840678968524916,0.5001646183341082,0.5443866926967194,1.0270410705947046,0.3001006264783038,True,True,45,3.2526065174565133e-19
36.0,6.5,15.46338507439426,3162277.6601683795,1.6865216208364453,27.604850987974956,81.67378194739999,3.3799300292205405,14.043142680650606,15.264526538078943,28.3234042871526,8.514324925131863,2.958674980096005,0.12243971288571286,0.5087201045485805,0.5529653662948,1.026029964787372,0.30843582270524905,True,True,44,7.589415207398531e-19
36.0,6.5,15.481106593381602,3162277.6601683795,1.7522329895140303,27.904232128517773,83.7397603130584,3.5327740423771297,14.440270496599988,15.675634142869823,28.601623520365465,8.845769747032467,3.0009698861226655,0.1266035211471266,0.5174939209971026,0.561765472372541,1.0249923161703836,0.31700459293385114,True,True,44,2.220446049250313e-16
36.0,6.5,15.498828112368944,3162277.6601683795,1.8205969703610108,28.19305503073213,85.78413905659974,3.6905761978956426,14.843173951046262,16.09211101777822,28.867803742837875,9.185576987985897,3.0427400990453095,0.13090373476278794,0.5264833461597656,0.5707828044969532,1.0239331534440035,0.32580991942778337,True,True,44,1.1102230246251565e-16
36.0,6.5,15.516549631356286,3162277.6601683795,1.8917265440075335,28.47112281943996,87.80048612744912,3.8534662813321483,15.251545519145607,16.51359858615031,29.12197545760863,9.533705812446328,3.083843467792543,0.13534648091577964,0.5356847222313241,0.5800122001115775,1.0228600973096948,0.3348552803100816,True,True,44,5.421010862427522e-19
36.0,6.5,15.534271150343628,3162277.6601683795,1.9657365563385414,28.73832482511696,89.78199593911071,4.021569348454222,15.66505989498399,16.939720202163468,29.3642222836982,9.890107051836027,3.124120716341904,0.13993750063467228,0.545093006997155,0.5894470295414836,1.0217791907632074,0.34414347781302096,True,True,86,5.421010862427522e-19
36.0,6.5,15.55199266933097,3162277.6601683795,2.0427482145932476,28.99458105408896,91.72115207199403,4.194998997473801,16.08336185098355,17.370067474146346,29.59464208910589,10.254667368791416,3.163389458909221,0.14468217318429583,0.5547023363083011,0.5990797881073965,1.0206956270172527,0.35367530745353715,True,True,44,5.421010862427522e-19
36.0,6.5,15.569714188318311,3162277.6601683795,2.1228876595497916,29.239863217397872,93.61109833637732,4.3738809569546735,16.506059085364164,17.804194614953243,29.81344086558292,10.627302725810447,3.2014889276458116,0.1495862317971512,0.5645053454129352,0.6089014330395244,1.0196162904019253,0.3634525458206366,True,True,44,2.710505431213761e-19
36.0,6.5,15.587435707305653,3162277.6601683795,2.2062860911033497,29.474194998095793,95.44441574068341,4.55832730242212,16.93273492760176,18.24163105085116,30.020803910427055,11.00786979910884,3.2382365573292056,0.1546548532611871,0.5744935503309154,0.6189017563339619,1.01854533812939,0.37347482432751816,True,True,46,2.168404344971009e-19
36.0,6.5,15.605157226292995,3162277.6601683795,2.2930804378187184,29.697644919487846,97.21344208314366,4.7484441564726625,17.362943634150522,18.68187639060495,30.217011227824212,11.396201253872263,3.2734394375949782,0.15989295344280627,0.5846572575442442,0.6290692895430824,1.0174884678480196,0.38374090890937884,True,True,44,3.7947076036992655e-19
36.0,6.5,15.622878745280337,3162277.6601683795,2.3834131073662976,29.910330342798034,98.91120411897164,4.944346191188247,17.796204690966157,19.124395863037737,30.40234911591987,11.7921320810199,3.3069244968331817,0.16530563636448678,0.5949852270772803,0.6393909944776859,1.0164497940170796,0.3942494765477999,True,True,44,2.168404344971009e-19
36.0,7.0,14.222878745280337,10000000.0,0.11108339765820448,4.416991353621019,2.477893719528626,0.2602898100886024,1.2198541226329955,1.3794926427554282,4.226145937174714,0.3382586349351031,0.5609912995408664,0.058929209783310676,0.2761730836608878,0.3123149973170153,0.9567928933594466,0.07658123094531326,True,True,58,2.220446049250313e-16
36.0,7.0,14.240600264267679,10000000.0,0.11538821218451092,4.569574533558668,2.6050451088571895,0.26209806817069137,1.2641267729991006,1.431108412281268,4.392137999886476,0.3592217074841264,0.5700848273128937,0.057357214822924905,0.27663992866631965,0.3131819826487779,0.961170009949699,0.07861163109300982,True,True,45,1.6263032587282567e-19
36.0,7.0,14.25832178325502,10000000.0,0.11985979854667332,4.727051441640918,2.737692657005381,0.2645326615774144,1.310089092300115,1.4845825530537886,4.563885357322126,0.3813081667333392,0.5791544032901482,0.05596145183594326,0.27714720444111335,0.3140610106283168,0.965482481768349,0.08066511893108876,True,True,45,1.0842021724855044e-19
36.0,7.0,14.276043302242362,10000000.0,0.12450433188784356,4.889557811968506,2.8759766582235047,0.26766787757229626,1.3578107488641442,1.5399803579949445,4.741522679511782,0.4045697536474081,0.5881874739641649,0.0547427574978472,0.27769602100634494,0.31495288883289796,0.9697242290306154,0.08274158302354356,True,True,46,4.9873299934333204e-18
36.0,7.0,14.293764821229704,10000000.0,0.12932826923117688,5.05722864504988,3.0200336861915065,0.27157832024076733,1.4073634767776424,1.5973688462296154,4.925182528841309,0.4290601322345416,0.5971716721069311,0.05370101676272712,0.27828749213370035,0.31585853801432395,0.9738896289892252,0.08484095981195443,True,True,45,3.2526065174565133e-19
36.0,7.0,14.311486340217046,10000000.0,0.13433794972846402,5.230200376776365,3.169997077140045,0.2763387366897226,1.4588214839879325,1.6568172227057107,5.114995918456976,0.45483626866259247,0.6060947666968495,0.05283521027545106,0.2789226757861001,0.31677891922888246,0.977973222817441,0.08696344994394477,True,True,46,1.6263032587282567e-19
36.0,7.0,14.329207859204388,10000000.0,0.13954005893732246,5.408607275970427,3.3259969985018256,0.28202390253577486,1.5122606544789536,1.7183961027537327,5.311091809552155,0.4819575201767243,0.614945184369125,0.05214353495192039,0.27960259958190803,0.3177150817343109,0.9819703185233069,0.0891093576562647,True,True,45,3.2526065174565133e-19
36.0,7.0,14.34692937819173,10000000.0,0.14494187976601386,5.59257950081707,3.4881578647708062,0.2887084752815451,1.56775848451082,1.7821773294307295,5.51359490976426,0.5104846867561976,0.6237118067362636,0.05162349059845552,0.28032833226273707,0.3186682154755878,0.9858768943666745,0.09127893250004158,True,True,45,3.2526065174565133e-19
36.0,7.0,14.364650897179072,10000000.0,0.15055007256145178,5.78225124977882,3.6565990885589135,0.29646706071423123,1.6253957064313909,1.848235670742094,5.722629287837218,0.5404835250168151,0.6323832933926529,0.05127190914188856,0.28110084398244795,0.31963946063616516,0.9896887977768376,0.09347285368090662,True,True,45,2.168404344971009e-19
36.0,7.0,14.382372416166413,10000000.0,0.1563724936138044,5.977747400252359,3.831433563423973,0.3053740210671681,1.6852536585603335,1.9166461216202317,5.938311974363906,0.572020067926886,0.6409493922848302,0.05108513301419801,0.28192118965903246,0.3206301627163633,0.9934029621447723,0.09569157571006386,True,True,83,5.095750210681871e-18
36.0,7.0,14.400093935153755,10000000.0,0.16241698532510096,6.1791921074112945,4.012765834291133,0.3155038386306731,1.7474162928389974,1.9874858632068935,6.160758870415006,0.6051636109395917,0.6493997539707885,0.05105907587049434,0.2827904137732106,0.3216417014811875,0.9970168855934776,0.09793571722972673,True,True,83,6.071532165918825e-18
36.0,7.0,14.417815454141095,10000000.0,0.16869099326942844,6.386711201820494,4.200692107324088,0.3269308688128211,1.8119706658732588,2.0608348129610734,6.390079043534327,0.6399879306862664,0.6577238228850408,0.051189236287939775,0.28370950378291215,0.3226754346389805,1.0005273201820797,0.10020617974769888,True,True,45,1.6263032587282567e-19
36.0,7.0,14.435536973128437,10000000.0,0.17520386774138846,6.600414656530188,4.395298441773004,0.3397296748096714,1.8790035294755332,2.1367721141165883,6.6263770178877826,0.6765653254845306,0.6659124722451294,0.051470959400036535,0.2846796189715932,0.323733011531715,1.0039334439892966,0.10250345784187419,True,True,45,1.6263032587282567e-19
36.0,7.0,14.45325849211578,10000000.0,0.18196372206059125,6.820420474012656,4.596658392983714,0.3539752900676564,1.9486064529648843,2.2153812998719267,6.869752065767099,0.7149744404833955,0.6739552803962778,0.05189933544660219,0.2857018068591981,0.32481594181957407,1.0072329252928625,0.10482849894777159,True,True,48,2.168404344971009e-19
36.0,7.0,14.470980011103121,10000000.0,0.1889797724753951,7.046836037843094,4.804833607522299,0.3697430529060439,2.0208719802677804,2.2967464723015896,7.120295695531521,0.7552946900101714,0.6818426853866418,0.05246937078150259,0.28677721028490566,0.32592591341242294,1.0104244879963054,0.10718210072634995,True,True,45,1.0842021724855044e-19
36.0,7.0,14.488701530090463,10000000.0,0.19626231739907993,7.279758030591348,5.019870955257015,0.3871091392258977,2.0958939261401093,2.3809525437315147,7.378094909292046,0.7976058938602802,0.6895656331106436,0.05317609975485024,0.287907086654892,0.3270647916766137,1.0135082619899538,0.10956489082584099,True,True,45,2.168404344971009e-19
36.0,7.0,14.506423049077805,10000000.0,0.20382027052869206,7.519292241935518,5.241800704940106,0.4061505045415391,2.173771512610058,2.4680895077569365,7.643225832145216,0.8419946815266159,0.6971135761563152,0.05401445927003805,0.2890925691764992,0.3282342843375952,1.016482081853198,0.11197791686174452,True,True,45,1.0842021724855044e-19
36.0,7.0,14.524144568065147,10000000.0,0.2116650575134397,7.7655212049465705,5.470637856131083,0.4269452883781777,2.2546028344973403,2.5582458631959684,7.915761602264389,0.888544805137497,0.7044778723476196,0.054979604988550826,0.29033503032110425,0.32943646610177146,1.0193471105612482,0.11442178595449608,True,True,83,1.0299920638612292e-17
36.0,7.0,14.541866087052489,10000000.0,0.21980733392304905,8.01853138248367,5.706377133436924,0.44957294725230246,2.3384907474402636,2.6515145952978827,8.195760309150257,0.9373449072419385,0.7116486624848032,0.0560667441215465,0.2916357916299551,0.3306733451327591,1.022102417289747,0.11689732976409503,True,True,45,2.168404344971009e-19
36.0,7.0,14.55958760603983,10000000.0,0.22825798799676678,8.278404450561288,5.948994533844358,0.4741141654180567,2.425541063845767,2.7479915006251505,8.483277734815495,0.9884866161301181,0.7186160774545157,0.05727120102061588,0.2929962021463341,0.3319469973998229,1.0247479191766617,0.1194054508973764,True,True,83,2.168404344971009e-19
36.0,7.0,14.577309125027172,10000000.0,0.23703004303653305,8.545200382914757,6.198447827340288,0.5006516336033912,2.5158592545671783,2.847771897114394,8.778353896056005,1.0420594038296858,0.7253718519852901,0.05858863586211416,0.29441781840451375,0.33325981480881584,1.0272847332647008,0.12194674871676217,True,True,45,1.0842021724855044e-19
36.0,7.0,14.595030644014514,10000000.0,0.24613488647001883,8.818990608123983,6.454670348217418,0.529269576927877,2.609557560596199,2.950957902460938,9.081020768352136,1.0981602531434527,0.73190579682344,0.06001475684080196,0.29590206822448545,0.33461402031004994,1.0297120352965081,0.12452221597014021,True,True,45,2.168404344971009e-19
36.0,7.0,14.612752163001856,10000000.0,0.2555860779228091,9.09982348656291,6.717576942401096,0.5600541686820764,2.7067479096578952,3.057651429282331,9.391300247456599,1.1568838677800932,0.7382095875068879,0.06154560794602997,0.297450594910414,0.33601216922474997,1.0320310345935932,0.12713256136104012,True,True,45,1.0842021724855044e-19
36.0,7.0,14.630473681989198,10000000.0,0.26539746861253755,9.387740912410438,6.9870620704923105,0.593094193166138,2.8075453807793846,3.1679577798406604,9.70919610552097,1.2183285010852232,0.7442751281360492,0.06317752041730053,0.29906506868631794,0.3374568822678812,1.0342420179795944,0.12977866692876164,True,True,45,2.168404344971009e-19
36.0,7.0,14.64819520097654,10000000.0,0.2755823940792267,9.68278563658732,7.262995444646702,0.628479899164794,2.912070197131777,3.281987737559773,10.034706673216348,1.2825964983737488,0.7500935905472065,0.06490693099618185,0.30074715132887425,0.3389507793251636,1.0363450198979167,0.13246151949572618,True,True,46,2.168404344971009e-19
36.0,7.0,14.665916719963882,10000000.0,0.286156793012115,9.984971221643812,7.545230199992593,0.6663042633197754,3.020441534346283,3.399851408897383,10.367807446252316,1.349787884457679,0.7556586826847591,0.06673071444366994,0.30249877213457127,0.3404968660828719,1.0383412446676514,0.13518195040280398,True,True,83,7.589415207398531e-18
36.0,7.0,14.683638238951223,10000000.0,0.2971354602978851,10.294317455856987,7.8336005636966695,0.7066632997722591,3.132784486690296,3.521665448609835,10.70846364539389,1.4200102803240813,0.7609635701723688,0.06864595955997069,0.30432172896590515,0.342098003457837,1.0402305632513085,0.1379411783649786,True,True,46,3.2526065174565133e-19
36.0,7.0,14.701359757938565,10000000.0,0.30853476652571166,10.610823340365327,8.12791751813664,0.7496542124625424,3.2492258603143283,3.6475486346783748,11.056621665289192,1.4933698528603634,0.7660025294377202,0.07064995697466131,0.30621807150004426,0.34375736148603064,1.042013546981597,0.14074024276507718,True,True,47,1.1102230246251565e-16
36.0,7.0,14.719081276925907,10000000.0,0.32037221495852575,10.93447048073508,8.427980771877765,0.7953778055971923,3.3698938808718752,3.77762181505715,11.4122072738158,1.5699755386828584,0.7707717339149273,0.0727404044849296,0.30818994726897203,0.3454782581116078,1.043690894215904,0.1435803902391911,True,True,45,3.2526065174565133e-19
36.0,7.0,14.736802795913249,10000000.0,0.3326647534999373,11.265239582264002,8.733577029131014,0.8439378789659229,3.4949216727645425,3.9120114827912285,11.775130002131496,1.64994241402773,0.7752677575434047,0.07491521798565377,0.3102394447311133,0.34726394003641975,1.045262279256827,0.1464631446121572,True,True,45,3.2526065174565133e-19
36.0,7.0,14.75452431490059,10000000.0,0.34543179257961004,11.60307863500983,9.044472089233484,0.8954390215957686,3.624442644373528,4.0508447359674715,12.145276715177692,1.7333818157482104,0.7794889937179006,0.07717253754481773,0.31236904948980876,0.3491180973078047,1.0467288120009715,0.14938981888118022,True,True,45,3.2526065174565133e-19
36.0,7.0,14.772245833887931,10000000.0,0.358692324868513,11.947931863515878,9.360430736149231,0.9499903401903637,3.7585940597082717,4.194253341734386,12.522506422509977,1.8204126466603725,0.7834352290484831,0.07951086020930932,0.3145811427989047,0.3510442970085835,1.0480898757674217,0.15236215501187883,True,True,45,4.445228907190568e-18
36.0,7.0,14.789967352875273,10000000.0,0.3724666741840509,12.299720557029751,9.681212969612915,1.0077035022832508,3.8975144309316567,4.342370864133868,12.906667122819337,1.9111553502819008,0.7871083676026882,0.08192897534629846,0.3168782910847581,0.35304630247489976,1.0493463703484462,0.15538201387751072,True,True,45,3.2526065174565133e-19
36.0,7.0,14.807688871862615,10000000.0,0.3867765637190224,12.658341066555867,10.006562274941786,1.068690384053435,4.041344503659167,4.4953333662696195,13.297562517813473,2.005728336041371,0.7905113491830105,0.08442578521422386,0.31926336021523816,0.35512815957744837,1.0504980429818302,0.15845112131957256,True,True,45,3.848917712323541e-18
36.0,7.0,14.825410390849957,10000000.0,0.40164342367919253,13.023682779575454,10.336236700111405,1.1330679699912793,4.190227952668659,4.653280663121908,13.694987290582123,2.104258671754296,0.7936492983629279,0.08700058110815066,0.3217390981942553,0.3572937656635396,1.051544906488313,0.16157170804669205,True,True,45,2.168404344971009e-19
36.0,7.0,14.843131909837298,10000000.0,0.4170912326461244,13.395595493426034,10.669998812733702,1.2009551456846077,4.344306915998727,4.816351314211036,14.09870033634619,2.2068708790726803,0.7965303832868099,0.0896529867801684,0.32430860711871456,0.3595473838079605,1.0524877631058065,0.16474600775722997,True,True,44,2.220446049250313e-16
36.0,7.0,14.86085342882464,10000000.0,0.4331436983081073,13.77392055685765,11.007601751296672,1.2724702127970928,4.503728910695142,4.984689676481412,14.508423824847952,2.3136909477905494,0.7991625700074403,0.09238257237976921,0.3269750897795662,0.3618933081474522,1.05332565009057,0.16797620824367449,True,True,44,2.5478751053409354e-18
36.0,7.0,14.878574947811982,10000000.0,0.4498259947551452,14.158470393027542,11.348832069352632,1.3477366588870194,4.668639815047898,5.158439120502659,14.923874771778685,2.424850309952989,0.8015577780874874,0.09518942523273727,0.3297418213585423,0.3643359047487909,1.0540598212592283,0.17126499138968618,True,True,44,1.1102230246251565e-16
36.0,7.0,14.896296466799324,10000000.0,0.4671651089342898,14.549023769117852,11.693491851466714,1.426879082511622,4.839184806891361,5.337742749560968,15.344703742638783,2.5404775830768593,0.8037303421201107,0.09807387115143448,0.33261233768571774,0.3668797875559874,1.0546895782251633,0.1746149860906369,True,True,44,1.6805133673525319e-18
36.0,7.0,14.914017985786666,10000000.0,0.4851875886655209,14.945352188959836,12.041382266688686,1.5100200225612515,5.015514538829189,5.522749624275778,15.770569907722965,2.6607050467257034,0.8056941124200259,0.10103609493235673,0.3355902541081742,0.369529573773139,1.0552156756381237,0.17802892920055588,True,True,46,3.2526065174565133e-19
36.0,7.0,14.931739504774008,10000000.0,0.5039228116053313,15.347180605765464,12.392358854993958,1.5972872440537877,5.19777367248622,5.713603563394403,16.201068302047474,2.785663935381339,0.8074681059228904,0.1040769171279405,0.33867938392108166,0.37229011048765387,1.0556380822130438,0.18150981648934597,True,True,44,1.1102230246251565e-16
36.0,7.0,14.94946102376135,10000000.0,0.5234005335204707,15.754216760967099,12.746300916774722,1.6888081933795507,5.386108737819387,5.910450922325202,16.635783552911924,2.9154904310729512,0.8090723334691676,0.10719721703739465,0.34188362516149307,0.3751662816376267,1.0559575131738068,0.18506095703192413,True,True,44,8.673617379884035e-19
36.0,7.0,14.967182542748692,10000000.0,0.5436514416967854,16.166144969719614,13.103098867618773,1.78470677098111,5.580667810773945,6.113440235013458,17.074268434347992,3.0503152109549156,0.8105271165241835,0.11039779578396691,0.3452070868612739,0.37816314566424986,1.056174398183943,0.18868538026031448,True,True,45,3.2526065174565133e-19
36.0,7.0,14.984904061736033,10000000.0,0.5647089201750526,16.582604017581644,13.462712103447021,1.8851113730517723,5.78159196069931,6.322713899805737,17.516025497407114,3.1902743902089776,0.8118575399360215,0.11368005718843012,0.34865404459814625,0.38128594840123436,1.056289197935126,0.19238681613735098,True,True,44,1.1102230246251565e-16
36.0,7.0,15.002625580723375,10000000.0,0.5866060610283838,17.00322550999344,13.825132926600562,1.9901487679083996,5.9890245246190315,6.538417606504755,17.960568456157453,3.3355052518862918,0.8130888412010419,0.11704536687693247,0.3522287298429968,0.38453983937705694,1.0563036081360766,0.19616897099470265,True,True,44,4.607859233063394e-19
36.0,7.0,15.020347099710717,10000000.0,0.6093788707447608,17.427593686889207,14.190368961073775,2.0999401475989905,6.203104945573977,6.760693557896523,18.407331581617377,3.4861395172570018,0.8142471769782653,0.12049512889314015,0.35593582550874925,0.3879304096343833,1.0562176231745195,0.2000356205159653,True,True,44,4.0657581468206416e-19
36.0,7.0,15.038068618698059,10000000.0,0.6330640194227591,17.85527522910847,14.5585103717861,2.2146111139041453,6.423968315508129,6.989680961023141,18.855771134876047,3.642315154498039,0.8153618572091325,0.12403119445024217,0.359779854025184,0.3914630758325276,1.0560336311218839,0.2039909834915439,True,True,44,4.336808689942018e-19
36.0,7.0,15.0557901376854,10000000.0,0.657700092231406,18.28580410172695,14.929674692184616,2.3342829732358865,6.651746179490555,7.22551605185689,19.30528720480034,3.804171183697051,0.8164625744172019,0.12765547307900077,0.3637655824423029,0.39514346821502355,1.0557527083524376,0.20803958975683096,True,True,44,3.2526065174565133e-19
36.0,7.0,15.073511656672743,10000000.0,0.6833275495904008,18.71868348267644,15.30400228213818,2.459071504384663,6.886566207128594,7.468331806591983,19.755263357824976,3.9718373084747607,0.8175789871281043,0.13136989610730143,0.367897999530891,0.39897740743913385,1.0553767510470413,0.2121857187312651,True,True,44,3.2526065174565133e-19
36.0,7.0,15.091233175660083,10000000.0,0.7099879292930247,19.153398089416573,15.681709820098579,2.589095048964347,7.128549600490422,7.71825578866899,20.205079907931278,4.145457402128523,0.818742958658792,0.13517679927484935,0.37218197873876924,0.4029705722523357,1.0549083673614983,0.21643456595929797,True,True,44,3.2526065174565133e-19
36.0,7.0,15.108954694647425,10000000.0,0.7377256078015545,19.58939239325238,16.063032717782278,2.724466849066353,7.377809764871461,7.975407920623893,20.65406391608696,4.325163340976242,0.8199862657973626,0.1390786806641743,0.3766226954243241,0.4071289073453368,1.0543493897851224,0.22079109214566842,True,True,44,2.439454888092385e-19
36.0,7.0,15.126676213634767,10000000.0,0.7665858473927609,20.026099499220077,16.448224050758295,2.8652948713027295,7.634456522901611,8.239904961312519,21.10156975885853,4.511092794433078,0.8213393752187678,0.1430780303181016,0.381225336626283,0.4114583052797388,1.0537034313486926,0.2252606801743277,True,True,86,1.1102230246251565e-16
36.0,7.0,15.144397732622108,10000000.0,0.7966163822228073,20.46292213201777,16.83759620849057,3.0116882516516186,7.898587943890428,8.511852296118079,21.546896508362746,4.703381873626747,0.8228343977395706,0.14717781909257785,0.3859951131579456,0.415964652614292,1.0529726091587335,0.22984898458209424,True,True,82,5.421010862427522e-19
36.0,7.0,15.16211925160945,10000000.0,0.8278673397016598,20.89923663589303,17.231459499247475,3.1637510232880444,8.17029345288447,8.791346247609955,21.989368885269727,4.902165920299095,0.8245018609748456,0.15138117618394326,0.3909374105488878,0.42065394065692385,1.052161342941324,0.2345619605971615,True,True,44,7.589415207398531e-19
36.0,7.0,15.179840770596792,10000000.0,0.8603897939008818,21.334416587984965,17.630133410937276,3.321583883475484,8.449655706469853,9.078476214827129,22.428285717284123,5.107579142021088,0.8263705425563944,0.15569133891133075,0.396057500406573,0.42553196509436825,1.0512725119427544,0.23940561584878559,True,True,44,3.2526065174565133e-19
36.0,7.0,15.197562289584134,10000000.0,0.8942385879157762,21.767797314185636,18.03395695972079,3.4852863266365053,8.736741149902672,9.373314758008451,22.86294493441291,5.319754176413348,0.8284695368772302,0.16011203505488422,0.40136082782290117,0.43060465065521586,1.050310447328246,0.24438642549039957,True,True,44,3.2526065174565133e-19
36.0,7.0,15.215283808571476,10000000.0,0.9294694484909466,22.198720325949957,18.443254496955365,3.654956318620854,9.031608177812549,9.675925416751351,23.292665330905514,5.538824103187524,0.8308251208244418,0.1646471627622727,0.4068526493959537,0.43587762153300097,1.0492796426502455,0.24951096377896728,True,True,44,2.168404344971009e-19
36.0,7.0,15.233005327558818,10000000.0,0.9661413028643905,22.626505692749046,18.858330381871575,3.8306882982011476,9.334300302297892,9.986355618795871,23.716738091942705,5.764917263778698,0.8334618980921552,0.1693009230068053,0.4125383048116523,0.4413565114473742,1.0481838607338754,0.2547860169865354,True,True,44,4.336808689942018e-19
36.0,7.0,15.25072684654616,10000000.0,1.0043153464187873,23.050469876744685,19.27946924943128,4.012575497802263,9.644846985024271,10.30463734118992,24.134505242066272,5.998158894781584,0.8364024400596746,0.17407781790385532,0.4184230098821035,0.4470467368470494,1.0470287751667595,0.2602185086401665,True,True,44,2.168404344971009e-19
36.0,7.0,15.268448365533501,10000000.0,1.0440549416335438,23.469932872591475,19.706932342653403,4.200713960096743,9.963262437609503,10.630785495582906,24.545287774509326,6.238676599023729,0.8396671796904643,0.17898278546004692,0.42451175688042736,0.45295338309201943,1.0458184055214605,0.265815698446643,True,True,44,2.168404344971009e-19
36.0,7.0,15.286169884520843,10000000.0,1.0854269178693932,23.884205198143054,20.140915874430583,4.3951932033381444,10.289543863498892,10.964795889723698,24.948451806392683,6.486584668935949,0.8432734398043313,0.18402091117856673,0.43080955711680463,0.45908146403700245,1.0445585942433777,0.27158469855384876,True,True,45,2.168404344971009e-19
36.0,7.0,15.303891403508185,10000000.0,1.1284996508488567,24.292621626977866,20.58157806388136,4.596104988780232,10.623673516365663,11.306647409857943,25.34337724260442,6.741999101728003,0.847235773063898,0.189197570330412,0.4373209972762955,0.4654354554018776,1.043254105372458,0.2775327918597621,True,True,83,1.1102230246251565e-16
36.0,7.0,15.321612922495527,10000000.0,1.1733457333316888,24.694508969473176,21.029039279282774,4.8035453435375635,10.965609051946016,11.65629159978681,25.729469360983263,7.005031213601021,0.8515674195133186,0.19451876323905057,0.4440504998702937,0.47201957383303583,1.0419105475144081,0.28366756440715185,True,True,44,2.168404344971009e-19
36.0,7.0,15.339334441482869,10000000.0,1.2200394899458915,25.089228519042525,21.48330741373805,5.017598876266532,11.315295861638866,12.013665506460443,26.10618380295148,7.2757755812403975,0.856276126523077,0.1999901620114869,0.4510021443286168,0.47883758152795197,1.0405335414413837,0.2899959867525676,True,True,44,3.2526065174565133e-19
36.0,7.0,15.35705596047021,10000000.0,1.2686589534619335,25.476154139215534,21.9443736011831,5.23835923989168,11.672652449601623,12.37867664250604,26.47298611298338,7.554331719361617,0.8613691643278311,0.20561813259828943,0.4581795347059024,0.4858926733941957,1.0391280398258158,0.29652559323046357,True,True,44,3.2526065174565133e-19
36.0,7.0,15.374777479457553,10000000.0,1.3192856241520303,25.854682617205984,22.412150641675684,5.465916731952717,12.037574650176861,12.751207213295459,26.82941906005697,7.840780846449835,0.8668507354548094,0.21140915991423598,0.4655858603410586,0.49318753597113124,1.0377005766144005,0.30326347310223367,True,True,44,3.2526065174565133e-19
36.0,7.0,15.392498998444895,10000000.0,1.3720031375022566,26.224259330284582,22.88642595796953,5.700350026768663,12.409942488309575,13.13112104395704,27.17503528455533,8.135194627082075,0.8727196322200634,0.2173693432090844,0.4732237556077777,0.5007241912374172,1.0362555884723412,0.31021637349685993,True,True,45,3.2526065174565133e-19
36.0,7.0,15.410220517432236,10000000.0,1.4269002908542634,26.584341883121077,23.36700942748692,5.941751351551392,12.789598817728292,13.518242319427376,27.509465235226727,8.437638052773487,0.8789764113860985,0.2235056778036671,0.4810951827943749,0.508503929826842,1.0347995581825191,0.3173912707664473,True,True,46,2.168404344971009e-19
36.0,7.0,15.427942036419577,10000000.0,1.4840679565145605,26.934450473188203,23.85356098656685,6.1901924919747255,13.176371613528529,13.912378186955541,27.832378681624242,8.74815857984388,0.8856152833083336,0.22982434700632667,0.4892014272444466,0.5165272705602278,1.0333375358569086,0.3247943962529401,True,True,45,1.1102230246251565e-16
36.0,7.0,15.44566355540692,10000000.0,1.5436015369202976,27.274139268812387,24.345690294539555,6.44574445613661,13.570057503722731,14.31330197193227,28.143493190322776,9.066785895676682,0.8926290965441585,0.23633172774428238,0.4975430157475184,0.5247939020498931,1.0318746602025488,0.3324316051302279,True,True,44,2.168404344971009e-19
36.0,7.0,15.46338507439426,10000000.0,1.6056006257670332,27.603007521909163,24.842997953328396,6.708480491507983,13.970420071760605,14.720752213501548,28.442609081262567,9.393546858314462,0.9000105489812992,0.24303440435551463,0.5061194893589748,0.5333024744429511,1.0304170318646253,0.3403088178293101,True,True,45,5.800481622797449e-18
36.0,7.0,15.481106593381602,10000000.0,1.6701677660828944,27.920721984173266,25.34491360865507,6.9784446642481095,14.377205394575538,15.134448018496988,28.729546237940745,9.728432984014383,0.9077456386343347,0.24993782998175365,0.5149295710449462,0.5420507402020578,1.028968600963326,0.34843056671417383,True,True,44,2.168404344971009e-19
36.0,7.0,15.498828112368944,10000000.0,1.7374113333044994,28.226982683692455,25.850917628066846,7.2556907187317385,14.790116062778639,15.55406353834548,29.004224079625967,10.071431310138145,0.9158229173039337,0.2570480451289454,0.5239708483373717,0.5510352882078151,1.0275354048515624,0.3568015548454884,True,True,44,1.1102230246251565e-16
36.0,7.0,15.516549631356286,10000000.0,1.8074427316967057,28.521565522352105,26.360380685124955,7.540248548604838,15.208832945716248,15.97925010331531,29.266588035313994,10.422507248716093,0.924226289909176,0.2643700796401099,0.5332397667230859,0.5602515083119302,1.0261213751530582,0.3654254967367785,True,True,44,2.220446049250313e-16
36.0,7.0,15.534271150343628,10000000.0,1.8803788788894127,28.804292819722455,26.87259539314734,7.83213116466649,15.633003711933672,16.409624305233777,29.516659393274058,10.781590767220566,0.9329371688218475,0.27190846911901223,0.5427317313351873,0.5696937053076345,1.0247312641212925,0.37430499803273604,True,True,44,3.198396408832238e-18
36.0,7.0,15.55199266933097,10000000.0,1.9563413889453378,29.075047699752393,27.386898279573682,8.131352124338852,16.062238275118943,16.844764563814827,29.75451563929666,11.14861568863906,0.9419382063406525,0.2796677139899619,0.5524406508628267,0.579354666508708,1.023369452272646,0.38344273081739444,True,True,45,1.1102230246251565e-16
36.0,7.0,15.569714188318311,10000000.0,2.0354564643150774,29.333778141446192,27.902466010149258,8.437885150213328,16.49612422757173,17.28422614104875,29.980273823908085,11.52346178544509,0.9512060081590851,0.2876508136635593,0.562359343826361,0.5892260471087281,1.0220392913365786,0.3928393311587571,True,True,45,2.220446049250313e-16
36.0,7.0,15.587435707305653,10000000.0,2.1178563890651887,29.580479828396125,28.418526018604716,8.75170412986237,16.934207101746498,17.72752184364728,30.19412793551121,11.906007166405042,0.9607188992020347,0.2958607899747816,0.5724791213660541,0.5992979811851984,1.0207450356003356,0.40249540357272134,True,True,43,2.220446049250313e-16
36.0,7.0,15.605157226292995,10000000.0,2.2036780370186753,29.815216555911682,28.934234077142158,9.072754886710545,17.376006439115688,18.174138526409443,30.396290611001103,12.296094109653298,0.9704519174926185,0.3042994797537911,0.5827898786691998,0.6095591656135707,1.0194891777492123,0.41241002179523867,True,True,43,2.220446049250313e-16
36.0,7.0,15.622878745280337,10000000.0,2.2930647984231793,30.038096906336506,29.44867261651707,9.400956827944901,17.821009411559956,18.62353019434411,30.587046886403694,12.693530464273065,0.9803774422974479,0.3129677907777766,0.5932802423245606,0.6199970075472889,1.0182751251445423,0.42258104778919525,True,True,43,1.1102230246251565e-16
