log_n_H2,T_cloud,log_N_dv,converged,any_maser,tau_main,n_iter,T_B_main,T_B_outer_01,T_B_outer_10,T_B_inner_12,T_B_inner_21,T_B_22_main,T_B_21_main,R_01,R_10,R_12,R_21,R_2211,R_21_11
3.5,9.0,14.0,True,True,0.9133917506622835,139,0.9285601421765506,0.2825386860843155,0.26914850617240016,0.37060521840785193,0.37726762525496105,0.04387401837770967,1.9025232089278199e-06,0.30427612951600863,0.28985576049119927,0.399118163244818,0.40629315013526585,0.04724951716629652,2.0488960515452387e-06
3.5,9.0,14.225,True,True,1.4460910282203865,101,1.3230977666215777,0.4656497819128629,0.43608509438072035,0.6184365069542263,0.6325821658731575,0.07332907244793203,4.7945460208237e-06,0.351939058216281,0.32959400686936996,0.4674155777115046,0.4781068956743873,0.05542226303893766,3.6237276955475347e-06
3.5,9.0,14.45,False,False,2.276141929816134,92,1.7362853620877408,1.0031869064428238,0.640821874244178,0.9442683580036012,0.9816126609414549,0.12201433849047558,-0.00019087958997953067,0.5777776673971229,0.3690763559013377,0.5438439893706158,0.5653521491197427,0.07027320574986784,-0.00010993560974908733
3.5,9.0,14.675,False,False,3.8211962175925764,85,1.8446848376523368,1.3776518955780857,0.8503580108316622,1.2324570221038305,1.2807113956931322,0.19582866274561395,-0.00032043874058875524,0.7468223663243055,0.46097739487785994,0.6681125127435501,0.6942711131745664,0.10615833054433187,-0.00017370920714920927
3.5,9.0,14.9,True,True,5.200492518804536,151,2.9588356861876077,1.7554437650641372,1.617111728208528,2.2889351052420275,2.342080701241256,0.3274436784509681,0.00012905474360250002,0.5932886957051632,0.5465365095322815,0.773593179211404,0.7915548376594624,0.11066639488618303,4.36167321507414e-05
3.5,9.0,15.125,False,False,8.274573148963606,87,3.30888964198731,2.2672181611578663,2.0673183075048964,2.8492515060727523,2.910494487821991,0.5058578787182608,0.0002903034312091533,0.6851900203586667,0.6247770494585824,0.8610899166650658,0.879598536889842,0.15287843761825914,8.773439510505943e-05
3.5,9.0,15.35,False,False,13.891386650729137,85,3.3245943110075236,2.430421228227872,2.198964198192094,3.013877193434343,3.079532918251359,0.7109776162525668,0.0004873624590405366,0.7310429486632097,0.6614233173988963,0.9065398395995519,0.926288331798926,0.21385394720148695,0.00014659306172392524
3.5,9.0,15.575,False,False,23.320915726538153,85,3.3301665476982047,2.495268827167883,2.250053045344355,3.076756713348179,3.144148878225788,0.9174832803215286,0.0008181857508536033,0.74929250277065,0.6756578126399055,0.9239047564977849,0.9441416317147888,0.27550672531849457,0.00024568913870662995
3.5,9.0,15.8,False,False,39.15124702800999,85,3.3321436518841128,2.518522851294856,2.268304613225994,3.09917375014255,3.1671871556275617,1.0751711621586595,0.0013735726703070278,0.7558266132586431,0.6807343410730248,0.9300840761742569,0.9504953827055809,0.32266650975588024,0.0004122189238541264
3.75,9.0,14.0,True,False,0.7920404247323091,134,1.2596678531755652,0.385116959700497,0.36638141690052267,0.4865289485002999,0.4943114543925969,0.05999488182737968,3.0568129885907523e-06,0.3057289734985573,0.2908555743300838,0.38623590121299245,0.39241412182303476,0.04762754060614893,2.4266817485932236e-06
3.75,9.0,14.225,True,False,1.2564334124401864,181,1.7724082754581565,0.6294849320538061,0.5873975221609075,0.794605303762081,0.8111397390275967,0.10016325379458382,7.721256371426844e-06,0.35515797391043447,0.33141208506774145,0.44831956314166976,0.4576483591614478,0.05651251756240658,4.356364432698751e-06
3.75,9.0,14.45,False,False,1.9736302903809908,94,2.3278971176930914,1.157067476572864,0.9089245791686614,1.2057248335744295,1.2556245679700837,0.16641380255355287,-9.92263156490574e-05,0.4970440780129919,0.390448775532396,0.5179459282845298,0.5393814694071993,0.07148675140698069,-4.262487156107186e-05
3.75,9.0,14.675,True,True,3.0191560914316087,128,2.9941438239359366,1.5351143351168304,1.4027292896488288,1.9188750644442716,1.9660077917398775,0.2738863886165789,6.889497330434043e-05,0.5127056098123081,0.4684909517154985,0.6408760491410944,0.656617686840264,0.0914740255384736,2.300990779186248e-05
3.75,9.0,14.9,False,True,5.068571377634584,85,3.1032603873603914,1.9584767554444482,1.7654157653057148,2.3803053653036264,2.440193410424957,0.43149171587834695,0.0001156611732854572,0.6311029404497741,0.5688906327346135,0.7670337220165708,0.7863321493626148,0.13904463758046753,3.727085672750705e-05
3.75,9.0,15.125,False,True,8.509137994913935,85,3.142973851482201,2.2694628172697056,2.0196866398734517,2.687927138289502,2.7569636105577686,0.6537506087489586,0.00019417248554784932,0.7220749915559893,0.6426037044250252,0.855217785862869,0.8771831204569541,0.2080038331978661,6.177986032441191e-05
3.75,9.0,15.35,False,True,14.285175056620847,85,3.157074332844164,2.431875688225584,2.1464204871324295,2.834172815616495,2.907837435017475,0.9340937143327576,0.0003259776704864458,0.7702940861816013,0.6798764491549838,0.8977212814191893,0.9210544727332552,0.29587320913386467,0.00010325308691505439
3.75,9.0,15.575,False,True,23.982009284639233,85,3.162077378105521,2.4963306177938818,2.195477320100195,2.889548821923615,2.9650117122671267,1.2310258713170736,0.0005472529654621505,0.7894590546957125,0.6943148625336804,0.9138134448989402,0.9376784176115066,0.3893092179972559,0.0001730675439036926
3.75,9.0,15.8,False,True,40.26109354970502,85,3.163852525551224,2.5194388998575286,2.2129966430590833,2.9092713472327754,2.9853764634814475,1.4742599502207443,0.0009187314423127516,0.796319954710461,0.6994626409375774,0.9195344358618314,0.9435890071903141,0.4659698700602015,0.00029038377575853826
4.0,9.0,14.0,False,True,0.6380953308796744,85,1.7473808278921998,0.4757082443641138,0.4454843346515638,0.6261947236910463,0.6408598834190183,0.062466863622717146,1.4560874858498963e-05,0.272240736976577,0.25494404398893106,0.35836190582816546,0.3667545581303325,0.035748854872162346,8.33297162591809e-06
4.0,9.0,14.225,True,False,1.090737367344374,176,2.2356050184970413,0.7904564021912796,0.7347658983743012,0.9624981450474865,0.9800304063600722,0.1261553266977227,1.247028785437045e-05,0.35357605464792247,0.3286653466488779,0.4305313940002503,0.4383736832989084,0.05643006061175097,5.578037153787573e-06
4.0,9.0,14.45,True,False,1.7198575654086712,45,2.9377730110386904,1.248945064270956,1.142049478943795,1.504679825429044,1.5373014145267896,0.2093392184511398,3.548907689311233e-05,0.4251332759808336,0.38874667125490664,0.512183827605198,0.523288017403106,0.07125779209780575,1.2080265139533253e-05
4.0,9.0,14.675,False,False,2.6983041183231533,94,3.608732485495397,2.0249355413255024,1.6952309169484463,2.205773664169336,2.2698463454974753,0.3442357111613626,-0.000185386862981808,0.5611209890077304,0.4697579894774964,0.6112322465117648,0.6289871456586722,0.0953896451302366,-5.137173889362392e-05
4.0,9.0,14.9,True,False,4.2032848117718125,95,4.259531124200206,2.8414964450088043,2.4268600295903235,3.1164818670803793,3.1915341475198695,0.5573918984733134,-0.00019954209126610577,0.6670913680768891,0.5697481621397954,0.7316490421620169,0.7492688876922177,0.13085757146051433,-4.684602258976872e-05
4.0,9.0,15.125,False,False,7.056491431316041,85,4.339306118161241,3.449036973035099,2.8769372524012296,3.6340995781623664,3.7268516292220606,0.857223639901742,-0.00033495886308761147,0.7948360588343583,0.6629947678409738,0.8374840306731569,0.858858888434747,0.19754855190188475,-7.719180301332337e-05
4.0,9.0,15.35,False,False,11.846466168740777,85,4.367703175961238,3.8241649601660854,3.132235723292954,3.9106784143891407,4.014354112439492,1.252085524002707,-0.0005622368540407995,0.8755551387313467,0.7171356653840416,0.8953626784696704,0.9190995703493562,0.28666909667622953,-0.00012872597596265528
4.0,9.0,15.575,False,False,19.887895004634974,85,4.377779007545906,3.99117716384827,3.2389372082904475,4.021916482563287,4.130343231913188,1.699147763944568,-0.0009436218943275321,0.9116899589880492,0.7398585453280178,0.9187116288032756,0.9434791534231817,0.38813009085560846,-0.00021554808790051448
4.0,9.0,15.8,False,False,33.3878780457809,85,4.38135404750683,4.05284005962683,3.2776113250978653,4.06189522747633,4.172054625455983,2.102035342754914,-0.001583413822337209,0.9250199859865381,0.7480818234634474,0.927086736984361,0.952229511748783,0.47976842774234557,-0.00036139828125468114
4.25,9.0,14.0,True,False,0.5936165156336364,47,1.9061650014565845,0.5719320469489403,0.5423378845693105,0.6923873088355798,0.7003108883147688,0.08864225246746597,7.965970272231338e-06,0.3000433050191887,0.28451780625228473,0.36323576831307686,0.36739258552099663,0.046502927291042766,4.179055992605147e-06
4.25,9.0,14.225,True,False,0.9594997994830538,108,2.6591162996402704,0.9285945851804062,0.8604726320635369,1.1049382621966561,1.12259415655276,0.14780007091006703,2.0390470786344455e-05,0.34921172319767585,0.3235934555325553,0.41552837021311706,0.4221681303313534,0.05558240191678027,7.668138016040484e-06
4.25,9.0,14.45,True,False,1.534682827936352,67,3.4636203532205965,1.4630733250921903,1.33020679861096,1.7097113433907605,1.7433711918555836,0.24515750511429285,5.8144252095341426e-05,0.4224115739855187,0.38405098219673145,0.4936197299455786,0.5033378413527728,0.07078070923285133,1.6787132008066893e-05
4.25,9.0,14.675,True,False,2.438433691291503,83,4.209229157494218,2.207176862586576,1.9780294034422383,2.5237595439033567,2.578904398139409,0.4030290929985284,0.00018300358198007781,0.5243660489847322,0.46992675604760187,0.5995776066052358,0.6126785455593128,0.0957489074409183,4.347674482256534e-05
4.25,9.0,14.9,True,False,3.875440139102577,95,4.824721164894395,3.146385430976897,2.783856918464544,3.4859184577146145,3.563833638288602,0.6528447782277308,0.0005633744792158971,0.6521382943061261,0.5769985089957997,0.7225119003930904,0.7386610576005397,0.13531243690888412,0.0001167682980967105
4.25,9.0,15.125,False,False,6.506104477518855,85,4.931282216735712,3.885098268299615,3.3650542264573353,4.131686408975174,4.233332994730887,1.0153701865489815,0.0009457807446409866,0.7878474801369969,0.6823893013133713,0.8378523530762685,0.8584649607689993,0.20590388907433307,0.0001917920538863523
4.25,9.0,15.35,False,False,10.922474339183825,85,4.969310997190958,4.369706310973474,3.7186355612533752,4.497756812066694,4.615883089946937,1.5083580885724717,0.0015877393807029179,0.8793384663273385,0.748320152100651,0.9051067269907591,0.9288778851949886,0.30353465287745385,0.0003195089584049845
4.25,9.0,15.575,False,False,18.336693808462346,85,4.982804771833043,4.596790774790824,3.874213716566841,4.65068931907089,4.776579018983949,2.0953083792239653,0.0026653873216397946,0.9225307804102038,0.777516658582957,0.9333476891088437,0.9586125159839991,0.42050782143189536,0.0005349170685367367
4.25,9.0,15.8,False,False,30.783715244729766,85,4.987592543802575,4.682254796507138,3.9314330292728656,4.706114041268524,4.834897417567122,2.6650078927520866,0.004474336209117012,0.9387805349747665,0.7882426230181815,0.9435642546855983,0.9693850039083111,0.5343275075794917,0.0008970933711649482
4.5,9.0,14.0,True,False,0.5289226016656576,48,2.1503296126653493,0.6365840565655728,0.6030616161765244,0.7635902301691875,0.7712426122097653,0.09817610232990162,1.3168734359192994e-05,0.29604022230644084,0.2804507795570118,0.35510380625913057,0.358662508141626,0.045656303922732865,6.124053857431769e-06
4.5,9.0,14.225,True,False,0.8645824423390596,59,3.001954138391944,1.0334701713446788,0.9556197325939181,1.2131096062044826,1.2305740064702946,0.1636739421321283,3.393957289463222e-05,0.34426580943647506,0.31833255557522094,0.40410664196699175,0.40992431920678035,0.05452246589609909,1.1305826581618806e-05
4.5,9.0,14.45,True,False,1.4027606002620694,55,3.8909915979054173,1.6276630922858963,1.4739223911171087,1.8661193906872806,1.9001037302056623,0.2714941203984406,9.697872069621671e-05,0.4183157561075417,0.3788037969320069,0.47959995382458354,0.48833406148410047,0.0697750466859374,2.492390904889692e-05
4.5,9.0,14.675,True,False,2.2658048641122708,45,4.665561532724703,2.4509528164111796,2.182812347886611,2.7339606443104993,2.790878145398561,0.4465206000865534,0.00030575260998641566,0.5253285803262818,0.467856298234661,0.5859874797779931,0.5981869761706217,0.09570565021050831,6.553393580640552e-05
4.5,9.0,14.9,True,False,3.6632570177572763,46,5.237494965836368,3.4742889351053203,3.0489861781458707,3.7385170130459735,3.8207861158343115,0.7241294408961936,0.0009468317938824725,0.6633493602891734,0.5821458918880282,0.7137986838043624,0.7295064034919173,0.13825873735814817,0.00018077951388183804
4.5,9.0,15.125,False,False,6.149890600826578,85,5.367139572660218,4.366948300424533,3.740572281403025,4.481770652810506,4.59331807035529,1.1355303929283307,0.001589491231678785,0.8136453768911508,0.6969396325106213,0.8350389610958302,0.8558223627634516,0.21157087076934467,0.00029615239368387716
4.5,9.0,15.35,False,False,10.324461051681816,85,5.413527189800558,4.989983286925299,4.184052754104582,4.920733490093949,5.054208052295724,1.708149050029754,0.002668292670267189,0.921761933019706,0.7728884713071383,0.9089699409591837,0.9336256889626758,0.31553347570656326,0.0004928935565881018
4.5,9.0,15.575,False,False,17.332746698513294,85,5.4299876814598065,5.299176654529509,4.387788345651353,5.109560979604416,5.253975270375198,2.415492898583163,0.00447911320010606,0.9759095168158595,0.8080659852384294,0.9409894237975055,0.9675851177921477,0.44484316360986254,0.0008248845969576653
4.5,9.0,15.8,False,False,29.098284802564756,85,5.43582808450497,5.418603905430255,4.463864409688803,5.178532209193637,5.327104916177581,3.141216609639456,0.00751835164189999,0.9968313605936485,0.8211930804826617,0.9526666643404775,0.9799987846125399,0.5778726922202728,0.0013831106365065759
4.75,9.0,14.0,True,False,0.48553882253930164,45,2.3245845159996352,0.6805747180508402,0.6444004714836123,0.8123556964369737,0.8197876323229923,0.10452747301162914,2.2205865340952514e-05,0.2927726281262673,0.2772110314976018,0.34946274951316986,0.35265985240827485,0.044966088473956584,9.552616903413977e-06
4.75,9.0,14.225,True,False,0.8010853185546064,54,3.2505626118892383,1.1054616997229942,1.0209494312341554,1.2878159352386738,1.3050521113810463,0.1742721608675881,5.751170716382899e-05,0.3400831891930536,0.3140839150428719,0.3961824733135015,0.40148499419998723,0.053612922338481125,1.7692847063912725e-05
4.75,9.0,14.45,True,False,1.315198984403244,86,4.202645857721439,1.741873320926169,1.573615513196003,1.9748212690173383,2.0088020991571724,0.28914549255006133,0.0001644653129591285,0.4144706406146164,0.37443447924712236,0.4698995194632062,0.477985099664403,0.06880082270525363,3.913375490750895e-05
4.75,9.0,14.675,True,False,2.153092248964362,53,4.9935519878889645,2.621726158363992,2.3263461906917495,2.880042501069119,2.9377394559203123,0.475881490701673,0.0005181110012769006,0.5250223017047896,0.46587002525134774,0.5767522813528699,0.588306572765301,0.09529919621460735,0.00010375600424977916
4.75,9.0,14.9,True,False,3.528055295755636,91,5.5233693529569035,3.703986653666406,3.2362286737468855,3.91244830898082,3.9966343016818717,0.7728747539172579,0.0016049781904174994,0.6706027457105505,0.5859156733768655,0.7083445011487985,0.7235862833511753,0.13992813164006568,0.0002905795516930773
4.75,9.0,15.125,False,False,5.9229134066731355,85,5.670868588879046,4.714307021317343,4.012296644312767,4.727374238788756,4.844793595216143,1.218595190128204,0.002694263759426094,0.8313200962833833,0.7075277061050488,0.8336243671841478,0.8543300764748999,0.21488686803957172,0.0004751060119272956
4.75,9.0,15.35,False,False,9.943410826114834,85,5.723762544404411,5.450470095847381,4.528711146463213,5.222440297771527,5.366050329966151,1.8485795381547767,0.004522633303085511,0.9522530072767951,0.79121226838638,0.9124138636528554,0.9375040086545935,0.3229657980766446,0.0007901504068345512
4.75,9.0,15.575,False,False,16.693038048724933,85,5.7425327051021124,5.831757243477142,4.773802998868966,5.440029224142203,5.597254322103049,2.646068756592585,0.007591186706345846,1.0155374889368511,0.8313061925842492,0.9473222885276488,0.9747013399035608,0.46078427280729495,0.0013219231123579402
4.75,9.0,15.8,False,False,28.024339350872296,85,5.749192609933366,5.98237129766766,4.866539489886702,5.5200265450345585,5.682510690966173,3.4954259298314,0.012740085074785926,1.0405585103082842,0.8464735520390064,0.9601394351438395,0.9884015159186038,0.6079855324018989,0.0022159781275676526
5.0,9.0,14.0,True,False,0.45823546764355083,46,2.4388316536262447,0.7084006507259423,0.6706257425227118,0.8434378704727721,0.8507152878607884,0.1085058534319776,3.806076259151208e-05,0.2904672201021489,0.2749782837718927,0.34583685561842,0.3488208325473711,0.044490915668837845,1.560614589158722e-05
5.0,9.0,14.225,True,False,0.7611098395426215,52,3.4156314367710716,1.1512370361159225,1.062736051050365,1.335786423380808,1.3528102938145583,0.18093956553512966,9.881687299700808e-05,0.337049549234806,0.31113897114584776,0.39108037506633875,0.3960644814457564,0.05297397242197151,2.8930777464217126e-05
5.0,9.0,14.45,True,False,1.2602752920330043,52,4.41064826294494,1.8148810413005527,1.638066988950962,2.045047936255756,2.07880887771588,0.3003285767126564,0.0002821773229861488,0.41147716460363976,0.3713891680533245,0.4636615332573132,0.4713159503514531,0.06809170870318515,6.39763830992368e-05
5.0,9.0,14.675,True,False,2.0831229169816923,92,5.21028101185723,2.7310233467940006,2.4204057963118704,2.974588545891252,3.032196787879202,0.494722400959059,0.0008844982092316477,0.5241604705348731,0.4645441946036429,0.5709075075071518,0.5819641552881158,0.09495119357923322,0.00016976017362955323
5.0,9.0,14.9,True,False,3.4455315422864805,51,5.707162309135607,3.8491003678627878,3.3610645209855146,4.024334938985241,4.108867317969511,0.8048330633972035,0.0027174455616428127,0.6744333101761325,0.588920436975372,0.7051376360092967,0.7199492664493417,0.14102158302189613,0.00047614653560718343
5.0,9.0,15.125,True,False,5.714194490715668,53,5.968912026631698,4.993991907503963,4.29887525220822,4.974752265534196,5.082161953239944,1.2825676389988163,0.007779423032078144,0.8366670316503408,0.7202108580303718,0.8334437236364306,0.851438575499972,0.21487460918779513,0.0013033234528115722
5.0,9.0,15.35,True,False,9.50580169830356,53,6.106393132559668,5.8997278767019194,5.0360027480282845,5.62298361986399,5.73865375311405,1.976988449997445,0.02125977193762902,0.9661559203000218,0.8247098800724121,0.9208355076062646,0.9397779717973268,0.32375715206674455,0.003481559650044573
5.0,9.0,15.575,True,False,15.86073622675215,45,6.179497720418889,6.395123208779268,5.49569568524332,5.958901729299336,6.063389877017363,2.894743692257572,0.05500367481716781,1.0348936917069957,0.8893434278782749,0.9643019544467767,0.9812107959813835,0.4684432009243215,0.008900994434453692
5.0,9.0,15.8,False,False,26.627067707853655,85,6.187437818972731,6.585108905009339,5.626302604949756,6.058645115105334,6.167409398218157,3.863395670052002,0.09203692348132994,1.0642707203969335,0.9093105691822311,0.9791848083753706,0.9967630509848261,0.6243934538146878,0.014874803783742972
5.25,9.0,14.0,True,False,0.44178556594720164,48,2.5093988951005626,0.7251192082388694,0.6865259438805893,0.8623031295349097,0.8694601492046561,0.11092454967068416,6.592724593185598e-05,0.28896131645495554,0.2735818307806648,0.3436293573008661,0.34648144258858976,0.04420363374163314,2.6272126787245594e-05
5.25,9.0,14.225,True,False,0.7369965551039293,44,3.518483511432493,1.1786890955863008,1.0883139948985205,1.3650796551179807,1.381866714242097,0.18503626539869014,0.00017113962081100005,0.3349991812542037,0.30931337076393783,0.38797386734440337,0.39274497372292433,0.05258977761227469,4.8640165643784234e-05
5.25,9.0,14.45,True,False,1.227188519414269,44,4.54074664309175,1.8584034867202561,1.6781000472619638,2.088188123790405,2.121470559205554,0.3073137566579486,0.00048638709132837256,0.40927266654430366,0.3695647828788267,0.45987770028247565,0.46720742775489127,0.06767912434081581,0.00010711610436762803
5.25,9.0,14.675,True,False,2.041201231791614,44,5.3449506117891925,2.79498862276821,2.4802404702768714,3.0329392310927443,3.089521892410202,0.5068256930981957,0.00150741783945731,0.5229213187870043,0.46403431021538005,0.5674400853027686,0.5780262750409216,0.09482326964449511,0.000282026523525296
5.25,9.0,14.9,True,False,3.3964820228589883,46,5.819308028766864,3.9296477370586853,3.443813131347237,4.093777705530756,4.1759351103929605,0.8262362414606798,0.0045440607682407244,0.6752774930684318,0.5917908305116812,0.7034818719500305,0.7175999431117687,0.1419818709331602,0.000780859295603163
5.25,9.0,15.125,True,False,5.660677089420856,86,6.047089705276268,5.06837872068696,4.400462459111136,5.0437861465463465,5.145900779586608,1.3204896408011422,0.012628659726178295,0.8381517337612251,0.7276992195554168,0.8340848891567609,0.8509714640245297,0.21836779428771746,0.0020883863712422538
5.25,9.0,15.35,True,False,9.451428812387555,45,6.153712826454768,5.9287120717944255,5.1452245702610195,5.678112443260216,5.783892612249715,2.0416992621084407,0.03295157541846779,0.963436585195678,0.8361171077307565,0.9227132632595479,0.939902913146158,0.3317833184108283,0.0053547470198494155
5.25,9.0,15.575,True,False,15.80819210129756,45,6.204994316663698,6.35788694528396,5.603290586730849,5.995791003270619,6.0865056484003635,2.9951023811039104,0.07993196407221491,1.0246402528056575,0.9030291247299042,0.966284688959141,0.9809043067219047,0.48269220377212485,0.01288187546885502
5.25,9.0,15.8,False,False,26.538856418911752,85,6.213020371812397,6.545468512692317,5.740525386220748,6.097133738189038,6.191614654450385,4.010252864172688,0.1335448054147984,1.0535082972507526,0.9239508391546094,0.9813477782643173,0.9965547002776416,0.6454594744879065,0.021494345330118743
5.5,9.0,14.0,True,False,0.4321448227425072,47,2.551300523537692,0.7347558150134521,0.6959451607403809,0.8734055930328483,0.8804384931513932,0.11240857193385635,0.00011469638718385688,0.2879926563863291,0.27278055028004594,0.3423374020328126,0.3450939961908356,0.0440593222542,4.495604736709583e-05
5.5,9.0,14.225,True,False,0.722844075298205,49,3.5798779351587613,1.1942248566241278,1.1037306686874824,1.3824259941147568,1.3988798694156253,0.18761916124502745,0.0002967939462886571,0.3335937365057577,0.3083151684719479,0.3861656791528141,0.3907618904200395,0.05240937390696448,8.290616374759012e-05
5.5,9.0,14.45,True,False,1.207758914887587,83,4.618583856354027,1.8821970411038216,1.7029444310553987,2.113945854546365,2.146357518619987,0.31189281704229127,0.0008353947529954985,0.40752687396037746,0.36871571114002166,0.4577043354183338,0.4647219982088516,0.06752996735421488,0.0001808768183013939
5.5,9.0,14.675,True,False,2.016594238956935,49,5.4251738118558235,2.8274226825870414,2.51929650467991,3.0681904948923684,3.122560513540862,0.5152351013597525,0.0025358663914959597,0.5211672069212189,0.4643715744506476,0.5655469485949637,0.5755687507591039,0.0949711694459984,0.00046742583361186356
5.5,9.0,14.9,True,False,3.3676590820482635,44,5.885276498977092,3.9633468955433213,3.5024035072611124,4.136573344688965,4.213542525613824,0.8421486056104048,0.007390413521178753,0.6734342721590366,0.5951128222896338,0.7028681397395575,0.7159464005380497,0.1430941444733781,0.0012557461866852418
5.5,9.0,15.125,True,False,5.628963158331957,46,6.0922416090371,5.082631245604572,4.480888962054013,5.08784787917743,5.179782635272316,1.3499830325216724,0.01957882187504731,0.8342793296420001,0.7355074288923733,0.8351356045417218,0.8502260691021738,0.22159052761780434,0.0032137303691312084
5.5,9.0,15.35,True,False,9.418502405244158,45,6.180459711505512,5.898686613650773,5.242062685653964,5.715297984004514,5.805507323581434,2.091970173455773,0.047863322080670255,0.9544090389699991,0.8481671154486076,0.9247367106632771,0.9393326054328824,0.3384813219575515,0.007744298048180484
5.5,9.0,15.575,True,False,15.775292862422086,45,6.21904732442952,6.283962448979885,5.703651387522319,6.022395192158988,6.09512897401788,3.069333132750891,0.10739891074392792,1.0104381139367387,0.9171262236769553,0.9683790583972487,0.9800743837524973,0.493537510270103,0.0172693509377306
5.5,9.0,15.8,False,False,26.483625044494435,85,6.227125211867439,6.466541047383521,5.847320205304058,6.12493731195824,6.200720294236134,4.113864383583003,0.1791310672927948,1.038447249311739,0.9390079701883043,0.983589875515197,0.9957596938020479,0.6606362074979548,0.028766254282379455
5.75,9.0,14.0,True,False,0.4265834361341199,47,2.575523699415429,0.7400143417448343,0.7015327620084307,0.8798241060005936,0.8866896380891558,0.11339098259697608,0.00019915721027949677,0.28732577452608826,0.27238451044642253,0.34160978840935874,0.34427547232060385,0.04402637903223823,7.732687931572899e-05
5.75,9.0,14.225,True,False,0.7146623313058206,44,3.6154516030876334,1.2021414458318038,1.1132581466464038,1.3925579154753494,1.4084861532099275,0.18943507788113675,0.0005116145904574671,0.3325010476713787,0.30791676085379477,0.385168457043123,0.3895740581915315,0.0523959656158465,0.00014150779670803583
5.75,9.0,14.45,True,False,1.1964883292851234,44,4.663724230352717,1.8927947649760677,1.7193221246705217,2.129248867209873,2.1601847429721825,0.3153566119967354,0.0014155489477455162,0.40585477860317565,0.36865861696554253,0.45655548270889895,0.4631887813848736,0.06761905216099903,0.00030352329550979013
5.75,9.0,14.675,True,False,2.0022242238071595,84,5.4715475651454835,2.837638129662035,2.54760075867797,3.089733164851886,3.1403129761799846,0.522153803743387,0.004151790053986789,0.5186170998015595,0.46560881146433597,0.5646909083883168,0.5739350592845457,0.09543073463704842,0.0007587963011478265
5.75,9.0,14.9,True,False,3.3506014146895975,44,5.923026888712178,3.9629935514565577,3.5498718812844468,4.1639206444998,4.232494371583913,0.8560433769069907,0.011482985268739861,0.6690824853436074,0.5993340817090707,0.703005527872109,0.7145830081659765,0.1445280247736841,0.0019387022015084192
5.75,9.0,15.125,True,False,5.609774447111737,44,6.117645399708791,5.055215473759313,4.552385631329639,5.117728685906766,5.194965819729796,1.3756473645326184,0.02845910834405916,0.8263335226981199,0.7441401607792337,0.8365520313011894,0.8491773354462624,0.22486549557091054,0.004651970894784758
5.75,9.0,15.35,True,False,9.398004356339278,44,6.19518254250878,5.835791634275532,5.331124941410709,5.742134105068247,5.812982600163174,2.132905652805589,0.06431259284326182,0.941988649120949,0.8605274993643424,0.9268708493523956,0.9383069119072589,0.3442845530653008,0.0103810650294766
5.75,9.0,15.575,True,False,15.754360511256262,45,6.226579911283357,6.201654954760626,5.792033844707908,6.042432095292702,6.095899707949833,3.1238652162506306,0.1332063615001072,0.9959970068837365,0.9302111154491093,0.970425527558563,0.9790125228945163,0.5016984059884606,0.02139318267781648
5.75,9.0,15.8,False,False,26.448483729248494,85,6.234689132145296,6.378704716070239,5.941559818166419,6.145903521447323,6.201629658693473,4.186573904492108,0.22181964079546093,1.0230990801421704,0.9529841331675162,0.9857594165777721,0.994697494493932,0.6714968165624561,0.0355783000714159
6.0,9.0,14.0,True,False,0.4233955782426142,46,2.5892010109022743,0.7425185571843104,0.7049891508657093,0.8835054242440991,0.8901130849662033,0.11417038347863784,0.0003426435832482601,0.28677516888716204,0.2722805791814663,0.3412270505549581,0.3437790581798129,0.04409483195700291,0.00013233564400967735
6.0,9.0,14.225,True,False,0.7099507906740726,44,3.6355229253228734,1.204950055442585,1.1197237826950688,1.3985101941459428,1.4135941831066132,0.19101180331123863,0.0008685066703902515,0.33143789220792014,0.3079952473675091,0.3846792395131823,0.3888282957206413,0.052540393014926384,0.00023889456571453714
6.0,9.0,14.45,True,False,1.189937000096927,44,4.689186348911971,1.8939540550194505,1.7318008803622602,2.138594889374002,2.167179798972817,0.3186185732729099,0.0023359625522226327,0.40389822755901,0.3693179906923701,0.45606950337348373,0.46216542438661384,0.06794751787734747,0.0004981594627316623
6.0,9.0,14.675,True,False,1.9937196344060488,44,5.4976353876176915,2.831353592975215,2.5718377559122563,3.1036537041651924,3.1484985262846212,0.5290297654196979,0.006502851816490858,0.5150129816452115,0.46780798917745603,0.5645433873544147,0.572700498358981,0.09622860159319226,0.0011828452339959126
6.0,9.0,14.9,True,False,3.340241791406051,87,5.944051176846563,3.9387002412945136,3.5935585934364513,4.18278133261389,4.2398829585699005,0.8696795692952127,0.016737384560531456,0.6626289249723574,0.6045638717637868,0.7036920120921533,0.7132985286340086,0.1463109154717263,0.0028158210726259205
6.0,9.0,15.125,True,False,5.597815026441998,44,6.131549193087784,5.004600990111004,4.618438790232068,5.13944754585294,5.199168121729941,1.3988071258039216,0.03828193599106233,0.8162049805867642,0.753225432071641,0.8381972294451687,0.8479371131183397,0.2281327412949446,0.006243436166869266
6.0,9.0,15.35,True,False,9.38503016667368,44,6.2030729755898735,5.76482276402869,5.408829854583958,5.762134197071446,5.813079673062751,2.1655438199515973,0.07979345619205146,0.9293494993069127,0.8719597328402561,0.928916074298401,0.9371290158826422,0.3491082288525983,0.012863536590017885
6.0,9.0,15.575,True,False,15.741161869415347,44,6.230523131563612,6.130596903079856,5.862203194225373,6.05727102264873,6.093416947683689,3.162154008168995,0.15406919613549538,0.983961823690609,0.9408845887318283,0.9721930076726314,0.9779944346590501,0.50752624481075,0.02472813163231611
6.0,9.0,15.8,False,False,26.426325796292204,85,6.238651128573637,6.302944186518181,6.01650238640151,6.1614414662509915,6.199125616015835,4.235874783275111,0.25622647531168175,1.0103056023841557,0.9643915427239289,0.9876239814133831,0.9936644137100773,0.6789728574297715,0.04107081323046567
6.5,9.0,14.0,True,False,0.42047822750405817,45,2.6003890747965683,0.7423080675703444,0.7093931136559217,0.8868588853105654,0.8924393573808381,0.11594945242820767,0.0009457254713578392,0.2854603854342128,0.2728026819261338,0.341048535354251,0.3431945496274071,0.04458927071798998,0.00036368614240229585
6.5,9.0,14.225,True,False,0.7055562010509697,44,3.651867497420458,1.1998166434496964,1.1301057678686313,1.4045200228829955,1.416419365048054,0.19485010575750022,0.0022627128257343373,0.3285487888860157,0.3094596856723021,0.3846032266710377,0.3878616532633124,0.05335629123869774,0.0006196043058332846
6.5,9.0,14.45,True,False,1.1836253133986891,44,4.710046013067189,1.8758891779724507,1.7552160474653733,2.14923275568802,2.1698024468337866,0.32656509143673157,0.005489281320061046,0.3982740662762377,0.372653694379171,0.45630822920314457,0.46067542457420874,0.06933373698064403,0.0011654411241062202
6.5,9.0,14.675,True,False,1.9851813396037936,44,5.519123639035722,2.7873726909166394,2.6191659262036793,3.1212124985924157,3.1494683743648113,0.5444055034566817,0.013045588231852385,0.5050390013374728,0.47456192278042336,0.5655268304766119,0.5706464613492648,0.09863984557370742,0.002363706465929373
6.5,9.0,14.9,True,False,3.3295399042326315,44,5.961262842090174,3.860303324342181,3.672304411941178,4.207558585418323,4.238081044508137,0.8952572156428984,0.028153658913953588,0.6475646899992517,0.6160279305271452,0.7058166527586031,0.7109367858408597,0.15017912133010358,0.004722767584608328
6.5,9.0,15.125,True,False,5.5854278194136935,44,6.142803832808927,4.900110511561381,4.721959594910066,5.167405627357019,5.194778721256012,1.433993382165534,0.05509488986700037,0.7976993315967087,0.7686977678971151,0.8412128676090431,0.8456689913343023,0.2334428090486181,0.008969013396250204
6.5,9.0,15.35,True,False,9.371863958277046,44,6.209382426452002,5.657584938089281,5.513733713786877,5.786619259103757,5.8073221179893935,2.2063600964114762,0.1013018132890093,0.9111348842016782,0.887968131951149,0.931915424383064,0.9352495496573331,0.3553268175289656,0.016314313780620603
6.5,9.0,15.575,True,False,15.728208222099092,46,6.2336324728969,6.043763630260605,5.945157170700392,6.074403649587882,6.087887251676837,3.2032638888039426,0.17871135780743547,0.9695412195919758,0.9537227606133718,0.9744564948284445,0.9766195357436059,0.5138679418030108,0.02866889547698736
6.5,9.0,15.8,False,False,26.404579161128332,85,6.241777953847998,6.210465284557881,6.105237155809714,6.1793879518754045,6.193459589325803,4.287313430385618,0.2967463117814768,0.9949833734039173,0.9781246947507789,0.9900044502649873,0.9922588780184968,0.6868737500895125,0.04754195262561935
7.0,9.0,14.0,True,False,0.4193545962601367,44,2.60196411644176,0.7372385509703706,0.7135763574700553,0.8880883488675578,0.8917242350147622,0.11876846892479818,0.0021411526592149755,0.28333924603793526,0.2742452722391444,0.3413146027863125,0.3427119649267929,0.0456456982532167,0.0008228986117391374
7.0,9.0,14.225,True,False,0.7037708939730406,43,3.654593848318541,1.1854750418752877,1.1413163297257773,1.40761251135767,1.4144569357957089,0.2001953230549611,0.00458954134579452,0.3243794224687152,0.31229635278100487,0.3851625022587134,0.38703532991675477,0.05477908937735171,0.0012558280170876287
7.0,9.0,14.45,True,False,1.180944656336168,43,4.714349765683513,1.845377549746207,1.778997169699696,2.1556444535371058,2.1659421981809954,0.33571519646730086,0.00959379372492239,0.39143840433287275,0.3773579089632453,0.45725170186318753,0.4594360422612735,0.07121134687778664,0.0020350195046530293
7.0,9.0,14.675,True,False,1.9815473048894876,43,5.524247185035662,2.7375858069009316,2.65873579308081,3.1317503352219185,3.143833923296083,0.5579734709576436,0.019220949426790902,0.49555816660714086,0.48128472604971717,0.5669098847903384,0.5690972575977857,0.10100443594723786,0.0034793789602423123
7.0,9.0,14.9,True,False,3.3251885002005537,43,5.965711335227562,3.7993912825270257,3.7234226974874356,4.220771006077847,4.232050099418037,0.9119790648880848,0.03599881081884722,0.636871459081769,0.6241372550999245,0.7075050683653042,0.7093957219196569,0.15287012958586227,0.006034286407100193
7.0,9.0,15.125,True,False,5.58069338006471,43,6.145859453599618,4.840478770857268,4.775694663907996,5.180433416238897,5.189568864864053,1.4517559855508515,0.06404767706707686,0.7875999780668933,0.7770588800417296,0.842914397140131,0.8444008367006395,0.23621691913253254,0.010421272655293842
7.0,9.0,15.35,True,False,9.367115032231156,43,6.211138031543148,5.6086846916807955,5.55974075643324,5.7968745633778545,5.803370612544986,2.2233612067255417,0.11077871277861481,0.9030043549502837,0.8951243279731027,0.9333031296259294,0.9343490006296234,0.35796358017391394,0.01783549362709816
7.0,9.0,15.575,True,False,15.723745852512888,43,6.234505546894773,6.009665330879023,5.977450567445794,6.0810486134005135,6.0851290796231075,3.218292655265823,0.18825083958654965,0.9639361591188675,0.9587689869684997,0.9753858694422539,0.9760403666099766,0.5162065589738325,0.030194991113659676
7.0,9.0,15.8,True,False,26.395426394866163,43,6.242863128619592,6.166550420568144,6.147248991410377,6.187742532879011,6.190134202120201,4.308759903363659,0.31572082162774245,0.9877760081425456,0.9846842489993278,0.9911706224203622,0.9915537269658112,0.6901897117703432,0.0505730808321524
7.5,9.0,14.0,True,False,0.41878660612589397,43,2.600495493766709,0.7305244295265997,0.7177614934290943,0.88857918998242,0.8900728838352555,0.12196876320851636,0.0035668733902327263,0.2809173987332951,0.2760095124754271,0.3416961083425491,0.34227049651450164,0.04690212442239218,0.0013716129863644792
7.5,9.0,14.225,True,False,0.7028923770924499,43,3.6537015529289216,1.1715162058343631,1.1508213495106592,1.4093441765059944,1.4117903742289193,0.20499492113519374,0.006784976301280717,0.3206381771645358,0.314974097593747,0.3857305135873016,0.3864000257758283,0.0561060935507618,0.0018570143737770995
7.5,9.0,14.45,True,False,1.1797191403630487,43,4.714515237576148,1.8226276408582263,1.7952808731103298,2.159107213438212,2.1623359626463468,0.3421769890946828,0.012569628269701722,0.38659916216439794,0.3807986150519538,0.4579701421324208,0.45865499498482026,0.07257946402790814,0.0026661549780384393
7.5,9.0,14.675,True,False,1.980056962242513,43,5.5252525610962016,2.7090404314258634,2.680125937166271,3.136682568879545,3.140032840801877,0.5654300629490331,0.02263500640042077,0.4903016471139183,0.4850684937078312,0.5676994009224499,0.5683057572627774,0.1023356048790017,0.004096646470026706
7.5,9.0,14.9,True,False,3.323570000158529,43,5.966876947033734,3.77153708377698,3.7459439223778923,4.226073406219414,4.2289234736905765,0.9193872245450444,0.039500900387497435,0.6320789111717636,0.6277897056751075,0.7082554984346189,0.7087331465403971,0.15408181410580155,0.006620029328262619
7.5,9.0,15.125,True,False,5.5790411616958835,43,6.146744564543361,4.817117882456307,4.796347904249764,5.185138258873801,5.187336844660598,1.4585545814740855,0.06752851650760046,0.7836860360593442,0.780307015182773,0.8435584404765325,0.8439161234359772,0.23728895290159838,0.010986061938725953
7.5,9.0,15.35,True,False,9.365519856673803,43,6.211666037085317,5.591271811807574,5.57601615050333,5.800353958653161,5.801892174124442,2.2292991482901563,0.11416190030590183,0.9001243431997433,0.8976683738650812,0.9337839355856363,0.9340315689036701,0.3588890862742203,0.018378628152950365
7.5,9.0,15.575,True,False,15.72227935155924,43,6.234772711914449,5.998193319795766,5.988316935807069,6.083219710937306,6.0841837073814276,3.2232416490676714,0.19148849808827778,0.9620548489816498,0.9604707681426125,0.9756922973811812,0.9758469135137435,0.5169782120378119,0.030712987776178185
7.5,9.0,15.8,True,False,26.394084238199177,47,6.24299343725959,6.1596229746001,6.153760606210768,6.188989204535269,6.189554602687779,4.312706160064282,0.3187860043158738,0.9866457551978325,0.9857067235540791,0.991349625261175,0.991440190493734,0.6908074152897681,0.051063004874118106
3.5,12.0,14.0,True,True,0.8184300883490419,137,1.0959349672771426,0.35539809934216715,0.28322946515343844,0.4226352080740032,0.43428105527213395,0.13834863891352614,9.41708229182551e-06,0.32428758088188026,0.2584363795391289,0.3856389481978507,0.3962653517216519,0.12623800046936565,8.5927382308298e-06
3.5,12.0,14.225,False,True,1.3739837208727725,85,1.3751561395344274,0.5468557859507364,0.43136994868716955,0.6376207033335549,0.6555004150530723,0.22236989573338262,1.5809438401711107e-05,0.39766814125985706,0.3136879778853433,0.4636714951870321,0.47667344544234697,0.16170519793386381,1.1496467889867072e-05
3.5,12.0,14.45,True,True,1.9854629367475163,100,2.1610510709999193,1.0037976498691576,0.693133823040148,1.1390750104085952,1.187604220095742,0.3702002046849143,6.74425218374957e-05,0.4644951076536567,0.3207392145153861,0.527093054715058,0.5495493540308777,0.17130562514361242,3.1208203610981764e-05
3.5,12.0,14.675,True,True,3.002547684271435,98,2.8498156769066667,1.5938794168893387,1.0719679542569742,1.7859352803833988,1.8649777624150918,0.5892194134892786,0.00020949501812916784,0.5592921078388535,0.37615343439353316,0.6266844887041757,0.654420486745105,0.20675702581889333,7.351177826229248e-05
3.5,12.0,14.9,True,True,4.483667158749839,98,3.6393558984393626,2.426003028808872,1.6079087025152266,2.6624327246920005,2.7742724043311413,0.9096720925556273,0.000630681819999306,0.6666023045037163,0.44181133898026675,0.7315670132271789,0.7622976377552994,0.2499541451677521,0.00017329490096578806
3.5,12.0,15.125,True,False,6.6521821681069175,95,4.534716021758285,3.5725723454708107,2.294379294484726,3.740195485723454,3.8820701685091863,1.3486678973250248,0.0017691116833645122,0.7878271380895834,0.505958759815594,0.8247915564673518,0.8560778998910624,0.2974095601254638,0.00039012623389778636
3.5,12.0,15.35,True,False,9.866197144979282,206,5.526630100320974,5.116131562400447,3.0908634938216575,4.942853981791425,5.1095324558315465,1.9048842644567767,0.004867970084702562,0.9257235366816596,0.5592672999124996,0.8943703291277547,0.9245294805481548,0.34467373967115067,0.0008808206802948223
3.5,12.0,15.575,True,False,14.780913963444414,224,6.540647179962614,7.092928852827455,3.903961911398251,6.144179314697895,6.324761998195537,2.5500061588644836,0.01333845235307835,1.0844383831858055,0.5968770068133481,0.9393840006415106,0.9669932996189667,0.3898706181058767,0.002039316903370194
3.5,12.0,15.8,True,False,22.663341763977087,49,7.427915486801999,9.421769202486601,4.6012000410197595,7.174704036112339,7.348650003744838,3.224050488995918,0.03659662762219277,1.2684270868761638,0.6194470102945061,0.9659108331079468,0.9893287042376827,0.434045122716386,0.004926904147902336
3.75,12.0,14.0,True,True,0.6894603599377414,57,1.4804477482819982,0.4787170674392403,0.3828119269307842,0.5480114721007551,0.5639565818136094,0.1883654292458113,1.5027895666180661e-05,0.3233596511560592,0.2585784789601811,0.3701660343883808,0.38093649875050234,0.1272354458064474,1.0150912576022995e-05
3.75,12.0,14.225,True,False,1.0885381522549469,140,2.1119253405278644,0.8133646866746437,0.5937531098076951,0.8919076150326717,0.9273231487437298,0.30980284158482785,3.8308579420814734e-05,0.3851294698094524,0.2811430396773826,0.4223196710210145,0.439088982431524,0.1466921370939156,1.813917314484219e-05
3.75,12.0,14.45,True,False,1.68590840704318,144,2.8619897489134063,1.3375661036410282,0.9133161024528967,1.4209104652726476,1.4877669743832957,0.5025839585127868,0.00010791192515927645,0.46735530906386147,0.3191192780476065,0.49647643420529924,0.5198365839528765,0.17560648451085462,3.770521023013681e-05
3.75,12.0,14.675,True,True,2.569529241780417,48,3.6951065045858673,2.1070721057112056,1.381291304892299,2.187051972067135,2.295898655676407,0.7979500976984499,0.00033429203647273735,0.5702331186113829,0.3738163712407279,0.5918779254002182,0.6213349068090589,0.21594779384792887,9.046885010157602e-05
3.75,12.0,14.9,True,False,3.88142515620006,94,4.581370419442212,3.170441572293499,2.0159457987726794,3.20453802093539,3.358791926962304,1.2274382945311622,0.0010123114975398246,0.692029083446063,0.44003117281621673,0.6994714959821011,0.7331413135048882,0.26791946124291,0.0002209625952190687
3.75,12.0,15.125,True,False,5.856277926618624,95,5.5017232389734705,4.592841048740302,2.7828783246488933,4.411474414992153,4.6073943904762364,1.8094434588986248,0.0028790823452398188,0.8348004523755814,0.5058193958095449,0.8018350293853131,0.8374456857149905,0.32888667428429874,0.0005233055572197425
3.75,12.0,15.35,True,False,8.879496693151031,210,6.435419521612848,6.433088102200524,3.6088629174305678,5.676270394139393,5.902787904682001,2.5333065139393462,0.008045754573701838,0.99963772067936,0.5607812987654476,0.8820357981443304,0.917234359758203,0.3936505623963499,0.0012502300039151772
3.75,12.0,15.575,True,False,13.632094693788451,180,7.3171901473977226,8.674231120941622,4.385637049848254,6.837241779894667,7.07233411917454,3.3506412640004646,0.02234984152061163,1.1854593014815278,0.5993608149445122,0.9344081050464782,0.9665368777781096,0.4579136521677085,0.00305442951056289
3.75,12.0,15.8,True,False,21.38989330129222,307,8.028031657525332,11.139972185303092,5.000451214816437,7.7421398777810335,7.955471910985891,4.177681661802393,0.06183449173170905,1.3876343119375574,0.6228738784467925,0.9643883093714125,0.9909617014936127,0.5203867946741727,0.007702322856904346
4.0,12.0,14.0,True,False,0.5743911241700291,56,1.873854440208563,0.5978717213840555,0.47860571417919706,0.6665256982874022,0.686336286661581,0.2367815520116594,2.3982072372503435e-05,0.31905985254516966,0.255412429006987,0.3556976913389371,0.3662697976611196,0.1263606963971573,1.2798257889142228e-05
4.0,12.0,14.225,True,False,0.914881873333315,173,2.6721046545311467,1.0149185514250063,0.7381382710891358,1.0720586884851642,1.1168315714412065,0.3894608251955852,6.160238370153521e-05,0.3798199107598524,0.27623853348612615,0.4012038550463398,0.4179595172469651,0.14575058822459216,2.3053881365415344e-05
4.0,12.0,14.45,True,False,1.433774237995169,97,3.598511390694769,1.6687318058676381,1.1239178480676166,1.6861151322830894,1.7717894059488983,0.6320072311967044,0.00017356025078532102,0.46372836561883274,0.31232855090410605,0.46855906490754473,0.4923673190337788,0.1756301877579112,4.823112446833509e-05
4.0,12.0,14.675,True,False,2.217441546948456,91,4.574953225619593,2.6276756778491723,1.6756110436725995,2.562589859977674,2.703865845268713,1.0040944208496512,0.0005375055573411005,0.5743612116369348,0.3662575246210673,0.5601346579080311,0.5910149704104405,0.21947643425658522,0.00011748875471143321
4.0,12.0,14.9,True,False,3.408589567360229,176,5.529893066917097,3.9428673609312956,2.4008166952625554,3.7065546302979473,3.909106082627625,1.5457210220855209,0.0016413931962829694,0.7130096935363409,0.4341524630242091,0.6702760045167281,0.7069044618627577,0.27952096060100795,0.00029682186914294935
4.0,12.0,15.125,True,False,5.2514039403639075,94,6.4229401143312055,5.6675518923141155,3.2337299810472424,5.019496982411878,5.278247461008785,2.2781823564449053,0.0047368152047312295,0.8823921430729788,0.5034656907094576,0.7814952176203713,0.8217805813309202,0.3546946282998504,0.0007374839435544784
4.0,12.0,15.35,True,False,8.155054060048215,165,7.238420248764955,7.812408917316506,4.065878237328111,6.311559402258771,6.605918007068377,3.179300944192004,0.013421005534303442,1.0792975053706624,0.5617079552712962,0.871952606417909,0.9126187455329776,0.43922580272048556,0.0018541346140538582
4.0,12.0,15.575,True,False,12.824955870789813,48,7.942808736615588,10.256659032602636,4.785304949730655,7.394356927505559,7.686385234643199,4.170326364144534,0.037636733308703214,1.2913138629815444,0.6024701221459428,0.9309498909898561,0.9677162688319181,0.5250442887941804,0.004738466524467784
4.0,12.0,15.8,True,False,20.53731817529799,220,8.467429481061176,12.672198485925644,5.321879385738241,8.159083866395017,8.408697669514156,5.129749401612615,0.10422270378374994,1.496581520314889,0.6285118048684688,0.9635845075113025,0.9930637967899959,0.6058213313835277,0.012308659200157671
4.25,12.0,14.0,True,False,0.4823614208996644,93,2.228162142860543,0.6980173719079961,0.5588050440745869,0.7655678464398227,0.7885974790884454,0.27716763257495214,3.87298925418201e-05,0.31327045661581543,0.2507919120092337,0.3435871347571577,0.35392284247143424,0.12439293678112706,1.738199020476049e-05
4.25,12.0,14.225,True,False,0.777626742492276,127,3.190168930931767,1.1871285780179996,0.8597772186010919,1.2238150138222126,1.2768374364612587,0.4563455517921456,0.00010032763549085458,0.37212091388253526,0.26950836686569224,0.38362075498765746,0.40024132392522765,0.14304745663072416,3.144900400667855e-05
4.25,12.0,14.45,True,False,1.2377189952386851,74,4.2919445824968365,1.9587750703289992,1.3024262347686386,1.9111755819744292,2.014376614069985,0.741830414366208,0.0002830190675404116,0.45638405451858904,0.3034583065401448,0.44529362978461473,0.4693389151120219,0.17284249600786983,6.594192028820778e-05
4.25,12.0,14.675,True,False,1.949720195661707,89,5.401620346427346,3.0977975253088137,1.926393256803661,2.8821025597422554,3.0551287240494087,1.1818198571024834,0.000877090617616846,0.5734941233620222,0.3566324793777455,0.5335625932408393,0.5655948637838059,0.21878987809355094,0.00016237546539103908
4.25,12.0,14.9,True,False,3.0588988362671823,170,6.394891525575942,4.661630356855528,2.729172623359547,4.130649477227073,4.382231407030437,1.826062142129655,0.002699956261309544,0.7289615997725134,0.4267738729334818,0.6459295612297434,0.6852706397761392,0.28555013557719333,0.00042220516962817103
4.25,12.0,15.125,True,False,4.817023457328574,92,7.217991435420609,6.687208472285174,3.6144662310969586,5.522317568494247,5.84550456669437,2.701103758666669,0.007885062449842746,0.9264638967939555,0.500757899678269,0.7650767693343001,0.8098519676829927,0.3742181994580421,0.0010924178173928889
4.25,12.0,15.35,True,False,7.650356397650999,165,7.883405336928498,9.109079979067966,4.442425693990384,6.815297377845133,7.176927168610678,3.7735675458582496,0.022536159401571262,1.1554752787349394,0.5635160827238683,0.8645118557991694,0.9103841375492339,0.4786722722706647,0.0028586833276229473
4.25,12.0,15.575,True,False,12.282010038711537,142,8.40575732589202,11.643102800267929,5.109853028990083,7.807722870847822,8.151510438695885,4.926982948497051,0.06330431577332074,1.3851343012727722,0.6078991851513896,0.9288541850712143,0.9697532444324813,0.5861438484930565,0.007531066305986043
4.25,12.0,15.8,True,False,19.98264408893703,176,8.76763833847062,13.763262383964872,5.599350329210533,8.445901617404521,8.724531149734563,5.988995768428087,0.17347099635515473,1.5697798942703265,0.6386383782097533,0.963304061065751,0.9950833751265821,0.683079700282525,0.01978537317101678
4.5,12.0,14.0,True,False,0.41567873628156915,53,2.509786622271212,0.7724699084711053,0.6183275120229215,0.8395025622193408,0.8650119159971197,0.3068643214051117,6.379280222286809e-05,0.30778310060959074,0.24636656619970776,0.33449160768083125,0.34465556088363153,0.1222670958088928,2.5417619831417896e-05
4.5,12.0,14.225,True,False,0.6782920982947677,95,3.614254895519785,1.317128316902701,0.9505045935189171,1.3387258010827185,1.398746590452799,0.5059115436012279,0.00016358859383394452,0.36442596191414384,0.2629877031354813,0.37040160137631617,0.3870082854938315,0.13997671946944135,4.52620522245756e-05
4.5,12.0,14.45,True,False,1.096640448439015,46,4.872034329072036,2.18382119524848,1.4379452271293565,2.083541620580259,2.201236874727503,0.8242093934742906,0.0004700381461952827,0.44823600322710105,0.2951426714194024,0.4276533127337602,0.4518106248949127,0.16917150779421453,9.647677221617806e-05
4.5,12.0,14.675,True,False,1.7595035632996046,87,6.095305683052523,3.4737098627224854,2.119192125589246,3.128590909192689,3.3288043148720754,1.3175483746132857,0.0014568022446403274,0.5698992049538777,0.34767610285427997,0.5132787544833837,0.5461259021229291,0.21615788331610938,0.00023900396803573637
4.5,12.0,14.9,True,False,2.8155580200996546,87,7.1029040160513865,5.252250332071637,2.984528609991039,4.456623261692682,4.75113594754236,2.045446978944972,0.004507034019024916,0.7394511203026848,0.4201842800137097,0.6274367852390307,0.6689004858865585,0.28797333799282665,0.000634533989033185
4.5,12.0,15.125,True,False,4.522107008805246,133,7.837142941661481,7.534420218513695,3.9132361230036845,5.901818633671895,6.281290860318864,3.041553978384305,0.013244129626589796,0.9613733314039046,0.499319222851137,0.7530574187052794,0.8014771335773576,0.3880947433299581,0.0016899180894334983
4.5,12.0,15.35,True,False,7.315590708972334,134,8.355553804875273,10.151151205589287,4.743316811104358,7.182417013017369,7.600298485460897,4.263966428730371,0.037867099546577264,1.2148986701116478,0.5676843117612075,0.8595979609187119,0.9096103816633073,0.5103152380207815,0.004531967650604163
4.5,12.0,15.575,True,False,11.929433185338285,132,8.723107935066045,12.60448663534274,5.388241149164541,8.093743726302872,8.47675706786218,5.557182476120249,0.10531837434982504,1.444953648306234,0.6176974066209059,0.9278509204003782,0.9717588193293405,0.6370645092881307,0.01207349205510291
4.5,12.0,15.8,True,False,19.626783553248714,178,8.9609188347746,14.183401226756548,5.8781397534181155,8.633159356366326,8.93045391020647,6.691459699175491,0.28111689642179627,1.5828065724370903,0.6559751139143057,0.9634234519415198,0.9966002454514035,0.7467381216765374,0.031371436523994295
4.75,12.0,14.0,True,False,0.3711638208761961,91,2.7105089538220297,0.8226446540710731,0.6585354624806514,0.8897836342600729,0.9170277300331574,0.32673926901522743,0.00010731813447149465,0.30350191351003647,0.2429563870475561,0.3282717930171042,0.3383230771992384,0.12054535682477621,3.959335176523497e-05
4.75,12.0,14.225,True,False,0.6117713470112719,61,3.924284277299696,1.4063852746404957,1.0134314638250401,1.4177047964482214,1.4819564384142894,0.5393557165121119,0.0002813924668804454,0.35838007016357915,0.2582461901874202,0.36126455074853686,0.37763738141672676,0.13744053141920776,7.170542371463257e-05
4.75,12.0,14.45,True,False,1.002051185366684,101,5.305486752500809,2.340298848563855,1.5321157613595107,2.204000918656058,2.332161008937172,0.8804754035848641,0.0007945942005407943,0.4411091682512872,0.2887794905222086,0.41541917291889835,0.43957531471318406,0.16595563134142982,0.00014976838838891683
4.75,12.0,14.675,True,False,1.6327287441644058,87,6.61642351701603,3.7401452772425414,2.2559248676273485,3.302451842525352,3.522569899517781,1.4119845189000888,0.0024580648347324904,0.5652820239852672,0.34095835338012914,0.4991294517396219,0.532397886933701,0.21340600632180903,0.0003715095970520738
4.75,12.0,14.9,True,False,2.6556400240574085,88,7.624673405411126,5.6747419753320605,3.1708243374396483,4.686480796766197,5.012376123904804,2.202088083975296,0.007603787410712755,0.7442603339973584,0.41586362704917407,0.6146467589602286,0.6573889604697809,0.28881080760947797,0.0009972607358259375
4.75,12.0,15.125,True,False,4.331624481174224,91,8.27531671219867,8.12641748030387,4.1415353630800915,6.166171800447332,6.585619610911471,3.2921768064625416,0.022295598828675312,0.9820068237780788,0.5004685025498833,0.7451281944723347,0.7958148116800882,0.3978309134210578,0.002694229067488052
4.75,12.0,15.35,True,False,7.10198310841477,164,8.673975673749558,10.798723333401208,4.995312713903523,7.432233814034016,7.887055832244792,4.635096500852359,0.06303561749207236,1.2449566080847874,0.5758965556038003,0.85684282428028,0.9092780668170126,0.53436816924444,0.00726721169887989
4.75,12.0,15.575,True,False,11.704895328189055,132,8.926871789799868,12.969930997516125,5.662589688702615,8.281935374291422,8.686530386173294,6.039858852683483,0.1708790305349361,1.4529088467850504,0.6343307960547694,0.9277533686273649,0.9730766376748912,0.6765929874320387,0.01914209530041509
4.75,12.0,15.8,True,False,19.39653130660642,180,9.078994033486135,13.87188325426358,6.203108089378661,8.75157944572222,9.0552257536054,7.220647653578586,0.4356252547500011,1.527909722497866,0.6832373792184114,0.9639371293167163,0.9973820579908887,0.7953136247195016,0.04798166549545914
5.0,12.0,14.0,True,False,0.3432256519558543,52,2.8419148590772187,0.8540313397703072,0.6839831711039187,0.9216858894236717,0.9500053956853279,0.3392630710506916,0.00018371162021745967,0.3005126409901015,0.24067686930142967,0.3243186144299013,0.33428355274295535,0.11937833744986001,6.464360451569318e-05
5.0,12.0,14.225,True,False,0.5697991176532633,45,4.131434882484411,1.462198079689428,1.0535482519469472,1.4685035230615358,1.5356168005280648,0.5606346432324756,0.0004828657674450164,0.3539201563816358,0.2550078318827097,0.3554463678678292,0.3716909122877502,0.13569974093246306,0.00011687604456557433
5.0,12.0,14.45,True,False,0.9421988392176839,45,5.599926690381941,2.438646942155147,1.5940727453310148,2.2823411377543015,2.416867084219547,0.9167996447433583,0.0013609330718216456,0.4354783690907247,0.28465957385993773,0.4075662529072564,0.4315890578300956,0.16371636548706825,0.00024302694429180529
5.0,12.0,14.675,True,False,1.5526326023653494,84,6.972252034940465,3.906258891720671,2.3492909723794253,3.4167119646870576,3.6486054221983,1.4743391389083584,0.004187885848154092,0.5602578438279341,0.33694865885603137,0.4900442421709204,0.523303719359803,0.21145809582325972,0.0006006503819952417
5.0,12.0,14.9,True,False,2.5553123471356214,125,7.975995720239723,5.927334081538064,3.306360411128871,4.838230154082727,5.181486234171082,2.308847304720688,0.012860389527775216,0.7431465975460573,0.4145388898264725,0.606598890443902,0.6496350319023678,0.2894744914245383,0.0016123867136915526
5.0,12.0,15.125,True,False,4.212929640830055,85,8.561527681347101,8.434294974936067,4.32685046569967,6.340344895780008,6.779157234671174,3.4691260170305576,0.03721122887729659,0.9851390182749471,0.5053829908331112,0.7405623309019537,0.791816307437847,0.4051994160561673,0.004346330498745948
5.0,12.0,15.35,True,False,6.96828927351419,127,8.87475265059919,10.991246655312365,5.237171783237077,7.595776066593805,8.063714963485113,4.904617911467108,0.10245156913380876,1.2384848443714402,0.5901203097624904,0.855885945855738,0.9086129248842425,0.552648406616264,0.011544160515492409
5.0,12.0,15.575,True,False,11.56101533807075,48,9.050723990731035,12.720208359620246,5.975697841922834,8.403835638300691,8.809510720127346,6.392907372035295,0.26547805336203434,1.4054354516442198,0.6602452851332804,0.9285263418602943,0.9733487320074373,0.7063420980003761,0.029332244982159868
5.0,12.0,15.8,True,False,19.242126920167564,174,9.147950659896424,13.017336379135289,6.602768717685674,8.82724716077526,9.123505009425871,7.5987019380136145,0.633383641893481,1.422978420314597,0.7217757247676752,0.9649425853894149,0.9973277457018085,0.8306452691448655,0.06923776323697972
5.25,12.0,14.0,True,False,0.3264163734354353,52,2.9228632944338675,0.8724800974564565,0.6995211211211313,0.9409937251398112,0.9698500043324499,0.3469635673136019,0.00031811413110979065,0.29850184889521086,0.23932734810186265,0.3219424346433805,0.3318150411548075,0.11870673800390848,0.00010883647268607768
5.25,12.0,14.225,True,False,0.5444303074817043,45,4.26074281198308,1.4943399934727586,1.0787211766293723,1.499583470832348,1.5680240666548637,0.573945048243049,0.0008360657440374979,0.3507228808249158,0.2531767872952891,0.3519535294678807,0.36801659613081816,0.13470539611751817,0.00019622534870823786
5.25,12.0,14.45,True,False,0.9058723416296497,85,5.785863431832209,2.493180314200404,1.6347503901031222,2.3309257306612783,2.4681024543772963,0.9400856923679801,0.002345537768497404,0.4309089461883287,0.2825421666728566,0.4028656670043704,0.42657461301255123,0.1624797583703567,0.0004053911393056581
5.25,12.0,14.675,True,False,1.5038969988448052,46,7.1977499644336485,3.9907771202846387,2.4154553164972183,3.4886262596203768,3.7243917060168688,1.5158202126809377,0.0071416281962517715,0.5544478677370465,0.33558477696957306,0.4846828907448548,0.5174383278691622,0.21059639750909426,0.0009922028733341402
5.25,12.0,14.9,True,False,2.4941382702869794,48,8.196356760060386,6.028566739784854,3.4149120619718354,4.935160077383952,5.2812334003566415,2.3832991721346404,0.02155528964295459,0.7355178546108624,0.41663780164038106,0.6021163087278296,0.6443391320020742,0.2907754313170089,0.002629862300283252
5.25,12.0,15.125,True,False,4.139891809875933,47,8.737093802718029,8.471012313238365,4.502247000968501,6.453417160554637,6.8894195715101265,3.5976988973512527,0.06065137564921132,0.9695457671065763,0.5153025826010812,0.7386228540372359,0.7885253068207752,0.4117729508903798,0.006941824938441572
5.25,12.0,15.35,True,False,6.883713551121961,47,8.994762876334203,10.762102218606328,5.50706368649913,7.704097700224144,8.15937021766778,5.103939313466889,0.15956365056398641,1.196485373385674,0.6122522363528412,0.8565092605714063,0.9071245490123597,0.567434559825438,0.017739617237026738
5.25,12.0,15.575,True,False,11.465444476928665,49,9.122701920752093,12.017303081585146,6.354628352508647,8.48645094849439,8.871115354644077,6.6497499399380615,0.38731874784381726,1.317296474879716,0.6965730556265681,0.930256301500943,0.9724219240863595,0.7289232946229864,0.04245658262304442
5.25,12.0,15.8,True,False,19.133764975394122,49,9.18690333280065,11.959389693878393,7.070391157942618,8.879952953311827,9.153889123420386,7.861102969859859,0.8524165694462206,1.3017868220272808,0.7696163660173392,0.9665882650149483,0.9964063832845186,0.8556858263428991,0.09278606060899514
5.5,12.0,14.0,True,False,0.31656400870023854,51,2.9705970797328414,0.8824705592344185,0.7090001156320357,0.9523356847280954,0.981274716053156,0.35181928185893774,0.0005537558656137482,0.2970684126955995,0.23867259564390306,0.32058729580847195,0.33032911893302147,0.11843386107771249,0.00018641231064010533
5.5,12.0,14.225,True,False,0.529496128442477,45,4.337517650949571,1.5101865938634034,1.0950639094694823,1.518106263189622,1.586516670377503,0.582661656967913,0.0014511746544870307,0.34816840308022556,0.252463274525177,0.3499942560135237,0.36576604363331694,0.13433067110178942,0.00033456340037471414
5.5,12.0,14.45,True,False,0.8843588535947183,45,5.8969604368341395,2.5153742378019497,1.6638159783700264,2.3605042200625506,2.496865324343302,0.9560969691061791,0.004035208851940178,0.4265543689406811,0.28214806529434133,0.40029168337609167,0.42341564795774295,0.16213386190182283,0.0006842862344361484
5.5,12.0,14.675,True,False,1.4747625453682023,47,7.332648840091892,4.009754493683775,2.4696664141571936,3.5336793282624046,3.7655283483488478,1.546215515720901,0.012056029887035295,0.5468357453257676,0.3368041301329035,0.48191034445038566,0.5135290712082782,0.21086725267229953,0.0016441575411491015
5.5,12.0,14.9,True,False,2.45693253225199,46,8.32709029467912,5.999363005774781,3.5195334069663913,4.998153195506088,5.332156773692064,2.4413168460711545,0.03527143258096318,0.7204633063254136,0.42266065124997115,0.600228053093147,0.6403385318277656,0.29317765986410854,0.004235745180222324
5.5,12.0,15.125,True,False,4.094010929811395,47,8.839518908860407,8.276172930007903,4.697035113083064,6.530405218399824,6.940734910143614,3.700611656178735,0.09474680445786843,0.9362696109753408,0.5313677318315287,0.738773827595299,0.7851937398070926,0.4186440115501511,0.010718547630787658
5.5,12.0,15.35,True,False,6.82786911850756,48,9.063455806082775,10.231486694470368,5.827879389240222,7.782036790077595,8.198381920211443,5.259949551442708,0.23348174368535674,1.1288725750285769,0.6430085294098246,0.858616951037023,0.9045536377756976,0.5803470181773919,0.025760785806299147
5.5,12.0,15.575,True,False,11.39900584339067,48,9.163067245248289,11.130866507198762,6.792679476375087,8.549445865681903,8.890951729202762,6.8383208262991815,0.5231706863516083,1.2147533363318836,0.7413106653667286,0.9330331903997985,0.9703030100333883,0.7462916775870376,0.05709558517350291
5.5,12.0,15.8,True,False,19.056448965398346,129,9.20839319695773,10.991595976716015,7.557873385544096,8.922526854570753,9.15935997070555,8.038879370927116,1.059537360509984,1.1936497216851492,0.8207591947790704,0.9689558931430707,0.9946751593678277,0.8729947993079838,0.11506213275732341
5.75,12.0,14.0,True,False,0.3108641319199286,50,2.9976365562083984,0.8868204190423544,0.7151230625424796,0.9588825420480935,0.9874553141618994,0.355241621183291,0.000963102194026795,0.2958398733180854,0.23856229704077694,0.31987951977105233,0.329411286407214,0.11850723545773115,0.0003212871794054273
5.75,12.0,14.225,True,False,0.5208023806434751,45,4.381005337278112,1.5141492837789525,1.1071455448619971,1.5291280555727138,1.5961080160677488,0.5892700253464435,0.0025069239801498817,0.34561685439983575,0.25271495002328825,0.34903588054579965,0.36432459976398923,0.1345056625090881,0.0005722257306601265
5.75,12.0,14.45,True,False,0.8716825228717895,85,5.9599773217652405,2.51169427164639,1.6890456637070432,2.3789278437897026,2.5107891256837735,0.9692071566227948,0.00686246875586888,0.42142681692326817,0.2833980017908487,0.39915048587552443,0.4212749462174332,0.16261926921824807,0.001151425313450075
5.75,12.0,14.675,True,False,1.4571788613065204,45,7.4091228790376675,3.9724841065650676,2.524824954484132,3.563472655668144,3.7830352761591013,1.5730115302122412,0.019868192554537693,0.5361611855303758,0.3407724498169031,0.48095742422495563,0.5105915150715465,0.2123073885928791,0.002681584970165628
5.75,12.0,14.9,True,False,2.433539706622653,46,8.400766010144954,5.859543202803964,3.638602041061193,5.042834045119656,5.349187031453235,2.4943036846900837,0.055325186454599454,0.6975010607042081,0.43312741203208555,0.6002826455384921,0.6367499136380464,0.29691383877112,0.0065857311568715896
5.75,12.0,15.125,True,False,4.063584155974581,46,8.89663295954815,7.91625918545553,4.927123092561643,6.5892667306978066,6.951488464149938,3.7917470709653536,0.13909152082780332,0.8898039540857475,0.5538188565229835,0.7406472494322693,0.7813617236720303,0.42620023644967053,0.015634175475175233
5.75,12.0,15.35,True,False,6.789070098279517,47,9.101314509131738,9.573805118955493,6.192734215930869,7.845908287904762,8.199588227770974,5.38659028956625,0.3163517223430187,1.0519145458988022,0.6804219555007613,0.8620631975779572,0.900923511603074,0.591847505562153,0.034758904554458535
5.75,12.0,15.575,True,False,11.352058321809238,47,9.185000651496534,10.303073762926909,7.244693068380352,8.60396981907826,8.884045597471946,6.975062313227872,0.65245247855993,1.1217281472101153,0.7887525916723759,0.9367413400973897,0.967234073742221,0.7593970406623117,0.07103455985641377
5.75,12.0,15.8,True,False,19.002888967348113,46,9.21992320715145,10.252433082539982,7.9990508677181875,8.96082031425353,9.149528162327657,8.155300697835811,1.2281863530295294,1.1119868194333402,0.8675832420723103,0.9718974998949074,0.9923648990081403,0.884530219461062,0.13321004149762164
6.0,12.0,14.0,True,False,0.30756312857736795,130,3.0119796924630173,0.8869549407860137,0.7197393979850775,0.9626287842712157,0.9902938397514357,0.358256437662265,0.001661986619463303,0.2944757373382935,0.2389589145591209,0.3196000247544947,0.32878503206030335,0.11894384233689978,0.0005517921065743407
6.0,12.0,14.225,True,False,0.5156991025066889,45,4.403838227833081,1.508047929589413,1.1183891462079643,1.5359300744328235,1.5997835609019004,0.5956308058853398,0.004271474788259377,0.3424394474933861,0.25395781778257337,0.34877077562147,0.36327028336122097,0.13525265349686139,0.0009699436190146264
6.0,12.0,14.45,True,False,0.8640337644518107,45,5.993018756626849,2.4843996915044175,1.7166356162140364,2.3914515157052074,2.514449642622409,0.9826699477109846,0.011390625032669964,0.4145489597804552,0.2864392196863804,0.39903955132141583,0.4195631191445926,0.16396910932814718,0.001900648987636598
6.0,12.0,14.675,True,False,1.4460389659807928,45,7.44939170663312,3.8846797505705846,2.5906611987721924,3.58585167249747,3.7838350182059957,1.6012398236885677,0.03141509750448459,0.5214761021509409,0.3477681535346577,0.4813616753841176,0.5079387911413997,0.21494907057482085,0.004217135940980499
6.0,12.0,14.9,True,False,2.4177899501150293,46,8.43979669002772,5.636863439648351,3.7811658899624505,5.079342772582819,5.342795433402095,2.547843742681264,0.08159981565374011,0.6678909038542061,0.44801622939924535,0.6018323615051604,0.6330478836907323,0.3018844927498954,0.009668457505635969
6.0,12.0,15.125,True,False,4.04216780922278,46,8.92701019440579,7.483596001475823,5.185987927557051,6.640284265268201,6.936100287675804,3.8746479214644083,0.18910421236896813,0.8383093374493402,0.5809322286656408,0.7438419045863092,0.7769790934060306,0.4340364620500265,0.021183375872861933
6.0,12.0,15.35,True,False,6.761605428135028,46,9.12140586657697,8.952193118530424,6.563171095954147,7.902962890420401,8.178611254266476,5.487034173485494,0.3956522641586933,0.981448830309527,0.7195350357123335,0.8664193881974667,0.8966393310306342,0.6015557528901668,0.043376237166296766
6.0,12.0,15.575,True,False,11.319798342766454,47,9.196497875468511,9.659586056224596,7.649980962884023,8.653031607991771,8.863053864939094,7.069988864372666,0.7582887923477981,1.0503548401823006,0.8318363214425577,0.9409050842140217,0.9637422837427198,0.7687696947369206,0.08245408226217499
6.0,12.0,15.8,True,False,18.967805732298793,46,9.225856361652275,9.749705809662467,8.347390244795811,8.995124900875672,9.132595148085619,8.228411042604176,1.3495357617200998,1.0567805770516436,0.9047821597886727,0.9749907811554871,0.9898913217471821,0.8918858824646317,0.14627756045818266
6.5,12.0,14.0,True,False,0.30435037434520007,49,3.0192213443256493,0.8756811251196743,0.7294260136943393,0.966002871630585,0.9894466232466295,0.3661802315870188,0.004641253119313931,0.2900354181601945,0.2415940835425097,0.3199509944662054,0.3277158281575493,0.12128300307469046,0.0015372351311826614
6.5,12.0,14.225,True,False,0.5104544318000602,45,4.414952833542424,1.4660315568579312,1.1481532244415724,1.5442233251657531,1.5949695028801207,0.6128715198513832,0.01126582837450929,0.33206052524951485,0.26006013376145837,0.3497711942545749,0.36126535503672996,0.13881722930200224,0.002551743766981522
6.5,12.0,14.45,True,False,0.8555118724095607,45,6.0104898497308215,2.364867343284508,1.7941948437463664,2.4105538702493785,2.5006471137081694,1.017881236803205,0.027225689805087643,0.3934566736503878,0.2985105854270296,0.4010578056890546,0.4160471402876024,0.1693507954012751,0.004529695663042662
6.5,12.0,14.675,True,False,1.4325428131847933,45,7.4738452523557015,3.605389071954818,2.7640667835734836,3.6242599204678365,3.7540377464091077,1.6668652203641547,0.06455621712394047,0.4824008191524203,0.36983195266215474,0.4849257374342205,0.5022900019539289,0.22302645613899633,0.008637617577590708
6.5,12.0,14.9,True,False,2.3979928493957896,45,8.46672901128171,5.121340527454331,4.1029071957258525,5.14326271961599,5.294458607822599,2.6501606862758225,0.1406495696588877,0.6048782854193477,0.4845917697683283,0.6074675016482419,0.6253251522244141,0.3130087998263022,0.016612031573406395
6.5,12.0,15.125,True,False,4.015989012876324,46,8.949626949494103,6.74036254724488,5.670995088361923,6.726228100619293,6.8764054947774325,4.001375996254644,0.2771427947845561,0.7531445260548981,0.6336571479867648,0.7515651924463184,0.7683454889889165,0.4470997527423006,0.030966966148261877
6.5,12.0,15.35,True,False,6.730281836926536,45,9.136699044860386,8.117040549673307,7.142593435726006,7.993469690938981,8.120820787847062,5.612132150162296,0.5082154558265082,0.8883996845928004,0.7817476969151006,0.8748750124844596,0.8888134268158061,0.6142406707944764,0.05562353026308683
6.5,12.0,15.575,True,False,11.285723149874258,45,9.205132164694547,8.934691663526001,8.18926855533422,8.726446045280968,8.817167887989891,7.170586179015459,0.885133547008823,0.9706206824269406,0.8896416052279423,0.9479979091175316,0.95785348110561,0.7789769935642634,0.09615652781213427
6.5,12.0,15.8,True,False,18.933096842360868,45,9.230172876479143,9.240942178185,8.75256872754252,9.04418412086816,9.100951965845029,8.297910652165603,1.4785508036859791,1.0011667497293901,0.9482562076216707,0.9798499163450198,0.9860001635545308,0.8989984004861725,0.1601866859345297
7.0,12.0,14.0,True,False,0.30264572417553454,46,3.0106596952172966,0.8491699246323926,0.7442060889423071,0.9671179927586682,0.9823536031854392,0.37952735461561427,0.010703931837446896,0.2820544367672558,0.2471903716399915,0.3212312551614591,0.3262918106440247,0.1260611935711391,0.003555344316878807
7.0,12.0,14.225,True,False,0.5073900372377063,46,4.404066731624875,1.3933512593408897,1.1918685066001449,1.550573744158565,1.5799251351044163,0.6378300723699759,0.023202496824336057,0.31637832581769587,0.2706290751776158,0.3520777133153209,0.3587423241703481,0.14482752220574308,0.005268425352804662
7.0,12.0,14.45,True,False,0.85031380946173,44,6.0015380485219785,2.207670499641952,1.8920483026820476,2.427511172490355,2.4735168928076456,1.0594163433589165,0.048466580131831506,0.367850787880224,0.3152605694381975,0.4044815100502757,0.4121471650782599,0.17652414011102088,0.008075693220634925
7.0,12.0,14.675,True,False,1.4247096957563135,45,7.471217154741017,3.336384468441181,2.9375163670734623,3.656278138771202,3.7139818590773417,1.7258429328416591,0.0972022919279747,0.4465650508262912,0.3931777521965614,0.4893818588114568,0.49710532864388196,0.2309988984521069,0.013010235135019862
7.0,12.0,14.9,True,False,2.3878598860310865,45,8.469986443657138,4.764769147844037,4.348263741468758,5.188802866517814,5.247717332210967,2.7180497080967974,0.18293168736365167,0.5625474349385998,0.5133731642185818,0.6126105278956518,0.6195662020381142,0.3209036668685869,0.021597636381182464
7.0,12.0,15.125,True,False,4.0043411977248935,46,8.95447210264013,6.353295500692177,5.960904563499384,6.778257368416608,6.831397671964754,4.065700932333494,0.3254704964313694,0.7095108933131832,0.6656902266457311,0.7569689525771276,0.7629034513325011,0.4540413868880964,0.036347256733918226
7.0,12.0,15.35,True,False,6.71791356014064,44,9.14038719860735,7.7625424872369155,7.42867999415072,8.04172260930915,8.084148985542855,5.663627100536526,0.558876061348418,0.849257511587653,0.8127314338808941,0.8798010887913377,0.8844427276313387,0.6196266063432684,0.06114358715936779
7.0,12.0,15.575,True,False,11.273371502075669,44,9.207230525215168,8.664503334205811,8.419586170204191,8.762278969457613,8.791416474234717,7.2059279719761395,0.93493373947786,0.9410542410637999,0.914453716255511,0.9516736814030018,0.9548383143181121,0.7826379444113832,0.10154342686624662
7.0,12.0,15.8,True,False,18.92117820079038,44,9.231187147472513,9.064623272958796,8.90814160546392,9.066814188470172,9.084650175126345,8.31967790942983,1.5249483636883974,0.9819563971726734,0.9650049839909223,0.9821937356077386,0.9841258800189866,0.9012576363710433,0.16519526029823003
7.5,12.0,14.0,True,False,0.3012910227474322,45,2.997459703849056,0.8178517936496964,0.7611030856279694,0.9672246756458499,0.9734356683934648,0.39484948702834116,0.01815357941762308,0.27284830304790686,0.2539160358521692,0.3226814607061542,0.3247535461922875,0.13172803841910288,0.006056321422540547
7.5,12.0,14.225,True,False,0.5052094126203113,44,4.3906244051532495,1.3273161101807922,1.2323759715288773,1.5548794805055794,1.565369974560328,0.6604155185585532,0.03473410509942927,0.3023069130265229,0.28068353332215007,0.3541362997665268,0.3565255941098179,0.15041494275470876,0.007910971628240863
7.5,12.0,14.45,True,False,0.8471817348426498,44,5.9914728832607125,2.0961992832103586,1.9649835657380526,2.4382983660498114,2.45288349738121,1.0890266909273205,0.06434849781869995,0.349863768734868,0.32796335792955444,0.4069614289438004,0.40939574378016513,0.1817627672103632,0.010740013194164679
7.5,12.0,14.675,True,False,1.4208294840265974,44,7.466714923813954,3.1878228136768603,3.040085508226026,3.6736255115096177,3.6899781685093047,1.758632053436423,0.11593046024488095,0.42693779609956495,0.407151677711725,0.4920002369171946,0.49419031075375325,0.2355295563551694,0.015526300579005413
7.5,12.0,14.9,True,False,2.3836244646276588,44,8.469711547094715,4.606763850022064,4.46558187972155,5.2096104504573315,5.22489540455954,2.7482122281867563,0.2023517181808979,0.5439103592143323,0.527241318065116,0.6150871161892562,0.6168917767160307,0.32447530389974727,0.023891217198572564
7.5,12.0,15.125,True,False,3.9999859684760057,44,8.955600139581716,6.205997512557872,6.079883776399266,6.799215391752616,6.812292224987167,4.089819352729505,0.3446044329564046,0.6929739398623632,0.6788918309927174,0.7592138199316907,0.7606740049590183,0.4566773068231836,0.038479211620149424
7.5,12.0,15.35,True,False,6.713579939714023,44,9.14140028496814,7.639283470263366,7.535091239317252,8.059704051702083,8.069870232185245,5.680496080719792,0.5771849317814036,0.8356797899797898,0.8242819485443321,0.8816706194296329,0.8827827226267633,0.6214032756076374,0.06313966282939279
7.5,12.0,15.575,True,False,11.26918290558743,43,9.207824668744339,8.575123472950194,8.499961349061138,8.775022389404242,8.78191788187234,7.216280337833428,0.9519519190426134,0.9312865721757466,0.9231237186687514,0.9529962510244977,0.9537451241531862,0.7837117448954971,0.10338510487433403
7.5,12.0,15.8,True,False,18.917182545379173,43,9.231475069156469,9.007772037249849,8.960214676595912,9.074641774334381,9.07883688591838,8.325619537434742,1.5402048588917396,0.975767357845764,0.9706157043670224,0.983011025470232,0.983465461143033,0.901873154080402,0.16684276860994401
3.5,15.0,14.0,True,True,0.7433990292782022,172,1.1982816095233115,0.4321827643641217,0.25612923056486514,0.44838190773361014,0.4675521818012829,0.2611131440375955,2.368490084663933e-05,0.3606687784652293,0.21374710963540192,0.37418742319844245,0.3901855607942442,0.21790632682869007,1.9765721728852553e-05
3.5,15.0,14.225,True,True,1.1676991823067198,102,1.7310159597451518,0.7755829108709673,0.3711366652014565,0.7377318763982565,0.7810094537137007,0.4230562194023197,6.071742156795106e-05,0.44805069907336514,0.21440395341941096,0.42618432963891845,0.45118558804546466,0.24439764233288988,3.507617663842346e-05
3.5,15.0,14.45,True,True,1.7942939459102547,133,2.3909977707516514,1.332479372635952,0.5528040699047513,1.194261909160192,1.2762994057942438,0.6710788282608411,0.00017096079297529608,0.5572900940920008,0.23120225232621935,0.49948265271061093,0.5337936410509564,0.28066894769620626,7.15018621374756e-05
3.5,15.0,14.675,True,True,2.7021844165343647,133,3.172178162562711,2.1727411312676095,0.8454582556068915,1.880664097751029,2.0130926961617592,1.0326546510356436,0.0005286544020019008,0.6849366649420204,0.26652294173914565,0.5928620655504717,0.63460896361995,0.3255348842706211,0.00016665343965889236
3.5,15.0,14.9,True,True,4.008972492525838,175,4.078189848703691,3.379537465574486,1.274781822477359,2.8443315878308337,3.0267255205324033,1.5272502776062589,0.0015987231944183074,0.8286856647070313,0.31258520808749646,0.6974495286762934,0.742173766504394,0.37449219733890426,0.0003920178446146845
3.5,15.0,15.125,True,True,5.894270352257603,254,5.122338287548288,5.127618783999783,1.8089896023136933,4.080174981443062,4.300964507971104,2.1559981181838457,0.004537266541012931,1.0010308761653504,0.3531569960365762,0.7965453963400692,0.8396486656154997,0.4209011582512591,0.0008857803382573175
3.5,15.0,15.35,True,False,8.63879174727857,256,6.309940666571401,7.701189499439074,2.387809436835237,5.520503463031107,5.762205961628481,2.894088541278899,0.012638518375804288,1.2204852480211401,0.3784202677982848,0.8748899165213156,0.9131949516031599,0.4586554286652975,0.0020029536003024913
3.5,15.0,15.575,False,False,14.502838297055265,85,6.337400235838875,8.701036835230997,2.453384737720627,5.81152701743707,6.082280686962332,3.0537383478621547,0.02121536090951826,1.372966281350739,0.38712794622728686,0.9170206711219028,0.9597438161734198,0.48185979016960956,0.00334764416322366
3.5,15.0,15.8,False,False,24.34742320727821,85,6.347143267334427,9.177277523635428,2.476922414300784,5.921257323478051,6.203829196566771,3.1143060468136703,0.0356101400513855,1.4458910311456632,0.3902420837179248,0.9329011610548957,0.9774206970393717,0.4906626360305189,0.005610420082157762
3.75,15.0,14.0,True,True,0.6129292121934463,53,1.611193245983516,0.5777749779948038,0.3471600480865711,0.5746556585764762,0.6032282047460468,0.35448559821830367,3.7623045041023546e-05,0.35860067030141646,0.21546766593764807,0.35666463970663603,0.37439841946322205,0.22001432733285575,2.3351044410602292e-05
3.75,15.0,14.225,True,False,0.9662769444290941,101,2.3209122661687815,1.035741112798896,0.49965359162248246,0.9293378158692946,0.9936775717602722,0.5738924826206142,9.712941323646317e-05,0.446264655453191,0.21528327412706544,0.40041919266659226,0.4281409453708363,0.24727021826118417,4.184967034398004e-05
3.75,15.0,14.45,True,True,1.4935418044625928,48,3.180495643325713,1.7815940609519958,0.7301162976446527,1.478654972822757,1.5994136280195153,0.9092371225775189,0.00027337584860542634,0.560162396288981,0.22956054009280144,0.46491337786477466,0.5028818798654522,0.28587906557443576,8.595385099146638e-05
3.75,15.0,14.675,True,True,2.2678980217692257,47,4.15405657018448,2.9135623441485454,1.0840289560824263,2.294221965218807,2.486329523642981,1.396344677590395,0.0008433666191365635,0.7013776280902105,0.2609567149044109,0.5522847189143891,0.5985304922153634,0.3361400245756364,0.00020302242034684424
3.75,15.0,14.9,True,True,3.4027408562383172,144,5.211273904070333,4.546871360463658,1.578801052989592,3.4269507871513936,3.687900445308479,2.05784293350511,0.002565233973064719,0.8725066930203508,0.30295875481740636,0.6576032751751408,0.7076773382469873,0.39488289646372365,0.0004922470052977085
3.75,15.0,15.125,True,False,5.083404531774275,295,6.334467084006653,6.918029770765751,2.1556861983512414,4.847017734516543,5.1597399366894985,2.8872626690228347,0.007381314546222127,1.0921249852623727,0.34031058489418103,0.76518161200243,0.8145499642293317,0.4558019847182779,0.0011652621204487066
3.75,15.0,15.35,True,False,7.612208004233916,249,7.507511248281804,10.39572643369239,2.7321327212060402,6.425086698567946,6.760323810829787,3.8412255598218072,0.020869020123600434,1.384710071006766,0.3639198971338639,0.8558211218182876,0.9004746829219842,0.5116509896273448,0.0027797520953933424
3.75,15.0,15.575,False,False,12.779405384292605,85,7.549670321096095,12.492330544513424,2.818500030209041,6.848881878724847,7.237704633152503,4.134032769726583,0.03502087380094883,1.6546855707865837,0.3733275640306156,0.9071762855110335,0.9586782369725649,0.5475779198165551,0.004638728886358092
3.75,15.0,15.8,False,False,21.454117108367576,85,7.564629016540191,13.741246956558568,2.8496811422100223,7.014395128685263,7.426636662150933,4.251840129557151,0.058753415149390774,1.8165130010358865,0.3767112882838201,0.9272622772839445,0.9817582125855036,0.5620685588494069,0.007766860082751637
4.0,15.0,14.0,True,False,0.4977491101293511,53,2.0308151442031583,0.7170116903620278,0.4339497193352455,0.6920323405389718,0.7299930616566956,0.4451402358668259,5.978824534211615e-05,0.3530659560072197,0.21368253066948475,0.34076579668727464,0.3594581534121496,0.21919288771183942,2.944051580114426e-05
4.0,15.0,14.225,True,False,0.7922396009579993,89,2.9364550732078523,1.2897610703484645,0.6219955960917383,1.1077085983491384,1.1939025563323171,0.721738868263045,0.00015577937162118916,0.43922383901467266,0.2118185296845886,0.37722647571074586,0.4065795411703916,0.2457857689866171,5.305014643081603e-05
4.0,15.0,14.45,True,False,1.2400294653867643,92,4.02166677517971,2.2354951269990875,0.8973719571889509,1.7441598205439919,1.9068219260365595,1.1459943290986934,0.0004388897948387865,0.5558628429376009,0.2231343389082382,0.43369078495222996,0.474137225342682,0.28495506792640324,0.00010913131777785704
4.0,15.0,14.675,True,False,1.9117834236318334,103,5.206015387738768,3.697505152700166,1.3058560430633126,2.681142086198952,2.940573998508349,1.7647716832107136,0.0013533311323099954,0.7102370771720244,0.25083599371197995,0.5150084827858155,0.5648415879511234,0.3389870278461167,0.00025995526934041865
4.0,15.0,14.9,True,False,2.9194408461679773,182,6.404606571548105,5.849415660822383,1.8565356889059001,3.9713796857184125,4.324126467768947,2.6068098048504464,0.004148358796100977,0.9133138149043989,0.28987505605003044,0.6200817554291178,0.6751587969475743,0.40702106768446433,0.0006477148517646177
4.0,15.0,15.125,True,False,4.45282748259067,170,7.560557475212933,9.030562695665806,2.4643451166009953,5.558033118102345,5.980292422550679,3.6567657598951087,0.012102856119299824,1.1944307976326138,0.3259475408632603,0.7351353569262841,0.790985643870428,0.4836635091901237,0.0016007888517452164
4.0,15.0,15.35,True,False,6.832090993305123,251,8.647250135669063,13.73583675669801,3.0286171018218364,7.244369610486127,7.689696787908357,4.841182478829576,0.03464374616870815,1.5884629843236548,0.35024048735783486,0.8377657054933347,0.8892649879745131,0.5598522539391072,0.004006330986749889
4.0,15.0,15.575,True,False,10.59336323223932,262,9.638330177849733,20.501066415029822,3.4950386954747645,8.77989811003812,9.186799915615332,6.03827228004326,0.09777563847673203,2.127035081465067,0.3626186933818542,0.9109356027474123,0.9531526463710402,0.6264853111091875,0.010144458290237295
4.0,15.0,15.8,False,False,17.784180759715223,85,9.66616117466547,25.264790601400712,3.5443956767087346,9.096133492778412,9.54229323518071,6.326631315070083,0.16356201462186523,2.613735705919996,0.3666807963018887,0.9410285353630278,0.9871854051213823,0.6545133275505347,0.01692109325163677
4.25,15.0,14.0,True,False,0.4064312191532109,91,2.406218955165898,0.8330383257891594,0.5059044914084396,0.7887570837153194,0.834970994370813,0.5212608445650662,9.622911938735822e-05,0.3462022123966375,0.21024873497996355,0.32779938085931093,0.34700540970231264,0.21663067837030134,3.99918383074676e-05
4.25,15.0,14.225,True,False,0.6551286165592218,89,3.5068100632048607,1.5072452832154342,0.7241308463781253,1.2564219848037943,1.3625676979099741,0.8476402968926942,0.0002530255412251757,0.42980522356490797,0.20649274791813071,0.35828059180814453,0.38854904410326935,0.2417126338795888,7.215262208810267e-05
4.25,15.0,14.45,True,False,1.0421478131992967,88,4.8254698219554975,2.6408760459168956,1.0374788701344209,1.9683902592789593,2.1710754825858185,1.3517373955843561,0.0007137296707693423,0.5472785331494818,0.21500059235972752,0.4079168105710542,0.4499200207838003,0.28012555159583846,0.00014790884558472006
4.25,15.0,14.675,True,False,1.6376513788878049,101,6.226913063105077,4.437291669035419,1.4917804201004883,3.0113418783144117,3.338099271773842,2.0935816206171074,0.0022003281531641776,0.7125989433394698,0.23956981653387746,0.4836010793464961,0.5360761002995735,0.3362150072435946,0.0003533577762954947
4.25,15.0,14.9,True,False,2.5542147249963914,47,7.551262251346175,7.1584698094871095,2.088985717865497,4.437658323665371,4.885807143656672,3.111829596758879,0.006790616996248883,0.9479832074711692,0.2766405997213367,0.5876710642481345,0.6470186017954378,0.41209396431757195,0.0008992691248457579
4.25,15.0,15.125,True,False,3.9853904610134325,181,8.69580000431773,11.298711459277591,2.721993764699679,6.16329764057817,6.701890348508718,4.383940252348929,0.020020872373686317,1.2993297285663694,0.31302396137769106,0.7087671792725114,0.7707042877229265,0.5041445583123081,0.0023023611816906254
4.25,15.0,15.35,True,False,6.2631851704265245,49,9.644666188065315,17.533060246747418,3.2791027294906137,7.9283953798163935,8.490094239973827,5.797826848827432,0.057682770048327496,1.8179022378652678,0.33999131390864545,0.8220497449281654,0.8802890711220052,0.6011433403472157,0.005980794868743762
4.25,15.0,15.575,True,False,9.939438550619256,305,10.42363187332665,26.404772109672702,3.7298777429230263,9.425679408315178,9.923169828394961,7.170789253929281,0.16247212397233776,2.5331642972964805,0.35782899744066404,0.904260580463786,0.9519877475515672,0.6879357733535115,0.015586901566247043
4.25,15.0,15.8,False,False,16.68636937666194,85,10.457841967719828,35.699778711606335,3.787097240123579,9.809380284965615,10.362656679826934,7.610408685050252,0.27088357402843677,3.4136850434153314,0.36212989752696534,0.9379927823774908,0.9908981902588792,0.7277226705606439,0.02590243521221413
4.5,15.0,14.0,True,False,0.34071673923673446,53,2.702770047173349,0.918668115698605,0.5588787019641442,0.8601800682386346,0.9128164503112954,0.5776715346546585,0.00015812292082275348,0.33989873339738247,0.20677996729638137,0.31825869505185644,0.33773367115191716,0.21373314213645644,5.85040229331104e-05
4.5,15.0,14.225,True,False,0.5561167044222634,46,3.9742234782161168,1.671957757548199,0.8002739618267918,1.3680663040328676,1.490213012932714,0.9423776358877365,0.000418791680231071,0.42070048821177,0.2013661200013859,0.34423487041723744,0.3749696062893816,0.23712245701661833,0.0001053769830827559
4.5,15.0,14.45,True,False,0.8990405565211903,84,5.507380267882925,2.9603985977763845,1.14330847073619,2.1398217000284667,2.3758951565112336,1.5099812005478275,0.0011818049588523845,0.5375329927806823,0.20759570160854093,0.38853712581045885,0.43140205341668625,0.27417413127499085,0.00021458568345902114
4.5,15.0,14.675,True,False,1.4400717527680675,47,7.11175711427629,5.051558870561163,1.6343237663503236,3.267739518443862,3.6530643592052385,2.353957840771223,0.0036385734924661915,0.7103109385471782,0.2298059031107162,0.45948412831536856,0.5136655119832483,0.3309952523611695,0.0005116279189515687
4.5,15.0,14.9,True,False,2.293492128638885,47,8.542159577667114,8.311167604471116,2.2708929241079154,4.802380119856575,5.336617360986161,3.5256831410303393,0.011267557649014286,0.9729585977532063,0.26584529397519197,0.562197425158395,0.6247386638547914,0.41273908652420804,0.0013190525822618132
4.5,15.0,15.125,True,False,3.655663005899851,144,9.648005887444823,13.416961890210095,2.9315232799339586,6.635204303798592,7.281391492193584,4.999563267866351,0.03336299136443883,1.3906461134802894,0.303847584063855,0.6877280529475153,0.7547042961146023,0.5181965399059717,0.0034580193828296552
4.5,15.0,15.35,True,False,5.864089709394442,47,10.444785814692708,21.22686268272393,3.5018790473435124,8.455308218742385,9.125684635013071,6.623429418044865,0.09587925836768008,2.032292768786512,0.3352753334986927,0.8095243280956782,0.8737072063436616,0.6341374093787226,0.009179628962118732
4.5,15.0,15.575,True,False,9.476174654537553,49,11.027838997695397,32.03097405757328,3.977635350654328,9.914464522147775,10.496760162946657,8.141393970086558,0.2661054218477501,2.904555830409487,0.3606903720199013,0.8990396508526923,0.9518419851015484,0.7382583271108646,0.024130332506972666
4.5,15.0,15.8,True,False,15.426110393491836,134,11.453384388864924,44.226156233117386,4.434151426117067,10.878369281137013,11.312289838069278,9.322269112228659,0.6976304640839726,3.861405042523014,0.38714770024028755,0.9497951794679182,0.9876809730639251,0.8139313931777097,0.06091042091996971
4.75,15.0,14.0,True,False,0.2970689614246238,54,2.9129893117189694,0.9759335172551256,0.594506163049399,0.9083711914521293,0.9654595664918223,0.6156987598072511,0.00026561251494689527,0.33502818336096896,0.20408800013707498,0.31183471487442393,0.3314325811659432,0.21136320594459174,9.118211106313878e-05
4.75,15.0,14.225,True,False,0.48984983703162643,46,4.31636355125217,1.7840188100286614,0.8523734107878149,1.4446635314141048,1.5781113649853047,1.007167809445316,0.0007067572709304983,0.41331523372518525,0.1974748884487598,0.3346945905413853,0.36561131754703496,0.2333371129392329,0.00016373905083260867
4.75,15.0,14.45,True,True,0.8024849610463586,47,6.023312007416507,3.187675826587089,1.2175118188727354,2.259785594631243,2.5204995286716367,1.6205048057902203,0.001991850848423042,0.5292230956427464,0.2021332810542792,0.37517325880657815,0.41845740774645984,0.26903882843772525,0.00033069029895354505
4.75,15.0,14.675,True,True,1.3060237128281298,85,7.797854190223848,5.514378104898358,1.7379688573151295,3.45058666690381,3.881264257116904,2.5411386130918943,0.006107494097553128,0.7071660960026313,0.22287783471176173,0.44250464072921525,0.4977349104556015,0.3258766515893198,0.000783227532673037
4.75,15.0,14.9,True,True,2.1165878292083806,47,9.313651342660918,9.218173098984517,2.411190096869714,5.065391409720723,5.668612011317375,3.8338190346336276,0.018875378948008226,0.9897485701188892,0.25888773459076414,0.5438674074601483,0.6086347666196669,0.411634373414101,0.002026635768675394
4.75,15.0,15.125,True,True,3.432413661294314,137,10.37474732300184,15.097965589838768,3.111245634057636,6.975638585882219,7.709490351655386,5.474130098100031,0.0556731910225278,1.4552610410438707,0.29988640081476464,0.6723670821762125,0.7431015051867995,0.5276398477641324,0.005366221392119578
4.75,15.0,15.35,True,False,5.593046221577186,49,11.034157202469881,23.877251512883063,3.729470756868213,8.831683018794871,9.589637561775913,7.274265851837128,0.15782049713143076,2.1639397622084258,0.33799325933415286,0.8003948880498087,0.8690865451535684,0.6592497930162585,0.014302904538654232
4.75,15.0,15.575,True,False,9.150251399322883,50,11.465183327168878,35.194771950578215,4.286821455186686,10.264055906588494,10.917020064551862,8.904699158147265,0.42457114765555115,3.069708607901426,0.37389907626058344,0.895236963395597,0.9521888794121554,0.7766730722086169,0.03703134398640195
4.75,15.0,15.8,False,False,15.361478816014886,85,11.509623060188366,54.787942251197734,4.3668035767109865,10.753153908388459,11.494873497083566,9.640082867138206,0.6983582800926705,4.760185625948821,0.37940456901805086,0.9342750715775807,0.9987185016374847,0.8375672093452935,0.06067603399700226
5.0,15.0,14.0,True,False,0.2697681514441088,53,3.0499150846469973,1.0113017452614885,0.6171063183079684,0.9387770046701015,0.998605165346761,0.6398215862633237,0.0004543200664717411,0.33158357435991975,0.2023355736736498,0.30780430884644033,0.32742064537260435,0.2097834098674186,0.0001489615460963973
5.0,15.0,14.225,True,True,0.4480592984189392,47,4.544683724549969,1.8535565618174539,0.8863639727835666,1.4937163523205714,1.634170518880293,1.0488829469104113,0.0012113559346102918,0.407851607319715,0.1950331478504233,0.32867333413140526,0.35957849168967515,0.23079338640100316,0.00026654350622171065
5.0,15.0,14.45,True,True,0.7411532570924741,86,6.37602089695825,3.3260633677139055,1.2680720874829192,2.3379037111728156,2.6137310270047007,1.6931571513123809,0.003404903763086806,0.5216518925307537,0.19888141961515005,0.3666712749150709,0.40993137714645966,0.26555075315391763,0.0005340170332112857
5.0,15.0,14.675,True,True,1.2205353716892255,54,8.274547481267769,5.784409907956911,1.8137755942129898,3.571268777419653,4.029315921994483,2.6678392540071942,0.010374460928429774,0.6990605735300782,0.21919936991347055,0.43159686804679354,0.4869530244543523,0.3224151242163694,0.0012537798534500973
5.0,15.0,14.9,True,True,2.003438334943239,47,9.850629430693239,9.715262376486631,2.5269276331881603,5.240116414823887,5.885059303482715,4.05031444335606,0.03178663864848715,0.9862580299909748,0.25652448414256585,0.5319575212621832,0.5974297728778286,0.4111731612536173,0.003226863711819699
5.0,15.0,15.125,True,True,3.288189809979251,47,10.874613365786397,15.894838160863843,3.289235412258494,7.20212710363217,7.990481735191948,5.820041159125169,0.092316610668206,1.4616462789262954,0.30246918227061337,0.6622881072987323,0.7347830645944181,0.5351952261067162,0.008489185551980324
5.0,15.0,15.35,True,True,5.411670426374737,49,11.436109918473724,24.623245474716192,4.005709791234392,9.084211487883122,9.90009733613142,7.759861269645321,0.25391819107466496,2.153113746741815,0.3502685633305804,0.7943445413381889,0.8656874939737111,0.6785402837996647,0.02220319609419714
5.0,15.0,15.575,True,False,8.922359660975816,50,11.759048573902282,33.93626911631433,4.714129009751349,10.498617097183162,11.198815175230747,9.471144651134598,0.649887772774799,2.885970655111637,0.40089374409199746,0.8928117807492957,0.952357251086206,0.8054346056665335,0.055267037013278654
5.0,15.0,15.8,True,False,14.73269118888835,52,11.968846505719247,38.046394652862794,5.517128408062812,11.345434522201563,11.857679994273376,10.631865970892912,1.5041321931307245,3.178785410497372,0.46095740349134584,0.9479137790580078,0.9907120112708646,0.8882949552250113,0.12567060596958807
5.25,15.0,14.0,True,False,0.253375092823542,54,3.13368814426766,1.03141961732696,0.6311444135616717,0.9570956706053364,1.0183168885495457,0.6547812045998012,0.000786462342559088,0.3291392027039123,0.20140626140996223,0.30542147991213364,0.3249579542279327,0.2089490639959079,0.00025097020071947315
5.25,15.0,14.225,True,True,0.422802903791237,84,4.686445492059062,1.891036907815244,0.9087472780198936,1.5236887627317661,1.6675062103442624,1.075313681672857,0.0020962279432072137,0.40351198173957376,0.19390970823403764,0.3251267437791771,0.35581470288511086,0.2294518699715851,0.00044729591899855933
5.25,15.0,14.45,True,True,0.7038220033432521,47,6.598368829726611,3.3930406938211655,1.3045456650673997,2.3864288505866047,2.668963979347307,1.740530190889819,0.005863086210762139,0.514224163786514,0.19770729686861876,0.36166951441625933,0.404488449830697,0.26378188849469547,0.0008885660020015981
5.25,15.0,14.675,True,True,1.1680680631462428,47,8.578189135445204,5.888672255718719,1.8763815416233671,3.6472298643753867,4.11624820014572,2.753802459513367,0.017669774397090308,0.6864703217356958,0.21873865357784325,0.42517480167288213,0.4798504830276267,0.32102375175369063,0.0020598490098660263
5.25,15.0,14.9,True,True,1.9332931101319712,47,10.191877989737762,9.803295030922083,2.64124236483593,5.350357714291208,6.00984404693287,4.204025210331656,0.053179336219995176,0.9618732721087375,0.2591516860283656,0.5249628890454244,0.589669936491018,0.41248778827265237,0.00521781523224097
5.25,15.0,15.125,True,True,3.1971971200583837,48,11.186822134104942,15.643797404318521,3.5010419835864033,7.343954953199232,8.148821154461174,6.074251171014728,0.14992527344334475,1.3984129913557601,0.31296126295893073,0.6564826780261329,0.7284303850347364,0.5429827254065597,0.013401953802972507
5.25,15.0,15.35,True,False,5.292283504711296,50,11.683620260692384,22.99698308372377,4.379144580635387,9.242326844565904,10.075608997980114,8.120110544329995,0.3926873717589446,1.9683096994425033,0.374810588064754,0.7910499176064623,0.8623704616520138,0.6949995261014061,0.03361007658560049
5.25,15.0,15.575,True,False,8.763677730803085,50,11.938734812553264,28.92109765093359,5.3121147174285035,10.646991664980353,11.36173105948496,9.881856874387303,0.9381674671139109,2.4224591721832884,0.4449478777133868,0.8918023418851152,0.9516696063588246,0.8277139101872664,0.07858181640214108
5.25,15.0,15.8,True,False,14.530541616307595,50,12.084547058912925,28.869852598028235,6.366651774486847,11.456635643187749,11.974316336893432,11.009434218105142,2.0002774122035523,2.3889892155068693,0.526842399921902,0.9480401364929882,0.99087837372124,0.911034080502435,0.16552357340759852
5.5,15.0,14.0,True,False,0.24377218910511475,93,3.1823495836254447,1.041160487622753,0.6401806139470423,0.9677931303601126,1.0293195871935499,0.6643695183456987,0.0013691922109920894,0.3271672266868388,0.20116602438683873,0.30411276477600824,0.32344642225663744,0.2087669820324471,0.0004302456958334092
5.5,15.0,14.225,True,True,0.4079180518384934,47,4.769201983687451,1.9049002227447445,0.9251367929807913,1.5415607306747143,1.6856475480681012,1.0929806032175742,0.0036382135876678913,0.39941697358599054,0.1939814661121763,0.3232324267136219,0.3534443610972401,0.22917473551256545,0.0007628558404764601
5.5,15.0,14.45,True,True,0.6815933937367041,49,6.729065122489564,3.4036645289013387,1.3360149556589334,2.4161140319907295,2.6979949929449907,1.773814322259892,0.010085190777742637,0.5058153646820525,0.198543918261954,0.35905641987557935,0.40094648273322236,0.2636048678339482,0.0014987506576562008
5.5,15.0,14.675,True,True,1.1362662422693504,86,8.757406215096365,5.85095883477274,1.9409620540454806,3.6946133017975358,4.159608533954595,2.8178486703478645,0.02982585134460751,0.6681155003049447,0.22163663605093173,0.42188442685559274,0.47498179618345165,0.3217674961212082,0.0034057859841185078
5.5,15.0,14.9,True,True,1.8894667296432934,47,10.392746313515138,9.52994663818362,2.7794043970238627,5.419580122530337,6.067976493949416,4.324357221667045,0.08698113781296048,0.9169805892202431,0.26743695200270745,0.521477187938524,0.583866507552328,0.41609379188285195,0.008369408353578954
5.5,15.0,15.125,True,True,3.137623658979959,49,11.36910122472048,14.554996330756172,3.7841795737202855,7.4336102175593615,8.218481528775389,6.276001379462286,0.2337224999832892,1.280224007427115,0.33284773342435636,0.6538432608371929,0.7228787365271654,0.5520226494083826,0.020557693643811804
5.5,15.0,15.35,True,False,5.209062573465237,49,11.828929188456918,19.994260585837857,4.891993723430832,9.345353015179198,10.155460567258809,8.39776711941238,0.5719782448653964,1.6902849165205043,0.41356184025554993,0.7900421810199624,0.8585274630918293,0.7099346851790451,0.048354186228754564
5.5,15.0,15.575,True,False,8.651719567678796,50,12.03967750977642,23.028165085532684,6.101623845158584,10.743493871589115,11.433466514576361,10.178669672340387,1.2601052431457531,1.9126895273426907,0.5067929635327826,0.8923406680008844,0.9496489009188324,0.8454271025179152,0.10466270729614864
5.5,15.0,15.8,True,False,14.390985072269249,49,12.144850323157396,21.776371246282682,7.391138002096593,11.52744303229045,12.02052543909104,11.26330079991687,2.473366803067533,1.7930539007763828,0.6085820578622873,0.9491630382887721,0.9897631604541641,0.927413718589877,0.20365560194277565
5.75,15.0,14.0,True,False,0.23820637087222812,93,3.208737520157413,1.0432799261078918,0.6468218911976195,0.9738876476358966,1.0346881759816497,0.6713513789557276,0.0023826072737073195,0.32513719790227996,0.20158142793988582,0.303511160236042,0.3224595871372148,0.20922601949778452,0.0007425372934805944
5.75,15.0,14.225,True,True,0.39920583898696943,46,4.813696868926984,1.8993759309557916,0.9401526732091376,1.5522458742631726,1.6935550247686841,1.1068365059305172,0.006287136003380204,0.39457738671009823,0.19530782656422363,0.3224644003412666,0.35182003995739614,0.22993481643501182,0.0013060930454438155
5.75,15.0,14.45,True,True,0.6683115154228871,47,6.799182185630443,3.3635990379775658,1.3708465741329245,2.434873382795522,2.7086269060495125,1.8018157898871843,0.017156893644850443,0.4947064141164327,0.20161933254709738,0.3581126841903785,0.398375397525601,0.26500478155963897,0.00252337607324455
5.75,15.0,14.675,True,True,1.1164911963729758,47,8.853698047079131,5.681772948995453,2.0224316960275632,3.725831856419687,4.171357367401314,2.8749418754398293,0.04917902463639005,0.6417400863213188,0.22842790495828702,0.42082210581473956,0.4711429444758917,0.3247165037877346,0.005554630886990142
5.75,15.0,14.9,True,True,1.8604832851155295,47,10.501471531586503,8.954507301187412,2.9649829410268422,5.466545913131205,6.077428620951087,4.433393389263782,0.13647872321415774,0.8526907180821177,0.28233975896699015,0.5205504673024953,0.5787216203625649,0.4221687766261087,0.012996152282435346
5.75,15.0,15.125,True,False,3.095230830867841,49,11.470436769399997,12.98795214426178,4.165524107661801,7.497956714216178,8.225996569757873,6.451192444561222,0.3427872563171845,1.1322979591248086,0.3631530508737283,0.6536766528558603,0.7171476322246588,0.5624190755988688,0.02988441183265554
5.75,15.0,15.35,True,False,5.148505373896166,49,11.909212111573177,16.72629681741758,5.552373542258356,9.423033311669776,10.164859474140254,8.617989542594872,0.7737420505628153,1.4044839121778039,0.4662250945100432,0.7912390192893304,0.853529131810677,0.7236406121459581,0.06497004531566831
5.75,15.0,15.575,True,False,8.57135669506203,49,12.094263637961932,18.32826971230688,7.037333591839022,10.819470728529057,11.442772117786122,10.390301389847458,1.5692739254195802,1.5154514785652113,0.5818736718910255,0.8945952438616017,0.9461321879795241,0.8591098805911579,0.12975357346220598
5.75,15.0,15.8,True,False,14.29444093583229,52,12.176520060625048,17.399035509695075,8.469889589468671,11.585288935519493,12.023607378572704,11.428430271876898,2.86409095253098,1.4289004923465747,0.6955919710474237,0.9514449841036762,0.9874420046703808,0.9385629239697776,0.2352142433364463
6.0,15.0,14.0,True,False,0.2349557515142601,94,3.220768326052061,1.0386898865169099,0.6530413804475618,0.977250384420884,1.0361215897635516,0.6777956289389292,0.004115796944120766,0.32249754759297156,0.20275950156528144,0.30342150862455036,0.3217001301778213,0.2104453224581212,0.001277892889975669
6.0,15.0,14.225,True,True,0.3939985002698409,46,4.833179152466832,1.87470771634771,0.9578505275835559,1.5589420835905916,1.6938867728687672,1.1206936260058924,0.010719186507967098,0.38788293527064227,0.198182293138187,0.32255003061389,0.3504705121481407,0.23187504345538185,0.002217833473542166
6.0,15.0,14.45,True,True,0.6599973881778656,47,6.829682158153802,3.2719638249713996,1.416961670965835,2.4481259104208037,2.705077505206656,1.8312061867577654,0.028492378190082334,0.47907995558257077,0.2074711001410449,0.35845385681646136,0.39607663176201036,0.26812465710011557,0.004171845413928368
6.0,15.0,14.675,True,True,1.1031601409657503,47,8.896813161762465,5.390825459095411,2.1340391799689638,3.7497953064783616,4.158587703357442,2.9351740755664704,0.07782483717847703,0.605927691306882,0.23986557221869423,0.4214762340513763,0.4674244167822474,0.3299129724541737,0.00874749595877316
6.0,15.0,14.9,True,False,1.8393185230773668,48,10.553747757471998,8.176887701603249,3.2125880015915245,5.505263597147228,6.050687366171941,4.542117639223599,0.2014979933226296,0.7747852127519398,0.3044025757880208,0.521640626975335,0.5733212035400492,0.430379590606361,0.019092553465660585
6.0,15.0,15.125,True,False,3.063068974515945,51,11.523141265709365,11.320126708490205,4.642908131114824,7.555535542541455,8.188532105082654,6.607611958374254,0.4664271759483588,0.9823820126354529,0.402920351669316,0.6556836689163279,0.7106163081980205,0.5734210668784585,0.04047743277576191
6.0,15.0,15.35,True,False,5.103459551502952,48,11.952407302141184,14.00819749467244,6.310748137424688,9.496694401817699,10.127160888688419,8.789574470772592,0.9687863508198422,1.1719980034618613,0.5279897160377194,0.7945424015224479,0.8472904773646907,0.7353811034533609,0.08105365942861498
6.0,15.0,15.575,True,False,8.51452750320581,47,12.123660054831454,15.204440952765477,8.002113719175176,10.893191771149366,11.412422483361901,10.535206509515145,1.826088745629517,1.25411310478854,0.6600410835493707,0.8985068635942387,0.9413347480667676,0.8689790427863996,0.15062190273982437
6.0,15.0,15.8,True,False,14.229756780656805,47,12.193509708441299,14.882125754397777,9.449076734814488,11.64211796357865,12.000671801737361,11.530862749246598,3.1497117074326404,1.220495666157153,0.7749267405981642,0.9547798986471523,0.9841852008720311,0.9456557648257774,0.25831050966828395
6.5,15.0,14.0,True,False,0.2316022933753042,51,3.216825813942679,1.0068795267516233,0.6706100928656045,0.979682695069329,1.029482874567741,0.6955914853279435,0.011537216601543299,0.31300405585764335,0.20846950741286055,0.3045495005738555,0.32003065571833456,0.21623535918949768,0.0035865220154406787
6.5,15.0,14.225,True,False,0.38810912563645295,47,4.824890349614681,1.761025847749294,1.015292698802005,1.5676797627653332,1.6755704984994895,1.1593518519541757,0.02831479099474452,0.36498774482821783,0.21042813934270796,0.32491510670092827,0.3472763891169675,0.2402856371744826,0.0058684838292761944
6.5,15.0,14.45,True,False,0.6494149515585742,46,6.821294833852858,2.9414776940907994,1.565918759610428,2.4711315130872373,2.6636848816028724,1.9086436556931654,0.06817083152940147,0.43121984399395485,0.2295632717470377,0.36226721953483915,0.39049549190917304,0.279806649937034,0.009993825687035532
6.5,15.0,14.675,True,False,1.0844420248367679,46,8.89944733694645,4.582190300563911,2.4643127436458485,3.797366594529152,4.080622781927849,3.0740611782541554,0.16047330600325138,0.5148848155481235,0.2769062673605747,0.4266969004652925,0.45852541482963355,0.34542158202252116,0.01803182826163141
6.5,15.0,14.9,True,False,1.8089918115780956,47,10.577504155116012,6.575462839307148,3.8473217513606253,5.587724007915983,5.93338388799764,4.74752751453192,0.34946631226986863,0.6216459708150339,0.3637268012321975,0.5282648842272847,0.5609436593913173,0.44883248873371395,0.03303863625530627
6.5,15.0,15.125,True,False,3.019861915650295,47,11.56033979175764,8.776978059712222,5.682243743888386,7.679383194539358,8.048185414787149,6.844028281119822,0.6882279450451645,0.7592318407431315,0.4915291285762851,0.6642869788321144,0.6961893473516576,0.5920265670737047,0.05953353944975401
6.5,15.0,15.35,True,False,5.048636140830038,46,11.986858053122564,10.825508556663626,7.714678868087121,9.648669440340178,9.992951102336187,8.999799289209475,1.2519931218473808,0.9031147702498732,0.6435947463378409,0.804937323657279,0.8336589169613996,0.7508055279644391,0.10444714672509514
6.5,15.0,15.575,True,False,8.451697818129912,46,12.14740301578363,12.171347496078647,9.522377083785399,11.03631974219734,11.306570324493054,10.684391628063777,2.14071118921201,1.0019711604417756,0.7839022934706764,0.9085332665638399,0.9307808681248126,0.8795617972155118,0.17622788891012298
6.5,15.0,15.8,True,False,14.163191399567962,45,12.20708609385888,12.655261566516906,10.767969859677798,11.747500847479326,11.927699349877681,11.623652799638382,3.4586600802826135,1.0367143697694974,0.8821081277615409,0.9623509457665936,0.9771127407611426,0.952205359269645,0.2833321608194924
7.0,15.0,14.0,True,False,0.22928128676073367,50,3.187194522287471,0.942410088245074,0.7013566180217404,0.9792270061995505,1.0114607444967503,0.7259835497360576,0.026771601447051926,0.2956864043455685,0.22005453796976662,0.3072379170307913,0.31735143161918405,0.2277813747041126,0.008399738785895556
7.0,15.0,14.225,True,False,0.3835800816112114,45,4.782772209661657,1.5812584104352267,1.1071578895714453,1.575469388340571,1.6385400329332793,1.2154873687775138,0.058463956471566554,0.3306154550369205,0.23148873520149685,0.3294050645267973,0.3425921120858049,0.25413867010478003,0.01222386388242864
7.0,15.0,14.45,True,False,0.6412163840317263,45,6.7762959741768745,2.539395638680143,1.7710245833460232,2.4963580001754444,2.5980286947064934,1.999709872374694,0.12183068841785327,0.37474685998918555,0.2613558484008148,0.3683956559289281,0.38339953045248726,0.29510367905935536,0.017978950282296693
7.0,15.0,14.675,True,False,1.071379254894436,46,8.868327373645194,3.859477293885779,2.836634441428914,3.8487973726551092,3.982917535429793,3.1988673468401116,0.24371372423264712,0.43519788245022784,0.3198612682994536,0.4339936056141688,0.44911710716343056,0.3607069531901217,0.027481363053523836
7.0,15.0,14.9,True,False,1.7912480198330427,46,10.56954236571127,5.5497830586985275,4.411492687553306,5.667954835351293,5.814574254592905,4.884189551228555,0.45898359899105134,0.5250731646341302,0.4173778329196789,0.5362535708015843,0.5501254504126885,0.46210038071973586,0.04342511559252021
7.0,15.0,15.125,True,False,2.9987179938122694,45,11.566780873297295,7.56908186768488,6.417145710063932,7.783007465097352,7.926327976864621,6.962364765940173,0.814181793971356,0.6543810201469817,0.5547909812036252,0.6728758459551142,0.6852665459551578,0.6019276099552701,0.07038966181601576
7.0,15.0,15.35,True,False,5.0254368650387455,45,11.995555763506454,9.610075792934637,8.533657447614203,9.759419589335026,9.885852698276695,9.08178796708386,1.3832296165994395,0.8011363526957995,0.7114015903769769,0.8135862799309119,0.8241262758622644,0.7570960567506994,0.1153118408075412
7.0,15.0,15.575,True,False,8.427612844936153,44,12.153602528889804,11.153774907260994,10.27666743684793,11.130471677301074,11.226277663342653,10.731534297627856,2.2666636237677675,0.9177340529894602,0.8455655360145033,0.9158166601913555,0.9236995892088089,0.8829920406001751,0.18650137836742475
7.0,15.0,15.8,True,False,14.13905481225326,45,12.21057026559414,11.947319591045192,11.338571529570402,11.812487363636752,11.8749816211437,11.648812199805386,3.5703730224502186,0.9784407551143854,0.9285865674528914,0.9673985003731504,0.972516546143956,0.953994117099377,0.29240018646061916
7.5,15.0,14.0,True,False,0.22690784416293205,46,3.1504442290466645,0.8688313951002288,0.7376624186701433,0.9771713212154481,0.9900921988706641,0.7609948678493783,0.04580672523172421,0.2757805985231296,0.23414552521482423,0.31016937618068663,0.31427066371851614,0.24155160749493987,0.014539767061861459
7.5,15.0,14.225,True,False,0.3796878600821642,45,4.741797529733499,1.422473152548109,1.1963368614040144,1.581077753124317,1.603548868909822,1.2663833197277052,0.08802488492602942,0.2999860587948924,0.25229606576459024,0.33343426057526704,0.33817320517266913,0.26706819761637507,0.018563611030219723
7.5,15.0,14.45,True,False,0.6355316713614497,45,6.740431530727842,2.2615854142213196,1.9361065393032582,2.5147428947591766,2.5473701716612625,2.0649102750263384,0.16293776335768506,0.3355253152430005,0.2872377726080387,0.3730833676293765,0.3779238999830317,0.3063468956865683,0.02417319464115835
7.5,15.0,14.675,True,False,1.0641712622487596,46,8.846645847308507,3.4690879988766294,3.0817574708147775,3.881953701560402,3.920899287343425,3.2685501199778324,0.29324439363213517,0.39213596415550656,0.34835320911510975,0.43880514361739065,0.4432074432522146,0.36946772555298485,0.03314752265361131
7.5,15.0,14.9,True,False,1.7832097027777978,46,10.562817842025986,5.106410972718179,4.713761319453591,5.712069919350837,5.75111930196614,4.943583907153205,0.5110845095505702,0.48343264544442355,0.4462598323620693,0.5407714120207948,0.5444682837456805,0.46801752913737726,0.048385243141951445
7.5,15.0,15.125,True,False,2.9903084364489296,44,11.567717078131917,7.124715947154282,6.750503395637872,7.832508112692078,7.868555374740613,7.003175032893045,0.865266970767046,0.6159137450399038,0.5835640126779464,0.6771005946799105,0.6802167896737076,0.6054068391880134,0.07480014984138762
7.5,15.0,15.35,True,False,5.016847205234287,44,11.997940449004442,9.203134076030675,8.864879231602368,9.807603442135136,9.838425477430667,9.105011671204387,1.4310964061483664,0.7670594895138296,0.7388667471122473,0.8174405835585677,0.8200095274057668,0.7588812188145089,0.11927850552609762
7.5,15.0,15.575,True,False,8.418994625849399,43,12.155377437800832,10.828636528171796,10.558094848122341,11.169164983210372,11.192145512872063,10.743076756329344,2.309333869523729,0.890851525062222,0.8685945707690444,0.9188661594724707,0.9207567243503845,0.8838126838349329,0.18998454645613513
7.5,15.0,15.8,True,False,14.130561543768843,43,12.211566591073415,11.724975362719855,11.539212193284108,11.838313209012538,11.853180737943648,11.65466870282087,3.6062882738213387,0.9601532510407587,0.9449411840180444,0.9694344391215355,0.9706519347491627,0.9543958685317546,0.29531741459425154
3.5,18.0,14.0,True,True,0.6835918595585543,100,1.2604146120907942,0.5114212164322309,0.2062980968736096,0.45979413574790545,0.48704854605701065,0.3866766420638629,4.2678361539889376e-05,0.4057563372610207,0.16367478994185833,0.3647959420156136,0.3864193110623237,0.3067852739523846,3.386057344185648e-05
3.5,18.0,14.225,True,True,1.072994098806019,184,1.828363064278656,0.9648097267538783,0.25560333549030334,0.7501143843867438,0.8119872980425059,0.6176192890308241,0.00011091804857786752,0.5276904492349963,0.13979900408409668,0.4102655534023744,0.44410615916858903,0.33779904062680977,6.0665220570744804e-05
3.5,18.0,14.45,True,True,1.6488093986563679,47,2.5343401684843143,1.7226011406397501,0.3423877985944744,1.2079960417947404,1.3236402578168414,0.9601849723523092,0.0003138673105532513,0.6797039963541941,0.13509938517813203,0.47665110501610114,0.5222820023440092,0.37886980772851686,0.00012384577037302872
3.5,18.0,14.675,True,True,2.4830939209447007,220,3.3704988009987327,2.891578511810553,0.5194757386996954,1.9067520701441225,2.0872211974540473,1.439930394348808,0.0009731464394979748,0.8579081858607195,0.1541242912015772,0.5657180680732244,0.6192618127725102,0.42721581563005856,0.000288724754689014
3.5,18.0,14.9,True,True,3.6789349720193036,260,4.342859511727732,4.614142937079538,0.8103514210078127,2.914911490090744,3.150949326581141,2.0679039940309685,0.002964023150938022,1.0624665441327805,0.18659397542552056,0.6711963585787505,0.7255471465452932,0.47616184415974544,0.0006825049585264701
3.5,18.0,15.125,True,True,5.392837738461697,299,5.468725980898687,7.230507925140035,1.161878441610218,4.240857672283228,4.510372451445601,2.8322138986920975,0.0085235660655974,1.3221558275903653,0.21245870531243624,0.7754745231514268,0.8247574420805781,0.5178928160936442,0.0015586017831883956
3.5,18.0,15.35,False,True,9.05351766441247,85,5.530424151618909,9.430165539461571,1.2154923604409962,4.727059790687969,5.060337822706768,3.039515052710359,0.01431064583106353,1.7051432730889364,0.21978284614665364,0.8547372970126038,0.9149999500898075,0.549598904058852,0.0025876217517375056
3.5,18.0,15.575,False,True,15.199081833159218,85,5.552323755054333,11.170715616381083,1.235395182701577,4.947637641679265,5.315742283006657,3.1221764838900894,0.024028289520949375,2.011899181169375,0.2225005668260942,0.8910931458518396,0.9573905480867694,0.5623188815399935,0.004327609588521597
3.5,18.0,15.8,False,True,25.51627965328139,85,5.560094030720998,12.155353073621871,1.2424706765411713,5.029617654713499,5.411515645079839,3.151837152772116,0.04034872345959792,2.1861776089505525,0.22346216982594008,0.904592193391609,0.9732777206967681,0.5668675988854465,0.007256841923294911
3.75,18.0,14.0,True,True,0.5541728958372182,90,1.687296260794715,0.6806297619341637,0.28455444721872625,0.583098527792981,0.6251604153777148,0.5239685728488277,6.75514655132727e-05,0.4033848576263588,0.16864521888094586,0.3455815918885176,0.3705101646365676,0.3105373875492612,4.003533172144649e-05
3.75,18.0,14.225,True,True,0.8736839877909278,97,2.4474223839408187,1.287817921860208,0.3555147996290418,0.936154541602777,1.030440852248839,0.8367878738006611,0.00017719822118925964,0.5261935701456544,0.14526090876744982,0.38250632491780556,0.42103106476849,0.34190578597768334,7.240197783266842e-05
3.75,18.0,14.45,True,True,1.3517129466053917,135,3.378320261978087,2.319186902819632,0.46873599950597766,1.4854956989042967,1.6582332695678967,1.3002889188575677,0.0005023703113986776,0.6864911325670743,0.13874824266409885,0.4397142910407504,0.4908454915393254,0.3848921410713789,0.00014870417025072922
3.75,18.0,14.675,True,True,2.054243380131961,173,4.441490851572852,3.9475879185720895,0.6801516100554267,2.3180692878238287,2.580681655961662,1.9472920224306232,0.0015559681675260276,0.888797939812066,0.1531358799972686,0.521912431048448,0.5810395072744038,0.43843206875930735,0.0003503256495451335
3.75,18.0,14.9,True,True,3.0791343814715733,179,5.604943955747915,6.415947500070657,1.0059216092269143,3.512440081435835,3.848104966846135,2.7875200112153244,0.004767825821124513,1.1446943182172324,0.17947041347225848,0.6266681895782026,0.6865554762416264,0.49733236107681333,0.0008506464754629828
3.75,18.0,15.125,True,False,4.585913227998416,301,6.848750827009207,10.281932368768054,1.3710795212238533,5.05725587318626,5.4352137036409545,3.795751433417781,0.013901344708119082,1.501285800648421,0.2001941019399873,0.7384201879913803,0.793606577451507,0.554225365952663,0.0020297635377968166
3.75,18.0,15.35,True,False,6.842417603898984,49,8.147721801136896,16.518070802811984,1.7057813263020882,6.8153544064758105,7.196759659837535,4.9089652082078254,0.039902967864563724,2.0273238588616422,0.20935684451868145,0.8364736269621806,0.8832849028833227,0.6024954371322362,0.004897438675311158
3.75,18.0,15.575,False,False,11.487078167098147,85,8.204466335662422,23.45493725968633,1.741425345629822,7.353716717982405,7.8090299506733505,5.151597297379205,0.0669647021013894,2.8588010846890257,0.21225333548635017,0.8963065258757834,0.9518023026957616,0.6279015705124797,0.008161981457625509
3.75,18.0,15.8,False,False,19.284552983412368,85,8.224600578411751,30.663309615318735,1.75413304477894,7.572118508973927,8.062050487949655,5.242354249474577,0.11235143082930991,3.728243009855697,0.21327881251562006,0.9206670204568372,0.9802361112965456,0.6373992511241106,0.013660411804582254
4.0,18.0,14.0,True,False,0.44086532271872014,53,2.1178700973890523,0.8416053559638854,0.35926903805391885,0.6960347600157263,0.7531043950307889,0.6579148690040604,0.00010698351062293848,0.3973828975636567,0.16963695672214837,0.32864846662399655,0.3555951783630305,0.310649302719345,5.051467073208581e-05
4.0,18.0,14.225,True,False,0.7021677288554302,48,3.0924186205775372,1.605134184760527,0.45133273670579166,1.1073915493763087,1.2353924782045183,1.0538863052780518,0.0002835886142245144,0.5190546241313065,0.14594813706738746,0.3580988492332559,0.3994906996045049,0.34079677902121447,9.170447116618113e-05
4.0,18.0,14.45,True,False,1.1009530141708326,129,4.284204554259064,2.936743482438253,0.5886668680244983,1.7431341466501122,1.977243184354951,1.6442384705021393,0.000805768236914525,0.6854816209741298,0.13740400594067942,0.4068746308850279,0.46151932273852575,0.38379084137510416,0.00018807884327406475
4.0,18.0,14.675,True,True,1.6994607158492063,175,5.612784879108622,5.143904169311898,0.8292852659753336,2.704213143906259,3.05958594084467,2.4734709614636214,0.002492498049877613,0.9164620202099768,0.14774934080620494,0.4817952588868364,0.5451101381477798,0.4406851526895573,0.000444075107733944
4.0,18.0,14.9,True,True,2.5933399954733503,178,6.9809932913415595,8.66093738623287,1.1823978143088136,4.077929586967662,4.530945288311307,3.5521063752868676,0.007689499632279939,1.2406454246238747,0.1693738648589345,0.5841474725416895,0.6490402009024967,0.5088253529325836,0.0011014907637595256
4.0,18.0,15.125,True,True,3.9440867551132652,300,8.312284085323972,14.494726371800457,1.5549421354333837,5.832305265338244,6.341602544912442,4.8347661589828705,0.022716541056875348,1.7437717747631003,0.18706556699364538,0.7016489337311826,0.7629193708753372,0.5816411120403178,0.0027328879551871054
4.0,18.0,15.35,False,True,6.621348692308113,85,8.489449501962351,24.80447155401965,1.6425066226638698,6.834336679166261,7.545563917147375,5.489244868392904,0.03812423968001512,2.9217997643175866,0.1934762227261263,0.8050388517637678,0.8888166323862584,0.6465960916693191,0.004490778780320518
4.0,18.0,15.575,False,True,11.115946790037412,85,8.552633370914645,43.01758034649,1.6758249286668363,7.379357555093198,8.237677032914508,5.806560022176342,0.06396826023123035,5.029746802053035,0.19594256598977988,0.8628170102776225,0.9631743435803967,0.6789207218823377,0.007479364244557743
4.0,18.0,15.8,False,True,18.66149613635145,85,8.575052730966823,76.34233089630835,1.6876978648628198,7.600963787127754,8.529643132493101,5.927768915025029,0.10729201006277987,8.902840984361024,0.19681486724484956,0.8864043202531722,0.9947044525674186,0.6912807537169142,0.012512110820650648
4.25,18.0,14.0,True,False,0.3516797185973069,53,2.500126164692883,0.9751878479220297,0.4210827388974102,0.7879732724727512,0.8582238267429634,0.7712869653017781,0.00017170593199873152,0.3900554546781531,0.16842459586399963,0.31517340348683814,0.34327220716414847,0.3084992174371022,6.867890685821608e-05
4.25,18.0,14.225,True,True,0.5673010752222801,85,3.6895693514836734,1.8843265555846374,0.5316845115216544,1.2490368386816486,1.4081134235231991,1.241592387334976,0.00045919732692540493,0.5107172073691744,0.1441047615239567,0.3385318772174259,0.3816470946553585,0.33651417524804045,0.0001244582451718246
4.25,18.0,14.45,True,True,0.9034653666937535,84,5.16175176077629,3.550559318231312,0.6903959549266943,1.9613239173901862,2.2569130126879613,1.9505449593071194,0.0013021463513800686,0.6878593707686039,0.13375225832690252,0.37997253806239173,0.43723780555238057,0.3778843016297575,0.0002522683018728191
4.25,18.0,14.675,True,True,1.4201871436722946,49,6.789594410029482,6.4904855492371665,0.9564544897325779,3.0399669670944474,3.495064107758612,2.9588893485219177,0.004005871099164551,0.9559459898885159,0.14087063703241512,0.44773911127943905,0.5147677308376121,0.4357976588632589,0.0005900015313502588
4.25,18.0,14.9,True,True,2.209844903164184,176,8.39372895290121,11.69486658690615,1.3340058296441697,4.583507845487585,5.174920578614893,4.283753893126645,0.012365711082191073,1.3932861845466114,0.15892886667290868,0.54606336125535,0.6165222403120645,0.510351706275434,0.0014732082905675656
4.25,18.0,15.125,True,True,3.4288067627321226,301,9.828342588196623,21.94272481243716,1.7171559173863526,6.550071856294894,7.232726748868609,5.858224169062806,0.03666362084516717,2.2325966576286564,0.17471469904280465,0.6664472465745366,0.735905030168034,0.596054127793455,0.0037303971159082768
4.25,18.0,15.35,True,True,5.350876254616442,50,11.034435286965966,45.00643801114479,2.0370540640963775,8.686514876336465,9.383568199701239,7.522138166173839,0.10618854692642014,4.078725991923396,0.18460881876778734,0.7872187973767087,0.8503895265746173,0.6816967040496488,0.009623378466123371
4.25,18.0,15.575,False,True,8.983072556726672,85,11.160916927124006,116.77221450595263,2.086940654068056,9.69108042690875,10.60222372974035,8.207816825720833,0.17764303134282342,10.462600453746322,0.18698648755249073,0.8683050407226702,0.9499419984010559,0.7354070350415071,0.015916526617190695
4.25,18.0,15.8,False,True,15.080818303319289,85,11.205812603975755,454.94641808858466,2.1047853637247904,10.14828894251086,11.182761939253517,8.496554888690886,0.2964732899672842,40.59914565474461,0.18782978424768815,0.9056272223319447,0.9979429724967862,0.7582274654206121,0.02645709869020095
4.5,18.0,14.0,True,True,0.287865835354327,53,2.7999839162340328,1.07392971921146,0.466501227940344,0.8552331973111822,0.9356993006724345,0.8560376436829625,0.0002815532649503593,0.38354853147009904,0.16660853844038728,0.30544218213277,0.33418024126758067,0.30572948605873773,0.00010055531509232643
4.5,18.0,14.225,True,True,0.4701113663456368,47,4.178110324489975,2.0978261932275193,0.5918558548369433,1.3547753048773017,1.5385982085815593,1.3850496207552898,0.0007577960535664713,0.502099281804772,0.1416563491317553,0.3242555125785675,0.3682521736113747,0.3315014475890758,0.00018137291615414106
4.5,18.0,14.45,True,True,0.7607467826932524,47,5.909805231778172,4.020381124776356,0.7678116785207644,2.1277457410375655,2.4724110811328788,2.1915910029236136,0.0021468688858798787,0.6802899532387269,0.12992165535203962,0.36003652533187774,0.4183574558156745,0.37083980215439294,0.00036327235867871703
4.5,18.0,14.675,True,True,1.218526967925638,48,7.8262686574735865,7.561421721435394,1.0550674456668951,3.3010449577309195,3.8378188036026146,3.3552114144083065,0.006579701892692561,0.9661592327545158,0.13481104365863714,0.4217903961907355,0.49037657299660203,0.428711504965306,0.0008407201669992974
4.5,18.0,14.9,True,True,1.9349667659640748,86,9.653468390421105,14.273389120138823,1.4553228732235222,4.981096612579117,5.689302122258418,4.9052968853448045,0.020311593914982128,1.4785762528939288,0.15075647574167256,0.5159903581930961,0.5893531622171955,0.5081382863606004,0.0021040721421056096
4.5,18.0,15.125,True,True,3.0643025157060975,51,11.15812414184504,28.929398073075735,1.8561240987321486,7.1153473968027825,7.94753602647884,6.7566595451309315,0.06021879644260126,2.592675767478255,0.16634732461627114,0.6376831182688592,0.7122645281095326,0.6055372264404374,0.005396856646967171
4.5,18.0,15.35,False,True,5.144363376110462,85,11.553013086289713,75.37520073809675,1.977120418508784,8.711383864469367,10.00336818101109,8.14893692494498,0.10085147152741725,6.524289393175416,0.17113461256744258,0.7540356614680384,0.8658666017510506,0.7053516571028171,0.00872945185590593
4.5,18.0,15.575,False,True,8.636377906496776,85,11.696466028215701,296.21726280029884,2.0242735095852065,9.7274463602948,11.445128801008849,8.989174962251255,0.16862508918343413,25.325364266926947,0.17306710460253522,0.8316568728391139,0.9785116951906204,0.7685376882698095,0.014416755349577837
4.5,18.0,15.8,False,True,14.498785931451742,85,11.747395301446591,2707.7498076524407,2.0411292809100656,10.191356843274734,12.163957608117496,9.356582126829819,0.2811733905884921,230.49788809941592,0.17375164694242629,0.8675418321897924,1.0354599718475133,0.7964814230502345,0.02393495607948666
4.75,18.0,14.0,True,True,0.2456692346394755,51,3.011221081314821,1.1397628042079526,0.4970660071337917,0.9003033562010553,0.9877853933034814,0.9135991007125888,0.00047229254244911305,0.37850518890173485,0.165071243097419,0.29898281523983833,0.32803482927004957,0.30339821489084234,0.00015684419366607615
4.75,18.0,14.225,True,True,0.40531749287722885,47,4.534183313827167,2.238450601256669,0.6333358797537876,1.4269134163518657,1.6276107088181493,1.4843957175258078,0.0012765460480430794,0.4936833044289205,0.13968025461661537,0.31470130728954826,0.35896446971049617,0.327378849681504,0.00028153825279851456
4.75,18.0,14.45,True,True,0.6647393032803924,85,6.475801526633569,4.332956941131054,0.8230466995438698,2.2436891227943327,2.6224460955331326,2.3631445367959536,0.00361122556035433,0.6690997127244467,0.12709572647630674,0.3464728055000644,0.40496085075300403,0.3649192346425152,0.0005576492030372057
4.75,18.0,14.675,True,True,1.0821122353813795,48,8.63544808037071,8.281056114861164,1.1290633379126274,3.486170906219795,4.080977697427717,3.6474108249433703,0.011021134864919858,0.9589607901974286,0.1307475104249782,0.4037046918438699,0.472584359195467,0.4223765566067524,0.0012762667046741984
4.75,18.0,14.9,True,True,1.749253456527255,48,10.649158909241404,16.005781036788175,1.554543411753561,5.26514102499212,6.058152881275769,5.382187753957744,0.033911823209589215,1.5030089393161616,0.1459780462478139,0.4944184859916964,0.5688855742417804,0.5054096572159374,0.0031844602469177476
4.75,18.0,15.125,True,True,2.8199327934767053,48,12.193318997611316,33.48936960091732,1.9879940089352495,7.517003538928763,8.459575755216543,7.470600910778173,0.09984943516128521,2.746534360946181,0.16303961286707086,0.6164854327522598,0.6937877830370699,0.6126798546188836,0.008188864342911542
4.75,18.0,15.35,True,True,4.559375442697284,49,13.209676357656488,80.14677378090721,2.3776905435358673,9.913088513557282,10.89893821385377,9.61726369619241,0.2814314954710364,6.067277623683276,0.17999612398964862,0.7504414374097468,0.8250723120507502,0.7280468828911261,0.021304950087434604
4.75,18.0,15.575,True,True,7.408583505990404,53,13.857202598290694,217.27627824565533,2.779898678276288,11.952695952166545,12.82510161547439,11.426161324664722,0.7482268653006314,15.679663821358625,0.20061037994921083,0.8625619685780539,0.9255188068807181,0.8245647881394298,0.05399552037962743
4.75,18.0,15.8,True,True,12.100722450441108,52,14.27464781787164,562.1551096926812,3.285152299643723,13.308708661195084,13.958449912034997,12.660465238789673,1.8142038207297846,39.3813645608035,0.23013893873660143,0.9323318397062507,0.9778489872485142,0.8869196214381531,0.12709272017614537
5.0,18.0,14.0,True,True,0.2193781664464981,130,3.147890331820899,1.1794468559186788,0.5165941231473998,0.9285752526991363,1.0202755083503736,0.9503215152172471,0.0008072200276550526,0.37467850896712374,0.16410804338554438,0.29498335545952814,0.32411405760765327,0.3018915575332426,0.0002564320680092167
5.0,18.0,14.225,True,True,0.364591654374948,47,4.770395140030662,2.3216124512912044,0.6610686260279954,1.4728693993667408,1.6836670022610472,1.548966405707294,0.002185722407437316,0.4866708905955078,0.13857733093861618,0.30875207527510473,0.3529407843246765,0.32470400464506133,0.000458184771549819
5.0,18.0,14.45,True,True,0.6037951310303697,85,6.862002525568466,4.511967486194202,0.8626555418693355,2.3188127829412934,2.718027907862873,2.477551961594371,0.006165669307725282,0.6575292663303732,0.12571483887611523,0.33792071254727457,0.39609835434120666,0.3610537816567073,0.0008985233224195735
5.0,18.0,14.675,True,True,0.9947576760093023,50,9.201047721710438,8.665241827861399,1.1879956331800636,3.6074527720901686,4.23739353746372,3.8490872810865473,0.018692676717789077,0.9417668606820969,0.12911525612207345,0.3920697817465028,0.4605338071951664,0.4183314115417953,0.00203158132455748
5.0,18.0,14.9,True,True,1.6297019088353648,48,11.35157433845658,16.777792829877214,1.6471199999267954,5.450845684591397,6.29590272690642,5.7247197323356085,0.05697976514543665,1.4780146197904749,0.1451005781944028,0.48018411561867314,0.5546281545791687,0.5043106411188751,0.005019547372596771
5.0,18.0,15.125,True,True,2.6621219670241834,49,12.913398503351633,34.63666669781811,2.1385112812824234,7.775392376087498,8.78688281480788,8.001540119678967,0.16488099553456356,2.6822270441687572,0.16560406470282624,0.6021182087789995,0.6804469646412036,0.6196308522192816,0.012768210900621491
5.0,18.0,15.35,True,True,4.353171671527758,51,13.835277960887803,77.89282856701855,2.625379073549288,10.229659046059396,11.294981740659091,10.324408779124871,0.44930141601203905,5.63001544220657,0.18975976348080678,0.7393894849802471,0.8163899397315975,0.7462379005547901,0.03247505523793666
5.0,18.0,15.575,True,True,7.135134655596279,52,14.347591360471606,175.70411957198823,3.183582737095923,12.286013539445259,13.234094679608406,12.205300670350137,1.129928253298068,12.246245042639186,0.22188969960957114,0.8563119223825885,0.9223913859206401,0.8506863879589158,0.07875386362139374
5.0,18.0,15.8,True,True,11.725273283310543,52,14.645613467970373,305.90801824360005,3.9207405949343803,13.614574449115041,14.322760322124852,13.390482911562973,2.536138293726708,20.88734752645316,0.26770750187480724,0.9296008309170394,0.9779556420390587,0.9142998987954761,0.17316709192641097
5.25,18.0,14.0,True,True,0.20363279624456943,57,3.230721708278723,1.200995550650961,0.5290479839462555,0.9455017424966103,1.039297468988165,0.9732126111162432,0.001396780682698794,0.37174218614169413,0.16375535614552322,0.292659606079274,0.3216920437080562,0.30123690586607516,0.00043234323746286905
5.25,18.0,14.225,True,True,0.3400203675193314,47,4.915593677726444,2.3625730860726395,0.6805890669675176,1.5007768429769595,1.716318051672127,1.590194988872175,0.003779729604991376,0.48062822946044936,0.1384551107328918,0.3053093769278134,0.34915783610209966,0.323500088316427,0.0007689263704032537
5.25,18.0,14.45,True,True,0.5666562263849402,85,7.103481067482863,4.5848164436438275,0.8946191608072812,2.365014150983912,2.773397136886965,2.5529138692335707,0.01060583714594238,0.6454323450837983,0.1259409509659314,0.3329373483952933,0.39042789169701064,0.3593891283697336,0.0014930478514952367
5.25,18.0,14.675,True,True,0.9408422926781671,48,9.559769319706671,8.75478680491077,1.2442297511508278,3.6819480123564228,4.327188773007989,3.9874211057163245,0.031787005116047685,0.9157947762257719,0.13015269611014058,0.3851502990523414,0.4526457311148553,0.417104322538054,0.003325080768478525
5.25,18.0,14.9,True,True,1.5547057935334765,48,11.798629242091181,16.62468044278235,1.7536000192958832,5.562413875437038,6.430153209040975,5.970032603028025,0.09507025322981702,1.4090349058070581,0.14862743657034147,0.47144577232695206,0.5449915475012671,0.5059937455895428,0.008057737155656807
5.25,18.0,15.125,True,True,2.560722345473546,50,13.366344154741961,32.482956442517064,2.3418254196507156,7.9254774605580325,8.968068269249262,8.39341113149313,0.266419170264958,2.4302050034371683,0.17520313651507388,0.592942794888782,0.6709439892783002,0.6279511461266251,0.019932089670939738
5.25,18.0,15.35,True,True,4.215549094671539,51,14.220072754326548,63.9610625226983,2.9908244166882656,10.408683156254874,11.512916353475491,10.848423415100523,0.6892515510947136,4.497942002669272,0.21032412902235598,0.7319711604912826,0.8096242932352518,0.7628950711099436,0.048470325222844196
5.25,18.0,15.575,True,True,6.9441739943807885,52,14.642924827308326,110.68780000783363,3.7900578137436987,12.474797298746491,13.463256588361988,12.76797664778363,1.6128735186345264,7.559131888829095,0.25883202013544654,0.8519334385628762,0.9194376633863259,0.8719553503390245,0.11014695067112533
5.25,18.0,15.8,True,True,11.456364038079666,52,14.865933792379332,130.77710138721076,4.847066687843358,13.791624908677813,14.531995731625813,13.895791753976741,3.3282320089827917,8.79709967861222,0.3260519490762223,0.9277335081196018,0.977536691242046,0.9347405920171721,0.22388314487778296
5.5,18.0,14.0,True,True,0.1944255022320983,56,3.277807108825967,1.209830565559457,0.5376479608518863,0.9552711848543087,1.0494790573173645,0.987986010307703,0.0024311556853374404,0.36909754765672886,0.1640267236605204,0.2914360586631543,0.32017718629369346,0.30141676355738223,0.0007417018770845923
5.5,18.0,14.225,True,True,0.32554426576380174,47,4.998193160537281,2.3710573132318906,0.6969345299466206,1.5172137892060027,1.7330407471303444,1.6179679128282527,0.0065559855506417165,0.47438288939137635,0.13943729415045328,0.3035524519510386,0.34673344776136084,0.3237105611689343,0.0013116711059516116
5.5,18.0,14.45,True,True,0.544478168017627,47,7.241464491103569,4.5677747154087704,0.927158330483316,2.3925465077576487,2.800309052023483,2.6061807643099835,0.0182216706933043,0.6307805169825061,0.12803464432123743,0.3303953931828277,0.38670479644880884,0.35989691967857906,0.0025162963535470427
5.5,18.0,14.675,True,True,0.9078651054918905,49,9.76547438410058,8.5761075147371,1.3118403934609355,3.725364405993486,4.368152577139042,4.090481660284724,0.053544217024348945,0.8782069541547394,0.13433452814097557,0.3814831988150875,0.44730572272566127,0.4188717823011796,0.005483012388166791
5.5,18.0,14.9,True,True,1.5070138032816234,48,12.055069540931571,15.64443603388,1.8984855197404613,5.623705783910714,6.487224818325619,6.1603399959746445,0.15493805837818075,1.297747473024619,0.15748441046270012,0.46650131422436697,0.5381325090078501,0.5110165457824971,0.012852522986458668
5.5,18.0,15.125,True,True,2.492565268640464,51,13.626489439747584,27.99985863524127,2.6380433124798723,8.00379622253623,9.042039100475863,8.699630240881708,0.4128805154811143,2.054810871064671,0.1935966944490392,0.587370375761616,0.6635633587401333,0.6384351801943539,0.030299844821129695
5.5,18.0,15.35,True,True,4.1172841236783695,51,14.44262651919969,46.78125139304891,3.531253099104507,10.502930777201646,11.606430397255679,11.245786349900346,0.9965493479113184,3.2391096820830345,0.24450214054972214,0.7272175018331531,0.8036232455243761,0.7786524379724464,0.0690005620921187
5.5,18.0,15.575,True,True,6.802756272682568,90,14.815784157296287,63.55712493398025,4.663638138466012,12.582091841716844,13.573475019514193,13.171436613864346,2.1494558448029633,4.289825247128783,0.3147749784252441,0.8492356333039974,0.916149619581877,0.8890138027137663,0.14507877693023943
5.5,18.0,15.8,True,False,11.258634487220466,50,14.996454772721862,60.450490053372555,6.101957166860487,13.900484261189922,14.642787911017095,14.23644510735301,4.088947437652626,4.030985387515076,0.406893313075553,0.9269180264174517,0.9764166353271656,0.9493207110022238,0.2726609388433798
5.75,18.0,14.0,True,True,0.18909459662350156,56,3.3016721966021345,1.2085630230115325,0.5448938865340623,0.9606642806333026,1.05369518471709,0.9988638120251906,0.004229881064073903,0.36604573411476365,0.16503573161952043,0.29096294950842044,0.31913985458686184,0.3025327023843118,0.0012811329569383115
5.75,18.0,14.225,True,True,0.31705508204877436,48,5.039029057164994,2.350260068707753,0.7147168272786099,1.5267419515805345,1.7384557050128695,1.6399359283133865,0.011320400306446274,0.46641129512161056,0.1418362186783492,0.30298335934571774,0.344998150495076,0.32544680923829206,0.0022465439627401633
5.75,18.0,14.45,True,True,0.5311082977475795,47,7.3088700852681,4.463377036278152,0.9688755303640522,2.4088960081533393,2.806145008919644,2.6510237522373394,0.030945762735001475,0.6106794872814365,0.13256160241744294,0.32958528199984793,0.38393691174997957,0.36271321302875453,0.00423400092955221
5.75,18.0,14.675,True,True,0.8869393197494694,48,9.865934940209149,8.141076505508757,1.4064651903024368,3.7499274639809093,4.372108004304225,4.181254763803844,0.08801970534100308,0.8251703011266941,0.14255771995518765,0.38008840385698045,0.443151919285973,0.4238072508225161,0.00892157771913476
5.75,18.0,14.9,True,True,1.474451210921751,49,12.183184658002904,14.017646352604228,2.108079012709665,5.655077753795647,6.486451147526448,6.328766985670607,0.24199222193332784,1.1505732487930649,0.17303185266299873,0.4641707330669845,0.532410148053171,0.5194673776460705,0.019862805065042472
5.75,18.0,15.125,True,True,2.442463472101379,51,13.763816612546977,22.64145472773172,3.0650962826861226,8.043610090100172,9.039380888011648,8.958339540298539,0.6021856176649724,1.644998285365991,0.22269232212030543,0.5844025909766689,0.6567495878847606,0.6508615882118186,0.04375135433844891
5.75,18.0,15.35,True,True,4.042008239050491,51,14.56802841676885,32.61330001438386,4.288559124733774,10.558728044876222,11.615897923349708,11.554545347945556,1.3412506445577124,2.2386900328148456,0.29438157326748027,0.7247877161416273,0.7973555234131046,0.7931440698348338,0.09206809639483104
5.75,18.0,15.575,True,True,6.695496800082989,50,14.91747476889286,38.099731362209546,5.823303159457398,12.65692142221914,13.604945095649043,13.45628696732432,2.668298271706419,2.5540335715303653,0.39036789065670996,0.848462733693533,0.912013950512535,0.9020485823367687,0.17887064084536433
5.75,18.0,15.8,True,False,11.10861731059759,50,15.085274830183735,35.113698935154034,7.629961574780845,13.990535388615953,14.703747527284442,14.459050211844481,4.727855225236557,2.327680425476634,0.5057887019409321,0.9274299305851992,0.9747086276389274,0.958487689128059,0.3134086238705253
6.0,18.0,14.0,True,True,0.18597767602112109,56,3.309656199251777,1.1973811031301225,0.5528916023318395,0.9633587691136377,1.0533563307851315,1.0090394446658741,0.0073053838026855234,0.3617841343765004,0.16705408932107005,0.291075178543145,0.3182675986174234,0.30487742046862465,0.002207293858599897
6.0,18.0,14.225,True,True,0.3119309122640636,47,5.050870250891968,2.2979984747945146,0.7385648732281707,1.5322912156443538,1.7346964361234851,1.6620367340722222,0.019277032215297595,0.4549707992179556,0.1462252713970909,0.30337172398632806,0.34344505995123176,0.32905947916177647,0.0038165764032234506
6.0,18.0,14.45,True,True,0.5225224412591885,48,7.327681702485856,4.266489543871533,1.0289934402361238,2.4192407885713774,2.794423369639773,2.6978099761457424,0.05125518260121129,0.5822427497668411,0.14042551000639755,0.3301509108604799,0.38135163112936354,0.3681669163155016,0.006994733761951395
6.0,18.0,14.675,True,True,0.8722287344248311,48,9.896735901886402,7.475693887310835,1.543936879081366,3.7650590664854047,4.345774253486913,4.2751937213007976,0.138711243803046,0.7553696452469651,0.15600465591762214,0.38043442846320197,0.43911187451799855,0.43198017646261627,0.01401585787255437
6.0,18.0,14.9,True,True,1.4495205250883272,49,12.232367225303081,12.044563937933665,2.403804463094114,5.674089255051342,6.441222828733667,6.492342468759467,0.3556088171351357,0.9846470201629544,0.19651179684352185,0.4638586424477422,0.5265720616537551,0.5307511088556782,0.029071136484485716
6.0,18.0,15.125,True,True,2.402558894371723,50,13.830908809792744,17.724624532603357,3.640790182386693,8.07354772675004,8.982109303748265,9.183713147943934,0.8163910711076343,1.2815227673291962,0.2632357882230336,0.583732265014552,0.6494229285488914,0.663999255164025,0.05902656740311976
6.0,18.0,15.35,True,True,3.9831066461813283,50,14.639003904783348,23.139477661459004,5.253974859684361,10.611318894220348,11.567250634719482,11.790765997270743,1.676846221058255,1.5806729619013282,0.35890248365652844,0.7248661837403474,0.790166510642151,0.805434992296031,0.1145464699623681
6.0,18.0,15.575,True,False,6.6146147318556,48,14.98199258258028,25.67909595693461,7.193192326871263,12.733655742155502,13.586331327573268,13.649273120718249,3.1063765943065986,1.7139973748746855,0.4801225395902854,0.8499307199605116,0.9068440831675646,0.9110452461836352,0.20734068430379649
6.0,18.0,15.8,True,False,11.012836591098573,49,15.127617400433069,24.267670973005654,9.248986069212847,14.063319996029652,14.696427364249997,14.592782755405898,5.209259672661167,1.6041965056778158,0.6113974080907196,0.9296454044129283,0.9714965004224176,0.9646451499353851,0.3443542717118188
6.5,18.0,14.0,True,True,0.18266216933999857,53,3.2900725711568812,1.1383510997915234,0.5789930990258466,0.9639288797824485,1.0398557799609163,1.0373849841364444,0.020458796177784788,0.34599574178731485,0.17598186255881174,0.2929810388478769,0.3160586149609685,0.31530762975592086,0.006218341916570827
6.5,18.0,14.225,True,True,0.30574290470632176,47,5.013166427438353,2.0842007431118734,0.8224601021562636,1.5382537618938792,1.7011592434849105,1.723471090301167,0.050687105475448115,0.4157453723667551,0.1640600036046534,0.3068427478239341,0.3393382741442668,0.34378892367669367,0.010110796481446239
6.5,18.0,14.45,True,True,0.5105550952669874,47,7.274039216385605,3.61790442638214,1.234964441010451,2.4360258326373034,2.7244238216023473,2.818985847545846,0.12167607963883226,0.4973721365472428,0.1697769841862486,0.3348931398596088,0.3745407112275765,0.387540644707518,0.01672744344912837
6.5,18.0,14.675,True,True,0.8496336220170329,48,9.848135870479169,5.790600859672642,1.979193722828269,3.7965266461949594,4.222974902311012,4.486300405333833,0.28381737307009025,0.5879895379013385,0.20097140706203212,0.3855071351701646,0.4288095694302743,0.45554818336554376,0.028819400625946165
6.5,18.0,14.9,True,True,1.4109993315158516,48,12.224540484889989,8.417499230255956,3.2400879772789337,5.728542810937746,6.2640683209138865,6.793939317447702,0.6146702513879801,0.688573876511785,0.2650478340092873,0.4686100731572242,0.5124174874840097,0.5557623475373391,0.050281665159335576
6.5,18.0,15.125,True,False,2.345100293716239,48,13.873633510229931,11.327611787054659,5.0811792856048505,8.172711101263124,8.773904742980237,9.51701016340019,1.2063569895773134,0.8164848652447159,0.36624718981211135,0.5890822397201751,0.6324157789313569,0.685978201484325,0.08695321154964833
6.5,18.0,15.35,True,False,3.906678685285839,47,14.703154926732736,14.173459390665148,7.3852398017902265,10.766290900876688,11.372240280156612,12.072442808226079,2.1764497605309594,0.9639740219900346,0.5022894636281533,0.7322435868033883,0.773455788014586,0.8210783922487551,0.14802603736248596
6.5,18.0,15.575,True,False,6.523275840019611,47,15.035891711255362,16.167589389220215,9.819290153709582,12.913807836952182,13.43541034450169,13.838717944378967,3.659636812080879,1.0752664158333691,0.6530567220272804,0.8588654457577226,0.8935559395153395,0.9203789313020769,0.24339340042874863
6.5,18.0,15.8,True,False,10.912477704492744,47,15.16215429264292,16.832124755536032,11.89015138612241,14.217392937598975,14.593009439991413,14.706572031671474,5.743486691884813,1.1101407115810333,0.7841993397924876,0.9376895039577344,0.9624627977221105,0.9699526695099978,0.3788041317236631
7.0,18.0,14.0,True,True,0.17993016166854275,50,3.23280004280766,1.0263074375647396,0.6265558851594724,0.9603174367573141,1.0092795495869955,1.0855228764140954,0.04743539323958548,0.31746703290482514,0.19381213711421313,0.2970543875405564,0.3121998070472817,0.33578410728778874,0.014673160298027042
7.0,18.0,14.225,True,True,0.3000825349574354,46,4.927623170286469,1.764759624424215,0.9614188770245232,1.5432838562854494,1.639865385133191,1.8116335102579944,0.10422142099068654,0.35813607563697286,0.19510803561885007,0.31319031568636163,0.33279033896535903,0.36764854934162394,0.021150444623919486
7.0,18.0,14.45,True,True,0.499909627351857,46,7.173645637715721,2.877278878093097,1.5364869067497107,2.4597029150403786,2.6182221395798395,2.959255749433131,0.21665929298303813,0.4010901880859143,0.21418494644781044,0.34288045984713755,0.3649779027018612,0.41251769307849956,0.03020211813139242
7.0,18.0,14.675,True,False,0.8321171545916399,47,9.764695745512348,4.392411311914214,2.525333371457078,3.8490431020214935,4.066223532046584,4.673430886960738,0.43167180409102934,0.4498257218032497,0.25861874627457476,0.3941795220593979,0.4164209144883327,0.4786048647863453,0.04420739932316035
7.0,18.0,14.9,True,False,1.3863003457971557,46,12.187466385983614,6.30177690416265,4.107520512226846,5.818771029060628,6.069405235212146,6.99135591559051,0.8121245974135205,0.517070300305411,0.337028253628725,0.4774389397087976,0.49800385436897376,0.5736512983232535,0.06663604819025529
7.0,18.0,15.125,True,False,2.3145901459392157,46,13.877645909829093,8.650659857578113,6.30620299251334,8.305363932537759,8.56547638432532,9.676919770704904,1.43615103780781,0.6233521098453108,0.45441446146474007,0.5984706618472904,0.6172139309491005,0.6973026861746812,0.10348664659260617
7.0,18.0,15.35,True,False,3.872057847358938,45,14.721396486764363,11.252700949730837,8.899097542027842,10.929748408593678,11.178028043997484,12.173245948663746,2.415870584137533,0.7643772762895054,0.6045009079151422,0.7424396468378758,0.759304869891071,0.8269083683472832,0.16410607419680473
7.0,18.0,15.575,True,False,6.486044520861109,45,15.05180066418453,13.499879505658225,11.397365662355394,13.073900577832575,13.2803494610827,13.891724667432806,3.8858606895781818,0.8968946511350584,0.7572094473371022,0.8685937895086313,0.8823096822350988,0.9229277597655074,0.25816583518970676
7.0,18.0,15.8,True,False,10.87391873291267,45,15.172235261942298,14.838169038025407,13.241674036849954,14.34082611978526,14.486298158930206,14.734196174975954,5.937633329857857,0.9779817397931566,0.8727569674631317,0.9452019344675913,0.9547899771411611,0.9711289022742015,0.3913486198537724
7.5,18.0,14.0,True,False,0.17666249934580636,47,3.165065072942652,0.9019463753951648,0.6831491989090341,0.9541861664104638,0.9735131914898616,1.1408052084494167,0.08149593555475539,0.28496929908508933,0.21584049084775708,0.3014744229329002,0.30758078240228987,0.36043657307455523,0.025748581364548776
7.5,18.0,14.225,True,False,0.2946405341016742,45,4.847901040978682,1.4898253308831388,1.1015632904905435,1.5469692961115487,1.5814615747484138,1.8911350617428535,0.15729522079106342,0.30731347820218224,0.22722478886824857,0.31910084035033237,0.32621572952511263,0.3900935777684678,0.032446046126244577
7.5,18.0,14.45,True,False,0.49184545943522856,45,7.0974392602223935,2.3789440440957828,1.799016065217665,2.480971795544099,2.5329269545968467,3.058870550641117,0.29096479224951993,0.3351834312170274,0.2534739642366864,0.3495587217559871,0.35687898997496725,0.430982279451768,0.04099574248986285
7.5,18.0,14.675,True,False,0.8216176508557429,45,9.71109011778742,3.656299486481776,2.9304314253473445,3.8927603274947855,3.9581836386605174,4.775921380595033,0.5228932314543785,0.37650762603723315,0.30176132543346385,0.40085719319652596,0.4075941619994308,0.4918007476675731,0.053844957168775076
7.5,18.0,14.9,True,False,1.374176746231025,45,12.164994857143599,5.415132399062726,4.640695561829438,5.883035045848356,5.952513854245067,7.072051910614263,0.9097597853217722,0.44514054158295185,0.38147945118976373,0.4836035785410699,0.4893149503264769,0.5813444225552937,0.07478505301525366
7.5,18.0,15.125,True,False,2.301511399302882,44,13.876444421605191,7.710447867483181,6.937968441260068,8.384649499973499,8.452328959877056,9.725860909429432,1.5314829644069015,0.555650109870959,0.49998171220704546,0.6042361605916038,0.6091134517655721,0.7008899840571963,0.11036566125126623
7.5,18.0,15.35,True,False,3.858348353030361,86,14.726837412632548,10.330066909951377,9.58401836771095,11.015930799747466,11.078259171347161,12.197620515256208,2.503545927079169,0.7014450299485441,0.6507859154803913,0.7480174114163913,0.7522497098965953,0.8282579737583847,0.16999888414138734
7.5,18.0,15.575,True,False,6.472011548775753,44,15.05672443078773,12.697098179003028,12.044524027507528,13.152052555988334,13.202939792670545,13.902939085368535,3.9619380606473955,0.843284224093271,0.7999431803958033,0.8735002501005626,0.8768799517691512,0.923370760305611,0.2631341284659559
7.5,18.0,15.8,True,False,10.859911596513356,43,15.175322103874898,14.243525493545222,13.75381836567556,14.39843445063688,14.433969051956007,14.740238237411747,5.999564207996481,0.9385979023080012,0.9063279363384077,0.9488058541413336,0.9511474585617137,0.971329513569135,0.39535004047555206
3.5,21.0,14.0,True,True,0.6358704577251475,141,1.2968178336867158,0.5879866935754187,0.14807405556003997,0.46335715600623806,0.4978259798012862,0.5034857737645891,6.386109495106791e-05,0.4534073162024883,0.11418261818553274,0.3573031955374663,0.3838827373201829,0.38824710817959096,4.9244460780985394e-05
3.5,21.0,14.225,True,True,0.9981615074573845,148,1.886611243202341,1.1588609437954651,0.12666705559188732,0.749737139468068,0.827751709913082,0.7948066888768979,0.0001685779176261579,0.6142552939674049,0.0671399876621546,0.39739885054191737,0.4387505443400481,0.42128800606943806,8.935487808289169e-05
3.5,21.0,14.45,True,True,1.5366253625707333,184,2.6186973324230096,2.1414528345603645,0.11803611444425954,1.200140116724868,1.3430241885250982,1.216313974596917,0.0004819416345309685,0.8177549990395172,0.045074363112839744,0.4582966125430047,0.5128596466253068,0.464472911602768,0.00018403869304171972
3.5,21.0,14.675,True,True,2.3209684832467055,214,3.480471228860352,3.6948885762999804,0.18908200913391304,1.8949269131194568,2.109719573317818,1.7899585106420182,0.0015062216620065146,1.061605838215717,0.054326554279785326,0.5444455042198217,0.6061591763275761,0.5142862540565013,0.0004327637158775517
3.5,21.0,14.9,True,True,3.447132688328218,49,4.477847428301888,6.049432875663612,0.3633278601482454,2.9161129271855604,3.18403508110194,2.5197850863876905,0.004628007607176605,1.3509689583054216,0.08113895481383752,0.6512309706566808,0.7110637716188124,0.5627224077492199,0.0010335340096506284
3.5,21.0,15.125,False,True,5.7870602081670315,85,4.603142710376487,9.117263734293397,0.39212675178828843,3.503282947741872,3.8683750271879456,2.794286555161566,0.007770402717121517,1.9806606720537032,0.0851867466338485,0.7610632926597537,0.8403769490934498,0.6070388712612875,0.0016880646997116417
3.5,21.0,15.35,False,True,9.715339930587984,85,4.6481462033870296,12.927908822731832,0.4038193831013532,3.8527116373237327,4.292310510601384,2.9165668987655193,0.01304747838253122,2.7813042570200293,0.0868775131916239,0.828870579526161,0.9234456754982547,0.6274688383597452,0.0028070283961859313
3.5,21.0,15.575,False,True,16.31015171289765,85,4.6641169705743195,16.870581398704378,0.4080296239368036,4.003881746762127,4.48155183676692,2.9617228052085807,0.021911196820319372,3.6171008371230893,0.0874827167738378,0.8584436822709242,0.9608575138747176,0.6350018286192095,0.004697823180369621
3.5,21.0,15.8,False,True,27.381548231801226,85,4.669783613262262,19.996378659943733,0.4095238551034779,4.0591901403354855,4.5514846830596705,2.977769546561101,0.03680444688891297,4.28207821089476,0.0876965377882657,0.8692458744356631,0.974667149487051,0.6376675651745805,0.007881403066383576
3.75,21.0,14.0,True,True,0.508504334568024,51,1.7292998306686844,0.7804297295491553,0.2133554051781116,0.5823159102144687,0.6362727441233128,0.6813851881447545,0.00010078100175366997,0.45129810094723677,0.12337675710961672,0.33673507617779574,0.36793662547071393,0.3940237407420996,5.827850090906448e-05
3.75,21.0,14.225,True,True,0.8023196419000524,49,2.520461833973928,1.548662641617678,0.19998005270902167,0.928374551321985,1.0478032886154747,1.0762426216457548,0.0002690313571086255,0.6144360611784997,0.07934262285325692,0.3683350958971863,0.41571876808125996,0.42700214981985224,0.00010673891327465677
3.75,21.0,14.45,True,True,1.2449220643494348,144,3.4938551301584875,2.9084502101583403,0.20199677601010296,1.4683349389719307,1.6807698118246404,1.6474656346759406,0.0007722463237492938,0.8324472829605868,0.05781486881539362,0.4202621128441935,0.48106454023135115,0.47153232555501196,0.00022102986385536352
3.75,21.0,14.675,True,True,1.8979776394780628,211,4.609725083058045,5.219327107609196,0.2924353306901807,2.301252854609611,2.6119613333231717,2.423145919659569,0.002405906241024858,1.1322425987596525,0.06343877897728817,0.49921694095539926,0.5666197628406991,0.5256595297982669,0.0005219196801707759
3.75,21.0,14.9,True,True,2.8517999326860357,302,5.830424897816549,8.96596277176728,0.48672044799228603,3.5218636767969236,3.9004185798743882,3.402223507786093,0.007419522977847206,1.5377889139992125,0.08347941299690856,0.6040492311488028,0.6689767295236178,0.5835292568574548,0.0012725527054856264
3.75,21.0,15.125,True,True,4.2524552787343515,373,7.1303735968709425,15.485909254519456,0.7061676005212684,5.1252651025499825,5.534702364975416,4.547418812275156,0.02186487475067705,2.1718229829240947,0.09903654989847369,0.7187933469291325,0.7762149191459249,0.6377532327718035,0.003066441674286481
3.75,21.0,15.35,True,True,6.351394835616965,50,8.474837902210842,27.97749808707642,0.9012796122964344,6.96745206455484,7.368515583895644,5.782706696985606,0.06344715692647639,3.3012428567840684,0.10634771103543071,0.8221339623188819,0.8694579965917,0.6823383247810633,0.007486533389615021
3.75,21.0,15.575,True,True,9.559042231710407,49,9.826119524416987,53.46971852995186,1.0693808991798954,8.830233162440583,9.179661225131408,6.9976559042268365,0.18202915802045586,5.441590487179056,0.10883043876299124,0.8986490689939484,0.9342102141461652,0.7121484617440605,0.01852502990301822
3.75,21.0,15.8,False,True,16.04775850799873,85,9.86100073292658,113.31441152382935,1.0750952108364915,9.217508376657923,9.606967466204475,7.111436372741547,0.30532137163971307,11.491167538956214,0.10902496003744046,0.9347437066787765,0.9742385916397034,0.7211678170751937,0.030962513836980395
4.0,21.0,14.0,True,False,0.39771221112486527,59,2.162447754190262,0.963094158363,0.2765186408105476,0.6899965428572667,0.7636132373312284,0.8558453242465902,0.0001591461017277647,0.44537222066834853,0.12787298110427237,0.3190812548049925,0.3531244793551864,0.3957761858468878,7.359535111050934e-05
4.0,21.0,14.225,True,True,0.6338363982574498,103,3.1805743886716518,1.9518578920075247,0.2730059422159092,1.0918896956411706,1.2550558192985577,1.3580641877658541,0.00042900630066383525,0.6136809435929297,0.0858354211705542,0.3432995309055456,0.3946003664522761,0.42698708528966106,0.00013488327837633354
4.0,21.0,14.45,True,True,0.9954392628412558,140,4.4474195423141865,3.8411153788354455,0.28691445654968245,1.7200422102765178,2.01185321875921,2.091463286485303,0.001227524465384262,0.8636728202252638,0.06451256820272645,0.3867506076077331,0.4523641629978437,0.47026444584021043,0.0002760082456141584
4.0,21.0,14.675,True,True,1.5391346083999295,304,5.886853185806512,7.343326307717958,0.3946255896620942,2.6937771480705464,3.119793790779334,3.095219208644172,0.003794494532854,1.2474111509053891,0.06703506562955495,0.4575920382328157,0.529959503372924,0.5257850180648118,0.0006445709470048803
4.0,21.0,14.9,True,True,2.346538380733268,50,7.402894682888006,14.062128520570724,0.6052217336304772,4.1269807084463,4.651438220643853,4.365237464602411,0.011678222260116063,1.8995445866703629,0.08175474048407899,0.5574820236178599,0.6283269477540698,0.5896662929290049,0.0015775210590406742
4.0,21.0,15.125,True,True,3.5528505893616886,315,8.91242051782832,29.5147479896304,0.82831604053548,6.01402518248681,6.596907447498559,5.838372360493259,0.03452486148695924,3.311642211068181,0.09293951501486321,0.6747914520478934,0.740192569942382,0.6550826847559802,0.0038737917962798143
4.0,21.0,15.35,False,True,5.964539845209504,85,9.147087441097863,79.31794017225033,0.8605630059425816,7.176412220560645,8.022378477429813,6.474529175538934,0.057934438941226886,8.671387551831508,0.09408054875217133,0.7845570807945954,0.8770418484670067,0.7078241262293913,0.006333648750412886
4.0,21.0,15.575,False,True,10.013293458389821,85,9.23120244500501,332.27739266937596,0.8723541422905771,7.851591503428581,8.908415243239778,6.757934438798677,0.09718724727597898,35.99502823699536,0.09450059702272119,0.8505491619542007,0.9650330275293776,0.7320752067847223,0.010528124353785227
4.0,21.0,15.8,False,True,16.810357292585238,85,9.261051517278016,3454.5365034467163,0.8765416627127237,8.138524009615875,9.305018058737364,6.86259343622398,0.1629519885010722,373.01773961646904,0.09464817910551421,0.8787904909536588,1.0047474675394388,0.7410166570632593,0.01759540892274041
4.25,21.0,14.0,True,True,0.3109233093620443,54,2.5445011882359165,1.1173965871089802,0.32917565794570347,0.7768795974679648,0.8678694591499924,1.0047005977572447,0.0002546969601407387,0.4391417037944725,0.12936746088686973,0.3053170503750362,0.34107646055047813,0.3948516913265016,0.00010009700970794914
4.25,21.0,14.225,True,True,0.5017902675901116,47,3.789815191602129,2.303313765607851,0.33554416463255804,1.2264899826092939,1.4288075504578719,1.6050250056050448,0.0006922232784272428,0.6077641386608444,0.08853839769709405,0.3236279133945843,0.37701246056113075,0.42351009863531813,0.0001826535710662472
4.25,21.0,14.45,True,True,0.8007078878980134,126,5.36838523080353,4.6656563892444645,0.36044733689746855,1.9319579433356848,2.2949651128130117,2.493874790262683,0.0019784004005636074,0.8690986560489657,0.06714259901268625,0.35987692020501905,0.4274963539584706,0.46454840385763535,0.0003685280238854029
4.25,21.0,14.675,True,True,1.260576195669739,222,7.170236793701205,9.381815793370189,0.48281337296716975,3.0315877211053333,3.564964775592088,3.728740807258618,0.006083982505547761,1.3084387675469484,0.06733576405611931,0.4228016184581901,0.49718926698819504,0.5200303580676976,0.0008485051024942886
4.25,21.0,14.9,True,True,1.958614952048801,51,9.016111940025988,19.63566075447395,0.7070035180187989,4.655918692841434,5.322391413485605,5.3075228059500175,0.018727334295117158,2.1778412784898666,0.07841556568082728,0.5163998321906387,0.5903200236298601,0.5886709083976522,0.0020770964712604465
4.25,21.0,15.125,True,True,3.02284462625303,50,10.732109846708306,48.581330640995404,0.9355559735168669,6.800726798171515,7.559283930700253,7.1334625355782535,0.055491298009857776,4.5267269283398175,0.08717353687949957,0.6336803196491132,0.7043614013155851,0.6646840777320397,0.005170586101192186
4.25,21.0,15.35,True,True,4.679238515756917,49,12.220201263326752,170.33166920675947,1.1286955641804877,9.250575084209519,10.035314598450306,9.020465129821968,0.1603349727787663,13.938532233338147,0.09236309123383608,0.7569904034208352,0.8212069819640887,0.7381601117235849,0.013120485442407329
4.25,21.0,15.575,True,True,7.301997150238707,52,13.4828990984796,1089.6047572644727,1.3093279374550637,11.60596911436656,12.31745292899899,10.744165149657654,0.4494997817008064,80.81383308633839,0.09711026745002566,0.8607918096542982,0.9135611591418027,0.7968735114890254,0.03333851113307629
4.25,21.0,15.8,True,True,11.520989861241867,54,14.51494204515289,16943.390530337983,1.5114191923618907,13.480010317000115,14.036142721001998,12.132511519933816,1.1944403734582478,1167.3067985825026,0.10412850341807689,0.9286988728626457,0.9670133492327113,0.8358635867916082,0.08229039907583499
4.5,21.0,14.0,True,True,0.24917183355589223,61,2.842042003965107,1.229628968820239,0.367988217116485,0.8399678033520005,0.944096881954577,1.1168479842529093,0.00041682263544600106,0.43265685978768376,0.1294802176051874,0.2955508054350041,0.33218963007492835,0.39297377825335666,0.00014666308058236516
4.5,21.0,14.225,True,True,0.407177479369932,47,4.285219079866022,2.5607121606166827,0.38289797090011896,1.3263427096828682,1.5584336965713934,1.796181436155311,0.0011400479751108765,0.5975685520136216,0.08935318446124588,0.30951572952586043,0.3636765513095116,0.41915743458592764,0.0002660419348143387
4.5,21.0,14.45,True,True,0.6601358893311472,87,6.1540268357000985,5.29064276062595,0.41764474392002615,2.0932376283194003,2.5118343932997003,2.8167634067394207,0.003254865556246579,0.8597042069973476,0.06786527830805499,0.34014112778584726,0.4081611049741136,0.45771061484475606,0.00052890012395864
4.5,21.0,14.675,True,True,1.058761056049726,128,8.312913617036708,11.009334784673598,0.5531090218204523,3.2945680392885417,3.914790101413691,4.2592493996012255,0.009970164812307286,1.3243653539368883,0.06653612046285383,0.3963192920153249,0.4709287599705855,0.5123654107113786,0.0011993586450693007
4.5,21.0,14.9,True,True,1.6785589894929467,49,10.488506655376344,24.441721185838446,0.791515036144477,5.073744550154951,5.8595020329951275,6.131361741635166,0.030674657812645535,2.330333763320803,0.07546498869205095,0.4837432741251283,0.5586593235359757,0.5845790962522074,0.002924597258745304
4.5,21.0,15.125,True,True,2.644129908172356,88,12.387363564063703,67.0851023750375,1.0328442208829574,7.4260734323781605,8.336859858859192,8.303052727341191,0.09075148067244725,5.415607770619923,0.08337885745755333,0.5994878081984719,0.6730132538488494,0.670284091073965,0.007326133620209659
4.5,21.0,15.35,True,True,4.173543771936433,50,13.865432424764656,279.15828607192657,1.244842152240133,10.105981124078877,11.065378436259094,10.49923876785797,0.2593491307450311,20.13339919881113,0.0897802617404673,0.7288615900668824,0.7980550549938519,0.7572240407811283,0.018704727180510788
4.5,21.0,15.575,True,True,6.629907245827959,55,14.975482670464173,2240.5203845749515,1.4643121126632108,12.632257546078002,13.513877408504108,12.398940586177797,0.7075998075210223,149.61256567668983,0.09778062883750936,0.8435292420318669,0.9024001233133702,0.8279493128212799,0.04725055099002628
4.5,21.0,15.8,True,True,10.614460263692651,54,15.800903636154207,40649.27954229699,1.7401576944056028,14.547082732573784,15.240240699872484,13.804415908809357,1.7831291028715395,2572.5920794356953,0.1101302643491813,0.9206487848763572,0.9645170333803654,0.8736472436439227,0.1128498182085956
4.75,21.0,14.0,True,True,0.2085465685298883,89,3.050170677549482,1.302546732671991,0.39420027633698457,0.8819763949788064,0.994868928175713,1.1934931435937248,0.0006984410867232566,0.427040605386208,0.1292387600597113,0.2891564073677967,0.32616828149924854,0.3912873310265318,0.00022898426368860993
4.75,21.0,14.225,True,True,0.3442877962192785,47,4.644529024676222,2.7286916887227446,0.41609388547427045,1.3941505812088892,1.6463054741775476,1.9300349147201925,0.0019175931260650273,0.5875066501307883,0.08958796107497187,0.3001704960399247,0.3544612307148439,0.4155501891507155,0.00041287138391792174
4.75,21.0,14.45,True,True,0.5656302093500305,47,6.748031460616744,5.701935623829023,0.45974981727315445,2.2052324381523913,2.662073483948499,3.050406999018591,0.00546513393426344,0.8449776289732781,0.06813095344270002,0.32679640737046023,0.3944963059945775,0.4520439800587112,0.0008098856631240346
4.75,21.0,14.675,True,True,0.9218485178053814,86,9.211116140179447,12.086733823453352,0.6082856705199623,3.4805443455540597,4.162360870950893,4.659106757425024,0.016664045718301334,1.3121899278557878,0.06603821526759208,0.37786347415290034,0.451884528172913,0.5058134851977077,0.0018091233966328745
4.75,21.0,14.9,True,True,1.4880173135459702,92,11.673547932677094,27.58537422905276,0.8652300770254017,5.371760165131325,6.244977230796567,6.780001667314674,0.051062383434643,2.3630668574919373,0.07411886103653309,0.46016516967343446,0.5349682261821498,0.5808004307187367,0.0043741957225966405
4.75,21.0,15.125,True,True,2.387563397268397,49,13.714948523496933,78.42458258539786,1.1330047659667635,7.870571651496298,8.896197370126991,9.25703437669928,0.14975231579161832,5.71818278800231,0.08261093827845288,0.5738681146350756,0.6486497091028605,0.6749594692856341,0.010918911983888046
4.75,21.0,15.35,True,True,3.8331965299831,50,15.141902156442345,331.67684927724866,1.3886916351448828,10.70501441434144,11.799941168603203,11.720514926855921,0.41859912478856653,21.904569574578307,0.09171183519727365,0.7069794999161868,0.7792905439943517,0.7740450840166905,0.02764508187040869
4.75,21.0,15.575,True,True,6.17790441479437,55,16.074306661473518,2402.5014696419435,1.6848606898943617,13.334997399307776,14.352621757759538,13.737892179181054,1.0941930895282077,149.4622144667799,0.104817005509332,0.8295846085398353,0.8928921203276239,0.854649128482019,0.06807093534869167
4.75,21.0,15.8,True,True,10.001339443020237,54,16.693616298978434,28203.628309807907,2.0888884389004048,15.256347392912975,16.06203642366492,15.09967066613365,2.573443118994065,1689.4858372618658,0.12513097231234638,0.9139030824523376,0.9621663836042427,0.9045176548749161,0.1541573181570938
5.0,21.0,14.0,True,True,0.1833133460506488,100,3.183950229060413,1.3458728989348736,0.4111538404800827,0.9081880653927693,1.0262930914172381,1.2426173089879307,0.0011929272295464074,0.422705382342626,0.129133249862833,0.28523940390260955,0.32233327080621427,0.39027535595448937,0.00037466893127234633
5.0,21.0,14.225,True,True,0.3048519098192854,47,4.8814009156168625,2.8257166774914295,0.4390697988956658,1.4371102147760868,1.7011517509151521,2.017715629715488,0.003279689632579093,0.5788741237072399,0.08994749795923708,0.29440528233982993,0.3484966263419848,0.4133476566655885,0.0006718746706681106
5.0,21.0,14.45,True,True,0.5056771197174398,47,7.151708438303975,5.9283657071568445,0.49178558935611416,2.277238839971866,2.7569475398990666,3.2080520284754312,0.009316511014098017,0.8289439870625871,0.06876477048786694,0.31841885888064986,0.38549495741927586,0.4485714226398496,0.001302697263803364
5.0,21.0,14.675,True,True,0.8339747345691482,89,9.83948938814249,12.61955594896019,0.6557709635237472,3.6007885406743774,4.320426536065941,4.939381603228036,0.028201751690897826,1.2825417510148385,0.06664684900356851,0.365952784604216,0.4390905224484984,0.5019957244102988,0.0028661804061584323
5.0,21.0,14.9,True,True,1.3646156602011554,49,12.516688635063195,28.733191077844953,0.9404563688018499,5.562848220304307,6.491786044956469,7.254197204426043,0.08550609380316317,2.295590464506261,0.07513619585992855,0.44443449721366507,0.5186504381654847,0.5795620084456481,0.006831367008973413
5.0,21.0,15.125,True,True,2.2203227798649983,50,14.654170747388575,79.15360519852975,1.2568740122847994,8.149530638815426,9.251150124519178,9.978790892943413,0.2458570709600407,5.401438714137762,0.08576903012466801,0.5561236305553285,0.6312980982678782,0.6809522739266342,0.016777276257945426
5.0,21.0,15.35,True,True,3.609104972808743,52,16.017778349685702,295.26547820755474,1.593929169521721,11.070177734360591,12.259155940507247,12.655635558545734,0.6619870803376047,18.43360994025419,0.0995100028683439,0.6911181746111381,0.7653468335543421,0.790099306049772,0.04132827074302686
5.0,21.0,15.575,True,True,5.873847019229496,55,16.796336236281302,1493.7197747315756,2.0221207201730627,13.754346239531163,14.871757117430974,14.74368787220547,1.6298048069673206,88.93128559221343,0.12039058350148621,0.8188896701067927,0.8854167306621846,0.87779189847117,0.09703335203821559
5.0,21.0,15.8,True,True,9.578066543937084,53,17.257191739811297,8011.256911922742,2.6300299017838156,15.676799897853257,16.56921556926068,16.035421568610214,3.539642954305353,464.22714846710875,0.1524019632763595,0.9084212619419316,0.9601339441014903,0.9292022601578602,0.20511117959821998
5.25,21.0,14.0,True,True,0.16823784940553413,93,3.2642077765868134,1.3684213786511175,0.42233725359386304,0.9237652773076072,1.044406515750655,1.2733231326188426,0.0020631855788072404,0.419220059601106,0.12938430470730505,0.2829983078692169,0.319957118919289,0.39008642211810435,0.0006320631896063277
5.25,21.0,14.225,True,True,0.28110506346155195,49,5.025284115682485,2.8694371328677555,0.4564943047886844,1.4629260509956041,1.7324511110803167,2.073936794603147,0.005666140151662367,0.5709999806604082,0.09083950166401443,0.29111310272591895,0.3447468981253873,0.41270040595933255,0.0011275263291044483
5.25,21.0,14.45,True,True,0.46916365319386094,47,7.401000327792925,6.002927101850273,0.5203912075890821,2.3205992025213384,2.8106348051539443,3.3124733507673723,0.016000644853895893,0.8110967215212141,0.07031363120399557,0.3135521010324521,0.37976417790432826,0.44757103148990063,0.0021619570524552987
5.25,21.0,14.675,True,True,0.7796387453662321,48,10.233427877650545,12.655498938144262,0.7058982952615426,3.671554544847055,4.40891034301978,5.132733526637004,0.04783405720510212,1.2366822817780772,0.06897965214600282,0.358780517021633,0.43083416385321766,0.5015654175710486,0.0046742946524859046
5.25,21.0,14.9,True,True,1.286814449111216,49,13.048586827252898,27.915886584724277,1.0345308577906445,5.669891111005692,6.627010817387544,7.595208867415968,0.14205256603408006,2.1393800688377973,0.0792829807155786,0.4345214685749512,0.5078719178652022,0.5820713743156336,0.010886432984251845
5.25,21.0,15.125,True,True,2.1119837308186336,51,15.242929352848247,70.11970220151434,1.4337509083046311,8.297011458456314,9.440509049177315,10.512427236465033,0.3944486754777909,4.600146112230848,0.09406006385752387,0.5443186979611606,0.6193369286601916,0.68965925073324,0.02587748498644622
5.25,21.0,15.35,True,True,3.4581483979806427,52,16.557735575563303,207.29235800560545,1.9071370288998355,11.256047451220923,12.502643266679389,13.348383370251923,1.005201860929067,12.519366374683349,0.11518102944671248,0.6798059674194299,0.7550937874096375,0.8061720341730849,0.06070889683807923
5.25,21.0,15.575,True,True,5.659650505843663,54,17.234478513499973,642.0212533816994,2.5440857124106375,13.971704303154251,15.156538646663238,15.469536336876157,2.2989938117235194,37.25214272533958,0.14761605408703402,0.8106833225159699,0.8794312305296004,0.897592365487513,0.13339503193686367
5.25,21.0,15.8,True,True,9.27190910839725,53,17.59670527462306,1501.5847917555272,3.452932107571058,15.90814582716219,16.862235102889326,16.68337322385307,4.59875143265615,85.3332921317393,0.19622605787179234,0.904041158778967,0.9582609266751235,0.9480964171124044,0.261341618268063
5.5,21.0,14.0,True,True,0.15944432052897856,93,3.308676307326648,1.3758621541267733,0.4306791326310805,0.9326028941264071,1.0536507578149052,1.2931547516982087,0.003589402105935505,0.4158346197481148,0.13016659613314113,0.28186586039295386,0.3184508425565015,0.39083749257510625,0.0010848453497814897
5.5,21.0,14.225,True,True,0.2671425969466106,48,5.104530414606394,2.8701596190227296,0.4729381090422187,1.4777242991155461,1.7474081281481237,2.111805089759573,0.009817685000999053,0.5622769159744628,0.09265065943949059,0.2894927014024839,0.3423249518012451,0.4137119222008617,0.001923327750757674
5.5,21.0,14.45,True,True,0.4473641700401368,48,7.5381345110034035,5.942683037179923,0.5530504926655588,2.344939612388794,2.8345404262841933,3.386086871005517,0.027435863927097848,0.7883492963020755,0.07336702361284106,0.31107691285766914,0.37602677720152367,0.4491942755946914,0.003639609227859991
5.5,21.0,14.675,True,True,0.7463100147634989,48,10.449809302560418,12.226170899771638,0.7714166437167577,3.707759030948754,4.445308992399885,5.275668768323981,0.0802928022371276,1.1699898577839096,0.07382112164742995,0.35481595152557255,0.4253961831926151,0.5048578988930769,0.007683661960936858
5.5,21.0,14.9,True,True,1.2370127087070242,50,13.340586899216603,25.39185757552356,1.1696611204852445,5.716384174219039,6.677522657343588,7.856109760718643,0.23019253195070544,1.9033538604673113,0.08767688628106236,0.4284957039299913,0.5005418957793911,0.5888878667834303,0.017255052846604745
5.5,21.0,15.125,True,True,2.038407094900351,52,15.569920730643634,55.47350020539113,1.7011093192960656,8.352326209095216,9.507377413521217,10.92253268211166,0.6063572267542447,3.562863367455176,0.10925613230310548,0.5364398672021976,0.6106246510818426,0.7015149833495743,0.03894414347022684
5.5,21.0,15.35,True,True,3.349049078174134,51,16.865821480847767,123.79870179319131,2.3863553342690693,11.326513370014078,12.596996178603485,13.866132562832304,1.4400151919727573,7.340211796607284,0.14149060791251292,0.6715660653040866,0.7468949077225909,0.8221439186094905,0.0853806731921115
5.5,21.0,15.575,True,True,5.499008757418016,52,17.492696847483305,239.50890304259747,3.3306485593144153,14.071809272538275,15.290669997805718,15.985037217567857,3.040458710573334,13.691936991239626,0.19040223404966855,0.8044390979406244,0.8741173605832885,0.9138120529349735,0.17381303392396974
5.5,21.0,15.8,True,True,9.043799871796955,51,17.80113681227058,305.3447941663101,4.647652201295368,16.036481857787795,17.021973872183523,17.116887663896872,5.630262694723657,17.153106421598398,0.2610873816829313,0.9008684123327234,0.9562295965530713,0.9615614915165392,0.3162866930410105
5.75,21.0,14.0,True,True,0.15437349752576057,59,3.3292775836344926,1.3704784080840464,0.43860771432226514,0.937234327284398,1.0566568258621425,1.3077281788732515,0.006241351902012521,0.41164438039676104,0.13174260881048183,0.28151282184804843,0.3173832158232404,0.3927963788004832,0.001874686548425015
5.75,21.0,14.225,True,True,0.25897407717857585,47,5.139344911662517,2.829698035570354,0.4930191815922754,1.485662063399708,1.750223637218696,2.1415830026815086,0.016927653163562,0.5505950824878535,0.09593035495117014,0.28907615443912943,0.3405538385343589,0.41670349810959306,0.0032937375199607113
5.75,21.0,14.45,True,True,0.43419397385430947,48,7.596399295852698,5.746407235140959,0.598359258277019,2.357139328608694,2.8354753727242135,3.4472792356779873,0.04645901459070413,0.7564646105791524,0.07876880018717512,0.3102969231614232,0.3732657094884756,0.45380437512810196,0.006115925819758938
5.75,21.0,14.675,True,True,0.7249777806490538,49,10.540671280151921,11.355868658719883,0.8676325705382183,3.7210520823381517,4.441150924232641,5.39883354343476,0.1313371756308658,1.0773382792140553,0.08231283828876915,0.35301851119718447,0.421334733452444,0.5121906755218485,0.012460039037378355
5.75,21.0,14.9,True,True,1.2025306328144514,51,13.468075553775492,21.683896632511317,1.3718646474575442,5.72358735235053,6.664169932343664,8.080445997767388,0.35703576377902985,1.6100219029757887,0.10186048051037037,0.42497440183620316,0.4948123364570452,0.599970349550215,0.026509783253995955
5.75,21.0,15.125,True,True,1.9834168275665534,51,15.729302393934484,40.344083940104674,2.100513265474341,8.354354028953473,9.488584001594923,11.259177838135475,0.877562315977231,2.5648997603137262,0.13354141289090726,0.5311331564313412,0.6032425192139418,0.7158091030456142,0.05579155985427781
5.75,21.0,15.35,True,True,3.264041918273845,51,17.036267468481316,69.48050566747376,3.0916883857751647,11.341143356881885,12.595613179392549,14.25938717634026,1.9260831596379866,4.078387815642081,0.18147686349108316,0.6657058758829689,0.7393411263761623,0.8370018375633898,0.1130578140547171
5.75,21.0,15.575,True,True,5.374952868811221,51,17.647474129938193,96.52261933706781,4.452691465665422,14.122699940204388,15.330907547885698,16.343005834266616,3.764037100301523,5.469486376711626,0.25231324510693687,0.8002674964257818,0.8687309829726545,0.9260818695034322,0.21329041610073782
5.75,21.0,15.8,True,True,8.875675440991085,52,17.926520731324583,93.42262313602407,6.258264471651333,16.121129154918425,17.095323848646768,17.39302529973837,6.520803438196939,5.2114196913168165,0.3491064755647602,0.8992893488109246,0.9536331173719955,0.9702398786924676,0.36375175841024004
6.0,21.0,14.0,True,True,0.15143021591423558,59,3.3325808171549895,1.3516006794444266,0.4483707546643336,0.9391299931935906,1.0545329788192932,1.3212893037757152,0.010769488236733293,0.4055717636274107,0.13454159981845717,0.2818026162664292,0.31643132955423525,0.39647629758119246,0.003231576014989836
6.0,21.0,14.225,True,True,0.254045559788738,47,5.141511488427105,2.743171373744315,0.521821756069304,1.489330510997911,1.7425000547654963,2.1712111874123594,0.028760550776708953,0.5335340356466864,0.10149189732316247,0.2896678368511295,0.33890813211010895,0.42229044752685707,0.005593792961747792
6.0,21.0,14.45,True,True,0.42563621421717057,48,7.59780329182067,5.405872501071567,0.6662499100835679,2.361955112862687,2.816305023189945,3.5098968015911938,0.07662094402931563,0.7115046669991046,0.08768980776335863,0.31087342250692684,0.3706735901180551,0.4619620522907896,0.010084618025291738
6.0,21.0,14.675,True,True,0.7096455288961665,50,10.546415954071385,10.114564838828265,1.0113831997522527,3.721065455950025,4.403049059003657,5.522763090980447,0.20565171181406317,0.959052334259924,0.09589828470228445,0.3528274887084772,0.4174924522395577,0.5236625518120603,0.019499677682888326
6.0,21.0,14.9,True,True,1.175475697362927,52,13.49486222306776,17.555413893696546,1.666246594916503,5.711911494736476,6.602274272949358,8.291474395412404,0.5209707064876236,1.3008961190939605,0.12347266443878659,0.42326563993907895,0.489243547938089,0.6144171210017378,0.038605114885655524
6.0,21.0,15.125,True,True,1.938628339867405,52,15.795624047882143,28.179625419291447,2.6654157884701952,8.339534836105495,9.411305372596718,11.543884895394767,1.1832252794617217,1.7840146950743447,0.16874393695306839,0.5279648851368838,0.5958172557201736,0.7308280356889448,0.07490842247669012
6.0,21.0,15.35,True,True,3.1960607362137514,53,17.13216052072973,40.37038804435329,4.059158999403607,11.348171715076036,12.531684643755685,14.552750210309327,2.402518169245788,2.3564096306187157,0.23693211340694995,0.6623899946153826,0.7314713534578713,0.8494404539754723,0.14023439520886855
6.0,21.0,15.575,True,True,5.281035927038009,49,17.74296513272018,47.683609435884456,5.9207454545311435,14.170998005556795,15.306070098447051,16.57896601767394,4.38718976635683,2.6874656563434316,0.33369537787190773,0.7986826271457727,0.8626557051741482,0.9343965844299789,0.24726361876608322
6.0,21.0,15.8,True,False,8.754741776286073,48,18.00795268165635,44.557862927792655,8.205740199295107,16.20137556877383,17.110524973923564,17.557828021161082,7.205153798390971,2.474343625590551,0.45567313199649934,0.8996789282591366,0.9501649230427542,0.9750041179887272,0.4001095474740136
6.5,21.0,14.0,True,True,0.14830445568766398,55,3.296061481386072,1.2620121329771623,0.4825454297403196,0.9372966753572278,1.0343582068903732,1.358605117150309,0.03005226784867825,0.3828848885568895,0.14640061554234052,0.2843686868859838,0.31381641778581176,0.4121904657491351,0.009117629637187642
6.5,21.0,14.225,True,True,0.24789414284903477,47,5.070474989620898,2.411310903160565,0.6266801320890454,1.4899519940226305,1.694975116996682,2.2519595083331665,0.07504621469537376,0.4755591750470009,0.12359396967184333,0.2938486033502808,0.3342833009661309,0.44413186396597093,0.014800628116496184
6.5,21.0,14.45,True,True,0.41304699488857144,48,7.488316461898371,4.353143196576509,0.9059756773634993,2.3645395397727844,2.722175175777031,3.66746921636065,0.17978220268488265,0.5813246834219582,0.12098522838520961,0.3157638371460262,0.3635229880611816,0.48975884433053274,0.02400836070425713
6.5,21.0,14.675,True,True,0.6848384205576512,49,10.42393815803257,7.205040623685068,1.4872339160888273,3.7188674040044147,4.245980117388859,5.7916862568614675,0.41566869500693726,0.6912013976342468,0.14267485987939996,0.3567622282120599,0.40732974937278904,0.5556140269691123,0.03987635850339611
6.5,21.0,14.9,True,True,1.131836737329027,50,13.422445626052875,10.722311338744294,2.561484076293904,5.707594636005046,6.381490606410805,8.666831539368845,0.8936820190294882,0.7988344030191011,0.19083586908499603,0.425227622075566,0.4754342676586728,0.6456969006115089,0.06658116143118192
6.5,21.0,15.125,True,True,1.8716146553630855,49,15.818366809184186,14.633904311289374,4.24630072745992,8.366581204998791,9.151357737791573,11.949605539712918,1.7462985856761684,0.9251210626113999,0.2684411594877485,0.5289156147359747,0.5785273440794324,0.755425998389097,0.11039689537748378
6.5,21.0,15.35,True,False,3.104423973615236,47,17.220583771846684,18.56494094277952,6.546726028214785,11.446227369288417,12.285045205430032,14.887773400853419,3.1293357341468995,1.0780668755916787,0.3801686467167154,0.6646828888577776,0.7133930747176186,0.8645336068799774,0.18172065335339785
6.5,21.0,15.575,True,False,5.166344961101093,47,17.83987280215623,21.451595784187614,9.305313244599857,14.340256574931725,15.122519159376527,16.801706056721798,5.196362833969406,1.2024522832693545,0.5216019950251642,0.8038317724551534,0.8476808846724924,0.9418063818645079,0.29127802039829254
6.5,21.0,15.8,True,False,8.621843338706453,86,18.082005830129077,22.343096321058102,12.080583645616267,16.386488060406844,16.997153177832963,17.693955284100312,7.9857297662826605,1.235653639920246,0.6680997539270249,0.906231765123254,0.9400037439160382,0.9785394082009321,0.44163959691775273
7.0,21.0,14.0,True,True,0.14542736946098472,52,3.209872062561992,1.0996056778857597,0.5452934339816544,0.9295971110780035,0.9919355653681312,1.4209548082010848,0.06936115762307997,0.34256993937886054,0.16988011464432728,0.2896056580946831,0.3090265113483706,0.4426826928008262,0.021608698499876865
7.0,21.0,14.225,True,True,0.2415972964832359,85,4.937606878992642,1.9385650140659765,0.8032858751682764,1.488650130654389,1.6119107410273175,2.365470348158579,0.15318861814013293,0.39261226370890784,0.16268728857007766,0.3014922344239158,0.3264558683043992,0.47907223197995386,0.03102487133835695
7.0,21.0,14.45,True,True,0.40085142610027724,47,7.322759547777039,3.218418586727233,1.2737008749090124,2.3773871869579164,2.5818177536782043,3.8452501312971124,0.3179336499060413,0.43950898096937296,0.17393727960051183,0.3246572786456735,0.35257442728157906,0.5251094353445499,0.04341719099633088
7.0,21.0,14.675,True,True,0.6643095793079663,47,10.269529725605976,4.956918222431528,2.1403139891903673,3.754054629304195,4.041826101111277,6.0228409304216655,0.630852777478711,0.48268210471916567,0.20841402151587554,0.36555273022326046,0.39357460459298493,0.5864767999458004,0.06142956827962112
7.0,21.0,14.9,True,True,1.1020076763560767,48,13.332939778881403,7.098031264708571,3.625273649896143,5.7784024853441,6.124809727415735,8.90198793625186,1.184514226753833,0.5323680585396056,0.27190354940613803,0.4333929786810221,0.45937428871591207,0.667668802521113,0.08884118929495462
7.0,21.0,15.125,True,False,1.8333938038382023,46,15.806421567786492,9.721702421642352,5.845767071687872,8.491072913589267,8.867082137756336,12.131318306575242,2.0893123964108486,0.6150476488274357,0.3698349462981269,0.5371913482868308,0.5609797321759064,0.7674930251954614,0.1321812395962455
7.0,21.0,15.35,True,False,3.059428956556223,46,17.249746816234158,12.805261077332817,8.69833029802073,11.627592948945821,12.00855690476662,14.997357285842297,3.488845359899892,0.7423448711305997,0.504258432931579,0.6740732529478526,0.6961584441033694,0.8694247773960322,0.20225487348118376
7.0,21.0,15.575,True,False,5.116446394534992,45,17.872151112322115,15.75692273788957,11.800196855026947,14.547093901955435,14.890310003964288,16.859737389446835,5.535118889720398,0.8816466825320103,0.6602561035247287,0.8139531615713461,0.8331571230783759,0.9433524416555955,0.309706361306679
7.0,21.0,15.8,True,False,8.568925362479789,45,18.104577287454944,17.763197212355834,14.488394678002892,16.567836285533353,16.830158343796377,17.726913670994623,8.27433716637214,0.9811439908439255,0.8002614172075819,0.9151186477584079,0.9296079149806143,0.9791398821157778,0.45703012199603293
7.5,21.0,14.0,True,True,0.14154064936205896,49,3.109382563406382,0.9241150483420162,0.6196338224297385,0.9182395577448098,0.9424955351132391,1.4917547411536636,0.11931464620906376,0.29720210668758373,0.19927873453786885,0.2953125062677597,0.30311340463706693,0.4797591517717333,0.0383724561954038
7.5,21.0,14.225,True,True,0.2350164131215465,48,4.814481653075429,1.5418796623233344,0.986829361051188,1.4873602906275458,1.5316015647562558,2.4661429990258203,0.23134100829574392,0.32025870559469294,0.20497105029381804,0.30893466790499435,0.3181238760724923,0.5122343746912983,0.04805107277705924
7.5,21.0,14.45,True,False,0.3909602248362207,48,7.197050876193271,2.4747340934076307,1.6176103030056168,2.395573749758534,2.4642424808870595,3.967894384313797,0.4278995336566099,0.3438539112726947,0.22476015951984182,0.33285491390407157,0.34239614576553734,0.5513222641566946,0.05945484352098097
7.5,21.0,14.675,True,False,0.6510846473254105,47,10.16999241971884,3.8055477143016225,2.6831097992414183,3.7989772991260806,3.8893258931896315,6.142701744466862,0.7677353541794258,0.3741937611401711,0.2638261356064605,0.37354770213595767,0.382431542982129,0.6040025882965883,0.07549025825140691
7.5,21.0,14.9,True,False,1.0861123742311438,45,13.28096321237062,5.6329972872940175,4.3780196835206215,5.851576910973288,5.952249865354035,8.989213652511074,1.3332313422022453,0.42414071910440454,0.32964624730250686,0.44059883439198194,0.4481790793464273,0.6768495258038231,0.10038664522166586
7.5,21.0,15.125,True,False,1.8156913497793172,45,15.796751017123704,8.091742839958174,6.795408481508402,8.589990311122062,8.692041307822901,12.179568582570141,2.2346541230464214,0.512240955826088,0.4301776026058883,0.5437820917611791,0.5502423440364866,0.771017316748708,0.14146289452964428
7.5,21.0,15.35,True,False,3.0405407902056467,44,17.258919589668817,11.118249553740531,9.805509046951581,11.746590525451328,11.845911022658125,15.020388978392377,3.621810155769288,0.6442031029796275,0.5681415337737106,0.6806098414458592,0.6863645757842851,0.8702971759242436,0.2098514995073795
7.5,21.0,15.575,True,False,5.0969340637064064,44,17.88287451975932,14.181493346750209,12.94653306086234,14.668205759622284,14.755931184910178,16.87172577959188,5.649834017856273,0.7930209056201035,0.7239626407128972,0.8202375822418788,0.825143137285111,0.9434571472807579,0.3159354505123661
7.5,21.0,15.8,True,False,8.549359383298116,43,18.111938391091968,16.50183651688235,15.492576273425778,16.667298586134663,16.733718199110395,17.734838443992217,8.367532943055261,0.9111027301748377,0.8553792498016404,0.920238255356046,0.9239054284405348,0.9791794815686199,0.46198991860366984
3.5,24.0,14.0,True,True,0.5973318568706778,105,1.316845095203656,0.6583525078122782,0.08993283724891799,0.46265710652176373,0.5029597825278203,0.6083808946058804,8.532862292023577e-05,0.49994681243085853,0.06829416578797332,0.35133753256696587,0.3819430124011931,0.4619988310104095,6.479776796149233e-05
3.5,24.0,14.225,True,True,0.9381284345958375,135,1.9193956427924526,1.3458057915580983,0.0018157236652109048,0.7428999169593498,0.8334946398146674,0.9513009543021937,0.00022887398358849062,0.7011612205184226,0.0009459871767601184,0.38704887121580317,0.4342484796943944,0.4956252546859926,0.00011924273374691575
3.5,24.0,14.45,True,True,1.4486876124467427,222,2.6631583490905872,2.56118772841424,-0.0895226986347838,1.181254256564162,1.3437639290276837,1.4379797505828522,0.0006627942385326063,0.9617106430373664,-0.033615236835374034,0.443553894182648,0.5045753022859308,0.5399527786524193,0.0002488752644989873
3.5,24.0,14.675,True,True,2.199386763452412,256,3.5281991160041244,4.529039164149113,-0.09970020124571827,1.861797886350767,2.0980455514692364,2.086735671105446,0.0020929210692832295,1.2836688109821006,-0.02825809937808559,0.5276907071104744,0.594650551878542,0.5914449843944144,0.0005931981162258142
3.5,24.0,14.9,True,True,3.283638005112428,262,4.51871259092706,7.593567295678845,-0.005438757020909481,2.873652478677704,3.157399930693582,2.896305689477329,0.006486060092488607,1.6804714048257154,-0.0012036076452018084,0.6359449557485897,0.6987388259729547,0.6409581559342153,0.0014353778785381713
3.5,24.0,15.125,True,True,4.845493590453806,302,5.6477308632391825,12.59919790120049,0.12700411566554506,4.224982453671816,4.524071913612595,3.837375678268812,0.0190961967866002,2.2308424757291614,0.022487635962295752,0.748084948801656,0.8010424050231516,0.6794544165066562,0.0033812157925046426
3.5,24.0,15.35,True,True,7.135438559046515,315,6.896679082003599,21.11711259735109,0.2573297861953318,5.8117472690618746,6.097386423726267,4.845170382211682,0.0554415865194011,3.061924782386165,0.03731212995930402,0.8426877921907693,0.8841047047755157,0.7025367317517811,0.00803888159216688
3.5,24.0,15.575,False,True,11.979002923993928,85,6.940809037129826,34.854514529501884,0.2597734994028399,6.24055575310784,6.574721850117763,4.941158857471432,0.09317339818472022,5.021678934407764,0.03742697688600605,0.899110711694273,0.9472558335701672,0.711899553933659,0.013423996782837498
3.5,24.0,15.8,True,True,15.853361310750614,366,9.538474874438664,59.371178227630274,0.4878108185068738,9.066019427041082,9.255385676936356,6.862051056881474,0.455704846201937,6.224389014928788,0.051141385276813583,0.9504684497661492,0.9703213353047735,0.7194075727211372,0.04777544127344101
3.75,24.0,14.0,True,True,0.4723661909560022,87,1.7500721501273704,0.8723230762287042,0.1437437565519511,0.5770418029166906,0.6404748668775802,0.8225779250261436,0.00013431950640777762,0.49844977886495506,0.08213590310633159,0.3297245789978964,0.36597054974617266,0.47002515008668433,7.67508393285396e-05
3.75,24.0,14.225,True,True,0.7458414784011094,131,2.560005795137878,1.8153980467592377,0.05391450338543906,0.9144150236564837,1.053443854418388,1.2880274894140615,0.0003644624672176259,0.7091382567208068,0.02106030521018227,0.35719256002982397,0.41150057410774377,0.5031345990936283,0.000142367828975167
3.75,24.0,14.45,True,True,1.1596767967289856,182,3.562867868647847,3.642994275079099,-0.03400263469884411,1.4435812051404648,1.6875242248156623,1.950016445931041,0.001054283582984018,1.022489300581798,-0.009543613727036286,0.4051739380636425,0.4736421015399875,0.5473165207979201,0.00029590869542521985
3.75,24.0,14.675,True,True,1.7737969994000822,252,4.715827883753642,7.026283045670823,-0.028866064318077884,2.273245971914445,2.6185273295387526,2.8316401284895405,0.003290699851954841,1.4899362781828533,-0.006121102175404557,0.48204600081905813,0.5552635494946206,0.6004545115492318,0.0006977989725391661
3.75,24.0,14.9,True,True,2.6689573912729503,308,5.986754801740904,13.467504680196964,0.08225053832468841,3.5122712466994757,3.921591327877854,3.9253078106554895,0.010133357132757391,2.2495500694768245,0.013738751802691261,0.5866736425681127,0.6550445872173493,0.6556653714152514,0.001692629390769551
3.75,24.0,15.125,True,True,3.9753897073660585,268,7.351815710782402,28.267085027583857,0.22012481118681246,5.166396925889756,5.6048700649311165,5.186907040599469,0.02988447405294588,3.8449120788115607,0.02994155727597613,0.7027375452723273,0.7623790211050638,0.705527347889337,0.004064910659977015
3.75,24.0,15.35,True,True,5.921132074325225,52,8.774101620607222,73.99725075308919,0.34703867476737554,7.102230520339974,7.533804315250426,6.532089297839927,0.08673182010276528,8.43359855546876,0.039552616298893326,0.8094538708851261,0.8586411054957714,0.7444738595799242,0.00988498012139081
3.75,24.0,15.575,True,True,8.869114343984295,404,10.22818651117102,291.9818929247075,0.4637655180507429,9.107288185562384,9.489215556068288,7.846176432950854,0.24844711034097766,28.546790049810955,0.045341910566866137,0.8904108441526352,0.9277515174077396,0.7671131558249762,0.024290436048426445
3.75,24.0,15.8,True,True,13.460576585700554,374,11.613672774541165,2415.4341769564885,0.5765785519575851,10.93347480398603,11.233966439036578,9.072675048439262,0.6977373707166656,207.9819385174573,0.049646529840372974,0.9414312781356966,0.9673052321280348,0.7812063612062383,0.060078959022007744
4.0,24.0,14.0,True,True,0.36410625269601377,63,2.1815255992136775,1.0791611645374417,0.19723962993725552,0.6797250179443172,0.7665757783044428,1.0337177793058188,0.00021147424209899134,0.4946818707634791,0.09041362155381069,0.3115824165388302,0.3513943538323603,0.4738508590861452,9.693869380914733e-05
4.0,24.0,14.225,True,True,0.5805419037826335,93,3.226297449799577,2.3097817118889776,0.1098201816908901,1.0711885358991078,1.2605977505489276,1.6284344314568502,0.0005789534600586854,0.7159233603933405,0.03403907525566569,0.3320179098692998,0.3907258305111446,0.5047378478875255,0.00017944825889957883
4.0,24.0,14.45,True,True,0.914187357221609,218,4.541348415560153,4.83558166496483,0.027242435490534605,1.6894244502085276,2.017905521652497,2.4834233272448514,0.0016720067925493623,1.0647898426812041,0.005998754774505534,0.3720094332379352,0.4443406092204882,0.5468471255664565,0.000368174083895549
4.0,24.0,14.675,True,True,1.4176201283555456,88,6.05781565712858,10.056668580153024,0.04471462370354735,2.667301150423905,3.1284309417777445,3.63278079956665,0.005176688606793301,1.6601146600291088,0.007381311389185156,0.44030741465120987,0.5164288778078514,0.5996849368124545,0.0008545470677539674
4.0,24.0,14.9,True,True,2.1622428209202207,359,7.685315822743722,22.09490044583515,0.16725119674151784,4.13493710532847,4.685819580482456,5.062125960075535,0.015901163797915903,2.874950223964522,0.021762436391561037,0.5380308631028078,0.6097107377962744,0.6586750729351697,0.0020690319259045174
4.0,24.0,15.125,True,True,3.265071879794406,51,9.335138080667052,60.336379777994,0.30770618261329613,6.1066523632968,6.712914757571033,6.697937797706642,0.0469937116958802,6.463362325936008,0.03296214581448469,0.6541576900660523,0.7191018171946906,0.7174974531526194,0.005034067122499619
4.0,24.0,15.35,True,True,4.933822097391743,51,10.934517174686707,264.7061411940123,0.4328797786933214,8.42739461516085,9.044558068249554,8.413889316406248,0.13613846260986526,24.208306317063933,0.03958837612834278,0.7707148363779774,0.8271566017736577,0.7694797293733566,0.012450340553218423
4.0,24.0,15.575,True,True,7.503253636963649,52,12.461646464097544,2786.982319230806,0.5517540542154007,10.79835558035008,11.361184554172487,10.04650995922444,0.386037499263382,223.64479102020772,0.0442761761702215,0.8665271969848073,0.9116920935692143,0.8061944292970276,0.03097804935933386
4.0,24.0,15.8,True,True,11.539399010618201,313,13.85617065340673,122621.83449212267,0.678126711624925,12.882591729612628,13.334435498749343,11.471983774799035,1.0546773024932743,8849.619246135251,0.04894041280144007,0.9297367975505747,0.962346367715303,0.8279332047616266,0.07611607339968546
4.25,24.0,14.0,True,True,0.27974168924132015,62,2.559523132953085,1.2515099308634365,0.24244306771098217,0.7620055133124896,0.8690782790163135,1.2150825958827323,0.00033763026614257787,0.4889621487497516,0.09472196777188732,0.2977138606414216,0.33954695225340764,0.47473006992549194,0.00013191139466398662
4.25,24.0,14.225,True,True,0.4517248034022797,49,3.8376643532968213,2.7235331650447043,0.1592484269046273,1.1996037152946477,1.4321579980078862,1.929943967270089,0.0009318811285151417,0.709685088198242,0.04149618420063802,0.31258692914717895,0.37318479839894353,0.5028954566107723,0.00024282507346287094
4.25,24.0,14.45,True,True,0.7226437426769122,50,5.487335737589852,5.893084405000409,0.0827804207259862,1.8964894544358772,2.2991762291357243,2.9746993882223043,0.002687954878418725,1.073942745043111,0.015085721866609354,0.3456120684295606,0.41899682087715096,0.5421026761393047,0.0004898469871280974
4.25,24.0,14.675,True,True,1.1404615325343945,92,7.4185257801744795,13.004043776102618,0.11053881575752376,3.007229774715983,3.5743818152958715,4.403004600588102,0.00827814049368658,1.7529148191214845,0.014900374957640702,0.40536757083902114,0.48181834520925587,0.5935147670922492,0.001115874061637605
4.25,24.0,14.9,True,True,1.77152057248896,94,9.461009415878646,31.854118678078727,0.24227804499007305,4.6815338634864245,5.368891953171944,6.198266408413189,0.025423009775479004,3.3668837306743584,0.02560805452570968,0.4948239302699869,0.5674755955914387,0.6551379600162415,0.002687135025234299
4.25,24.0,15.125,True,True,2.724160942827322,50,11.4206484627238,107.28732836820824,0.3868561250619018,6.945648279077948,7.721445612949925,8.244741153362975,0.0752233441007383,9.394153818707107,0.03387339399549624,0.6081658411733851,0.6760952005617005,0.7219153255853409,0.006586608838041207
4.25,24.0,15.35,True,True,4.1901157451811155,52,13.164945455139765,695.7913250085646,0.5167278919045314,9.629319771584425,10.44238994509158,10.34143739028211,0.21664560276387973,52.851819810382786,0.03925028733809103,0.7314363591096394,0.7931965977887692,0.7855283127090116,0.016456247654204937
4.25,24.0,15.575,True,True,6.484466744923005,52,14.680920511723988,13896.752767377126,0.6494891731613207,12.34428125464916,13.105422027453544,12.253102190957646,0.6028828931658605,946.5859280608026,0.04424035758811222,0.8408383687379262,0.8926839442382192,0.8346276503011157,0.04106574193930185
4.25,24.0,15.8,True,True,10.128157862872587,58,15.968193951224427,1438425.2127395205,0.8076800408664023,14.639519550189185,15.260976929568917,13.80744365117789,1.5775543473729527,90080.64513327277,0.05058055052020897,0.9167924434601847,0.95571089480653,0.8646841147692315,0.09879353621277798
4.5,24.0,14.0,True,True,0.22002154864721393,66,2.8518783558055243,1.374609236139278,0.2759873245066643,0.8213896521182092,0.9434206002464213,1.3526277596921006,0.0005517031674224691,0.48200135652385295,0.09677387674857912,0.2880170714315774,0.33080674648198605,0.47429363771374655,0.00019345255953830414
4.5,24.0,14.225,True,True,0.3597174296145815,47,4.332400610044291,3.0253442895292015,0.19751107152377373,1.2945251791526298,1.5594214481684985,2.1659806839576854,0.0015316283787425678,0.6983066807153535,0.04558929085778947,0.2988008948552418,0.35994396375836446,0.4999493073046036,0.00035352879768127204
4.5,24.0,14.45,True,True,0.5845105697372717,86,6.293768521710273,6.693703433955757,0.12733723554263868,2.0538484404138626,2.5136824318804565,3.375366907741834,0.004411991610687157,1.0635445855477388,0.02023227182623424,0.3263304701037445,0.39939225969457587,0.5363029949542233,0.000701009513690891
4.5,24.0,14.675,True,True,0.9393344959903843,48,8.637898264647534,15.365420341572666,0.16459255343182572,3.2718058376746577,3.924023719890266,5.0614550344211064,0.013531152066556865,1.7788378458286513,0.019054699232272314,0.3787733702612857,0.4542799185248779,0.5859590932132421,0.001566486621165247
4.5,24.0,14.9,True,True,1.488264675341545,50,11.108431797002408,40.366600693982534,0.3065977665770593,5.114156507429517,5.9160387331746715,7.214892899833659,0.04151412981898163,3.633870327661857,0.027600454517782983,0.4603851021356195,0.5325719094545015,0.6494969795629105,0.003737172859105472
4.5,24.0,15.125,True,True,2.335293446757536,89,13.371001836808315,153.90976093204804,0.46144656944976964,7.61620377692196,8.539775942330328,9.674283380940265,0.12247740984272028,11.510712720744538,0.034510994395309864,0.569606067658724,0.6386788399670723,0.7235271895863815,0.009159927680628895
4.5,24.0,15.35,True,True,3.6617666620830986,51,15.204252762091658,1207.4732103399342,0.6080275612614924,10.5924874494789,11.58246767942131,12.134314683045956,0.3480371957401436,79.41680720742119,0.03999062438487412,0.6966792525239291,0.7617913133027856,0.7980868821978615,0.02289077938824426
4.5,24.0,15.575,True,True,5.768553239600736,93,16.61646691953281,29377.962960383902,0.7739179622460756,13.575275062141175,14.5215034014977,14.256270592888532,0.9384235708052808,1768.0029757619434,0.04657536201852439,0.8169772267402593,0.8739224452357882,0.8579603992789919,0.05647551765063578
4.5,24.0,15.8,True,True,9.148426981286457,57,17.69703979886035,3055788.921667907,0.9930287771107633,16.005287213718205,16.788819166494225,15.840747269935605,2.3123736522783496,172672.32013936553,0.056112705198002225,0.9044047702683536,0.9486795168746464,0.8951071732887054,0.13066443193664862
4.75,24.0,14.0,True,True,0.1808731862233911,90,3.0551781875432047,1.4540693434810976,0.29881862361591216,0.860743393006314,0.9926545186953903,1.447153179995693,0.0009235353165975099,0.47593601885799497,0.09780726532883655,0.28173263232756757,0.3249088785533733,0.4736722675934685,0.0003022852547072428
4.75,24.0,14.225,True,True,0.29873296642880864,129,4.68936202043712,3.2207836837670007,0.22494469116267185,1.3587253468072795,1.6451855223086556,2.332803935276025,0.002572288290745539,0.6868276899352664,0.04796914594828053,0.28974631109428095,0.3508335494548359,0.4974672301070439,0.0005485369394674636
4.75,24.0,14.45,True,True,0.4917628625928261,86,6.901978256230473,7.21559243130795,0.16126615845902664,2.162690004800089,2.661526803759124,3.6693021938118537,0.007393546355327245,1.0454383023873446,0.023365208129053485,0.31334349725715394,0.3856179641476763,0.5316305061522824,0.0010712213340650601
4.75,24.0,14.675,True,True,0.8027481324393801,88,9.599282070874898,16.907153742053247,0.20866172982734232,3.458053234856297,4.170591293256972,5.566793047665332,0.022560766435032714,1.7612935652084964,0.02173722245962968,0.3602408189825308,0.43446908450694754,0.5799176445242183,0.002350255599164457
4.75,24.0,14.9,True,True,1.2948090142447306,88,12.449694721654637,45.78572057850118,0.3652107133313303,5.4214516450644545,6.308026911181749,8.032343706008616,0.06887802271761666,3.677658095411996,0.029334913144182836,0.43546864130206653,0.506681252208518,0.6451839892939214,0.005532506961621495
4.75,24.0,15.125,True,True,2.0701870629363177,50,14.969840620183136,180.50453609196626,0.5416418732293681,8.091555393877123,9.128410236947074,10.865752328973649,0.2010672999707596,12.057879617542516,0.03618220707701441,0.5405238171318709,0.6097867351132427,0.7258428866853708,0.013431492363363572
4.75,24.0,15.35,True,True,3.3038425937718983,53,16.834041624003632,1398.1988370716203,0.7243409916599972,11.26606464057949,12.396564493434955,13.644197925336025,0.5571351540236135,83.05782225689231,0.043028347430670515,0.6692430072476017,0.7363985886644544,0.8105123077443736,0.033095745303920086
4.75,24.0,15.575,True,True,5.284994535033393,55,18.086697625619717,27678.11910388587,0.953136798039652,14.419369339649219,15.518288686320558,15.904066639501465,1.4325585064975725,1530.3025282337862,0.05269822151997159,0.7972361587570443,0.8579945884835813,0.8793239633184022,0.07920508962721645
4.75,24.0,15.8,True,True,8.484918569537404,55,18.93245430154508,1466090.9552770527,1.2770407887719568,16.91981692010372,17.84209738017064,17.44002431347113,3.2785734752163074,77437.97671057392,0.06745246910051897,0.8936937942970707,0.9424080521200331,0.9211708126002369,0.17317213199076587
5.0,24.0,14.0,True,True,0.1566242876510989,62,3.185041309190979,1.5006662027495494,0.31381870112882243,0.8851786568281345,1.022906864241742,1.507954323495875,0.0015763427848273128,0.47116067173732457,0.09852892652388687,0.27791748077922906,0.32115968521035193,0.4734489060297008,0.0004949206719167212
5.0,24.0,14.225,True,True,0.2605841467610869,49,4.923121249066189,3.3312475123415277,0.24467777813662414,1.3991493452635317,1.6982597956476424,2.4427486274478794,0.004394237588383963,0.6766535585475159,0.04969972620175347,0.28419965190353996,0.3449559151056387,0.49617884749663976,0.0008925714736799252
5.0,24.0,14.45,True,True,0.4330091510423765,86,7.312927716270116,7.492423578519594,0.18849668866507224,2.2319656836733297,2.7540540886890037,3.8694538377306054,0.012582213895366115,1.0245450070359818,0.025775817289386944,0.3052082244307648,0.37660075356162287,0.5291251312551166,0.001720543998728808
5.0,24.0,14.675,True,True,0.7150632796286898,87,10.269850544753707,17.61361386307935,0.24870883044584152,3.5765082054540858,4.326547565260065,5.925334091066609,0.03808571224008588,1.7150798627811739,0.024217375838336126,0.3482531892619532,0.42128632217245426,0.5769640040276468,0.0037084972243867508
5.0,24.0,14.9,True,True,1.1692161065076179,49,13.406151043339872,47.34483196602712,0.4281076655319331,5.6141423997849,6.556157968154706,8.638415261496663,0.1148957533882439,3.53157530546755,0.03193367463546634,0.4187736197835833,0.48904103399698623,0.6443620718258427,0.00857037586827158
5.0,24.0,15.125,True,True,1.8966117827051305,51,16.111985734973427,177.0388399622207,0.644361154575161,8.381952406578863,9.496552967117205,11.780093239529206,0.3280458695200795,10.988021146141653,0.039992659202551344,0.5202308731185509,0.5894092213912246,0.7311385097591532,0.02036036246035198
5.0,24.0,15.35,True,True,3.0671707094941736,53,17.970191637343355,1131.279376020212,0.8929949950106716,11.664484154383903,12.89673011003662,14.814692412607402,0.8726416420293216,62.953105834961264,0.04969312587379222,0.6491018231627682,0.7176734878684479,0.8244036964982278,0.04856050840414575
5.0,24.0,15.575,True,True,4.959146858220068,54,19.070296626626806,13382.273778808523,1.2289919637546698,14.909474961506003,16.1258892280762,17.153731901244214,2.106262769721871,701.7339080150222,0.06444535120857511,0.7818166257932624,0.8456024331347058,0.8995000044883099,0.1104472998485515
5.0,24.0,15.8,True,True,8.026851892215097,92,19.727610678586032,241028.93093542743,1.7209089231220032,17.45442950992836,18.489816172168076,18.60375060422117,4.447293365981687,12217.847100817942,0.08723352012365182,0.884771592176382,0.937255731239589,0.9430311104230786,0.22543497225485823
5.25,24.0,14.0,True,True,0.14217192336576173,63,3.2621417122837046,1.5239127345245658,0.32409279208449543,0.8995806303412097,1.0400773523423525,1.5459980055472022,0.0027248630703000823,0.467150991260196,0.09934969742856758,0.27576381092023333,0.3188326700909118,0.47392116649184635,0.0008352988038623578
5.25,24.0,14.225,True,True,0.23766672811770992,89,5.063290363639779,3.3766159107849045,0.26074649862273824,1.423103877860359,1.727936528682429,2.5133746833963393,0.007583578236884009,0.666881744533727,0.05149744136642777,0.2810630589309817,0.34126751669052824,0.49639157600860634,0.0014977569312127114
5.25,24.0,14.45,True,True,0.39729280686014945,48,7.5629434769579404,7.562670082808546,0.2147464256135457,2.2725097332993456,2.805164530893913,4.002376837283044,0.021570345431487704,0.9999638508273627,0.028394556467044182,0.3004795342214328,0.3709090963644542,0.5292088787225643,0.0028521098296194055
5.25,24.0,14.675,True,True,0.6609000113491208,48,10.68335985557862,17.538467165175206,0.2935854987434907,3.6426446840692224,4.411279978728049,6.173326336449459,0.06440575537437912,1.641662117748191,0.02748063368755539,0.3409643345643844,0.412911297415913,0.5778450244026818,0.006028604881333078
5.25,24.0,14.9,True,True,1.090028802853083,50,13.999880673768683,45.09224395022103,0.5099537681011702,5.713711787308476,6.686466593616661,9.074969769233444,0.18994988301552637,3.220902020594328,0.03642557961630781,0.4081257491011443,0.4776088274912921,0.6482176513287751,0.013567964430684896
5.25,24.0,15.125,True,True,1.784019258337523,52,16.81987966639708,147.91427957796145,0.7941453097129633,8.520069235558916,9.682144672586686,12.456486981451551,0.522346648546639,8.794015326605816,0.04721468437729162,0.5065475737368319,0.5756369762816893,0.740581218683582,0.031055314241646342
5.25,24.0,15.35,True,True,2.9074952122170137,93,18.668668399982074,680.7750976689526,1.1529166080746938,11.845120264268592,13.146307993343626,15.681630533760828,1.3117318826024573,36.46618404072174,0.06175676718730516,0.6344919739578194,0.704190985220791,0.8399972723162132,0.07026381606326657
5.25,24.0,15.575,True,True,4.729413631763208,93,19.671273519842384,4075.8291037349695,1.6596713024771554,15.141008373388535,16.445005016718305,18.05465083627602,2.939179547074447,207.1970124162875,0.08437030275660838,0.7697014816105232,0.8359908676034754,0.9178180974436821,0.14941480754205877
5.25,24.0,15.8,True,True,7.694806250151913,53,20.214672806620136,22985.05429082257,2.4073162447420584,17.735382315416768,18.860014095866852,19.406963598062074,5.731945138247405,1137.0480497361875,0.11908756910246317,0.8773519356498601,0.9329863647206971,0.9600434191399059,0.2835536935512625
5.5,24.0,14.0,True,True,0.13376934461184614,63,3.303683405085362,1.5296454906804913,0.3323537441430866,0.9075766959497035,1.0484032209038945,1.5704948007951138,0.004737813702898549,0.463012130135081,0.10060096667601208,0.2747166070915482,0.3173437319357196,0.47537690759884865,0.0014341004030851228
5.5,24.0,14.225,True,True,0.22423736656510374,48,5.137703839274493,3.3675506762664793,0.2774046912560993,1.4362981396254593,1.741084689189851,2.5607236567612803,0.013123607316080458,0.6554583100963677,0.05399390465746898,0.2795603219955711,0.33888381729603817,0.49841791914632555,0.002554372094350552
5.5,24.0,14.45,True,True,0.37603176750229317,48,7.694327206905043,7.443734798453137,0.24693984629889568,2.293338447165351,2.825768400834356,4.095401257021403,0.03689995695364794,0.9674315373244045,0.0320937542241883,0.2980557475002185,0.3672534745206124,0.5322624248870139,0.004795735346494387
5.5,24.0,14.675,True,True,0.6277541126413325,48,10.898295845258057,16.724444421173835,0.3547858521765079,3.6705520989507363,4.441737133813264,6.354551162592154,0.1076735742069447,1.5345926242634336,0.03255425042722421,0.3368005558912979,0.4075625397658757,0.5830775061366199,0.009879854220859165
5.5,24.0,14.9,True,True,1.0394087605634603,52,14.3070567879202,39.686584810955345,0.6302761512531748,5.743171183729489,6.725990889157553,9.403748924610344,0.3058851825175934,2.773916774026067,0.044053515729757395,0.40142226796629404,0.4701170190948339,0.6572804640399666,0.021380021555227193
5.5,24.0,15.125,True,True,1.707516358686171,52,17.194683790369375,107.54948632928439,1.023709086360286,8.547595054805255,9.731879787219945,12.967636093711588,0.7962646150589914,6.254810361183968,0.05953637175541771,0.49710684761720975,0.5659818991652935,0.7541654299554303,0.04630876756832096
5.5,24.0,15.35,True,True,2.791834028367667,54,19.058583084043576,334.2950406354339,1.5556457146207698,11.882123725669606,13.224144641675984,16.320089309642217,1.8624667095448366,17.540393174103055,0.08162441603138922,0.6234526288377482,0.6938681948894532,0.8563117854918549,0.09772325158338503
5.5,24.0,15.575,True,True,4.556402587993885,53,20.02715087099316,1018.0086208578194,2.3212556273401765,15.220201339460354,16.582970428076816,18.686277461806142,3.8609973242332933,50.831425169532146,0.1159054346917727,0.7599783632481105,0.8280244421634226,0.9330472208541103,0.1927881479050257
5.5,24.0,15.8,True,True,7.445359087645595,51,20.514484212271537,2205.6568351528313,3.4393880557874157,17.876445427364118,19.061659145963883,19.936708148629545,7.002090801087849,107.51705050587779,0.1676565698751525,0.8714060388937601,0.9291805218559388,0.9718357011727172,0.34132424333141537
5.75,24.0,14.0,True,True,0.1289562674031756,102,3.3208924564982674,1.5197570270681495,0.3410002021297033,0.9114739181463702,1.0502757403824097,1.5883228528034465,0.00823156593065943,0.45763512277981605,0.10268330173187022,0.2744665568325807,0.31626309919408785,0.47828192981541534,0.002478721018066104
5.75,24.0,14.225,True,True,0.21642939033046177,86,5.165608221400618,3.304264770070886,0.29929685542392553,1.4424992785576525,1.7414823807593864,2.5974398472416755,0.02258750753096913,0.6396661590365361,0.05794029330059672,0.2792506161387766,0.33713017056628347,0.502833303633197,0.004372671438261861
5.75,24.0,14.45,True,True,0.3632370217785519,49,7.73992486586775,7.130699743580041,0.2935168590505072,2.3007069497038506,2.8220953039005026,4.1712187202101925,0.06227487545567341,0.9212879798130434,0.03792244293544573,0.29725184540869704,0.36461533578260485,0.5389223787694407,0.00804592764592574
5.75,24.0,14.675,True,True,0.6065545897868782,50,10.969694525882446,15.228214762861798,0.44671860798095525,3.671256161717033,4.429167375196875,6.506600353804321,0.17515143260935068,1.3882077323968856,0.040722976098098725,0.33467259758737017,0.40376396669446685,0.5931432583151994,0.015966846861240266
5.75,24.0,14.9,True,True,1.004278916550996,52,14.415358013690017,32.40076806771964,0.8130514328155872,5.724518006324586,6.697213813010737,9.677762835164817,0.4709354960310098,2.24765614818232,0.05640175096889347,0.39711244083484504,0.4645887952731044,0.6713508485862101,0.03266901145179818
5.75,24.0,15.125,True,True,1.6500593729768374,52,17.35598624384281,70.64266213864508,1.3724099523176305,8.508391941896761,9.689082151996207,13.374692844011873,1.143427769719036,4.07021883666831,0.0790741553396025,0.4902280874367015,0.5582559248359334,0.7706097859323128,0.06588088706999737
5.75,24.0,15.35,True,True,2.701070153011452,90,19.26680424405274,151.65551748050294,2.162999284415147,11.847050481694053,13.197385107461855,16.792461954788642,2.4762377051521347,7.871337434038436,0.11226559719071313,0.6148944231553601,0.6849804949637983,0.8715748466677926,0.12852353061699362
5.75,24.0,15.575,True,True,4.421373498925098,52,20.24321001849909,273.8877333361367,3.3022464140816155,15.233385105542224,16.61517334097611,19.11465387930216,4.768827181045466,13.529856830307379,0.16312859527040843,0.7525182563250256,0.8207776002814016,0.9442501392730891,0.23557662923456862
5.75,24.0,15.8,True,True,7.258524267683118,51,20.703900880677764,333.2605771927271,4.91969603984657,17.956358803338663,19.158573522774393,20.26684670505326,8.124005722972537,16.096511431029295,0.23762169594030236,0.8672935069978389,0.9253605701259142,0.9788902498063835,0.39239009932444135
6.0,24.0,14.0,True,True,0.12620380050524282,60,3.319543321296949,1.492697745637777,0.35242423995875866,0.9125478140989899,1.0465263719514726,1.6046456159279547,0.014185608246017176,0.4496696084853559,0.10616648311161854,0.2749016131961358,0.31526215224767534,0.4833934853728669,0.00427336138528683
6.0,24.0,14.225,True,True,0.21176399832831125,48,5.157645732085727,3.1792174139112546,0.3318439444263529,1.4439562650330207,1.7302628173721615,2.6332185399406214,0.03827345990268853,0.6164086443807754,0.06434019738152058,0.27996422011891303,0.3354753132050525,0.5105466091940675,0.007420722921039195
6.0,24.0,14.45,True,True,0.3549236355950286,48,7.721332330995354,6.614785757631155,0.36465345284382755,2.2989209300381557,2.796501873324274,4.246746227598037,0.10221158587434319,0.8566896843796963,0.04722675274317848,0.2977363013905921,0.3621786698777901,0.5500017413511058,0.013237558169079238
6.0,24.0,14.675,True,True,0.5911901628345452,50,10.942181375174526,13.202812552800115,0.5860321418535687,3.6544951229067686,4.380417134417462,6.65461849578974,0.2723733356395312,1.2065978528517611,0.05355715846413865,0.333982320124764,0.4003239376341991,0.6081619621922598,0.0248920508900984
6.0,24.0,14.9,True,True,0.9764012540337252,52,14.40304936777208,24.854793197111086,1.0837374974512008,5.68041906785287,6.6180764879476905,9.926383902678664,0.6821265701111346,1.7256618763472114,0.07524361472204254,0.3943900296949089,0.4594913423511649,0.6891862722410508,0.047359871697547934
6.0,24.0,15.125,True,True,1.6027111570011168,51,17.40219991192329,44.282454944219495,1.8795628866770187,8.445012682566816,9.58726935252861,13.707034569921843,1.5330012460851936,2.5446469508650416,0.1080072000201088,0.48528420115324794,0.5509228374028617,0.7876610221291811,0.08809238221857471
6.0,24.0,15.35,True,True,2.6274891654595707,90,19.379777684479777,71.9667662282027,3.0338319782071412,11.79860326129418,13.10848170754978,17.13324689220003,3.0812820951262214,3.7134980287125283,0.15654627352287814,0.608810041755177,0.6764000042192259,0.8840786086994759,0.15899470805559626
6.0,24.0,15.575,True,True,4.317271803798975,49,20.379803700382258,96.02286419247612,4.67337977813633,15.240273258233502,16.579276833984213,19.388534289632435,5.563930297634536,4.71166776698026,0.22931426852009731,0.7478125639624117,0.8135150405630865,0.951360208109795,0.2730119671138037
6.0,24.0,15.8,True,True,7.122980065855324,49,20.824913645985944,94.84289285178383,6.883919888148516,18.02380814186647,19.17970703452621,20.459280302340282,9.008750416746638,4.554299454205182,0.3305617495069618,0.8654925753000953,0.9209981544496415,0.9824425037308071,0.432594851046746
6.5,24.0,14.0,True,True,0.12337043081639801,56,3.266826053178529,1.3717758773933122,0.3938301599025731,0.908148233764357,1.0204623950364833,1.6484630717586297,0.03939559055240321,0.419910902834454,0.12055437096792695,0.27799099767823715,0.312371206310052,0.5046069319040486,0.012059286264743852
6.5,24.0,14.225,True,True,0.20590140082420275,48,5.0537790348325595,2.720998442510878,0.4521163901729602,1.438017865667925,1.6710269661055757,2.727899960455444,0.09899831236492784,0.5384086687915569,0.08946105222582997,0.2845430826628076,0.33064899644171714,0.5397742840859729,0.01958896732179899
6.5,24.0,14.45,True,True,0.3423289468905803,50,7.5532976632033675,5.099780492806264,0.6201245587425219,2.2838534389890155,2.6833519921786153,4.430041333066532,0.23684847621433996,0.6751727153095457,0.08209984385542221,0.30236507825118986,0.35525569252365474,0.586504270134608,0.03135696311402775
6.5,24.0,14.675,True,True,0.5655267282877354,50,10.73350755726268,8.760196243740697,1.0610706557123337,3.612818647727678,4.197221904034863,6.962325672509452,0.5434703998180731,0.8161541040527084,0.09885590987396985,0.3365925470731247,0.3910391716447687,0.64865335356274,0.05063306630369318
6.5,24.0,14.9,True,True,0.930150618192539,52,14.238376861675269,13.477942382145166,1.9491995701452,5.607977280354631,6.362711513476892,10.347682978346073,1.1600243447788776,0.9465926146696589,0.13689759648038,0.39386352354876525,0.44687056504334327,0.7267459682288939,0.08147167026469551
6.5,24.0,15.125,True,True,1.5298446879711214,49,17.373141102279163,18.858935719760453,3.4177997809132967,8.38077122939824,9.282676784293365,14.155929427465699,2.256660751137106,1.085522509069265,0.19672894848387085,0.48239815586939405,0.5343119433408378,0.814816925973657,0.1298936523828185
6.5,24.0,15.35,True,True,2.525056930257142,50,19.48069783821826,24.431596620179985,5.54793488991818,11.805621689426129,12.813582174074677,17.501630936901723,4.023219080643738,1.2541438106107674,0.2847913835526954,0.6060163648894158,0.6577578627053244,0.8984088292035464,0.2065233552748185
6.5,24.0,15.575,True,False,4.1857051676926105,47,20.52296282338479,28.685617058565658,8.343856812799622,15.353855376645988,16.35702173376337,19.63777054619635,6.6244638598022,1.3977327399277832,0.4065620000681507,0.7481305457100528,0.7970107374128964,0.9568682024712429,0.32278301709215135
6.5,24.0,15.8,True,False,6.96450071900153,47,20.95063841964868,29.994059110011555,11.5417259822044,18.210341329354762,19.055899308659217,20.62147133289345,10.043979830191581,1.431653704733,0.5509009201065646,0.8692022154454294,0.9095617482848413,0.9842884460052291,0.4794116355314393
7.0,24.0,14.0,True,True,0.12056510776420992,53,3.153774691637149,1.1606314384658842,0.4694766997287355,0.8961186144669743,0.9679226377960736,1.7199625802155696,0.09035795532375653,0.36801342896926836,0.14886183879071796,0.2841416087341966,0.30690925396881075,0.5453663461680972,0.02865073258510138
7.0,24.0,14.225,True,True,0.19939369208612906,47,4.875631518566725,2.0953047949301227,0.6561944360760814,1.4285633380055562,1.5703129101555369,2.8573080866392497,0.2004151404930219,0.42975044093284415,0.13458655223989957,0.2930006774641384,0.32207374658558224,0.5860385625448586,0.0411054731535449
7.0,24.0,14.45,True,True,0.32936220980977393,48,7.3212918501382465,3.54940086194944,1.025949525656315,2.280677448749221,2.5169247577307776,4.629431813115031,0.41565005614671463,0.484805268606034,0.14013230815773886,0.31151298096471264,0.3437815086805003,0.6323244459961822,0.056772775167932416
7.0,24.0,14.675,True,True,0.5432424487848133,49,10.497889069553324,5.544003164958672,1.760568460706768,3.619962914134657,3.9585074888786314,7.213457949909297,0.8217639115033354,0.5281064724752863,0.16770690269655122,0.3448276972780665,0.3770765210654929,0.6871341373600763,0.07827896694838106
7.0,24.0,14.9,True,True,0.8968655191968312,48,14.07481459360901,7.965340017717781,3.0963141159953538,5.639688575165274,6.060200051412135,10.592463115979497,1.538989510668162,0.5659285928593777,0.2199896911893465,0.40069363171050953,0.4305705067094743,0.7525827815017361,0.10934350150281731
7.0,24.0,15.125,True,True,1.4857685997129784,47,17.323492194106276,10.861231027493702,5.220732447572133,8.465868886024689,8.938201662250766,14.338139187649148,2.7091675386313496,0.6269654470239472,0.30136720639665876,0.4886929720154756,0.5159584200518,0.827670254183923,0.15638691715709901
7.0,24.0,15.35,True,False,2.471550706980703,48,19.513420340043147,14.368581664037961,8.142384013803824,11.965843046223807,12.466136229889463,17.612340702427197,4.502613265002303,0.7363435734817052,0.417270979249854,0.613210951114957,0.6388493668794661,0.9025757860750441,0.23074444082786294
7.0,24.0,15.575,True,False,4.12462662613176,45,20.577073148715257,17.998531252290626,11.628730649351393,15.573916023279253,16.055337595443444,19.7039888515671,7.080478968556825,0.8746885974604398,0.5651304519990706,0.7568576886869657,0.7802537066087005,0.9575700445423809,0.3440955337712302
7.0,24.0,15.8,True,False,6.898649218082619,45,20.99269026284598,20.75724993858562,15.067327332381206,18.433825901024385,18.831447565472786,20.66601269807719,10.438355553716788,0.9887846521187875,0.7177416111858799,0.8781068872172895,0.8970478452112315,0.9844385088009915,0.49723763000453375
7.5,24.0,14.0,True,True,0.11632632929063576,48,3.0224768760077345,0.938199970309751,0.5581462262430262,0.879195439907547,0.9067393894025103,1.799415662510423,0.15535784037690586,0.31040765861837816,0.18466517665480328,0.29088574568975367,0.2999987846392344,0.5953447243200077,0.05140083671446038
7.5,24.0,14.225,True,True,0.19207760880635102,46,4.709510899201044,1.582829414357006,0.8729320128319017,1.4203594723647275,1.4714827587276142,2.968425685953054,0.30254729981606854,0.3360921013316964,0.1853551316719518,0.3015938390981721,0.31244916727493877,0.6303044518819649,0.06424176656378369
7.5,24.0,14.45,True,True,0.318195987482121,46,7.1423254004295345,2.558219616917306,1.4289739334722833,2.2910049836294832,2.372231442359001,4.759240364399946,0.5598745989461709,0.3581774105060316,0.20007124477783467,0.32076457668698544,0.33213712752660873,0.666343256233289,0.07838827938482058
7.5,24.0,14.675,True,True,0.5279297923696077,46,10.34161619319385,3.9411486874188286,2.4025752800680293,3.6571340745070944,3.7676718063115646,7.331055422571289,1.0027165026143237,0.38109601186056635,0.2323210642500194,0.3536327403944822,0.36432137259079395,0.7088887544865659,0.09695936146559408
7.5,24.0,14.9,True,False,0.8777960972354975,46,13.977511770968603,5.817666474348918,4.021033506062294,5.708478524483837,5.836709581141994,10.670087278446918,1.737850606341891,0.41621617421437307,0.28767877802213776,0.4084044870089389,0.4175785845707448,0.7633753026492719,0.12433190075728785
7.5,24.0,15.125,True,False,1.4639562959559909,45,17.293566723336813,8.365049463732872,6.452314460888961,8.568941638589052,8.703247457542256,14.377629723331287,2.905209777210742,0.48370874542870623,0.373104898724095,0.4954988045945253,0.5032650347251764,0.8313860265696021,0.1679936720798206
7.5,24.0,15.35,True,False,2.447979758036971,44,19.52364760420831,11.672656592861243,9.669572676739678,12.103301574098454,12.23936915225502,17.633448982213213,4.68319181197124,0.5978727351309705,0.4952749031720593,0.619930343932739,0.6268997167115857,0.9031841456927513,0.23987278949666052
7.5,24.0,15.575,True,False,4.10014711741791,44,20.595928927331776,15.331943740953331,13.337022742123164,15.730351006588768,15.85852349546918,19.719636489114706,7.2380860845830055,0.7444162288114674,0.6475562616854975,0.7637602101895896,0.7699834055274956,0.9574531238037927,0.3514328540422239
7.5,24.0,15.8,True,False,6.874033834942734,45,21.00705605893927,18.46682163504412,16.70832363455983,18.577293111363137,18.682117974177608,20.678816571815105,10.56890359102203,0.879077086443334,0.7953672131726343,0.8843358659700353,0.8893258494556016,0.9843747983437933,0.5031120763123101
3.5,27.0,14.0,True,True,0.5655022534620383,138,1.3270295956538372,0.7210468658435218,0.03618764412116784,0.45981960279836454,0.5045867687327825,0.7013958881743585,0.00010589251402678619,0.5433540202909015,0.027269658672034305,0.3465028996371464,0.3802377658986339,0.528545776576125,7.979664837438097e-05
3.5,27.0,14.225,True,True,0.8888019655706962,211,1.9365069641082209,1.5189931735764262,-0.11074891597428183,0.7331770639308393,0.8329894475658493,1.0883006609388013,0.00028842469562521326,0.7843985081024154,-0.0571900427041752,0.37860801820998047,0.43015050449325315,0.5619916071099562,0.0001489406963005865
3.5,27.0,14.45,True,True,1.3767503448748264,262,2.6848180096792835,3.0137469309485008,-0.2680099806158819,1.1585150176070595,1.3357729555693327,1.629578194319305,0.0008441304255204452,1.1225144200029074,-0.09982426356261562,0.43150597672929447,0.49752830573752677,0.6069603930115052,0.0003144088062867551
3.5,27.0,14.675,True,True,2.0986035472871163,271,3.550278354024289,5.663753563477947,-0.3332768707452374,1.8256968010949794,2.079114552726158,2.341046691484361,0.0026723180207152987,1.5952984523193807,-0.09387344808258864,0.5142404676595363,0.585620152957712,0.6593980691206233,0.0007527066202249155
3.5,27.0,14.9,True,True,3.1442902874444347,51,4.537751556642102,10.241640116715997,-0.2871510363522668,2.8304666060070853,3.128242941539546,3.2173924797573448,0.008281631684228455,2.2569856434129516,-0.0632804667174763,0.623759712420573,0.6893817130557979,0.709027905031052,0.0018250518083358428
3.5,27.0,15.125,True,True,4.650430604750364,285,5.662281580766559,19.205370241225296,-0.19951234176992685,4.181952677688827,4.491573267925415,4.223935941603072,0.02442661964111631,3.391807695763741,-0.03523532677138901,0.7385631777645848,0.7932444199140916,0.7459777267083979,0.004313918213479139
3.5,27.0,15.35,True,True,6.855399895414677,90,6.908235128759289,40.78698496208643,-0.10642495282744788,5.778222490781526,6.072842430236611,5.2911271962879,0.070927962414155,5.904110702933142,-0.015405519766459031,0.8364252783936855,0.8790729205141121,0.765915910166506,0.010267161017562755
3.5,27.0,15.575,False,True,11.50887289025913,85,6.95616332171458,104.6450716578205,-0.10721029969823037,6.23524335859851,6.583735834108771,5.380604736803252,0.11925656969499897,15.043504129806314,-0.015412274660596208,0.8963624156342586,0.9464607901825381,0.773501783663846,0.01714401519623955
3.5,27.0,15.8,True,True,15.187317316122588,442,9.586661550101649,427.4240143126809,0.07085646508668304,9.096075093013129,9.293774471438788,7.461704912436325,0.5824454279524505,44.58528259070008,0.007391151206952929,0.9488261419760544,0.9694484803565684,0.7783423742916227,0.06075581420168888
3.75,27.0,14.0,True,True,0.44302227166004204,134,1.758218675698157,0.9541101360487032,0.0804963023722353,0.5698656120896222,0.640409978476892,0.9476519665538121,0.00016631681266746445,0.5426572639889877,0.04578287302077011,0.3241153219256636,0.36423795704626827,0.5389841318671675,9.45939290523251e-05
3.75,27.0,14.225,True,True,0.6996587857498651,173,2.5798239232919538,2.08509042452738,-0.07412645076067063,0.8987402421921383,1.0524269518443243,1.473925061410793,0.00045756619553888073,0.8082297422324564,-0.02873314341006748,0.3483727063997885,0.4079452641486429,0.5713277747769733,0.00017736334305909094
3.75,27.0,14.45,True,True,1.0912664320896317,218,3.5985861536568007,4.399052115938111,-0.23056635556935873,1.4162264747319255,1.6797406176035294,2.212337096454651,0.0013359608775872977,1.2224390157973277,-0.06407137295714388,0.39355080419369387,0.4667779360782055,0.6147795278449912,0.00037124604512517366
3.75,27.0,14.675,True,True,1.6758511474178137,49,4.7723800483580785,9.0833817405569,-0.2812104158958613,2.2386193131177023,2.6004529277167903,3.1824688818496982,0.004179805412164813,1.903323215778259,-0.058924564482791104,0.4690781728265526,0.544896446084898,0.6668515184461505,0.0008758324713897966
3.75,27.0,14.9,True,True,2.5270725426816414,307,6.074770907226636,19.45592909434909,-0.21965023751854246,3.4834898284155726,3.9024132243398886,4.372462855439801,0.012853293651848967,3.2027428509615126,-0.036157781235378494,0.573435588208201,0.6423967724770527,0.7197741153066786,0.0021158482925765156
3.75,27.0,15.125,True,True,3.763650619824943,287,7.4827752471588145,50.49007869739107,-0.12644424100425927,5.1644219063249635,5.6090502191591,5.733915847028773,0.037900983684298443,6.747507045138365,-0.0168980407439432,0.690174665915013,0.7495949074895492,0.7662819819699813,0.005065097164142318
3.75,27.0,15.35,True,True,5.596945489645277,365,8.956878453585947,203.69426889825428,-0.03468239649710171,7.158908018330503,7.597336232524723,7.1765931714979745,0.10992508918762066,22.74165826339911,-0.0038721521874862976,0.7992637228949316,0.8482124963394003,0.8012382001929229,0.012272700780438904
3.75,27.0,15.575,True,True,8.357067020327687,301,10.480456734999681,1922.2787503399063,0.05473300954077201,9.260975254619645,9.653138092938876,8.584886341727888,0.3143529175968202,183.41555133951562,0.005222387814262913,0.8836423343738871,0.9210608217771694,0.8191328449511651,0.029994200209522624
3.75,27.0,15.8,True,True,12.614270245591726,55,11.968930414708538,80418.90000725792,0.14490044293917964,11.223011720711813,11.537103825993212,9.92386408447321,0.8803085748187087,6718.971304940638,0.012106381933770161,0.9376787508865395,0.9639210377407945,0.8291354148302041,0.07354947721451396
4.0,27.0,14.0,True,True,0.3372015560234676,97,2.185616700511131,1.1850546569290823,0.12635339188971342,0.6681147670740913,0.7648394889747998,1.1915613714802133,0.0002610808541600355,0.5422060769630577,0.05781132247944677,0.30568707080150204,0.34994218739083277,0.5451831381053931,0.00011945409005109581
4.0,27.0,14.225,True,True,0.537963250492109,49,3.2455045705806107,2.6516866594935324,-0.030574314225639446,1.0496070838834686,1.2565566027171933,1.8664632261478415,0.000725054243872949,0.8170337159682859,-0.009420511837445909,0.3234033602657035,0.3871683355825314,0.5750918495283268,0.00022340262603396643
4.0,27.0,14.45,True,True,0.8497936770212287,48,4.590910681147557,5.865586287164943,-0.18391795014312495,1.6576043361504882,2.0062066346870915,2.825483285650158,0.0021133768148918907,1.27765201602632,-0.040061321797955844,0.36106220557881746,0.4369953532151086,0.615451591609683,0.0004603393447775867
4.0,27.0,14.675,True,True,1.3224378621090196,86,6.160966879607685,13.201793263446351,-0.22362577623049437,2.634177666019429,3.1072358549398644,4.0985899692050545,0.006557066868050137,2.142811919204313,-0.03629718850959548,0.4275591343849534,0.5043422429723767,0.6652510960205069,0.0010642918548634814
4.0,27.0,14.9,True,True,2.0195102041178696,130,7.873041241857962,33.24332594866024,-0.15265917735207346,4.1191376403516236,4.671182719753542,5.664665944161272,0.020108175658600652,4.222424972438622,-0.01939011528866923,0.5231952321615867,0.5933136352593509,0.7195016220725989,0.002554054404248912
4.0,27.0,15.125,True,True,3.0448941584734155,88,9.633614788456441,119.15198069865247,-0.057071317099676666,6.1430077176810975,6.746404094226283,7.4444127960817195,0.059376910272501186,12.368356355853809,-0.005924185090736952,0.6376638315497115,0.7002983036347081,0.7727538374278832,0.006163513029776742
4.0,27.0,15.35,True,True,4.584449042412462,53,11.36074270787184,905.9235684060067,0.034423737767305194,8.577741537338802,9.196418545875334,9.306203570151288,0.17170268121907498,79.74157955168668,0.003030060503302574,0.7550335183099692,0.8094909621976696,0.8191545050750102,0.015113684521708469
4.0,27.0,15.575,True,True,6.934053697873501,55,13.034529990560893,26524.899511407988,0.12695345579403997,11.139055519619154,11.714312060172135,11.080323609436947,0.4850361977672178,2034.9716890916898,0.00973978009839824,0.8545805278506882,0.8987138062250953,0.8500746568891163,0.03721163694574813
4.0,27.0,15.8,True,True,10.583423309560898,93,14.606350434929189,6521447.211213287,0.22937692460199036,13.47459237452391,13.94956486685417,12.651112625716843,1.315139214418592,446480.26488657243,0.015703917664022717,0.9225160271590618,0.9550342454810339,0.8661378269730782,0.09003886496339343
4.25,27.0,14.0,True,True,0.2552122956098166,94,2.557423404395572,1.3714998206708273,0.16572276741081257,0.7463683650777189,0.8649946555931904,1.4021928812331976,0.0004160387683549378,0.5362818758573812,0.06480067677725031,0.29184387841094206,0.3382289589226722,0.548283431997681,0.00016267887735752753
4.25,27.0,14.225,True,True,0.4123166254811914,48,3.8536189872458158,3.12480128147955,0.009776045558851757,1.1729136392881254,1.4246963419471217,2.217485500238476,0.0011642426027898124,0.8108744771659037,0.0025368479839878266,0.3043667895477149,0.36970347786389574,0.5754293581118445,0.0003021166873640244
4.25,27.0,14.45,True,True,0.6615017317537519,48,5.550044999252282,7.169121653199485,-0.13934427139823788,1.8609931296868178,2.282992033526996,3.3977814815479146,0.003388621848284873,1.2917231579501303,-0.025106872361757564,0.33531135872547635,0.41134658076368164,0.6122079157926961,0.0006105575448021409
4.25,27.0,14.675,True,True,1.047067098254562,91,7.577419604266569,17.250099567177404,-0.17048494929045752,2.9757058547884605,3.5494037798575775,4.9936752968242075,0.010456763241542797,2.276513703618116,-0.02249907728410126,0.39270701771787175,0.46841853364686803,0.6590205581346519,0.001379989994965433
4.25,27.0,14.9,True,True,1.6272210719466895,51,9.779085690650275,49.259892559878075,-0.09238993542296048,4.678285837307376,5.358102953143085,6.9785609393165755,0.0320549333024797,5.037269752833351,-0.009447706906924227,0.47839705932633936,0.5479145108899021,0.7136210030339274,0.0032779069860413667
4.25,27.0,15.125,True,True,2.4961720936626444,50,11.94682000020004,225.43298732212517,0.006660871605827066,7.020380898159617,7.784253548331712,9.225127550513582,0.09468902525810696,18.869706525950043,0.0005575434806681221,0.5876359481470439,0.6515753604893496,0.7721826854643423,0.00792587694939084
4.25,27.0,15.35,True,True,3.8204047658856704,51,13.919154733005659,2651.570156061199,0.10290468006746582,9.876259160119504,10.686524434832272,11.523634679473966,0.2718016334412862,190.49792943056303,0.007393026519308253,0.7095444622582233,0.7677567093562051,0.827897591521751,0.019527165165911926
4.25,27.0,15.575,True,True,5.871534392758374,56,15.66573115544063,149566.4132355428,0.20789814222874128,12.8840456132528,13.663619117941659,13.629241139873423,0.7511759731551331,9547.362440443716,0.013270886635670325,0.8224350006656558,0.8721979831242254,0.8700035130591435,0.04795026581917649
4.25,27.0,15.8,True,True,9.09264722292019,132,17.187416057914497,81663727.22863387,0.337250454303728,15.554375863590083,16.215366104035247,15.36513408691892,1.9389313065859144,4751367.334883895,0.019621940445691963,0.9049862882924494,0.9434440901061659,0.8939758038756239,0.11281109970530279
4.5,27.0,14.0,True,True,0.19739856840563214,92,2.8432827834986285,1.5040770377964785,0.19524019921880253,0.8025895234655476,0.9372450850457553,1.5628583424117732,0.0006789242778533471,0.5289931225010719,0.06866717596712685,0.2822756597140049,0.3296348469048462,0.549666867988661,0.00023878183408051245
4.5,27.0,14.225,True,True,0.3228405915774853,86,4.343288217052577,3.4687497792898823,0.04185078242448154,1.263798759485795,1.5487707795034735,2.4949071800228535,0.00190976791521623,0.7986460041198532,0.009635736873313495,0.2909774107377632,0.3565894552939647,0.5744281878939953,0.0004397055456089967
4.5,27.0,14.45,True,True,0.5258989298003054,87,6.366135498103217,8.154738839450657,-0.10249415813045654,2.015272357652337,2.4931796672449993,3.8708839255703826,0.005549154973139559,1.2809559020351282,-0.016099902077326905,0.31656133587681023,0.3916315742867615,0.6080429684105385,0.0008716677448654562
4.5,27.0,14.675,True,True,0.8471548065741135,49,8.85120688186053,20.500130051319573,-0.12587349035905604,3.241117188391187,3.895155067120846,5.771989165168791,0.017048215015357904,2.316083029686278,-0.014221053923959049,0.3661779948939462,0.4400705032783147,0.6521132363313956,0.001926089316734438
4.5,27.0,14.9,True,True,1.342233240492648,50,11.567490577913361,63.32965995738211,-0.03970343073186425,5.120838794332572,5.907942310673439,8.17688718831826,0.05218623900138844,5.474796761736895,-0.0034323287721256374,0.4426922814279319,0.5107367298793307,0.7068851392825836,0.004511457230060889
4.5,27.0,15.125,True,True,2.100359143129439,51,14.155704445512672,332.1451397884254,0.06787532730085959,7.723349121971048,8.62778797432208,10.903079869248234,0.15353015861963384,23.46369557706573,0.004794909893896232,0.545599772282568,0.6094919548180501,0.7702251704403511,0.010845815495130839
4.5,27.0,15.35,True,True,3.2758677320408482,53,16.328308174386148,4720.270695865918,0.17846996970455017,10.9224450034426,11.907452632446306,13.624865201267166,0.4339012741702554,289.0851057839845,0.010930095622797713,0.6689269265860867,0.7292520759208392,0.8344321442095384,0.026573559828501195
4.5,27.0,15.575,True,True,5.123455495199857,55,18.040838806928658,308524.87978071853,0.31138013651259244,14.28785356681678,15.261501569938902,15.986433328272236,1.157361126003315,17101.47089514642,0.017259737190989458,0.7919727968152718,0.8459419062087989,0.8861247250949651,0.06415229016728566
4.5,27.0,15.8,True,True,8.057698870042808,56,19.376168626576483,146768081.1138215,0.49118488779788705,17.199338031158735,18.043102451824982,17.775965289221002,2.7967130122739112,7574669.8917820845,0.02534994906702941,0.8876542294108655,0.9312007342399437,0.9174138412915838,0.14433777214541377
4.75,27.0,14.0,True,True,0.15961950706230396,136,3.040987541497159,1.5891739630291377,0.21552655343121585,0.8396987068076343,0.984850308100153,1.673783641281321,0.0011355184806661912,0.5225848318493095,0.07087386925798006,0.27612698024873467,0.3238587119022806,0.5504079245445619,0.0003734045158590637
4.75,27.0,14.225,True,True,0.26369573210334807,49,4.69473143826406,3.689943019116367,0.06541145481675192,1.3250365106970492,1.6319309591019813,2.6924994318344893,0.003202596965803407,0.7859753145923877,0.013932949238293106,0.28223904351534096,0.3476090124774868,0.573515113109447,0.0006821683003421406
4.75,27.0,14.45,True,True,0.43500432316277177,48,6.979448517430662,8.791579509527425,-0.0736063510349964,2.121493773175636,2.6373134519291366,4.221925263484574,0.009281165194733543,1.2596381343842709,-0.010546155738690517,0.30396295178298977,0.3778684584237048,0.6049081461007448,0.0013297848922525198
4.75,27.0,14.675,True,True,0.7114226044544683,49,9.855809314945455,22.593519403175062,-0.08857684463414114,3.4268784248370547,4.137910855943933,6.378284820692571,0.028355759086481136,2.292406303855129,-0.008987272562165164,0.3477013723916614,0.419844857354247,0.6471599253671102,0.002877060440230125
4.75,27.0,14.9,True,True,1.1472757748419946,50,13.033406474005561,72.03714770417247,0.009456655231004227,5.433396005008847,6.300349772741978,9.157394976180372,0.08630258429147679,5.527115865514265,0.0007255704983854394,0.41688226449819293,0.483400083110098,0.7026094823670475,0.006621644499740165
4.75,27.0,15.125,True,True,1.8296052093749708,51,15.994747921777716,388.3468820543049,0.1349233020006746,8.219221748192156,9.232543371226162,12.327481567844758,0.25080478703038583,24.27965004222102,0.008435475361069568,0.5138700396147688,0.5772234371168522,0.7707205907921952,0.015680446372580936
4.75,27.0,15.35,True,True,2.905721168399653,54,18.29948701036758,5265.904666395487,0.27550910821364116,11.65098913784704,12.776696521215783,15.42581478356595,0.6892672443901193,287.76241997451,0.015055564566239008,0.6366839207703564,0.6981997098594699,0.8429643287173268,0.0376659326023519
4.75,27.0,15.575,True,True,4.617536064251291,55,19.89490671512959,254662.342654986,0.4603222917243262,15.248534056451627,16.385071613473148,17.956973024835666,1.7464081494786632,12800.378825668055,0.023137695406948672,0.7664541621024787,0.8235812234803143,0.902591466346501,0.08778167068009234
4.75,27.0,15.8,True,True,7.357627587857786,55,20.98441116533696,50600261.61342779,0.7261260543654888,18.306121079931305,19.310114849267837,19.700771334566042,3.9058915434686665,2411326.256178762,0.03460311793570544,0.872367632129236,0.9202123756117204,0.9388288848966467,0.18613300667309654
5.0,27.0,14.0,True,True,0.13627756367385943,95,3.1665326052528875,1.638476577281549,0.22908826717868594,0.8626344649615721,1.0139068117144323,1.7453286932194585,0.0019370179693026547,0.5174355617129974,0.07234672613149687,0.27242241672502215,0.3201946539355021,0.551179763734052,0.0006117157821427074
5.0,27.0,14.225,True,True,0.22678771630499425,89,4.9233226987602565,3.812466432426166,0.08300423259879605,1.3633411839238962,1.6829774237419353,2.823341167398994,0.0054646841751957095,0.7743685851399066,0.01685939307201971,0.27691485351289274,0.3418377235694354,0.5734625455507802,0.0011099585604193228
5.0,27.0,14.45,True,True,0.3775371369842832,48,7.391045271331919,9.117641396689976,-0.049442055787015785,2.1883406464589177,2.7266997959838655,4.462697397835885,0.015767413753325406,1.2336064875769477,-0.006689453787922202,0.2960799949293996,0.36891937417297066,0.6037978708026064,0.002133313107211425
5.0,27.0,14.675,True,True,0.6243869690942918,50,10.552685214212241,23.481925652741,-0.053558657539677965,3.54296185383063,4.289767760556761,6.81263920031758,0.04774857235197443,2.225208577350133,-0.005075358210017081,0.3357403146129108,0.406509591964266,0.6455834758666346,0.004524779369678078
5.0,27.0,14.9,True,True,1.0207097635970883,50,14.07659507191724,73.89394038044657,0.06348569284641771,5.624872364407369,6.545030507720657,9.892704857990205,0.14341288660321116,5.2494186273685415,0.004510017694056672,0.39959040774206617,0.46495835635550614,0.7027768297268221,0.010188038078137191
5.0,27.0,15.125,True,True,1.652126722575445,52,17.31388041304503,369.6504800968935,0.22185562203677553,8.51377007179145,9.603373523649173,13.433806943100494,0.4067377361668448,21.349949940648933,0.012813743467329245,0.4917309042620397,0.5546632698475596,0.7758981015589596,0.02349200332124224
5.0,27.0,15.35,True,True,2.6607521792658506,55,19.688937842507848,3891.7610027399924,0.4164755759343524,12.06868418998473,13.298422381326938,16.83776172943282,1.0700371167400038,197.66231342037116,0.02115277011211817,0.6129677632446373,0.6754260939671427,0.8551889321871178,0.054347122495852704
5.0,27.0,15.575,True,True,4.277048768249219,55,21.155425459949527,99102.15367218331,0.6889383318971614,15.790777976682602,17.05538496410526,19.465214302968988,2.53861440151675,4684.4793483259855,0.032565562588255555,0.7464174146049188,0.8061943729939975,0.9201050737466676,0.11999826741006639
5.0,27.0,15.8,True,True,6.875553125252924,54,22.040643667045394,5336377.170609423,1.0925000693836777,18.944052101312682,20.082132344193532,21.109496442684407,5.238800443300472,242115.3053069969,0.04956752107095474,0.8595053931949067,0.9111409198189535,0.9577531746156209,0.23768817836900982
5.25,27.0,14.0,True,True,0.12239967567582449,106,3.2403028686193767,1.6620702708833628,0.23873909688842185,0.8760339084289575,1.0301536777296614,1.7900925609163143,0.00334662020726687,0.5129367032259966,0.07367801917545548,0.27035556364588126,0.3179189475484394,0.5524460624506481,0.0010328109263109694
5.25,27.0,14.225,True,True,0.204674895850043,90,5.0585718521146745,3.8581468013209723,0.09823674323371188,1.3856747287003777,1.7109545107538318,2.907419150281588,0.009420837204430009,0.7626948700369099,0.01941985724540914,0.2739260742379518,0.33822876510859246,0.574750984127304,0.001862351169429716
5.25,27.0,14.45,True,True,0.34270011593436167,49,7.63735341367644,9.17640736888275,-0.02488648814606493,2.2262139785217903,2.7748508703143515,4.622718593258921,0.02698159053985232,1.2015166605293242,-0.0032585225271230664,0.29149023986964406,0.36332623619922344,0.605277553999384,0.0035328456178989396
5.25,27.0,14.675,True,True,0.5707872497257832,51,10.974022954329946,23.224250235984602,-0.013025515194293673,3.6041578574213675,4.369436685580341,7.1132695433854485,0.08050417204159106,2.116293207389471,-0.0011869407644308127,0.3284263093325588,0.39816179570285315,0.6481916042082647,0.007335885151381707
5.25,27.0,14.9,True,True,0.9411618498203698,51,14.710676479508727,69.04170907163821,0.13497162857465583,5.71550684008928,6.6668221340423575,10.422379364526513,0.2359594168328392,4.693306196204507,0.00917507966154139,0.38852780482601934,0.45319616289087206,0.7084908283479956,0.016040011291222362
5.25,27.0,15.125,True,True,1.5373204448146416,53,18.117659540363444,292.29546535548593,0.3492935233592259,8.638371028801208,9.777048964173192,14.251948482080154,0.6430212944950562,16.13318015521239,0.019279174695884534,0.4767928776648112,0.5396419411895551,0.7866329781906398,0.03549141063515961
5.25,27.0,15.35,True,True,2.495895083824453,54,20.53713373521582,2045.426220330382,0.6336056277849619,12.235107918434363,13.538604605777874,17.882788451585792,1.5938016575700904,99.5964795624333,0.030851706764634525,0.5957553802872865,0.659225614456739,0.8707538589438837,0.0776058469560013
5.25,27.0,15.575,True,True,4.037595563821469,53,21.93010835510449,22795.186432231076,1.045507334346901,16.022493608892653,17.386664976786907,20.549830322147724,3.5102116330585127,1039.4470498329858,0.04767451749063278,0.7306162536658525,0.7928216630420778,0.9370601362014934,0.16006357908584934
5.25,27.0,15.8,True,True,6.526307640498038,55,22.69939224491092,302175.3660259244,1.6611063451802248,19.264371928826705,20.51322777377552,22.07499841387675,6.711282889229161,13312.046541407753,0.07317845020950443,0.8486734675967226,0.9036906165791496,0.9724929273745574,0.2956591443867311
5.5,27.0,14.0,True,True,0.11436191550550742,97,3.278904729845831,1.665871299732983,0.2470418471487978,0.8832902537722399,1.037622554749109,1.8187701756093708,0.0058154101420972186,0.5080572438014415,0.07534279508036006,0.2693857634020891,0.3164540113972437,0.5546883259688019,0.0017735831386508903
5.5,27.0,14.225,True,True,0.1917741336243365,48,5.127562219485319,3.837750989278007,0.11516296617165334,1.397379521271644,1.7223764793370653,2.9633857016330167,0.01628209078693658,0.7484552746515911,0.02245959409990599,0.27252317211509264,0.33590552500598414,0.5779326656187251,0.0031754057951871918
5.5,27.0,14.45,True,True,0.32206605115558784,49,7.760210426833325,8.985195309466025,0.006565147874586064,2.2435789076305364,2.792130183081047,4.733620346244243,0.0460475940588068,1.157854596106948,0.0008460012697445725,0.28911315341046284,0.35980083393439877,0.6099860810315515,0.005933807400322936
5.5,27.0,14.675,True,True,0.5381797463642137,49,11.179092256209087,21.88377832683449,0.04342697803116988,3.6238052827878877,4.393217521993406,7.330037215917821,0.1340473983210449,1.9575630852030774,0.0038846604926307577,0.32415917140098344,0.39298517458368115,0.6556916293312255,0.011990901877260414
5.5,27.0,14.9,True,True,0.8906282079861787,51,15.015735396634827,58.94773740987689,0.2409659122476938,5.727935578647439,6.692740344384319,10.81472804105232,0.3776850680290851,3.9257309650706587,0.01604755983524434,0.3814622079669255,0.44571512267619123,0.7202263329357819,0.025152618773085732
5.5,27.0,15.125,True,True,1.4596868253752575,53,18.51850913840126,196.9252824668358,0.5451740245559696,8.636988221239816,9.803310675555332,14.85969954991199,0.9726520364451007,10.633970639595276,0.029439412237859855,0.46639760018961574,0.5293790446244137,0.8024241821442252,0.0525232365724378
5.5,27.0,15.35,True,True,2.376752613996714,55,20.997126229235963,849.0904710318435,0.970622386031462,12.233798762789235,13.587058782627619,18.640058355171604,2.2452531082845075,40.43841341724124,0.04622643953437721,0.5826415781486872,0.6470913511825861,0.8877433107592396,0.10693144784538484
5.5,27.0,15.575,True,True,3.8571098561876975,55,22.390144505931143,4116.655083480422,1.596160597461461,16.070124458832233,17.508642766631482,21.297441096771898,4.585696298324492,183.86013910673606,0.07128853487473645,0.7177320563775397,0.7819798912862508,0.9511971256429458,0.2048086959469932
5.5,27.0,15.8,True,True,6.2624609312342265,52,23.114165515081183,16266.957016903236,2.528878285444344,19.408315463270245,20.741046580362482,22.6993856590968,8.188061353818059,703.765706198202,0.10940815855083928,0.8396719081468461,0.8973305381424943,0.9820551663128936,0.3542442987386084
5.75,27.0,14.0,True,True,0.10979762966054682,91,3.2928587716362885,1.651342191840004,0.25639617196881825,0.8865109808246581,1.0384815824165003,1.8393518590600362,0.010095018644037723,0.5014919577068343,0.07786430872084131,0.269222290509633,0.3153738603555286,0.5585881407680369,0.0030657308266583516
5.75,27.0,14.225,True,True,0.18434207280775514,48,5.148459936182982,3.749780299203216,0.1384655270954964,1.4018696015683128,1.7206260268305245,3.0059933215499544,0.02797213665339431,0.7283304805093359,0.026894552703493193,0.2722891153752758,0.334202081429846,0.5838626227668713,0.00543310757005377
5.75,27.0,14.45,True,True,0.30975493225272804,49,7.791607476098509,8.53603456741836,0.05312596964969082,2.24611734536086,2.7842243559483464,4.821908073951172,0.07744995512762075,1.0955421706757498,0.006818358061883859,0.28827393477546664,0.3573363217396689,0.6188592134219838,0.009940176704897647
5.75,27.0,14.675,True,True,0.517472258020192,52,11.225138152246574,19.576401944582642,0.12913395742417358,3.6123933255593488,4.372113012799031,7.506668741843809,0.21688352307612313,1.7439787091319374,0.01150399716001081,0.3218128166054128,0.38949302480736114,0.6687373144126018,0.019321234191912066
5.75,27.0,14.9,True,True,0.8557091451998398,52,15.090966213591734,46.234021468528155,0.40288028843552814,5.684923442717141,6.646820964824695,11.131155020497742,0.5774494908096552,3.063688621003426,0.02669678552938993,0.37671036845851485,0.44045032443570187,0.7376038659786028,0.038264580454071474
5.75,27.0,15.125,True,True,1.401421266278361,53,18.66168644789844,118.20160799097395,0.8444390782791188,8.557987097039542,9.731459854670998,15.328180953005853,1.3868399714623054,6.3339188728189715,0.0452498803169107,0.4585859440374044,0.5214673326465032,0.8213716909133909,0.07431482547594098
5.75,27.0,15.35,True,True,2.2829638187033723,52,21.230299546522346,320.3099644101164,1.4836810119079122,12.146925963676662,13.523715172638546,19.183275563636343,2.9695658136255285,15.087397316661278,0.06988507197727921,0.5721504747052145,0.6370006764626086,0.9035800706249895,0.13987394794492958
5.75,27.0,15.575,True,True,3.7151287566815014,91,22.671909364258624,785.3515463198204,2.42731676140962,16.036770287614882,17.515197473550245,21.78956149892845,5.6535948702778365,34.6398502967684,0.10706274105154062,0.7073409667425815,0.7725506128373231,0.9610818898772963,0.2493656259578431
5.75,27.0,15.8,True,True,6.062134120758614,51,23.38381998729216,1346.2220496592495,3.8159960926535064,19.473617628837935,20.847757143948918,23.079440543660155,9.518163510923987,57.570664262333885,0.16318959411795395,0.8327817114321266,0.8915462552858577,0.9869833310469625,0.40704057404207666
6.0,27.0,14.0,True,True,0.1072414992960668,90,3.287187384031748,1.6160808384473369,0.269332290868451,0.8867969230604299,1.0333204894129602,1.857772312714732,0.01737304557083979,0.4916302752614022,0.08193396341711251,0.269773766889057,0.31434791166227605,0.5651555861218253,0.0052850791698803865
6.0,27.0,14.225,True,True,0.1799768182127466,48,5.130776586257203,3.58427413953053,0.1738076357367503,1.4010791530952127,1.7064432444078805,3.0464177142800537,0.047266593620790595,0.6985831636347247,0.033875502629035624,0.27307350642551975,0.33258966078908847,0.5937537257887804,0.00921236635939173
6.0,27.0,14.45,True,True,0.3018255889107797,49,7.752587570855227,7.822837535248449,0.12493526206392677,2.2377289791955373,2.7531191668517088,4.907123777301195,0.1265185508142412,1.0090614860846354,0.016115298398382945,0.2886428510150556,0.35512261444187704,0.6329659268537441,0.01631952553362571
6.0,27.0,14.675,True,True,0.502466708616787,51,11.1605622964732,16.582244949525254,0.2599490002657517,3.5797673617276726,4.313393539916595,7.672392717264655,0.33508174787906236,1.4857893813079055,0.023291747616327272,0.3207515236807467,0.3864853244248859,0.6874557494015489,0.03002373348025216
6.0,27.0,14.9,True,True,0.827860237788772,52,15.028464430944625,33.849198711691976,0.6446915731424971,5.6109988042171715,6.5497079310543995,11.406865889920734,0.8307667248023928,2.2523391439776232,0.04289803366836558,0.3733580919061661,0.4358201705270771,0.7590173927838713,0.05527954826121742
6.0,27.0,15.125,True,True,1.3530456216521887,55,18.66982750189402,67.38447304516986,1.2858796249146403,8.448704174879122,9.60124065602056,15.69497065605584,1.8497765641722441,3.6092713249939683,0.06887474588526274,0.4525325246857271,0.5142650972563368,0.84065965014747,0.09907839609040778
6.0,27.0,15.35,True,True,2.2061177250851185,52,21.34811938605534,126.70601276790106,2.2368930922629175,12.041374063418875,13.400402724172526,19.559066818445466,3.686811470708518,5.935230662550342,0.10478173987185321,0.5640484693599914,0.6277088150877455,0.9161962449592402,0.17269959025602766
6.0,27.0,15.575,True,True,3.6039460398406926,50,22.853058988142646,199.50729026815713,3.6340927882308813,15.9929548718189,17.454002198957486,22.093591448477586,6.601771872844534,8.730003732615046,0.1590199714671212,0.6998168114000352,0.7637490546895069,0.966767357487717,0.2888791332604478
6.0,27.0,15.8,True,True,5.913850633783623,49,23.5612559137449,226.41028713438678,5.628698095448808,19.520367755288493,20.870275416305176,23.299204213909988,10.589177187154677,9.609432025323661,0.23889635238693713,0.8284943649332768,0.8857879008109287,0.9888778552045674,0.449431780119042
6.5,27.0,14.0,True,True,0.10475820304132145,58,3.2199104005807366,1.464804997116771,0.3170455502657994,0.8798997033950953,1.0023080951236714,1.905612007968446,0.04800092204411816,0.45492104278820356,0.09846409086681968,0.27326838139235127,0.31128446771155405,0.5918214393868704,0.014907533462875492
6.5,27.0,14.225,True,True,0.1745617650189985,48,4.9968612884449515,2.999269358240579,0.3051961559058811,1.3884069457627926,1.637799189758671,3.14956670395971,0.12119570166366261,0.6002306618309124,0.06107757215747322,0.27785581100148404,0.32776559028084656,0.6303090124280538,0.024254365824387197
6.5,27.0,14.45,True,True,0.28963049968766297,49,7.528365106900593,5.817139419471935,0.3853323760832541,2.2048676917025016,2.6250843439600215,5.105293779325269,0.2897198007434181,0.772696241065656,0.05118407125739075,0.29287470259399245,0.3486924859095684,0.678141097945116,0.03848376063454432
6.5,27.0,14.675,True,True,0.4768300081450278,50,10.862501949613332,10.375641008612273,0.7147513405881718,3.500076711909319,4.108966682594348,7.999536529062086,0.6606647037262413,0.9551796682514392,0.06579988145489948,0.32221644038774233,0.37827074293327173,0.7364359119260588,0.0608206752726759
6.5,27.0,14.9,True,True,0.7805948202060624,52,14.754353523089078,16.60554143378048,1.4433365521201564,5.473470533316095,6.2632306042808965,11.845642976915045,1.4010586462381964,1.1254672329624256,0.09782445227854138,0.37097325374172885,0.42450051061061883,0.802857472431971,0.09495899932488948
6.5,27.0,15.125,True,True,1.2767956724618201,50,18.558586595012343,24.06235193978679,2.697557763803366,8.29196312041412,9.251951457309225,16.155966170039516,2.714253875963735,1.2965616652215097,0.14535362108493435,0.4467992795659666,0.4985267283121499,0.8705386095717798,0.14625326460438512
6.5,27.0,15.35,True,True,2.0960959490580495,48,21.441109060591124,32.14203714080961,4.592730465053817,11.943188818664462,13.051429070830274,19.939587395322587,4.820563679502188,1.4990846345671014,0.2142020943074853,0.5570229032889026,0.6087105398301841,0.9299699627931868,0.22482809382106125
6.5,27.0,15.575,True,True,3.458985482728894,48,23.047349906048566,38.710298643803036,7.240770158170992,16.022315717636907,17.18512841823393,22.365407292042033,7.895155869181624,1.6795986871203734,0.31416931611172866,0.6951912381662586,0.7456444445148052,0.9704112352705868,0.3425624161287894
6.5,27.0,15.8,True,False,5.735957620071368,47,23.748549009567963,40.88623218419617,10.57254921370174,19.675826428013384,20.72440782880048,23.494838061927425,11.87927567571344,1.7216307475342458,0.44518716530606584,0.8285064666513421,0.8726599600022259,0.9893167810994128,0.5002105884838457
7.0,27.0,14.0,True,True,0.10216775469391773,54,3.083383838688836,1.2089457545595557,0.40337009342186764,0.863708894035166,0.9415561724724901,1.981355136755385,0.10935569602806193,0.3920840926096448,0.13082059014533684,0.280117215118584,0.305364567543713,0.6425911402577524,0.03546613128599774
7.0,27.0,14.225,True,True,0.1681343019219518,48,4.778351465896928,2.229883443761662,0.5286065533805248,1.3704025515255032,1.5234605347280583,3.2855434839563924,0.24334499010999633,0.46666375625073414,0.11062529768962942,0.2867940044398282,0.3188255501088585,0.6875893302125851,0.05092655738003962
7.0,27.0,14.45,True,True,0.2764185580530187,48,7.233778282152882,3.85640634306304,0.8096050215411036,2.184061973535148,2.4394044364965106,5.310344468355063,0.5046814587067546,0.5331109404579808,0.1119200768896324,0.30192547909902734,0.3372241090821084,0.7341038474259988,0.06976733859149381
7.0,27.0,14.675,True,True,0.45362120517746096,51,10.542784679602411,6.131623743795432,1.4209373341389748,3.4754695655159518,3.8451512419997376,8.246546267306174,0.994738713357551,0.5815943254213048,0.13477818027414756,0.32965385058466534,0.3647187492540866,0.7821981115920095,0.09435255898587361
7.0,27.0,14.9,True,True,0.7450243804993181,48,14.500974177514507,8.894436725212353,2.5934678180244704,5.457203076148484,5.926524141681425,12.07247525664262,1.8575449570790916,0.6133682203919955,0.17884783368871535,0.3763335489977307,0.40869834461681953,0.8325285673125628,0.12809794254784876
7.0,27.0,15.125,True,True,1.2283329762560553,47,18.44733513046375,12.106232685061885,4.555982496614127,8.318738498570351,8.860096530180176,16.318161591557224,3.2648549741909636,0.6562591615235401,0.2469723927273605,0.4509452687739633,0.4802914061852055,0.8845809693460587,0.17698247205361461
7.0,27.0,15.35,True,False,2.035791501687778,46,21.462550189596342,16.013623815553267,7.409744972709431,12.051744779936806,12.644425463957688,20.045531609891484,5.411990006981998,0.7461193415550235,0.3452406590667495,0.5615243609670725,0.5891390050231258,0.9339771570858463,0.25215969021264684
7.0,27.0,15.575,True,False,3.3888876683828055,46,23.12308374798564,20.296577106970695,11.069106555787465,16.219878590078824,16.821193398804088,22.44532651827929,8.468773788882423,0.8777625565940713,0.47870373503930885,0.7014582815534635,0.7274632389924834,0.9706891504137984,0.36624759401393325
7.0,27.0,15.8,True,False,5.659005344084468,45,23.817825868510788,23.862677480866243,15.070104020258217,19.917016342814286,20.449458697783026,23.560397881523972,12.390042198658353,1.0018831111035518,0.6327237466364295,0.8362231067087569,0.8585778908065227,0.9891917932221027,0.5202003855036598
7.5,27.0,14.0,True,True,0.09778017960455296,49,2.924814859555785,0.9456127404754953,0.5031769308423637,0.8413755173501367,0.8707930119194918,2.0626481172614333,0.1877343445328677,0.32330687099254996,0.17203719038776535,0.2876679577174752,0.297725857441707,0.7052234812478709,0.06418674464796052
7.5,27.0,14.225,True,True,0.16038921646473764,46,4.572374869674117,1.6136402222307777,0.7692563713490751,1.3543915076125903,1.4097320773944306,3.3961635118138265,0.3669830070211313,0.35291074512133896,0.1682400050903748,0.2962118256303689,0.3083150698654123,0.7427570154710168,0.08026091855571917
7.5,27.0,14.45,True,True,0.26439116210398,46,7.001517927608924,2.630632176298774,1.25158486509416,2.1834649986238226,2.2729274370075765,5.431236506848413,0.6796741593956552,0.3757231222568842,0.17875907453708206,0.311855946267568,0.3246335238312815,0.775722716560011,0.09707525802590776
7.5,27.0,14.675,True,True,0.4367403496183465,46,10.322987550059349,4.069184852046898,2.1245680436302394,3.4982205372634003,3.6229743430494956,8.342923558383092,1.2149055178080437,0.3941867441294651,0.205809416443404,0.33887675639435294,0.3509618049504154,0.8081888617927401,0.11768933285219926
7.5,27.0,14.9,True,True,0.7234258598170217,46,14.344087301231017,5.995217296627848,3.6318062748238544,5.510321608105783,5.6599895042132085,12.124916129095274,2.1016536365652008,0.41795739043733615,0.25319186913427183,0.3841528214648334,0.39458693922808635,0.8452901794633324,0.14651706953741392
7.5,27.0,15.125,True,False,1.2031194558510294,45,18.381861690403536,8.591744659343652,6.002515340346644,8.410667379864114,8.572053383214245,16.341246067359243,3.508912005009237,0.46740340037641953,0.3265455611321636,0.4575525331177418,0.46633216632727603,0.8889875434048327,0.190889914422602
7.5,27.0,15.35,True,False,2.0082521347234006,46,21.466762204423237,12.079523162692736,9.301293918003061,12.190306504973714,12.358688354713328,20.065052634277126,5.640423721660443,0.5627082019944183,0.4332881609918111,0.5678688937292041,0.5757127338079338,0.9347032609390303,0.2627514884614612
7.5,27.0,15.575,True,False,3.3601600584232245,44,23.150947410047603,16.218036869160084,13.327638597519817,16.396853195621738,16.563761148162644,22.468930452468136,8.672845797218098,0.7005344784344071,0.5756843709875807,0.7082584096971097,0.7154679614093852,0.9705404299228174,0.37462163615187727
7.5,27.0,15.8,True,False,5.630037795445835,44,23.842154337472316,20.138733064060766,17.422105623159517,20.09834884654173,20.244594868733934,23.58246932870627,12.564515566475778,0.8446691846302268,0.7307269878618932,0.8429753688387752,0.8491092953339305,0.9891081567088968,0.5269874269175558
3.5,30.0,14.0,True,True,0.5386557795830398,147,1.3311719081918427,0.7757102993597855,-0.011536216215814398,0.45592519495609524,0.5039815343717365,0.7836073771931189,0.0001249054534727071,0.5827273657039895,-0.008666210686104599,0.3424991108589329,0.37859988726497745,0.5886597909487952,9.383119693561493e-05
3.5,30.0,14.225,True,True,0.847079328655279,144,1.944436669715732,1.686799412376246,-0.2084224428276327,0.7225363512288074,0.829322489026733,1.2083412897885697,0.00034478838028950535,0.8675003092915587,-0.10718911347115416,0.3715916092728487,0.42651041401516887,0.6214351480859615,0.00017732044743833794
3.5,30.0,14.45,True,True,1.3156782824275792,180,2.694106403198904,3.509757299388462,-0.4161186705936153,1.1357782277172206,1.3241609127735499,1.796162112608472,0.0010168998176076545,1.3027537795912878,-0.1544551730026431,0.4215788308764013,0.49150282676336743,0.6667005098520834,0.0003774534726617393
3.5,30.0,14.675,True,True,2.0147834124842587,295,3.553670709707252,6.9433343390418445,-0.5176139149041272,1.7889078503999398,2.0525442370718974,2.5603165313593106,0.003228551390906779,1.9538485431628048,-0.14565612775832226,0.5033971902667674,0.5775842515360643,0.7204709553886119,0.0009085116924558111
3.5,30.0,14.9,True,True,3.0293597704470527,51,4.533830282197062,13.602290607981338,-0.4998905755144366,2.783845484951193,3.087547392744457,3.493158395478768,0.009996340306144845,3.0001763986167043,-0.11025789330433276,0.6140162537363796,0.681001978584927,0.7704651868410937,0.002204833371332261
3.5,30.0,15.125,True,True,4.489111658925417,51,5.652082097032724,29.509702646337303,-0.4372078081092653,4.131014580425647,4.443284146667141,4.555979763569755,0.029482688028806985,5.221032203659877,-0.07735340722294076,0.7308836831288031,0.7861322730962829,0.8060710522873668,0.0052162526167631295
3.5,30.0,15.35,True,True,6.625686514688116,432,6.88978228940321,83.6308047394006,-0.3647621991944809,5.728052768726303,6.023793906085287,5.676036627490858,0.08558911920209693,12.13838133434615,-0.05294248553477535,0.8313837111422666,0.8743083094730218,0.8238339600687896,0.012422615927028171
3.5,30.0,15.575,True,True,9.799752999779244,378,8.230703517142045,399.8719634444391,-0.29098832180252887,7.435681232470172,7.690917905136054,6.800415639111166,0.24624440842322962,48.582962879373284,-0.0353540036032751,0.9034077362869305,0.9344180469042795,0.8262253190080258,0.029917783809169853
3.5,30.0,15.8,False,True,16.451864712638063,85,8.258496108093068,5306.770920558846,-0.29165091203516347,7.748674347274526,8.03059378487335,6.845665619880428,0.4153225038231331,642.583207777791,-0.035315256944827365,0.9382669975083076,0.9724038953052989,0.8289239990283328,0.05029033111926154
3.75,30.0,14.0,True,True,0.41849255109010186,141,1.759056345256374,1.0305301633608197,0.025266764094388616,0.5620964073302193,0.6381024529793039,1.0582061593752032,0.00019567013290833343,0.5858426116592785,0.014363817374312762,0.3195442879621325,0.3627527081210713,0.6015760451499208,0.00011123585292534529
3.75,30.0,14.225,True,True,0.6612839302458197,49,2.586732150966589,2.3346218210965266,-0.18290735578974465,0.8829230107442525,1.0464386572373303,1.6369166088629288,0.0005453294229038497,0.9025371336665623,-0.07070981652329071,0.34132757441249917,0.40454078588937226,0.6328125655573806,0.0002108178934181784
3.75,30.0,14.45,True,True,1.0349523003451448,50,3.6132162634953793,5.14795443852163,-0.3899802861897667,1.3889309209419993,1.6634024433170644,2.4405685252987124,0.0016060579123958023,1.4247567992350296,-0.10793162040417276,0.38440293070040743,0.46036614528794084,0.6754559780868853,0.0004444953734493939
3.75,30.0,14.675,True,True,1.5962918499255752,50,4.797457317610215,11.31924448195265,-0.4759848549542975,2.2018016648786682,2.568926457625824,3.4860840403150863,0.005036012659633097,2.3594257817370576,-0.09921606873021697,0.4589517986530966,0.5354766676497495,0.7266524347217391,0.0010497253703846841
3.75,30.0,14.9,True,True,2.4131515421070406,343,6.119414925200018,26.989654842625104,-0.44366045081268124,3.4446708692994177,3.861619460313744,4.759022700200001,0.015465811224578551,4.410495966122599,-0.0725004687924769,0.5629085315189386,0.6310439000322443,0.7776924360206623,0.002527334951727111
3.75,30.0,15.125,True,True,3.595564977326965,347,7.556022817137812,86.64843820388832,-0.3757058980454927,5.137402389796663,5.57657848205216,6.20830607093662,0.0455803496476847,11.467466457004475,-0.04972270560027351,0.6799082684272105,0.7380309214265373,0.8216367553649472,0.006032320276257494
3.75,30.0,15.35,True,True,5.342571817969029,51,9.064494128736824,541.5369013257878,-0.30374058697709194,7.16752915288639,7.601072782111684,7.739572574044584,0.1320777521152432,59.742650128590604,-0.033508829358072464,0.7907257758779326,0.8385545485670612,0.853833922127889,0.014570890580261075
3.75,30.0,15.575,True,True,7.960652921738866,54,10.634201549461947,11861.467625675488,-0.23060623643055478,9.335300848245682,9.726284702419385,9.238061860209445,0.3771389722060459,1115.4074493045166,-0.02168533625754184,0.8778563021234081,0.9146229415702113,0.8687123163164853,0.035464719231800515
3.75,30.0,15.8,False,True,13.36437611189435,85,10.688764971874587,2895812.1969325896,-0.23116250624763754,9.913849270861112,10.369368732581203,9.336016408282514,0.6332693857403839,270921.1218089609,-0.02162668061800375,0.9275018486183844,0.9701185085336038,0.873442014381309,0.05924626347447152
4.0,30.0,14.0,True,True,0.31516034694517037,106,2.1806784856124026,1.2774533979644882,0.0650896022650017,0.6564017499051178,0.7600601774237102,1.3311184920870782,0.0003065063111180323,0.5858054758612155,0.02984832596572461,0.3010080368270244,0.3485429798287122,0.6104148322962238,0.00014055547992988785
4.0,30.0,14.225,True,True,0.5030930351467424,86,3.248314764882544,2.9673142687670184,-0.14791936499353084,1.0288204044570655,1.2466587067808943,2.075823222875209,0.000862024077398603,0.9134934523115138,-0.04553726338121037,0.316724356758655,0.3837863005945399,0.6390462049173578,0.0002653757839966512
4.0,30.0,14.45,True,True,0.7974121018389306,91,4.612071918858754,6.889024912760783,-0.3521355985009494,1.6267695283272423,1.9843339884519695,3.124745374484102,0.0025340081425878065,1.4936941647834183,-0.07635084723225316,0.35271989616540556,0.43024784161279694,0.6775144510880291,0.0005494294510513272
4.0,30.0,14.675,True,True,1.2456944316608454,51,6.2195166667293575,16.663808757037984,-0.4274795223978756,2.59832922042593,3.0701007177275472,4.504842929666487,0.007878114638291696,2.6792771287484856,-0.0687319522246209,0.41777028017714235,0.4936236820701397,0.7243075581362559,0.0012666763448733616
4.0,30.0,14.9,True,True,1.9053815648703347,50,7.9966801612358145,47.72532399603002,-0.3869346053512647,4.089326057258183,4.630111993225178,6.190875011889863,0.02412656277733712,5.968142158214629,-0.04838690525937797,0.5113779687077311,0.5790042742574358,0.7741806458510553,0.003017072371393753
4.0,30.0,15.125,True,True,2.8705516513594596,53,9.84567781865218,221.81106911062142,-0.31686428233224295,6.143836358014394,6.732206156187153,8.100683008855574,0.07117370217085055,22.52877589498314,-0.03218308461525709,0.6240135490088028,0.6837727457863084,0.8227653959496021,0.007228928620436398
4.0,30.0,15.35,True,True,4.310548825654937,393,11.676274184767324,2811.1605065633757,-0.24466458958124349,8.658443804818331,9.265559332243637,10.09953662958958,0.20545100554058474,240.75834997355318,-0.02095399488823489,0.7415416654153253,0.7935373206918465,0.8649622704788201,0.0175955961884325
4.0,30.0,15.575,True,True,6.492273056760728,53,13.469058883593979,203076.0781137332,-0.1683108046258399,11.36592739393116,11.939596996392277,12.012951205170957,0.5784292152075609,15077.22847370506,-0.012496107269294909,0.8438546072268982,0.8864462691551028,0.8918923964170475,0.04294503574500799
4.0,30.0,15.8,True,True,9.849559824112326,56,15.185750257093867,219105932.6197616,-0.08178600852207941,13.906592499088246,14.391390232507822,13.731565324322931,1.5582453896952828,14428390.36006196,-0.005385707465054216,0.9157659163130202,0.9476904327321617,0.9042401654082499,0.10261234139336411
4.25,30.0,14.0,True,True,0.23541515504055432,94,2.545307941298043,1.4757401881804781,0.09998861717089519,0.7311895814577454,0.857688180906549,1.5679373298671542,0.00048761901150830707,0.5797884665491154,0.03928350497343104,0.28726959500423244,0.33696833573274815,0.6160108584219266,0.00019157564536557948
4.25,30.0,14.225,True,True,0.3804997200163207,89,3.849971135219011,3.4944490223565077,-0.11375437967675896,1.147876696096206,1.4107590330101967,2.47147696299604,0.0013810206738130882,0.9076559017260583,-0.029546813646510073,0.2981520265426373,0.3664336649448525,0.6419468812083564,0.00035870935789094607
4.25,30.0,14.45,True,True,0.6123458207291346,88,5.576400727275681,8.43870209085022,-0.31424970552035025,1.8271371143676014,2.2553856788261455,3.770479506746954,0.004052660713050588,1.513288320470631,-0.05635350127964623,0.3276552751007618,0.40445186584142806,0.6761493104870533,0.0007267520594830874
4.25,30.0,14.675,True,True,0.9723945478958749,89,7.67559236494214,21.9574605185105,-0.38184055940444744,2.940544505493254,3.506308423288316,5.513590124565468,0.012530340436518203,2.860686117048117,-0.049747373394721156,0.3831032662604693,0.45681274572412073,0.7183276368021442,0.001632491648950753
4.25,30.0,14.9,True,True,1.512568632214512,50,10.006389256577584,72.2854178779781,-0.3354341816728394,4.656657079269794,5.3160866471128045,7.667789854737994,0.03835640849352063,7.223926235975891,-0.033522000101319824,0.4653683721337139,0.5312692231734175,0.7662893835253971,0.003833191724807976
4.25,30.0,15.125,True,True,2.3166078620223116,52,12.35111267544466,439.2651787421885,-0.2624578484639799,7.04837976524648,7.787683162768538,10.099232304489446,0.11312602925938244,35.56482644802479,-0.021249733150420877,0.5706675949333226,0.630524825366648,0.817677934763546,0.009159177171485865
4.25,30.0,15.35,True,True,3.5319420674042155,52,14.524112346253007,8787.573332447875,-0.18591463145359285,10.030272152910621,10.822757068067318,12.59324992515132,0.3237362993558581,605.0334177368802,-0.01280041265320809,0.6905945033878972,0.7451579008791831,0.8670581461317448,0.022289575544310426
4.25,30.0,15.575,True,True,5.397314574582914,95,16.477292564420054,1210402.5203819678,-0.09859118480214724,13.273438505402002,14.053509827703083,14.896357768118808,0.8892763236400236,73458.82314401753,-0.005983457805139562,0.8055594360243238,0.8529016385889316,0.9040537278730482,0.053969808459932704
4.25,30.0,15.8,True,True,8.298460681418778,56,18.209588323011083,2711454340.0581737,0.010958056010213357,16.26963486201684,16.952480972428788,16.823620031240512,2.2685876688202233,148902561.22000104,0.0006017739564362301,0.8934652762828931,0.9309645375676223,0.9238879942157093,0.12458204043819353
4.5,30.0,14.0,True,True,0.1793792801431238,93,2.824102539810756,1.616185947354007,0.12645773943288213,0.7847203778056168,0.927777388068199,1.7494552237752126,0.0007948343333602564,0.5722830260484479,0.04477802687764875,0.2778653985624053,0.32852114078349637,0.6194729826957501,0.00028144669754573377
4.5,30.0,14.225,True,True,0.2934446588692837,48,4.332037621962713,3.876454018830925,-0.08586151972029465,1.2354029030171452,1.5312719142002535,2.7866709302800534,0.0022611980893158462,0.8948338765983808,-0.01982012327986049,0.2851782488577332,0.3534761347493749,0.6432702514290489,0.0005219710184075841
4.5,30.0,14.45,True,True,0.4792822835148214,48,6.394695106142476,9.608367275363568,-0.2821832899793875,1.978760144167621,2.4603839504533496,4.3103432306725855,0.006621932330137732,1.5025528372938646,-0.04412771606707787,0.3094377622893869,0.38475391079865684,0.674049842741095,0.0010355352710681987
4.5,30.0,14.675,True,True,0.7740717297733695,49,8.98683504382189,26.208657343052437,-0.3430407660089714,3.2058210354886634,3.8463769583463767,6.403229258076931,0.02037943074019918,2.916338979769068,-0.03817147686991306,0.3567241436897793,0.4280012862804927,0.7125121610503923,0.002267698321024516
4.5,30.0,14.9,True,True,1.2270028800328643,88,11.906279995564443,93.92009415007244,-0.2900016003826924,5.105064051371842,5.864198288280498,9.036475536286922,0.0622718010094451,7.888281997824793,-0.024357028432955497,0.4287707036348615,0.4925298489927284,0.758967161838405,0.005230164336185928
4.5,30.0,15.125,True,True,1.9164024107838047,51,14.781025642644316,657.8581926434452,-0.2098270410812625,7.773374638011176,8.645313803060183,12.013988401548788,0.18273797572288664,44.506938053437736,-0.014195702392660525,0.5259022496777513,0.5848926868862087,0.8127980217345386,0.012363010533969612
4.5,30.0,15.35,True,True,2.976366361425554,54,17.26935291312152,15725.943966973628,-0.12094564676975239,11.137979624286647,12.100536188845235,14.99599791638819,0.5139193100124847,910.6272855785357,-0.00700348457630141,0.6449563964741168,0.7006942442904772,0.8683589936362931,0.02975903686709656
4.5,30.0,15.575,True,True,4.626576993882345,55,19.271904940370984,2383152.179185796,-0.009816214474484657,14.816909871799831,15.795115551940443,17.60969503282692,1.357857353365179,123659.39882743737,-0.0005093536163060637,0.7688347320954877,0.8195928529541816,0.9137495793650346,0.07045786898422923
4.5,30.0,15.8,True,True,7.223556779767327,57,20.85468610094489,4095038299.619476,0.14228027501911694,18.162022427125816,19.043093168341148,19.622798628552623,3.2273861761985674,196360581.97173905,0.00682246063692469,0.8708844783956219,0.9131325725146416,0.9409299441655729,0.1547559220300295
4.75,30.0,14.0,True,True,0.14286636700234012,94,3.0159494388361443,1.7058771891533133,0.1448391707094678,0.819931207732363,0.9737466538508293,1.8752566823668768,0.001328411516662098,0.5656186298042224,0.048024402811395035,0.27186503764757236,0.3228657089909963,0.6217798807298769,0.0004404621309483001
4.75,30.0,14.225,True,True,0.23605108317921075,49,4.67621735691187,4.120554959448466,-0.06489995345798183,1.294158696078711,1.6116372723739403,3.0126095444700027,0.0037867172514291785,0.881172675465548,-0.013878729003486944,0.2767533237448486,0.344645500704067,0.644240700235436,0.0008097821299585378
4.75,30.0,14.45,True,True,0.39026387667181184,49,7.007091185822619,10.357715962216833,-0.2564982773191112,2.0826301498634803,2.6002563525320794,4.714720884023912,0.011055297406691247,1.4781762770796392,-0.03660552867330765,0.2972175036165144,0.3710892699374533,0.6728499400097949,0.0015777299186657261
4.75,30.0,14.675,True,True,0.639559338429112,50,10.01940045553163,28.90978260102674,-0.31014350546229885,3.3903111828100734,4.083945443707206,7.104892094402477,0.03381962862011353,2.8853804905128717,-0.03095429779843475,0.33837465603426503,0.4076037744805871,0.7091134969537947,0.0033754144043061964
4.75,30.0,14.9,True,True,1.0316153163222217,51,13.468770998037956,106.9195187390548,-0.24717019901435522,5.419652185197559,6.253296504062548,10.172910672896625,0.10267024824639817,7.938327762394219,-0.018351355075408245,0.40238654187431494,0.4642811511884409,0.7552961346197474,0.007622837173588779
4.75,30.0,15.125,True,True,1.6422587774078503,52,16.825516554274348,763.3766976919219,-0.1518657693490574,8.281469329786736,9.256744646890521,13.66529940759198,0.29717689011592135,45.370178991502875,-0.00902592017660685,0.4921970331830861,0.550161097106938,0.8121771098980288,0.017662274388861282
4.75,30.0,15.35,True,True,2.598209976981136,59,19.556689121763558,16832.576846761156,-0.03761361622168004,11.904470501551843,13.004873876747991,17.088253934762882,0.8107685233327694,860.7068784474931,-0.0019233120692102184,0.6087160473550718,0.6649834128761389,0.8737805171605612,0.04145735089844579
4.75,30.0,15.575,True,True,4.105611964932098,55,21.5046447856043,1737761.1892441544,0.11718615162345955,15.868149157428999,17.01394861240665,19.9127076135503,2.0283440261994357,80808.6442054347,0.005449341423295987,0.7378940371082763,0.791175524266096,0.9259724032679825,0.0943212057870054
4.75,30.0,15.8,True,True,6.498233490442713,55,22.848766398356652,1059299554.2795022,0.3411737602759369,19.43756058169166,20.494505504589096,21.88887251628269,4.451213921701383,46361345.54536345,0.01493182407871591,0.8507050333837569,0.8969633260403554,0.9579892469755829,0.1948120018427571
5.0,30.0,14.0,True,True,0.12035929646991747,97,3.1370966290230666,1.7572618375302131,0.15734684127244175,0.841598567852476,1.0016316105761105,1.9565651547708405,0.002264909358547214,0.5601554702755356,0.050156836042835454,0.26827307774531667,0.3192861836991077,0.623686607760036,0.0007219762813785359
5.0,30.0,14.225,True,True,0.20032250832263795,49,4.898586908559749,4.253221869108936,-0.048718477587182646,1.330661636208382,1.6605901923100486,3.1627763648783747,0.006454435757750296,0.8682548556353858,-0.009945414564770178,0.271641936960064,0.33899371865962963,0.6456507609065313,0.001317611768094156
5.0,30.0,14.45,True,True,0.3341114167427717,86,7.415074928357953,10.728510851601168,-0.2343699049345455,2.1472375824192644,2.68620609109131,4.993671082092667,0.01875119589600849,1.4468513070004765,-0.03160722004820604,0.2895773276959676,0.3622628384803338,0.6734484992181328,0.0025287938526820644
5.0,30.0,14.675,True,True,0.5534839280440484,49,10.730623277214304,29.969927581135238,-0.27870337893662817,3.5035778095783963,4.230745261110667,7.611489225212292,0.05681577046125234,2.7929344649321717,-0.025972711159139697,0.3265027313947353,0.39426836184756814,0.709324055889161,0.005294731628674029
5.0,30.0,14.9,True,True,0.9049732884352537,50,14.575119084932437,108.75355293935708,-0.19966341338822619,5.6078984623843375,6.491708904840559,11.0331640014298,0.17000624760747501,7.461589322572674,-0.013698921581686119,0.3847583288826578,0.44539662880364395,0.7569861993673682,0.011664141240754952
5.0,30.0,15.125,True,True,1.462732386865341,53,18.291830171879763,705.6883441036688,-0.07661187728704463,8.574726152923166,9.623110533063636,14.96104120581465,0.47929883477366436,38.579427945298306,-0.004188311205995173,0.46877354930318504,0.5260879005894857,0.8179083812408464,0.02620289114155979
5.0,30.0,15.35,True,True,2.348229052022847,55,21.180063473558285,11468.395529065172,0.08292658165718507,12.330019074114805,13.533105937448083,18.74510964395837,1.2487564274405802,541.4712540112356,0.0039153131793354945,0.5821521304460634,0.6389549282674788,0.8850355744854225,0.0589590502880012
5.0,30.0,15.575,True,True,3.7559339256624718,55,23.043375239850572,562896.2558978894,0.31083625050512337,16.444272493650235,17.72266007816768,21.689944510718828,2.9199813930395138,24427.68257856741,0.013489180611335609,0.7136225627750906,0.7691000078633708,0.9412659510577618,0.1267167401757091
5.0,30.0,15.8,True,True,6.000467697006187,55,24.184327908640935,77926176.41139653,0.6493863055593804,20.161420342985945,21.36686766752358,23.55390952961711,5.9168003109815395,3222176.638762573,0.026851534101444186,0.8336564249024416,0.8835005772432198,0.9739327724381962,0.24465432048940658
5.25,30.0,14.0,True,True,0.10701040923482391,68,3.2075684807498828,1.7808674249618772,0.16657842771067088,0.8541423871337022,1.017001824936064,2.007400867545491,0.003911325929576781,0.5552079201581182,0.05193292947925691,0.2662896808781511,0.31706316826579606,0.6258325830275617,0.0012194052763177079
5.25,30.0,14.225,True,True,0.17897758315818124,87,5.028395605809501,4.297886796529153,-0.03398983369262161,1.3515790376080492,1.6869003177504758,3.259213397725338,0.011115812776333492,0.8547232822261711,-0.006759578274500088,0.26878932040401066,0.3354748611667575,0.6481616907706789,0.002210608243212002
5.25,30.0,14.45,True,True,0.3001868921300526,89,7.655016034970822,10.768565026358392,-0.21107967915410628,2.182615987704548,2.7313156672431718,5.178984102989126,0.03203226020636273,1.406733176934415,-0.02757403487985128,0.2851223273385171,0.35680077674110094,0.6765477798256326,0.004184479831267241
5.25,30.0,14.675,True,True,0.500703910474358,49,11.151394391861677,29.45335961263201,-0.2417000318468357,3.559827970058176,4.304785344602562,7.961895175606668,0.09552185224839638,2.641226610559767,-0.02167442235055637,0.31922716074468227,0.38603112699020026,0.7139820273433504,0.008565911032445282
5.25,30.0,14.9,True,True,0.8257859550039326,51,15.231476666753878,99.81116220001347,-0.13648595508592717,5.689016749700281,6.603128880986584,11.652168315311705,0.27847426851945867,6.552953753845402,-0.008960782862494118,0.37350395330466146,0.4335186289192431,0.7650058211850977,0.018282814897868135
5.25,30.0,15.125,True,True,1.3471998739970792,54,19.166568110518185,531.1482396052027,0.03351052830437939,8.683522420337031,9.780061757553836,15.91806689133965,0.7528550434409574,27.712224564277648,0.0017483843800909541,0.45305567330917773,0.5102667155204879,0.8305121083520514,0.039279595548866536
5.25,30.0,15.35,True,True,2.180768107452179,55,22.16039861460206,5377.164418747522,0.2676566567410099,12.476215434329438,13.753288012537759,19.969285469386023,1.845271613702553,242.64745920248788,0.012078151724429904,0.5629959844724335,0.6206245768284765,0.9011248315825756,0.08326888183710991
5.25,30.0,15.575,True,True,3.5109289972945437,55,23.99287143301994,103373.77276918304,0.6112457542537848,16.66437340935677,18.04724033811852,22.96235687525023,4.007130199497619,4308.520264353017,0.025476140109372828,0.6945551913566543,0.752191766146056,0.9570491360049771,0.16701336522742535
5.25,30.0,15.8,True,True,5.64031797155095,92,25.032393119935673,2944096.3542361762,1.1263553071048948,20.507742260607664,21.83797577502636,24.68348937738641,7.545594590878784,117611.46208156632,0.04499590996786764,0.8192481702548607,0.8723886553872753,0.9860619102265777,0.3014332091512861
5.5,30.0,14.0,True,True,0.09931147599318901,92,3.2433579381013544,1.7826104269677783,0.17499580767658798,0.8607530518379675,1.0236908650469905,2.0397673702645664,0.006792845215471417,0.5496187781270018,0.05395513261759498,0.265389472350945,0.3156268548164789,0.6289060317094191,0.002094386541698791
5.5,30.0,14.225,True,True,0.1665887969484335,86,5.091869087701517,4.2651856106791985,-0.016780426718108702,1.3619341835250565,1.6967329358043368,3.322867547341732,0.019187785055305634,0.8376463607402983,-0.003295533806758459,0.2674723485752139,0.33322399036190586,0.6525830672606084,0.003768318612442381
5.5,30.0,14.45,True,True,0.2802221198166797,49,7.767992314108142,10.49477080971447,-0.18044321467307964,2.1967436389419897,2.745402118396971,5.306002123616209,0.05454479672563908,1.3510274451036703,-0.023229067096958975,0.28279426010145353,0.35342492723773705,0.6830596515884171,0.007021736701074669
5.5,30.0,14.675,True,True,0.4688588499966888,50,11.341310509539035,27.4558719818652,-0.18963971210649352,3.571753110982357,4.321701972908744,8.210940029913113,0.1584594359743261,2.4208729633821777,-0.016721146286135975,0.31493301483794134,0.3810584296474216,0.7239851182107212,0.013971880572447765
5.5,30.0,14.9,True,True,0.7759358606666862,53,15.521461707294524,82.93735285586668,-0.04267022912401452,5.685418228693887,6.614466533290443,12.102885119962536,0.4432915456019716,5.343398348680597,-0.0027491115159573574,0.3662939957531156,0.4261497182434747,0.7797516334608241,0.028559909753450647
5.5,30.0,15.125,True,True,1.2696622735777694,54,19.572898740176587,335.0546873448964,0.2023747236331116,8.654039061596364,9.779926223926264,16.616351371094062,1.1310256629424786,17.118296670954603,0.010339537659677576,0.44214396531018313,0.49966672559600794,0.8489468827111578,0.057785291691151645
5.5,30.0,15.35,True,True,2.060267538373792,54,22.67337285067165,1945.6482244085116,0.5533919894431731,12.43500171251565,13.764661227173079,20.840325176264937,2.5821960322022677,85.81203322605246,0.024407131355703,0.5484407544661927,0.6070848531371162,0.9191541687917678,0.11388671854023587
5.5,30.0,15.575,True,True,3.326297448279342,54,24.55679686169094,14496.889582895059,1.0743875327566494,16.673128967113925,18.137421459960212,23.821396888048227,5.211714439819459,590.3412266894823,0.043751126777968094,0.6789618801271396,0.7385906868112317,0.9700530986274537,0.2122310360415869
5.5,30.0,15.8,True,True,5.36688159968601,52,25.578498596684398,102245.741752573,1.8571495152835378,20.643795807880505,22.07304795492487,25.397396323718343,9.19989708920729,3997.3316403264794,0.07260588451912772,0.8070761358352928,0.8629532289196239,0.992919745766879,0.3596730689423586
5.75,30.0,14.0,True,True,0.09498361881135646,90,3.2543086060122475,1.7635057623711234,0.18501843497776554,0.8633641642352613,1.0236646691132059,2.062621535332837,0.011781736580640178,0.5418987489733131,0.05685337728448647,0.2652987988417015,0.31455672864645134,0.6338125190469642,0.0036203501287105154
5.75,30.0,14.225,True,True,0.15953255779758846,48,5.106080554811796,4.151890292052771,0.007635202231795399,1.364829775983938,1.6931136473861623,3.3703276892169747,0.032905517747313304,0.8131266726961782,0.0014953156633222804,0.26729499492478026,0.3315877274577327,0.660061597743673,0.006444378891810524
5.75,30.0,14.45,True,True,0.26845153909181796,49,7.784960603465932,9.897102662929834,-0.13449229383359215,2.1948018555290925,2.733663212090283,5.404552465982543,0.0914504434688637,1.2713105649530914,-0.01727591193893968,0.2819284473388276,0.35114669827272244,0.6942299057462653,0.011747065672772856
5.75,30.0,14.675,True,True,0.4488613341228729,51,11.359313912932713,24.182185080138694,-0.11022826181888527,3.549425284170739,4.292279586447331,8.407679670126653,0.25512353855420733,2.1288420467548654,-0.00970377812108785,0.3124682803359873,0.3778643340035282,0.740157348812626,0.022459414407391822
5.75,30.0,14.9,True,True,0.741764067167953,53,15.55489973525181,62.82945884536369,0.1007379236273673,5.620668914111744,6.551100384280263,12.454027288663276,0.6735761645185637,4.039206932525212,0.006476282415312946,0.36134395012355597,0.42115992361131155,0.8006497952821208,0.04330315051739288
5.75,30.0,15.125,True,True,1.2116520382904357,54,19.681184213296188,186.38791834670758,0.4603149827657772,8.538652882072345,9.67713090215675,17.13582747240306,1.6027545750052719,9.470360946105462,0.023388581590268243,0.4338485321581317,0.4916945442550701,0.8706705494289547,0.08143588097318276
5.75,30.0,15.35,True,True,1.9652429388245527,54,22.91554431357402,631.659638548368,0.9889129013322854,12.297724425409191,13.658208226671237,21.443086997253967,3.4001384728192785,27.564679673535156,0.043154676485101115,0.5366542577880045,0.5960237313054265,0.9357441701505714,0.14837694563533482
5.75,30.0,15.575,True,True,3.180018920711827,52,24.9038146699494,2108.466267582814,1.7776325517818363,16.588375045818637,18.10396327483336,24.36753643523081,6.416171658815186,84.66438959357619,0.07137993015691872,0.6660977551296698,0.7269554289077973,0.9784660204942137,0.2576381066053051
5.75,30.0,15.8,True,True,5.156684383153764,51,25.943534873795656,5301.407736772396,2.958713732266624,20.68484009273632,22.172599094355164,25.82234753300944,10.713670073989256,204.34407888367974,0.11404435620124695,0.7973023026106247,0.8546483431118965,0.9953288038281699,0.41296107589450465
6.0,30.0,14.0,True,True,0.09262162948932975,90,3.2447589617886083,1.720357521102235,0.19930323223806945,0.8629232485165135,1.0173064148125353,2.082532858202856,0.020248468925345216,0.5301957838353338,0.061423124054862784,0.26594371374841486,0.313522954029154,0.6418143482235431,0.006240361507217674
6.0,30.0,14.225,True,True,0.15548260064712682,91,5.0794964236223334,3.945965604928203,0.04509499345721999,1.361924226305101,1.6764604551848885,3.4139911598750383,0.05545586839057964,0.776841890581394,0.008877847269958597,0.2681218988503341,0.3300446176885694,0.6721121298556647,0.010917591777933075
6.0,30.0,14.45,True,True,0.260983793845957,50,7.72640009266206,8.975444152549565,-0.0632614958544194,2.1803529236632944,2.6978174509381447,5.4963775532878065,0.1487375175543801,1.1616592520330071,-0.008187706447469668,0.2821951876054187,0.3491687485223971,0.711376253801281,0.019250558574573372
6.0,30.0,14.675,True,True,0.43444517437236707,51,11.257175820684402,20.080883825463037,0.011388109864648062,3.5028329929938042,4.224267877488074,8.58490505191496,0.39187718590760223,1.7838296341224045,0.0010116311627400433,0.3111644562357775,0.37525112379663017,0.7626162359604173,0.03481132320839751
6.0,30.0,14.9,True,True,0.7144564189685437,52,15.436581808525817,44.22628302089012,0.3155827654888763,5.520864042903992,6.4360783968006,12.746303330264306,0.9633402915363889,2.865030844876771,0.02044382424835633,0.3576480927827396,0.4169367594868621,0.8257205829871198,0.06240632178066287
6.0,30.0,15.125,True,True,1.1631955564033487,53,19.63728103832217,98.15494686070714,0.8428822337027074,8.388412014196854,9.516770884893468,17.52279786128901,2.1281661060033925,4.998398030213943,0.04292255287571747,0.4271676917912853,0.4846277275515629,0.892323016974359,0.10837376629943192
6.0,30.0,15.35,True,True,1.8866166664596875,53,23.023811595633074,214.662388885538,1.635108405604625,12.137510786832223,13.494086596731947,21.839510782217417,4.212821300729352,9.323494852010214,0.07101814566249995,0.5271720860126542,0.5860926432915813,0.9485619134565763,0.18297671014335426
6.0,30.0,15.575,True,True,3.0638184064208733,51,25.12932219224697,408.19997026351155,2.819068269931395,16.489185091344662,18.004486670513256,24.693035664961766,7.496922213654398,16.243970575117682,0.11218242371858118,0.6561730939337469,0.7164732312624053,0.9826383487804613,0.2983336421213696
6.0,30.0,15.8,True,True,4.998384964100775,52,26.190274791122604,563.8830417042004,4.56602193842762,20.700697416162956,22.182569399252124,26.069405476907633,11.953770282632671,21.53024533730104,0.17434036010860446,0.7903963429654284,0.8469773446886887,0.9953849543321347,0.4564201932957379
6.5,30.0,14.0,True,True,0.09051289193238213,99,3.1648139634276555,1.5408024411775043,0.2524432715174237,0.8537153407753799,0.982237797547491,2.1322323474888747,0.05566789434978806,0.486854032806635,0.07976559584058922,0.26975214045465173,0.31036193877370194,0.6737307064897925,0.01758962611802208
6.5,30.0,14.225,True,True,0.15059901868950998,52,4.919194260469642,3.239464155469336,0.18458531224453287,1.3429454186700978,1.6003876586795729,3.5207565510255465,0.14103399321496782,0.6585355210509739,0.03752348504059896,0.27300109480569384,0.32533532402657783,0.7157181368741911,0.02867014103271114
6.5,30.0,14.45,True,True,0.2494229723253554,49,7.4509704342453675,6.47709823858273,0.1964497225346313,2.131244261563097,2.557984924619504,5.699569996879663,0.3369846931281569,0.8692959253754883,0.026365655892516996,0.28603579632630083,0.3433089618585469,0.7649433113683954,0.04522695346895261
6.5,30.0,14.675,True,True,0.4093524760501378,51,10.872665285334426,11.97580316801258,0.439504189436218,3.3896330343502816,4.001622397760864,8.913500309175863,0.764584590841081,1.1014597482519874,0.0404228565767625,0.3117573240226922,0.36804429206134437,0.8198082140171115,0.07032172616151344
6.5,30.0,14.9,True,True,0.6671022846544984,90,15.045700466682666,19.984635445425702,1.0394177903649802,5.326060022638341,6.1198224017727165,13.175511651416862,1.6123875720106642,1.3282622161513755,0.06908404116290073,0.35399216104510495,0.40674891908984273,0.8756994518528953,0.10716600237929431
6.5,30.0,15.125,True,True,1.0850632872589807,51,19.420131599644062,30.201513953715263,2.1063052001080496,8.146196288541912,9.120860729732387,17.96525985745455,3.112033150671907,1.5551652571843955,0.10845988294675894,0.41947173461436366,0.4696600887040105,0.9250843520434138,0.16024778898660733
6.5,30.0,15.35,True,True,1.771170518435245,51,23.08391292995713,41.975553048971314,3.763022377599838,11.932101306187432,13.083072232247108,22.211010569808266,5.511187594954562,1.8183898534159506,0.16301492684614916,0.5169011571995039,0.5667614616267488,0.9621856847754761,0.2387458145279357
6.5,30.0,15.575,True,True,2.908288552814569,48,25.373013386287898,52.40041171754106,6.177050826793205,16.41678304331849,17.67545844234336,24.984997533903012,8.99838223157686,2.065202540974472,0.2434496341743709,0.6470174745657312,0.696624329686262,0.9847075376315145,0.3546438136685717
6.5,30.0,15.8,True,True,4.804360351050272,48,26.45550128605945,56.584728215996826,9.432406342735662,20.799780146521734,22.004272817912216,26.310700568546125,13.491005730754281,2.138864336916336,0.3565385603827513,0.7862175780234426,0.8317465838194954,0.9945266311173764,0.509950863711786
7.0,30.0,14.0,True,True,0.08822032308488167,55,3.008398974332861,1.2453093060969311,0.3475207428708231,0.833724612122309,0.9149855788417818,2.2080624872707215,0.1259935272272103,0.4139441997958696,0.11551683996564613,0.27713232827012074,0.30414369458581797,0.7339659752943436,0.041880591072582206
7.0,30.0,14.225,True,True,0.1444311901174476,48,4.666081312785021,2.3404359498256984,0.4215399405744579,1.3168359351251568,1.475755780596074,3.6551862378101982,0.2810045646885841,0.5015849045349734,0.09034131904633601,0.2822145279631193,0.3162730526260904,0.7833524520447213,0.06022281778901582
7.0,30.0,14.45,True,True,0.23628349856123493,48,7.1000533047376875,4.1298127198828745,0.6272578871088929,2.0933873985635056,2.3580539913887577,5.89603006932053,0.583036948669075,0.5816593964339893,0.08834551801045486,0.29484108199112263,0.3321177870334139,0.8304205357706621,0.08211726358167326
7.0,30.0,14.675,True,True,0.38570895364954494,49,10.470879282309351,6.696969563989958,1.1307913314191311,3.333824637210015,3.718679657829313,9.13495933370078,1.1461947773798848,0.6395804386079162,0.10799392304422932,0.318390132034331,0.35514492695107824,0.872415686152965,0.10946499777878174
7.0,30.0,14.9,True,True,0.6299836279476079,48,14.693532540553218,9.858999981150607,2.1474558533704386,5.2603059981120035,5.755804281537047,13.35985438964536,2.1340733718783156,0.6709754753624013,0.14614973271019727,0.3580014529245362,0.3917236556730924,0.9092336613250087,0.14523895911268503
7.0,30.0,15.125,True,True,1.033307413993947,47,19.225776824115034,13.460273003762468,3.9216635659918984,8.106383181967173,8.689701729722952,18.08858125781441,3.7460732295269508,0.7001159498990516,0.20397945954895966,0.4216413857358043,0.4519818267537255,0.9408504750313013,0.19484639106120402
7.0,30.0,15.35,True,True,1.705483270315863,47,23.074471667418617,17.785222435942252,6.623475630797207,11.96993403147559,12.624901903901046,22.30718269431132,6.202744768870375,0.7707748498985206,0.2870477697718913,0.5187522472454811,0.5471372036538341,0.9667472788037562,0.2688141621733733
7.0,30.0,15.575,True,False,2.8309428167619313,46,25.466194348717206,22.711184698731362,10.289126225845882,16.56319984703515,17.256145388038682,25.086115381012565,9.686515239057742,0.8918169863835732,0.40403077448296354,0.6503994911932917,0.6776098992941172,0.9850751564014595,0.38036760053021723
7.0,30.0,15.8,True,False,4.718581995846831,48,26.557141090835557,27.126587443790132,14.639063862705205,21.03083823616202,21.682576642582475,26.409102084176382,14.127511678903113,1.0214423062711024,0.5512289072319201,0.7919089695772796,0.816449954775621,0.994425642197222,0.5319665859582412
7.5,30.0,14.0,True,True,0.08382491878417102,50,2.8264126740679503,0.9474293542951143,0.4558425238853282,0.8063777238865139,0.8365963588670449,2.2853299175934887,0.21583824687808473,0.3352055993053253,0.16127953574070664,0.2853007741172928,0.29599228964076324,0.8085620116839833,0.07636473217742715
7.5,30.0,14.225,True,True,0.13647089804537849,48,4.424476874405497,1.634691093070821,0.6788769943557761,1.2928761910143969,1.3502980153884114,3.755624112109785,0.4231488129703408,0.3694653943220054,0.15343666915356963,0.2922099555979975,0.3051881733633983,0.8488289618678178,0.09563815677694054
7.5,30.0,14.45,True,True,0.22367863503891744,47,6.8166730858571585,2.6909163016210025,1.0928877267524115,2.0803207264511596,2.1742839628171953,5.9939208474280345,0.7844348961322044,0.3947550759334434,0.1603256769082666,0.30518123727647867,0.31896556214911853,0.8793029637674538,0.11507591551657433
7.5,30.0,14.675,True,True,0.36765064710616036,47,10.184560593125084,4.188203669760205,1.8666987241441,3.338101061969491,3.4713407384666177,9.193880816381352,1.3994133747852375,0.41123066935134944,0.18328711455692878,0.32776093101383474,0.34084344697304736,0.9027272931723266,0.1374053757144798
7.5,30.0,14.9,True,True,0.6064332182327437,46,14.46658228424187,6.1733324558532505,3.2472769011215536,5.290029809384377,5.454348878610135,13.372999816769369,2.4167636128154153,0.4267305390145761,0.2244674545320038,0.36567239624708664,0.3770309235064759,0.9244063009503138,0.16705836702342217
7.5,30.0,15.125,True,False,1.0053825827345517,45,19.109456945827958,8.80648571903605,5.508627435689156,8.175171942827415,8.357189873986991,18.087790800135277,4.033429739884322,0.4608443737569797,0.28826708426645364,0.427807653875389,0.43733267238719525,0.9465360973580291,0.211069825339276
7.5,30.0,15.35,True,False,1.674721522849131,46,23.06170216254003,12.401864539194623,8.796248015046233,12.093785978892909,12.28801652602055,22.325631968457554,6.477774026954664,0.5377688278074906,0.3814223231680748,0.5244099457037169,0.5328321578092543,0.9680825730514332,0.28088880782949105
7.5,30.0,15.575,True,False,2.798689227555024,44,25.50156303756387,16.908520983136473,13.031464981297981,16.743871986732305,16.944186431589607,25.123112020124903,9.939788940084037,0.663038612897185,0.5110065199573296,0.6565821852593324,0.6644371722090436,0.9851596932752119,0.3897717534192983
7.5,30.0,15.8,True,False,4.685956707667369,85,26.594230891514172,21.54326998839705,17.70087945690294,21.238254894591947,21.42449583543881,26.446306658636594,14.352406726491601,0.8100730596902199,0.6655909520042195,0.7986038393525703,0.8056068973318214,0.9944377322479825,0.5396812107497811
3.5,33.0,14.0,True,True,0.515598880327392,111,1.3314669410983835,0.822596666172235,-0.05297361785300341,0.4515225093863984,0.5019215153568666,0.8563053255685203,0.00014208338191447172,0.6178123097022898,-0.03978590546852273,0.33911657544716683,0.3769688152698784,0.6431292427449365,0.0001067119111476107
3.5,33.0,14.225,True,True,0.8109755805016395,88,1.9468828877764501,1.8508765998947827,-0.29146276647478137,0.7119546810400746,0.8240507659122399,1.3139217387097604,0.00039657856450192656,0.9506871787283944,-0.1497073955011558,0.36568952632441265,0.42326673632300227,0.6748848361446129,0.0002036992399449676
3.5,33.0,14.45,True,True,1.2637231735456373,210,2.6938090209705385,3.985758283681951,-0.5376981238428911,1.113335015563284,1.3087137589305886,1.941471724892308,0.0011789209208030985,1.4795994269281727,-0.19960513891558898,0.41329396660872647,0.4858227694475085,0.7207161717027828,0.00043764086897977317
3.5,33.0,14.675,True,True,1.944429578791636,214,3.5436641755818443,8.26468697151477,-0.662620203583342,1.7521662248373553,2.0204764955451946,2.7506349406476303,0.0037519292300167983,2.3322432832275277,-0.1869873020556595,0.49445041573378273,0.5701659060888429,0.7762120800275877,0.0010587711036136088
3.5,33.0,14.9,True,True,2.933975369465853,51,4.51294188519296,17.479392340044164,-0.6617684163616977,2.734769138702904,3.0386088338530586,3.732018704729469,0.011605091971316666,3.87317027001707,-0.1466379211602461,0.6059836816591253,0.6733099851834534,0.8269591764463634,0.0025715137191092956
3.5,33.0,15.125,True,True,4.356598429250614,51,5.620786333849564,43.87135874235499,-0.6137540003947904,4.072319105734521,4.381623358955915,4.843830881698864,0.03421431087284387,7.805199510636509,-0.10919361881782164,0.7245105691369469,0.7795392136806291,0.8617710394946504,0.006087103981661437
3.5,33.0,15.35,True,True,6.439383653122098,169,6.844731916662448,167.8406963615677,-0.5538440876570091,5.661982121443202,5.953553239955777,6.011551061547286,0.09928606962256299,24.521149755037932,-0.08091538052918637,0.8272029044205482,0.8698007916807914,0.8782741434932009,0.014505472359095075
3.5,33.0,15.575,True,True,9.531318427501226,375,8.172237163739199,1482.6388713588412,-0.4911322323196864,7.365007558190238,7.616466317257576,7.191646620056325,0.2855820918034062,181.42386737592687,-0.06009764798541031,0.9012229345067595,0.9319928147768866,0.8800095342271974,0.034945399415297736
3.5,33.0,15.8,True,True,14.254490239984438,326,9.512652140312104,60747.62697051476,-0.4292467885816435,9.005537041495785,9.202536736048135,8.46603932948893,0.8157721006063248,6385.982171373888,-0.04512377644533107,0.9466904611525423,0.9673996904659445,0.8899767598577577,0.08575653651301915
3.75,33.0,14.0,True,True,0.3976775135623589,105,1.7551382957722683,1.0964962725408458,-0.022063599135757495,0.554241511844512,0.6340844767242275,1.155910978970145,0.00022204133557635197,0.6247349711313677,-0.012570860762883313,0.31578224529631344,0.3612732274440104,0.6585868371480887,0.0001265093104692658
3.75,33.0,14.225,True,True,0.6287568495693051,51,2.585434556254726,2.5599758934892445,-0.27390258475610774,0.8676762960345726,1.0374240783853064,1.780192726219503,0.0006259523317473718,0.9901530430527079,-0.10594063736538141,0.3356017246444996,0.4012571410386517,0.6885468138858248,0.00024210720408028027
3.75,33.0,14.45,True,True,0.9875641372809785,222,3.614356466665619,5.868019595500097,-0.5182542123907083,1.362710311535265,1.642362080833212,2.6401763704201886,0.0018577735249999134,1.623530952084969,-0.14338768662428517,0.3770270929564446,0.4543995856469446,0.7304692812593141,0.0005139984232694624
3.75,33.0,14.675,True,True,1.5299626464409695,259,4.802590894743968,13.658131008442671,-0.6266824069102281,2.164848398193389,2.530763550650051,3.75090912972954,0.005836210845618419,2.8439089041272174,-0.13048840108285703,0.4507667726940126,0.5269579704196248,0.7810178322360529,0.0012152213198100344
3.75,33.0,14.9,True,True,2.318900029968999,51,6.136673801235799,35.99394959992473,-0.612041020289143,3.4009386298892563,3.81014920947564,5.096519286278369,0.017902455520017034,5.865384207431116,-0.0997349769782273,0.5541990237780567,0.6208818217954415,0.8305019056499362,0.0029172897403169536
3.75,33.0,15.125,True,True,3.4576588687553396,92,7.592619539436207,141.39219105934652,-0.5592610273856448,5.096123030890162,5.524546808973926,6.624349766054156,0.05272818046630572,18.622320047113234,-0.07365850803939702,0.671194309739979,0.7276206558591969,0.8724722385531317,0.006944662536089761
3.75,33.0,15.35,True,True,5.135867367712434,54,9.123793113976799,1329.135898886683,-0.49953170813464337,7.146841067662443,7.570174083753653,8.237198043076944,0.15265536649015438,145.6779962327917,-0.05475044226610174,0.7833190624099258,0.8297178584811238,0.9028260439683059,0.0167315681738005
3.75,33.0,15.575,True,True,7.642259898653906,53,10.723647907214168,61546.00075408661,-0.43702030710851736,9.359053843146503,9.743342722795825,9.821974557405944,0.4353654087581808,5739.2783954313245,-0.040752951876993154,0.8727490798024378,0.9085847285456977,0.9159172925472836,0.04059862954520312
3.75,33.0,15.8,True,True,11.456473611402972,96,12.334058928097816,39029580.79252353,-0.37124436156361057,11.489806570958743,11.805238293262496,11.378551083839367,1.2143194469798886,3164374.438297155,-0.030099123388967353,0.9315511331621896,0.957125173641693,0.9225309486659142,0.09845254137821469
4.0,33.0,14.0,True,True,0.29672261899813956,73,2.1702403721268935,1.356335032037748,0.013085079235633594,0.645091551449755,0.7534029707552875,1.4545180392120385,0.00034716830165744,0.6249699569953643,0.006029322559698706,0.29724428673195685,0.3471518548965765,0.6702105710929025,0.0001599676727593109
4.0,33.0,14.225,True,True,0.4739334502615661,49,3.2407924039963354,3.2511348336951307,-0.2447998726538907,1.0093360128622813,1.2333225622794428,2.260323284174184,0.0009871671239415464,1.0031913274315385,-0.07553704222214892,0.3114472903656629,0.3805620380862993,0.697460066058813,0.00030460671369268694
4.0,33.0,14.45,True,True,0.7538375688952179,88,4.61481262515164,7.873278942746201,-0.4857264473317742,1.597527687472461,1.9570792955774114,3.387685631494669,0.002923656070115143,1.70608854189123,-0.10525377448359856,0.34617390070522464,0.42408640491944194,0.7340895300994699,0.000633537330244058
4.0,33.0,14.675,True,True,1.1822478653045188,49,6.248446178876329,20.31336762333804,-0.5835686345653951,2.5615756116251327,3.0252313301352474,4.861542879943929,0.009105679572882244,3.250947042163854,-0.09339420039148667,0.4099540170938603,0.48415737985587975,0.7780402904611704,0.0014572710258216126
4.0,33.0,14.9,True,True,1.8115893412099893,52,8.076532928776151,65.42736834195742,-0.5616345573950766,4.051287921222025,4.575535707185255,6.65439867037009,0.027856091741077667,8.100922625950554,-0.06953906612502128,0.5016122582485307,0.5665222624033296,0.8239177291856148,0.003449016055122893
4.0,33.0,15.125,True,True,2.72840514597977,132,9.997132688074405,385.1891866829423,-0.5070841487938459,6.122186983660817,6.690759554969483,8.683148625860976,0.0821026370871717,38.52996641151268,-0.050722958733832486,0.6123942909114314,0.6692678554672882,0.8685639069509519,0.008212618522620199
4.0,33.0,15.35,True,True,4.089224427987542,52,11.91223294396615,7661.848151421699,-0.4470014873299033,8.692520952352334,9.282449258541366,10.811497818718777,0.23662535710276647,643.19159870884,-0.03752457573928832,0.7297138154736403,0.7792367142419897,0.907596239057353,0.019864063959782054
4.0,33.0,15.575,True,True,6.138607120285067,57,13.80195184505276,1198528.9574527163,-0.3814279810892254,11.512635449024822,12.077572533328174,12.861214690991055,0.6642983536144812,86837.64230653529,-0.027635800020990968,0.8341309677262401,0.8750626483063205,0.9318402813875266,0.04813075433621337
4.0,33.0,15.8,True,True,9.268175195029155,57,15.636682580634252,4524387981.690522,-0.30604885846399416,14.220542098436423,14.707266979758078,14.727249522901062,1.7798143383026874,289344492.24504274,-0.019572492879214042,0.9094347234526783,0.9405618425722065,0.9418397698460985,0.11382301387296531
4.25,33.0,14.0,True,True,0.21908691383166934,96,2.5272632383448483,1.5641903210493084,0.04456435222093002,0.7168861285396488,0.8484587267432445,1.7146909694660466,0.0005515206722339569,0.6189265515822269,0.01763344298479807,0.28366104395565495,0.3357223394342237,0.6784773914525143,0.00021822842348435297
4.25,33.0,14.225,True,True,0.3542554234461054,49,3.834100948182486,3.825614800317825,-0.2148543228390431,1.124769804765749,1.3931493270341337,2.6960726925352554,0.0015781525044960703,0.997786665510546,-0.05603773237658034,0.2933594654827578,0.36335749784953913,0.7031825006624562,0.0004116095339754099
4.25,33.0,14.45,True,True,0.5719350756757338,48,5.578918287926262,9.65860495457399,-0.4520190373416119,1.795172485188756,2.221936808562028,4.099793762503916,0.00466463099782189,1.731268402958486,-0.08102270261241482,0.3217778774558892,0.3982737681192931,0.7348725238325455,0.0008361174616801527
4.25,33.0,14.675,True,True,0.9112497814395816,50,7.73193166331613,26.937013941182705,-0.5426480230421661,2.9034835565405186,3.4545041841931474,5.973619644896629,0.014447744716931736,3.483866013584211,-0.07018272362865544,0.37551852279243375,0.44678410707933663,0.7725908485764625,0.0018685815325397324
4.25,33.0,14.9,True,True,1.4191395758407903,51,10.167992357296749,100.74851640479383,-0.5157726119738474,4.623261047853356,5.257641691607567,8.280868768763012,0.04417812367730186,9.908398124679426,-0.0507251179829732,0.4546876989473359,0.5170776596654876,0.8144054871186542,0.004344822667534637
4.25,33.0,15.125,True,True,2.171369581427276,91,12.663384534289609,787.2834853402887,-0.45880747609339245,7.045132478180184,7.75556668921639,10.884614863600966,0.13012158429538673,62.1700686106863,-0.03623103087891271,0.556338825461988,0.6124402736263794,0.8595344186325439,0.010275419177475549
4.25,33.0,15.35,True,True,3.300682279832709,54,15.012124750975103,24870.688710759106,-0.39486591353186956,10.118754045405513,10.88707556582436,13.567850995218404,0.3713851237940078,1656.7067702487382,-0.026303132972980477,0.6740387662145064,0.7252188312062352,0.9037928487995753,0.02473901129617809
4.25,33.0,15.575,True,True,5.020315503260621,56,17.148958885236382,7273365.4615515005,-0.31960413651519226,13.549996727543666,14.320673511299292,16.069368215794096,1.0148182312763856,424128.68969049625,-0.01863694109094523,0.790135239009111,0.8350753889571703,0.9370462850446443,0.059176667112430206
4.25,33.0,15.8,True,True,7.672527165888256,57,19.068441684324274,53209365496.887505,-0.22420803347024643,16.825377942083833,17.518291595552906,18.193384786284795,2.5631453549875376,2790441210.54893,-0.0117580679733553,0.8823677477491823,0.9187059900104102,0.9541096796200792,0.13441818673073008
4.5,33.0,14.0,True,True,0.1647062114084178,100,2.7988347221729084,1.710883475790097,0.06871806354063388,0.768110298547872,0.9164044741710312,1.9149178173230081,0.0008981418262988191,0.6112842113312902,0.02455238353170201,0.2744393202152146,0.3274235762873378,0.6841839577566549,0.0003208984864963859
4.5,33.0,14.225,True,True,0.2694995523620582,49,4.307150506782465,4.24061854209748,-0.18981344204303408,1.2094189076119375,1.5100050868384831,3.0455318673879317,0.0025796395387331587,0.9845531367942177,-0.04406937759526514,0.28079327752941696,0.35058098955694256,0.7070874032825498,0.0005989202222376495
4.5,33.0,14.45,True,True,0.44138070336697355,49,6.394374746913118,11.00300683505056,-0.4230357306454075,1.944310095550441,2.421471204678471,4.700801426789035,0.007606545570626368,1.7207322483503578,-0.0661574817537286,0.30406570970665364,0.37868772171156145,0.7351463767522141,0.0011895683114753989
4.5,33.0,14.675,True,True,0.7147956214591549,50,9.067675240634307,32.24955257978868,-0.5076699206911127,3.1676938098929424,3.788074825557363,6.966097869125862,0.023446503638686993,3.556540317552522,-0.05598677800194352,0.34933913333130734,0.4177558993932802,0.7682341597225715,0.0025857237954021446
4.5,33.0,14.9,True,True,1.1339029094262865,51,12.154551035659846,131.83501848789322,-0.47520837394585985,5.074298763194961,5.801275254773267,9.808674497690117,0.07154510213218664,10.846556002036332,-0.03909715567046955,0.4174813819373204,0.47729243455830594,0.8069960353873016,0.005886280943021487
4.5,33.0,15.125,True,True,1.7687705664935631,51,15.279048608904352,1188.9584031118138,-0.41207028698741216,7.784051532288042,8.619350448613323,13.02433268426905,0.2094966902574025,77.81625895338212,-0.02696962995112569,0.5094591771736127,0.5641287405545736,0.852430869071174,0.013711370100315777
4.5,33.0,15.35,True,True,2.738047591585222,54,18.05617027548125,44206.1162815377,-0.3373929624716558,11.270405197800978,12.202854228091683,16.26363044063287,0.5866648202903199,2448.255394532132,-0.01868574328465471,0.624185806062387,0.6758273787804342,0.9007242506301296,0.03249109923863318
4.5,33.0,15.575,True,True,4.234350289703999,55,20.333261497968273,13538404.72247994,-0.2414748492156369,15.202641138982003,16.17188852040754,19.137123920961354,1.5374652120510923,665825.535359033,-0.011875854212555393,0.7476735171335436,0.7953415895439822,0.9411733539586633,0.075613310348894
4.5,33.0,15.8,True,True,6.5698780833375885,56,22.152195317099515,67883845394.23276,-0.10945574599155826,18.928794258887013,19.830447852525957,21.386373017490808,3.604059700931737,3064429706.5145726,-0.0049410789506297015,0.8544884147114609,0.8951910891296008,0.965429056188505,0.16269537395012607
4.75,33.0,14.0,True,True,0.12936426123548825,94,2.984833007223296,1.8041277120694992,0.08566385485923894,0.8016989915416598,0.9607818541604703,2.0541228181764937,0.001500169012887167,0.6044317078052642,0.028699714406780017,0.2685909026071302,0.32188797558703564,0.6881868477082358,0.0005025973008395304
4.75,33.0,14.225,True,True,0.21376228522680213,49,4.643170928042416,4.504200318186036,-0.17062039881564506,1.2660349125690686,1.587565815566932,3.2973701095919066,0.004314637426183052,0.9700698914577821,-0.036746525480073046,0.27266601471051927,0.34191414448665536,0.7101547973772515,0.0009292437200889619
4.75,33.0,14.45,True,True,0.35422446581610234,48,7.001867226947228,11.857112231893284,-0.39947929266793974,2.0459479298627135,2.5569467507168318,5.154537838863413,0.012678299600041725,1.6934214613867955,-0.057053251614156975,0.2922003322183438,0.36518069649710355,0.7361661785053243,0.0018107026581778512
4.75,33.0,14.675,True,True,0.5817609586491151,50,10.116621243772409,35.578592930190844,-0.4778147759423594,3.350237821463092,4.019839653530901,7.757048348902162,0.03883002090742875,3.5168454044963204,-0.04723066767340852,0.33116173282907396,0.3973500199985676,0.7667627523049998,0.0038382400577991137
4.75,33.0,14.9,True,True,0.9388922538748518,50,13.789746742906335,149.95030367282655,-0.43686049346565314,5.388465884954531,6.1847817780897385,11.093090694031238,0.11763886770137892,10.874043335854836,-0.0316800954803888,0.39075887218352606,0.44850582780073817,0.8044448459314671,0.008530893996432112
4.75,33.0,15.125,True,True,1.4929622299615515,53,17.494723138662483,1365.4921746121702,-0.36065356760939427,8.298020963983749,9.230829160014965,14.895120000935922,0.339325657223619,78.05165956553489,-0.020614991432037443,0.4743156492511464,0.5276350524013315,0.8514064431244662,0.01939588609285996
4.75,33.0,15.35,True,True,2.3550819665251232,55,20.627419647566903,45385.34094528268,-0.26406537876946284,12.061083692999578,13.126794677045917,18.64464679047241,0.9199277070924913,2200.243254887001,-0.012801668036099249,0.5847112192931139,0.636375993765865,0.9038768352527133,0.044597323504833086
4.75,33.0,15.575,True,True,3.703922397664778,57,22.926822448307185,8819366.607564794,-0.1306138402356706,16.320542715685374,17.457998782822056,21.777633359769773,2.2767641046113853,384674.61539642955,-0.005696988343245732,0.7118536706289367,0.7614661308685224,0.949875780164108,0.09930569793283725
4.75,33.0,15.8,True,True,5.8281297133072805,55,24.53075345176214,13709305517.508112,0.06277503772768328,20.345011834118534,21.43261364395223,24.003653773249997,4.919552724295924,558861982.9581027,0.0025590342282443795,0.8293675884895036,0.8737038463208165,0.978512699190074,0.20054633600919963
5.0,33.0,14.0,True,True,0.10762639618867542,100,3.1016710660487976,1.8569911434138349,0.09739279808314222,0.8222820127897233,0.9875475806861199,2.1442350831596877,0.002556672315000013,0.5987066661389875,0.03140010530104676,0.26510935404804997,0.31839210530604445,0.6913160801062046,0.0008242886690937683
5.0,33.0,14.225,True,True,0.1791469634806328,49,4.858854586151623,4.644889611430274,-0.15538215885981746,1.3009708450354915,1.6344680096841286,3.465234960732884,0.007347129745024201,0.9559639065282632,-0.03197917453687071,0.2677525787133927,0.3363895709788431,0.7131793922397391,0.001512111468814994
5.0,33.0,14.45,True,True,0.2993823646546893,91,7.403539287793661,12.265941018647261,-0.37876805765765464,2.108441046735198,2.639434505301991,5.468969130213658,0.021472745995351514,1.6567671949644844,-0.05116040354943964,0.2847882566398236,0.35650982627372163,0.7386965770858323,0.002900335253269202
5.0,33.0,14.675,True,True,0.4968545121042493,50,10.833351950874869,36.784229201109305,-0.44903106600061876,3.4603890612988586,4.161206794032388,8.331700569357926,0.06509483887789815,3.395461475627469,-0.04144895024520609,0.3194199797985339,0.38411073626167397,0.7690787308617886,0.006008744031679067
5.0,33.0,14.9,True,True,0.8128227286601454,51,14.93952224267015,151.23149892280637,-0.39426389012690416,5.572133882226403,6.415373575379562,12.072875221107756,0.19416793020623682,10.122914003960588,-0.026390662547481646,0.37297938928135976,0.42942294078561766,0.8081165531937361,0.012996930360440567
5.0,33.0,15.125,True,True,1.3127641980383786,54,19.078679563910214,1228.1438408356319,-0.2941404393331612,8.586165359422186,9.588135594401114,16.375847963134717,0.5446016562698768,64.37258075023308,-0.015417232536866221,0.45003981175217317,0.5025576095181299,0.8583323551443124,0.028545039212255607
5.0,33.0,15.35,True,True,2.102529660682323,57,22.458165968789586,28786.46150327012,-0.15871543420750012,12.48583225104211,13.650694171625732,20.54671635674411,1.4071529100067242,1281.7814928999567,-0.007067159198487939,0.5559595680428152,0.6078276467720598,0.914888436807269,0.06265662618943432
5.0,33.0,15.575,True,True,3.349059388011275,94,24.73366034279756,2448027.5973687316,0.03705875482537308,16.91471721126904,18.184809765466,23.82961557731472,3.2509484919353113,98975.54844047161,0.0014983125955380311,0.6838744034177943,0.7352251754666557,0.9634488081038883,0.13143822818291379
5.0,33.0,15.8,True,True,5.320894148825732,58,26.152787094194313,752531264.2427311,0.32755286485458723,21.13477924551956,22.379093624681154,25.931048099439685,6.492689993287377,28774419.396768093,0.012524587290633398,0.8081272244292194,0.8557058773154282,0.9915214009904186,0.2482599644123091
5.25,33.0,14.0,True,True,0.09476474735331733,94,3.168978035926813,1.8803216589154754,0.10634384690856769,0.8340897383583326,1.002101421602452,2.2005106229893623,0.004413421746822156,0.5933526952847903,0.03355777342188675,0.263204644810481,0.3162222679493495,0.6943912510727741,0.00139269559359107
5.25,33.0,14.225,True,True,0.15852817627989507,49,4.983096413979898,4.687372193244797,-0.1409512721928768,1.3206403048604398,1.6592009277677926,3.572906167639752,0.01264144915260277,0.9406545255866497,-0.028285881003113456,0.26502403227748733,0.33296584892737857,0.7170052254289305,0.0025368662579230133
5.25,33.0,14.45,True,True,0.26637408159781545,49,7.635615075895403,12.280874319398185,-0.3564511801391191,2.1415062583612943,2.681584421558738,5.677592772302439,0.0366237908870347,1.6083673937633698,-0.046682706841048985,0.28046283594385707,0.35119429082067466,0.7435671803606007,0.004796442791184042
5.25,33.0,14.675,True,True,0.4450549119449405,49,11.247804780577228,35.937324944441855,-0.41487967863402503,3.5118590856908445,4.229515570281938,8.728558773568217,0.10916170370782384,3.195052336478904,-0.036885391125425784,0.31222617694744687,0.37603031460729913,0.7760233168911983,0.009705156324932388
5.25,33.0,14.9,True,True,0.7344876311591076,52,15.603939691785428,136.55114941969669,-0.33764861231045623,5.643702059408119,6.5157322902356976,12.776503798585658,0.31678404395648196,8.751068776020903,-0.021638677089235912,0.36168443168100695,0.4175696919455446,0.8187998704783349,0.020301542444646235
5.25,33.0,15.125,True,True,1.197549698789102,55,20.001093155180683,885.3352788848238,-0.19729023364708928,8.67820643327689,9.726013528981177,17.467170314988206,0.8505751377859185,44.26434455436273,-0.009863972539720269,0.433886606394264,0.4862740977965969,0.8733107825390963,0.04252643248979632
5.25,33.0,15.35,True,True,1.934301126674503,55,23.548221789749782,12271.97754190106,0.0016229783710153061,12.608224303031555,13.844437989822424,21.948013714796467,2.065209733270018,521.1424306884558,6.892148313813514e-05,0.5354215029739419,0.5879186171012165,0.9320454814278222,0.08770130295651349
5.25,33.0,15.575,True,True,3.1014496147520205,54,25.85026711923156,375264.225818967,0.295295860722229,17.11417604159896,18.488424551303346,25.289638971602486,4.433662622775764,14516.841318818924,0.01142331951001546,0.6620502590035792,0.7152121278293756,0.9783124814516138,0.17151322275804637
5.25,33.0,15.8,True,True,4.954364348442274,55,27.200046531908658,20731182.20806589,0.7348841180402512,21.492927847973082,22.868891589628426,27.22248133304315,8.251731336439999,762174.5125967312,0.02701775223723059,0.7901798190955116,0.840766634821771,1.000824807454214,0.30337195661631705
5.5,33.0,14.0,True,True,0.08737952232049125,92,3.2021449116075242,1.879969703456279,0.11491228441457817,0.8401366190397527,1.0080907277434086,2.2361004856701023,0.00766089755208952,0.5870970100826906,0.03588603501297838,0.26236683292949153,0.31481733512095555,0.6983133329052078,0.0023924268774718365
5.5,33.0,14.225,True,True,0.14662771998563823,49,5.041230517149632,4.641952182286769,-0.12346338589792484,1.3297884053765703,1.6675994384840482,3.643333964235878,0.021796335863229713,0.9207974454838816,-0.024490724135291558,0.2637825032703419,0.33079214148432307,0.7227072739168967,0.004323614202739057
5.5,33.0,14.45,True,True,0.2470908153532701,50,7.738261660111519,11.918139481881774,-0.32659367601188,2.152693360270662,2.692693235639796,5.8189229243629494,0.06223520770441764,1.5401572091205322,-0.0422050442795667,0.2781882359144261,0.3479713343786039,0.7519677131567932,0.008042530795413907
5.5,33.0,14.675,True,True,0.41410025399178224,51,11.419664987218876,33.17885674260316,-0.36661472479276297,3.5167912115780093,4.239767997581147,9.006432972214071,0.18047647633113004,2.9054141938259677,-0.03210380735363828,0.30795922783322227,0.3712690348032436,0.7886775121944695,0.01580400795759972
5.5,33.0,14.9,True,True,0.6856974383012894,53,15.870025237028981,110.80016608311752,-0.2537387727703473,5.62548037589636,6.512629693699238,13.27989032555297,0.5018195243779852,6.981725890680458,-0.015988555089270266,0.3544720497841819,0.41037298910549586,0.836790750311314,0.03162058767286059
5.5,33.0,15.125,True,True,1.1209142041805669,55,20.395678984057156,528.3231941656059,-0.049492759740294615,8.622418408765448,9.698962921198772,18.248546731445096,1.270276513063183,25.90368256818438,-0.0024266296689108508,0.42275711514705633,0.475540085170993,0.8947261204547088,0.06228164867941536
5.5,33.0,15.35,True,True,1.8138717887461198,54,24.094897903906205,3975.472811782877,0.24818197032977904,12.527618317801531,13.815218838406787,22.924983952319614,2.8737559109115276,164.99230781709946,0.010300187671247381,0.519928258993394,0.5733669797441681,0.9514455734051097,0.11926823356431991
5.5,33.0,15.575,True,True,2.9149353921121848,54,26.51125248868769,43244.7346664473,0.6913976943624853,17.079644692306065,18.535865654097165,26.252242358545733,5.74590820094972,1631.184142842733,0.026079405137780787,0.6442413348669183,0.6991697454507814,0.9902301813068819,0.2167346941983028
5.5,33.0,15.8,True,True,4.674730747080368,52,27.88874644745767,515727.78471184743,1.3578177831888858,21.610595143532915,23.092643135566963,28.01890484550606,10.057550326277326,18492.325773174398,0.04868694208780632,0.7748858552766874,0.8280272897555093,1.0046670580297903,0.360631136477422
5.75,33.0,14.0,True,True,0.08327368229661987,92,3.210383458347746,1.856503107270505,0.12554711092960563,0.8422050833438292,1.0073007578321216,2.2607948030481624,0.013276839258432267,0.5782807977169093,0.039106577939514935,0.26233784663757204,0.3137633777712455,0.7042133229192818,0.0041355929690920215
5.75,33.0,14.225,True,True,0.13993647134520587,91,5.04928041458123,4.503724800588315,-0.09814952554027458,1.3312465651053447,1.6623724791120866,3.6946911946702548,0.037317417139842914,0.8919537896098088,-0.019438319420097955,0.2636507493743054,0.3292295817660501,0.7317262840068826,0.007390640660811446
5.75,33.0,14.45,True,True,0.2358827229263364,49,7.7413469436943085,11.16677885123856,-0.28146179488826606,2.1467556679963926,2.677525551425491,5.925647458686372,0.1040418221646443,1.4424852590199986,-0.03635824578531904,0.2773103548530435,0.3458733436054641,0.765454319743813,0.013439757050210915
5.75,33.0,14.675,True,True,0.3949280822381261,51,11.409193770094179,28.830118061981494,-0.2928672256569995,3.4849441961787613,4.2025465209138515,9.218950485111938,0.2893028453571235,2.5269198370134713,-0.025669405880778727,0.3054505223071511,0.3683473701647159,0.8080282157427009,0.02535699289422581
5.75,33.0,14.9,True,True,0.6525844108404795,54,15.857307935589727,81.49351346524418,-0.12571526887257936,5.541834629652218,6.432551767698672,13.658022604444707,0.7584066727020312,5.139177078244301,-0.007927907396590774,0.3494814285099597,0.4056521948004567,0.8613077743032913,0.04782694993264797
5.75,33.0,15.125,True,True,1.0638235378360996,54,20.456661622784228,276.0748759234236,0.17551326361275432,8.474646967284578,9.565609493578645,18.807675500039917,1.7906108858972376,13.495597718443795,0.008579760805999308,0.4142732144450042,0.4676036427627398,0.9193912402154757,0.08753192084396069
5.75,33.0,15.35,True,True,1.718784294479791,53,24.329316118119504,1145.9322787270603,0.6228389202219791,12.343019716491655,13.663056634601661,23.57399981030704,3.769985156648779,47.10088327857336,0.02560034639683577,0.5073311414330741,0.5615881913107275,0.9689544784512075,0.15495647877422433
5.75,33.0,15.575,True,True,2.766156533307707,52,26.917804045500507,5104.080387813156,1.292551177987375,16.94142664466381,18.452422140092413,26.841148207489773,7.0654155688625515,189.6172651820139,0.048018448154333516,0.6293762528335102,0.685509936430972,0.9971522254236951,0.2624811279894722
5.75,33.0,15.8,True,True,4.45728156499481,92,28.36121078693994,18729.28162860185,2.3023605106727354,21.618574201656603,23.1682176441814,28.48398311450166,11.73088998362458,660.3837110235964,0.0811799089950331,0.7622585073699232,0.816898044947014,1.0043288817421807,0.4136244419094597
6.0,33.0,14.0,True,True,0.08109825630339448,91,3.1974225279150494,1.806007543999241,0.14101793399899237,0.84110939898199,0.9999399370349317,2.2816779055876495,0.02278931610523535,0.5648323073450315,0.04410362808413258,0.2630585703449253,0.31273312435406053,0.7135991210631359,0.007127402120387145
6.0,33.0,14.225,True,True,0.1362008515427742,51,5.014778161984928,4.258959407608965,-0.059043067446634546,1.326437553446913,1.6436760896524791,3.740367128889717,0.06273779245317031,0.8492817169649638,-0.011773814421985192,0.26450572898759855,0.327766460760427,0.7458689114593298,0.012510581809732078
6.0,33.0,14.45,True,True,0.22890979795264157,50,7.664835222873181,10.035433066908128,-0.2113167685686504,2.1269892401267625,2.6376081864925536,6.0213254815186685,0.16855247703640297,1.309282297023252,-0.027569642715611804,0.277499669370512,0.3441180547001818,0.7855779421780656,0.021990358844690295
6.0,33.0,14.675,True,True,0.38122369244527343,55,11.271069245791647,23.540850156760843,-0.17978027939254537,3.426470827959615,4.126044702576399,9.401973899903547,0.44212050291889243,2.088608422448513,-0.015950596653433843,0.3040058359360164,0.36607393784906145,0.8341687638388011,0.03922613669363888
6.0,33.0,14.9,True,True,0.6261073979032376,53,15.681763622250568,55.5251738186442,0.06609039995113823,5.420151833960175,6.300493817794531,13.956813068262091,1.0791381394260307,3.540748040600519,0.004214474949575427,0.3456340730879033,0.4017720180946278,0.8900027703809427,0.06881484541029947
6.0,33.0,15.125,True,True,1.0158586701901433,53,20.351329856130913,136.3184798801164,0.5093378248975134,8.288786009910616,9.37531082199985,19.2004058980626,2.3683785696797695,6.698259074163154,0.025027250233678147,0.4072847361084656,0.4606731298778248,0.9434472358217124,0.11637463430756033
6.0,33.0,15.35,True,True,1.6393404665655307,53,24.413394764654967,344.8534454510536,1.180338311381679,12.132238174050338,13.454999298387198,23.976123835561783,4.662493176630925,14.125583466594444,0.048347979572695064,0.4969500674119707,0.5511318449602499,0.982088892867687,0.19098094392759965
6.0,33.0,15.575,True,True,2.6463793261741277,89,27.183140497969486,795.6164391756397,2.19045123004794,16.78519145673918,18.30489827447911,27.179621510248893,8.258734281004848,29.268746164008178,0.08058124226711633,0.6174853659014489,0.6733915926986598,0.999870545210887,0.3038182538776841
6.0,33.0,15.8,True,True,4.291073811414419,50,28.68845741515207,1376.7309976946547,3.707677608519568,21.594711672136796,23.15110280141568,28.75958431836664,13.121354465794491,47.98902143018403,0.129239350686082,0.7527317122576048,0.8069831872238699,1.0024792864316576,0.4573739980478814
6.5,33.0,14.0,True,True,0.07936530314743726,100,3.1066550832289566,1.6008640311058255,0.19878935343564386,0.8298263367421151,0.9615880031184603,2.331472267604513,0.06236498285632177,0.5153015021680294,0.06398822788818534,0.2671124777326811,0.3095251894262484,0.7504767040894853,0.020074640146888024
6.5,33.0,14.225,True,True,0.13188170166615926,49,4.831866328646528,3.4400472529372594,0.08650206563366443,1.301843314660294,1.561774706086026,3.8467134653638735,0.15836608413217929,0.7119500041924511,0.01790241280492849,0.26942866919602015,0.32322390560077857,0.7961133863654275,0.03277534463097198
6.5,33.0,14.45,True,True,0.21809963479803623,50,7.344222019884441,7.0633411475616175,0.045175590644102134,2.0637965904510933,2.48830574312653,6.221100990857322,0.37829917195657936,0.961754850062765,0.006151174422803323,0.28100955892446816,0.33881134535277607,0.847074199828617,0.051509767941701166
6.5,33.0,14.675,True,True,0.35695598438673065,53,10.806460181854238,13.499298495740666,0.22141946626530842,3.2849667130334645,3.8873811393472675,9.716258571733464,0.8548077047735009,1.249187825483143,0.020489546302785332,0.30398175329877636,0.35972752167955957,0.8991157518952048,0.07910154577803921
6.5,33.0,14.9,True,True,0.5791898402114712,91,15.173951745043768,23.47744515149295,0.7197072124638882,5.176741249187224,5.955591294978437,14.352256021396895,1.7940060548911707,1.5472202328020013,0.0474304403069533,0.34115972794483745,0.3924878235442984,0.9458482709413346,0.11822932384618547
6.5,33.0,15.125,True,True,0.9367703883623211,52,20.012232814000036,37.13458611926535,1.6315521174460814,7.970740224420432,8.931628068160977,19.596186145583488,3.451120052099645,1.8555943489367643,0.08152774018822578,0.3982933987677931,0.44630842301178125,0.9792103823554614,0.17245052484525022
6.5,33.0,15.35,True,True,1.5199767211114257,50,24.414812120555812,54.06542404190785,3.073520321630622,11.823831027233632,12.975733045538062,24.31889948438239,6.098328507348257,2.2144517752150956,0.12588752706570702,0.48428924903659915,0.5314697070559585,0.9960715390436009,0.24977986630557886
6.5,33.0,15.575,True,True,2.482532909566116,49,27.467333912901285,70.63658242571948,5.232589858476313,16.602072035538086,17.90247323415479,27.490711400228033,9.941454882466497,2.5716577608044364,0.19050228446156503,0.6044296868484992,0.6517732405672645,1.00085110143565,0.3619373803803011
6.5,33.0,15.8,True,True,4.0837801153748,48,29.04665425928637,79.02485180991845,8.291090133536441,21.6167349367283,22.925874781402115,29.06165135622536,14.892805333539645,2.7206180479341704,0.2854404524364707,0.744207396272406,0.7892776419877202,1.000516310649933,0.5127201639334532
7.0,33.0,14.0,True,True,0.07741046683525021,55,2.9336548198923635,1.2710998840324068,0.3010111494015419,0.8064600539446457,0.8892510102790461,2.4040972320701655,0.14029348471128425,0.4332820192114639,0.10260619189430951,0.2748994355014933,0.3031205321939249,0.819488787763508,0.047822083143521175
7.0,33.0,14.225,True,True,0.12607422787638897,49,4.549736774471882,2.4274665538604934,0.3330651935497149,1.268461618023349,1.429431611054326,3.9730048430770384,0.31331847666866763,0.5335399989469205,0.07320537649969343,0.2787989022003559,0.31417896944603996,0.8732383959813171,0.0688651876360554
7.0,33.0,14.45,True,True,0.20521343842696568,51,6.943935546077678,4.364549361965379,0.47596019228606884,2.0105083897144937,2.277647985523717,6.397147278105666,0.6504858680549079,0.6285411684776826,0.06854329063508052,0.2895344255967556,0.3280053465948801,0.9212567189969284,0.09367682976584346
7.0,33.0,14.675,True,True,0.33316138818199886,50,10.327439397068531,7.221502609724666,0.8880341247304862,3.2005304970470454,3.588970971554913,9.894593976169604,1.2758934392063745,0.6992539323711265,0.0859878320837745,0.30990552197822857,0.3475179890741989,0.9580878275575463,0.12354402578905861
7.0,33.0,14.9,True,True,0.5409949442588554,49,14.719715560920688,10.826688716126801,1.7654637611082307,5.063962571105136,5.568082226388568,14.47377714721604,2.3688148814622174,0.7355229570380104,0.11993871442702012,0.34402584412360715,0.37827376509714944,0.9832919044741877,0.16092803367418146
7.0,33.0,15.125,True,True,0.8825209469725666,49,19.718375167502373,14.905935795062602,3.3501796880650137,7.863240118641051,8.46583176786559,19.664115146035126,4.153478250448766,0.7559413830217058,0.16990140717001906,0.39877728524003164,0.42933718909142315,0.997248250882422,0.2106399850477572
7.0,33.0,15.35,True,True,1.4500749176694392,47,24.353065825969086,19.701216875761688,5.857243400903394,11.781600936985564,12.471545219560847,24.400587925954184,6.876453070945377,0.8089830256506406,0.2405135945823082,0.48378306949846783,0.5121139699077114,1.0019513805910394,0.2823649851762244
7.0,33.0,15.575,True,True,2.3993822745922015,46,27.569358615094277,25.288261110431076,9.414921523386028,16.677780570144204,17.432474936242244,27.62158080474294,10.738214746818368,0.9172596817898296,0.34149947609703696,0.6049390122921862,0.6323134019772927,1.0018942112646783,0.38949817065889863
7.0,33.0,15.8,True,False,3.991026308094184,46,29.18427798335491,30.595798929305527,13.920917040902177,21.81268013901462,22.5598103504047,29.20719026151837,15.661555332099821,1.0483657997897249,0.47700056341437996,0.7474120192884457,0.7730124542834865,1.0007850897725319,0.5366435771010782
7.5,33.0,14.0,True,True,0.07309973215838789,51,2.7318453718191584,0.9446366753408328,0.4157886457066154,0.7745832743553566,0.8048504668969024,2.472682610427925,0.23974662415376435,0.34578702187371296,0.15220065161658045,0.28353847635217916,0.29461787083540014,0.9051327120983225,0.08775995399553493
7.5,33.0,14.225,True,True,0.11804568620989864,49,4.276925493718575,1.6465646116547652,0.6018549493576392,1.2368684906332503,1.2948018027702206,4.055435612163716,0.4709244093709233,0.38498791107608443,0.14072140144633571,0.2891957066939351,0.30274125763281756,0.9482128267419772,0.11010816299291616
7.5,33.0,14.45,True,True,0.19222695948341068,47,6.61285615959109,2.738013077820098,0.9546608175110094,1.984544652731461,2.080107332755409,6.460853567552629,0.8737772012247437,0.4140439488992914,0.1443643706246956,0.3001040102548029,0.3145550549649387,0.9770140785811587,0.13213310257133645
7.5,33.0,14.675,True,True,0.31422081934892915,48,9.974689488081806,4.294766258697221,1.635963480183648,3.1844584042239923,3.3214391246707993,9.903239380766058,1.5559085011709803,0.43056641149870334,0.164011469443572,0.31925388835701823,0.3329867188988088,0.9928368589918394,0.15598565780218498
7.5,33.0,14.9,True,True,0.5159638889343318,46,14.416581165158716,6.3504223052187285,2.887365766725668,5.0660036714709165,5.238701600577245,14.435601443878902,2.6830534732485183,0.4404943330507594,0.20028089417647169,0.35140118266834197,0.36338030081902367,1.0013193335161983,0.18610885913317576
7.5,33.0,15.125,True,True,0.8524867602548201,46,19.538300182764907,9.025797937579306,5.01057780881179,7.900974539362577,8.097129260090554,19.632179850190035,4.478387848277112,0.46195410312823054,0.25644901357548555,0.4043839262093113,0.4144234239595306,1.0048049045488583,0.22921071978552057
7.5,33.0,15.35,True,False,1.4167375640444901,45,24.310600493692686,12.68282283403264,8.221916579554218,11.87864475884378,12.09187447949804,24.418274937457447,7.195596987661279,0.5216992824723997,0.33820294079890667,0.48861996485548187,0.49739102424208903,1.0044291149366178,0.2959859831322618
7.5,33.0,15.575,True,False,2.364260571050813,47,27.607806854501842,17.462095347081426,12.545145653033755,16.846729584562965,17.073452773874592,27.678168994942308,11.042363979122577,0.6325057053285631,0.45440573092781156,0.6102161491257995,0.6184284345313914,1.0025486320159833,0.3999725163725551
7.5,33.0,15.8,True,False,3.955359985116339,44,29.236289815670048,22.71975433450813,17.631387183138294,22.032096799391933,22.253682929161496,29.266851909170455,15.942729667547024,0.7771079872908775,0.6030651390549643,0.7535873032556677,0.7611664499656855,1.0010453478773502,0.5453061851576683
3.5,36.0,14.0,True,True,0.4955224630089476,112,1.3291123096993573,0.8622317479932207,-0.0884612643403102,0.44687702868961654,0.49888611402717875,0.9207585160862001,0.00015740570061726253,0.6487275316773312,-0.06655665115337014,0.336222172820519,0.37535286550767544,0.6927620106794993,0.00011842919478555383
3.5,36.0,14.225,True,True,0.7795440493589585,183,1.94513826473992,1.997059247015557,-0.3614992764796531,0.7015857678243882,0.8172449529490549,1.4070623963900575,0.00044368426353596856,1.0266926949188258,-0.1858475991309483,0.3606868367880242,0.42014748656354606,0.7233739739206624,0.00022809908764778353
3.5,36.0,14.45,True,True,1.2187672731449306,51,2.687259705493408,4.432790469496442,-0.637154899369956,1.0917893257819855,1.2912501846621567,2.069014477000113,0.0013281452970350111,1.6495578973758092,-0.2371020925396445,0.4062835175737218,0.4805081481415917,0.7699346932380772,0.0004942377896412324
3.5,36.0,14.675,True,True,1.8840672781317391,53,3.525557552731601,9.592044610079256,-0.777308093620233,1.7166201894957833,1.9861182054581308,2.917157052247974,0.004234825397845408,2.7207170686087205,-0.22047806112765764,0.48690743629067873,0.5633486833647878,0.8274314086825107,0.0012011789155347262
3.5,36.0,14.9,True,True,2.8526408208125913,52,4.482536372333365,21.79041637844647,-0.7867525228666212,2.685729362219371,2.9865355364174753,3.9408769346688906,0.013086013726297526,4.861180048184096,-0.17551503379259378,0.5991539474829352,0.6662601902910712,0.8791622883402247,0.0029193324134669896
3.5,36.0,15.125,True,True,4.2442791537365,92,5.578247841971658,62.897228427363444,-0.74792369554538,4.01084642238541,4.314464092098123,5.09601429871812,0.03856286640060849,11.27544530275516,-0.1340786061741249,0.7190154571848062,0.7734443169834411,0.9135510725025279,0.006913078710926954
3.5,36.0,15.35,True,True,6.282832994068988,302,6.785969491559125,321.7505852540625,-0.6962733537083204,5.588727052282371,5.873767982502405,6.307169740741071,0.11186366637062327,47.414092511656435,-0.10260484586239227,0.8235709074781474,0.8655753595427474,0.9294426903313345,0.016484551914028985
3.5,36.0,15.575,True,True,9.308680881671442,53,8.095672425111408,5049.808756768865,-0.6411760370014489,7.28075901298705,7.526342503623529,7.5394552623019795,0.3217281613558415,623.7664386104867,-0.07919984941740345,0.8993396262431971,0.9296747828232386,0.9312945072871109,0.03974075832884432
3.5,36.0,15.8,True,True,13.92053264138934,58,9.4252787044073,574893.8033623617,-0.5862090532684228,8.915527071223815,9.108213757165672,8.889711023908932,0.919817687033659,60994.886346813175,-0.06219540786569091,0.9459165453701521,0.9663601515472039,0.9431775232017348,0.09759050271941014
3.75,36.0,14.0,True,True,0.37975989840535246,71,1.7480261586252923,1.1522407887531985,-0.06214558081377905,0.5465243851765157,0.6289537484867807,1.2424444484154602,0.0002454490199453221,0.6591667882472423,-0.03555185974027555,0.31265229211805456,0.3598079727716497,0.7107699403037315,0.00014041495817107888
3.75,36.0,14.225,True,True,0.6007616602135877,49,2.5786523949638305,2.759410958560194,-0.3494862943859126,0.8532347429679807,1.0266374523684674,1.90660563060757,0.0006989078814714932,1.0700980729118004,-0.1355305953871362,0.33088397049341295,0.39812944713816983,0.7393806293284105,0.0002710360973183035
3.75,36.0,14.45,True,True,0.9469703712241658,51,3.6066249791897,6.54346532495869,-0.6215838073729312,1.3379038023917942,1.6190216479831854,2.815708800380815,0.002088251381074883,1.8142904689882142,-0.17234500702442934,0.3709572828091433,0.44890213352510266,0.780704624580463,0.0005790043026719264
3.75,36.0,14.675,True,True,1.4734578985817641,87,4.794904735551712,16.02566925182191,-0.7445313251217417,2.128732924196696,2.4899282688495386,3.983534385940065,0.0065702319644284825,3.3422289149980293,-0.15527551978278759,0.4439572925011949,0.5192862853745607,0.8307848863824635,0.001370252867739717
3.75,36.0,14.9,True,True,2.2389773050645267,128,6.136418591169106,46.26241017586314,-0.7410538121149781,3.3551839932029695,3.7541490376104796,5.393552785726648,0.020134866675639813,7.538991919886167,-0.12076324343020302,0.5467658282033434,0.6117817717019924,0.8789414714127369,0.003281208147145603
3.75,36.0,15.125,True,True,3.3414100193037704,54,7.60567119790058,218.51984201924537,-0.6980220278657745,5.04699357554141,5.462692398648387,6.992267714153037,0.05926961046592208,28.731171297487084,-0.09177651908729001,0.6635829296610336,0.7182393580406516,0.9193491977516904,0.007792817875466727
3.75,36.0,15.35,True,True,4.962943343842062,52,9.151822193073237,2957.0031521679703,-0.6464683610305156,7.1084490698001135,7.519580972328332,8.680560052459391,0.17146546360693077,323.10539800544257,-0.07063821252119712,0.7767249974743067,0.8216484994671003,0.9485061957420315,0.018735663782531557
3.75,36.0,15.575,True,True,7.378426319869287,56,10.771150958066334,261375.54675185092,-0.5913639115438312,9.350766372959402,9.726017379579043,10.34731176283447,0.4885490750978834,24266.259731148893,-0.054902573907477235,0.8681306584006949,0.902969182907551,0.9606505194401294,0.04535718392582895
3.75,36.0,15.8,True,True,11.036979250111688,58,12.416205211040564,484665430.3814658,-0.5327270389659415,11.53357661763648,11.844333490674158,12.005897596017881,1.3608944253081032,39034908.18196999,-0.0429057856173509,0.9289131760951208,0.9539415054240651,0.9669538632739547,0.1096063090273337
4.0,36.0,14.0,True,True,0.2810588686621064,94,2.1562569685210775,1.4223391019699518,-0.030609909179703368,0.6343370205161832,0.7456122935347984,1.5637949536134725,0.00038315300971274093,0.6596333937626638,-0.014195854031580446,0.29418433413864353,0.34579009107907727,0.7252358955556397,0.0001776935751658282
4.0,36.0,14.225,True,True,0.44915380421623796,49,3.2264869561196403,3.500719489198894,-0.3244212966768993,0.9912093669095515,1.2181044359679958,2.423365236273043,0.0010998558414397485,1.0849941551938154,-0.10054939043270365,0.3072100958070003,0.37753273220510974,0.751084777106157,0.0003408833993125758
4.0,36.0,14.45,True,True,0.7169263570309283,128,4.605275092778062,8.794281561521766,-0.5923051297597187,1.5699623487673235,1.9273733048313895,3.6196983127917517,0.0032785752731746445,1.909610475889454,-0.12861449486232962,0.34090522653669914,0.41851426158100163,0.7859895966840547,0.0007119173571880792
4.0,36.0,14.675,True,True,1.1287000623389782,89,6.257242187242315,24.019550270823874,-0.7048006294730211,2.524874419257676,2.977297090337983,5.176495717711027,0.010226449808713988,3.838679973071291,-0.11263758192227495,0.40351233717716084,0.47581618247225527,0.8272807033528626,0.0016343381800954357
4.0,36.0,14.9,True,True,1.7327529145548874,131,8.125780171490936,85.89992004037576,-0.6948287560064694,4.008580828832416,4.514709967151336,7.065298488919293,0.031259973393333106,10.571282784852233,-0.08550917466906821,0.4933164255287641,0.5556032617016966,0.8694917090801555,0.003847011946373816
4.0,36.0,15.125,True,True,2.6096737138811026,90,10.1052493918372,623.0949609957934,-0.6503737261822988,6.086337558806889,6.634021859477485,9.203287616149094,0.09206804150274853,61.66052284658268,-0.06435998766222005,0.6022946414091769,0.6564926408284691,0.9107432443560779,0.009110912351863289
4.0,36.0,15.35,True,True,3.9057919988084975,54,12.09023527094807,18263.78505197161,-0.5984874441011919,8.69522350643737,9.266175207341353,11.453683729918033,0.2649960229492297,1510.6227995296433,-0.04950172024686008,0.7191939041361207,0.7664181051635347,0.9473499459055507,0.021918185792959323
4.0,36.0,15.575,True,True,5.847914140809286,56,14.059752514210782,5489627.4436278045,-0.5405400426044618,11.60273418092012,12.155665743167893,13.63530961046872,0.7421782851477935,390449.791920534,-0.038445914468132725,0.8252445531450677,0.8645718145381045,0.9698114953792352,0.05278743593798275
4.0,36.0,15.8,True,True,8.794786538467905,58,15.99133911962532,59408285380.31255,-0.4733066461981786,14.447823506137533,14.93199953465787,15.645811561590756,1.9794914427588663,3715028800.0211267,-0.029597686763913007,0.9034780263277944,0.9337554174142065,0.9783928315540181,0.12378522073423744
4.25,36.0,14.0,True,True,0.20540173579908946,94,2.5055590584296525,1.6376099703410196,-0.0017587800087336654,0.7035237482949604,0.8381417816712421,1.8447273288916854,0.0006079708731416176,0.6535906486943414,-0.0007019511285581002,0.2807851389206091,0.33451288200588,0.7362537804428604,0.00024264878973663488
4.25,36.0,14.225,True,True,0.3322450078250634,49,3.8103671288953107,4.1152831096473275,-0.2973784047091583,1.1034762410920744,1.3736627581331036,2.895011461843472,0.0017549701053322922,1.0800227302087861,-0.07804455440895357,0.2895984045012457,0.3605066681675242,0.7597723169218039,0.0004605776939507368
4.25,36.0,14.45,True,True,0.5381061773163953,51,5.565409485583681,10.796793841610985,-0.561294985170345,1.7649949136378487,2.186005683214606,4.391605036150541,0.0052197062973356224,1.9399819311729682,-0.1008542114689479,0.31713657695984293,0.3927843384888588,0.7890892929848746,0.0009378836024296958
4.25,36.0,14.675,True,True,0.8601837619228899,50,7.758789005805879,31.99478416640493,-0.6670360406896592,2.865587131871469,3.399284068046238,6.382268818745038,0.016191541511662452,4.123682721938092,-0.08597166905692603,0.36933432907212177,0.4381204419275436,0.8225856913970988,0.0020868645222271633
4.25,36.0,14.9,True,True,1.341386838612213,90,10.281144858233533,133.8418385853495,-0.6528423448647929,4.582451842082086,5.191139003790211,8.828659294186531,0.049472286893306266,13.018184300570754,-0.063498992949406,0.44571415978175655,0.5049183797496004,0.8587233635869067,0.004811943375516878
4.25,36.0,15.125,True,True,2.051243813517674,52,12.905313842258265,1299.9143489871797,-0.6063857400533069,7.020973868211382,7.702253224500202,11.59309982606899,0.1455562376137345,100.72706211379601,-0.04698729124027232,0.544037437138592,0.596828044528393,0.8983198679064706,0.011278783251059939
4.25,36.0,15.35,True,True,3.1109277002851985,53,15.4081224436017,60418.88711323254,-0.5510869859495848,10.16094131740869,10.903197812586436,14.458057235092788,0.4145065083063319,3921.2361749060337,-0.035766005103264636,0.6594535677270706,0.707626633452283,0.9383399754261798,0.026901818169186333
4.25,36.0,15.575,True,True,4.713436877674524,58,17.70804546602469,33152194.644361313,-0.4844933052967447,13.742285419592188,14.498523733832265,17.155673518667733,1.127606640824896,1872154.366667306,-0.02736006671240547,0.7760475567988937,0.8187534734790278,0.9688067241290543,0.06367764545151884
4.25,36.0,15.8,True,True,7.167098335781903,56,19.79372211380339,649653143880.0958,-0.39956038947311395,17.255598715666018,17.95101067348355,19.47776078912495,2.8243623107986378,32821171285.771076,-0.020186217992546017,0.8717712927591632,0.9069042482396577,0.9840372961254165,0.1426898030880728
4.5,36.0,14.0,True,True,0.15256093611370633,89,2.7699771132416986,1.7890222243888538,0.020619617346704998,0.7527476503175132,0.9040201337668315,2.0616523211618865,0.0009893304371626052,0.6458617350434224,0.007443966684105163,0.27175229958365044,0.3263637556589262,0.7442849658599305,0.0003571619535891377
4.5,36.0,14.225,True,True,0.24966238544266306,94,4.27367575699854,4.557825434728118,-0.2743137749882068,1.185594644427418,1.4869338676409751,3.275367512290666,0.0028644664870012926,1.066488356601283,-0.06418684771276637,0.2774180148051468,0.3479285636506193,0.7664052442272786,0.0006702582624127399
4.5,36.0,14.45,True,True,0.4100064589841787,90,6.374602289325901,12.300458538338642,-0.5343833306107824,1.911701637233896,2.3801216473776874,5.048255971682913,0.008496700079228682,1.9296040725451102,-0.08383006599573949,0.29989347577573405,0.37337570868744807,0.7919326951794436,0.0013328988529145067
4.5,36.0,14.675,True,True,0.6657957466517759,51,9.10915265638618,38.37469967457507,-0.6347247102292534,3.1279649506422107,3.726069125518969,7.469168570035768,0.02622637318128629,4.212762824615921,-0.0696798850751793,0.343387038140071,0.40904673201482933,0.8199630472543827,0.002879123247857712
4.5,36.0,14.9,True,True,1.0571680495918816,89,12.333940256938279,175.87761994415942,-0.6157396637076754,5.033690078523409,5.728599868685924,10.504222571893816,0.07994496297156233,14.259645845553859,-0.04992238091645531,0.4081169499496951,0.46445821443503293,0.8516518122410086,0.00648170505987253
4.5,36.0,15.125,True,True,1.6477699765546663,52,15.675286148045515,1968.2300327000878,-0.5639025801616224,7.767696695230435,8.566599396398367,13.94506352212066,0.23367093648583417,125.56262221378957,-0.03597398955501256,0.4955377925396887,0.5465035416572921,0.8896209862082429,0.014906964649890593
4.5,36.0,15.35,True,True,2.5442265377816535,55,18.71421410483464,105905.13224219141,-0.4991230597951623,11.342742117854096,12.242686349477408,17.435832193377728,0.6519833482563872,5659.074522121227,-0.02667079990637804,0.6061030430833751,0.6541918501570754,0.9316892547934111,0.03483893817843804
4.5,36.0,15.575,True,True,3.9178492825353786,56,21.248224435463932,58132382.366110496,-0.41429344018386116,15.478116897830219,16.430927677010256,20.571479772673907,1.6968561808834002,2735870.1214152174,-0.01949779104800836,0.7284428374164182,0.7732847385396843,0.968150531125767,0.0798587282451373
4.5,36.0,15.8,True,True,6.046110045145774,56,23.290520730273013,707146573053.8472,-0.2972261599001277,19.534308449235372,20.44489017736091,23.06414105658984,3.9324449459829203,30361990667.50355,-0.01276167945501507,0.838723559488504,0.8778202262685629,0.990280179807705,0.1688431526080707
4.75,36.0,14.0,True,True,0.11830208243943471,110,2.950282962383074,1.8848478433587543,0.036469704418261834,0.7849327616620173,0.9468832893856743,2.212852963087069,0.001651731961232487,0.6388701922463326,0.01236142596600417,0.2660533825636821,0.32094660121035806,0.7500477043393999,0.0005598554383740568
4.75,36.0,14.225,True,True,0.19548417990556688,91,4.601159686053096,4.837265424016033,-0.25634806605754956,1.2403203104431513,1.5617869667713402,3.550680742095673,0.004785898051570247,1.0513143976894812,-0.05571379468410638,0.2695668907564271,0.33943333275421506,0.7716925697793962,0.0010401503921016095
4.75,36.0,14.45,True,True,0.32467391625380565,49,6.974577604745288,13.247868118746899,-0.5123057276234774,2.011165685607951,2.511287225917114,5.547265157997435,0.014141752087561524,1.8994509588270203,-0.07345329805706374,0.28835662882862123,0.3600629842025862,0.7953549981612144,0.002027614127906457
4.75,36.0,14.675,True,True,0.5344094437604243,89,10.165789702358609,42.31714246193608,-0.6070829646113901,3.3080584714720103,3.9518429249900535,8.342960007708566,0.043356336872036945,4.162700951025762,-0.059718229708267345,0.3254108700187348,0.38873939366197685,0.820689808856943,0.004264925612417268
4.75,36.0,14.9,True,True,0.8631206346121482,51,14.022223847966897,199.61878577526375,-0.5807057066103627,5.345678096214511,6.105184585507393,11.927826398759041,0.13113453364799643,14.23588640001684,-0.04141323893460452,0.3812289800943086,0.4353934619573623,0.8506372832215536,0.009351907020583602
4.75,36.0,15.125,True,True,1.371566844546167,54,18.030929354696053,2233.9956474637947,-0.5173593325082422,8.282910638236517,9.173656217473468,16.026065422285445,0.37714010060280395,123.8979757236952,-0.028692882232024212,0.45937236374781093,0.5087733436814915,0.8888097283854949,0.020916287407258902
4.75,36.0,15.35,True,True,2.1588062653005915,55,21.53514727163279,104461.0671792174,-0.4332873701982541,12.147066904914682,13.174842729027333,20.099558996026303,1.0169320622690232,4850.724532393559,-0.02012000961651201,0.5640577587744398,0.6117832658791201,0.9333374293893258,0.047221969250638866
4.75,36.0,15.575,True,True,3.3820464694250734,94,24.17759186829927,34230413.62364988,-0.31556155697443483,16.64264754339417,17.761518631709972,23.549358181647396,2.4941979804829333,1415790.8616420762,-0.013051819167656107,0.6883500902013061,0.7346272833316453,0.9740158701464561,0.10316155529754102
4.75,36.0,15.8,True,True,5.294528665548006,56,26.042359678962836,115468476473.06467,-0.1450633445533224,21.06331593645064,22.16528355051853,26.037050778412,5.322147989614831,4433871503.830767,-0.0055702841962706395,0.8088098081782391,0.8511242385006982,0.9997961436438064,0.20436504430564686
5.0,36.0,14.0,True,True,0.09727308744545282,150,3.062988344372953,1.9386444691679532,0.04761500210039447,0.8045775277031287,0.9725993395735805,2.310842849794033,0.0028140656947939612,0.6329258394761628,0.015545276947549758,0.26267730635711567,0.31753282423041296,0.7544406279048713,0.0009187320937618682
5.0,36.0,14.225,True,True,0.16191389782503207,49,4.810048071791939,4.983868883305397,-0.24175140604261824,1.2738679573417635,1.6067424599857156,3.7346035535897135,0.008142716116691191,1.0361370216927381,-0.050259665274521054,0.26483476637421544,0.33403875304454883,0.776417095598469,0.0016928554549056093
5.0,36.0,14.45,True,True,0.2711154781459311,49,7.368293384538061,13.686890524266152,-0.49262146250798877,2.0716462517792174,2.590433051668232,5.894324358792622,0.023920639110395815,1.8575387555804037,-0.06685692830061932,0.28115686274469576,0.3515648626456849,0.7999578804993734,0.0032464286995672427
5.0,36.0,14.675,True,True,0.45079955426016705,50,10.88166564572308,43.63096147060291,-0.5803337253862082,3.414942019456107,4.087745820358249,8.981018449233144,0.07254633180513742,4.009584827461739,-0.053331332194929366,0.31382530309579143,0.37565442216696787,0.8253349019929715,0.006666840736248036
5.0,36.0,14.9,True,True,0.7380708598256753,52,15.19964425182204,199.66491076921506,-0.5418825094067857,5.523962590931659,6.327242287700404,13.02071274538565,0.2158241138249359,13.136156837702334,-0.03565099948584837,0.3634270973328524,0.4162756826984245,0.8566458878683826,0.014199287183913153
5.0,36.0,15.125,True,True,1.1916701800595753,55,19.70591909433591,1959.460179461581,-0.4575046013033679,8.563486541397952,9.51922244056131,17.685354230233518,0.6026739420055371,99.43510729346241,-0.02321660812232142,0.43456417842796086,0.48306411870418303,0.8974640637450315,0.030583396751018035
5.0,36.0,15.35,True,True,1.9054202046304827,55,23.544424737726885,62253.71153681997,-0.33943052038948324,12.564959491798474,13.68719863601562,22.243778371832157,1.5462471181025335,2644.0956714931526,-0.014416598586313722,0.5336702693638021,0.5813350204341013,0.9447577768247355,0.06567359939038447
5.0,36.0,15.575,True,True,3.0248591716745152,56,26.23494211316496,8345719.72194114,-0.16749379635979553,17.242328691361564,18.49089453204775,25.8775680489729,3.5369530653700707,318114.6612003833,-0.006384378346912588,0.6572276247832538,0.7048193379763104,0.9863779358593391,0.13481840554910896
5.0,36.0,15.8,True,True,4.7823652607292555,94,27.94896168187763,4993758523.431,0.08689178681321573,21.899508528706345,23.16128840720396,28.229098193562184,6.983467522910481,178674205.5132946,0.0031089450764661924,0.7835535637413747,0.8286994225700326,1.0100231455777549,0.2498650075948484
5.25,36.0,14.0,True,True,0.08485976855498911,90,3.1273137056236537,1.9614721361135554,0.05637794882073859,0.8157462381054644,0.9864034366524007,2.371952413481157,0.004856146892477039,0.627206708615884,0.018027596246375167,0.2608456697639763,0.3154155705193927,0.7584632169186681,0.001552817321698342
5.25,36.0,14.225,True,True,0.14197640133739794,89,4.928827461579493,5.023241056517854,-0.22748958413712989,1.2924299146586926,1.630016216897068,3.8523864573595072,0.013998692248574904,1.0191553864837672,-0.046154909237627995,0.26221853467853395,0.33071074806394474,0.7816030257478258,0.0028401668262270393
5.25,36.0,14.45,True,True,0.23900578731831584,49,7.591781107788814,13.671713220340038,-0.47106583128229046,2.102582198630403,2.6297941292660334,6.124191258789003,0.04074126945907507,1.800857140930143,-0.062049448554173776,0.2769550608451094,0.34640015194431606,0.8066870174254455,0.0053664968576710445
5.25,36.0,14.675,True,True,0.40006686107808476,50,11.286098834740551,42.39576522520223,-0.5484848406161932,3.4619042255038934,4.1505030262435065,9.420717836610924,0.12137890485514997,3.7564587946634656,-0.04859826665063951,0.3067405554563777,0.36775356011127114,0.8347187079039514,0.010754726379103189
5.25,36.0,14.9,True,True,0.6608976247777514,53,15.861648022186497,177.66773159394248,-0.4904531296586282,5.5863134762326085,6.416599689567628,13.803575112270654,0.35086290843269663,11.201089025896271,-0.03092069178263232,0.3521899785204379,0.4045354984924897,0.8702484819334592,0.022120205160392335
5.25,36.0,15.125,True,True,1.0774697454327247,95,20.65623733656842,1360.9098869259274,-0.37089497663287563,8.638771340747047,9.637355855374055,18.90493722725421,0.9365793995022909,65.88372629300999,-0.017955592327372615,0.4182161155484762,0.466559117149217,0.9152168867553712,0.045341239270340554
5.25,36.0,15.35,True,True,1.7376700476254168,56,24.720955448744533,24524.338509139106,-0.19765661908987092,12.661950320671377,13.851316002279345,23.817732915406015,2.256118304080519,992.046547714829,-0.007995508891219211,0.5121950220299605,0.5603066609216673,0.9634632838034426,0.09126339427932981
5.25,36.0,15.575,True,True,2.776672518566325,56,27.504934518547028,1106361.5151751004,0.05876333412937313,17.415001431541743,18.763915084344383,27.522377111445046,4.798809893803775,40224.11012936834,0.0021364651528164172,0.6331591671232129,0.6822017726198027,1.0006341623131754,0.17447087142010315
5.25,36.0,15.8,True,True,4.412707561746779,55,29.197893138369267,107430609.62874931,0.441144686155257,22.25633179255392,23.650768980856306,29.678742840849022,8.851465518196036,3679395.9454414737,0.015108784872410673,0.7622581426365532,0.8100162867496962,1.0164686438230663,0.3031542541870677
5.5,36.0,14.0,True,True,0.0777635370521986,92,3.1580737734160342,1.9590635799584841,0.06511048093606495,0.8212999353262906,0.9917707631745389,2.410334344894479,0.00842552900181558,0.6203349638154269,0.02061715007551456,0.26006356857139046,0.3140429370342915,0.7632292713311956,0.002667932925677613
5.5,36.0,14.225,True,True,0.13053540677757644,50,4.9819479739522325,4.965198019848132,-0.20973488536932558,1.3005073589947875,1.6371372782046907,3.928719846052917,0.02411118595417951,0.9966378705294241,-0.04209897141959527,0.26104394622232097,0.32861388492299576,0.788591102635747,0.00483971050686261
5.5,36.0,14.45,True,True,0.22039267926855477,88,7.684236194915335,13.217736310643419,-0.4419002691707342,2.1111464643629168,2.638185835372152,6.2780742230100675,0.06910284936160717,1.7201106232769896,-0.05750737717603475,0.27473732077104346,0.343324407065707,0.817006930000964,0.008992806520878754
5.5,36.0,14.675,True,True,0.3700595365553409,55,11.438723251600342,38.80918827710806,-0.5033999381701407,3.4606224475278617,4.154527678549743,9.723995030928394,0.20006738950895717,3.3927902112395665,-0.04400840260732003,0.302535726357721,0.3631985482268313,0.8500944394793319,0.017490360165936056
5.5,36.0,14.9,True,True,0.6133729928529579,54,16.098628118885717,141.2323404878808,-0.4144994479733303,5.555025050428367,6.399881122608293,14.353829463205244,0.55340903835039,8.772942603860605,-0.02574750127230222,0.34506201456455926,0.39754201881963014,0.8916181774747871,0.03437616138863234
5.5,36.0,15.125,True,True,1.0022307231728718,94,21.026113213521743,775.4191327373371,-0.23950079839472904,8.558966367728587,9.584380859201945,19.761381572492766,1.3915267591948104,36.878862244433776,-0.011390635823301274,0.40706364894032704,0.45583226732738685,0.9398494801114436,0.06618088398287181
5.5,36.0,15.35,True,True,1.618256996376699,57,25.282560809792407,7270.666121546144,0.018871454692529665,12.543750588108898,13.780909039783964,24.891608803726324,3.1243865563089788,287.5763328028891,0.000746421805706501,0.49614240750685623,0.5450756805634325,0.9845366927421901,0.12357872210076305
5.5,36.0,15.575,True,True,2.5898508164389664,54,28.250954599360995,109451.81977976226,0.4035105381107933,17.335028265999263,18.761995536347317,28.579913164575537,6.200547348390704,3874.269784223077,0.014283076229923935,0.6136085846243001,0.6641189935851475,1.011644157511831,0.21948098520291962
5.5,36.0,15.8,True,True,4.129404342013593,52,30.03414274936292,2072034.695543239,0.9802578055386869,22.346122920973446,23.846958344244353,30.551429776256068,10.785642032835684,68989.3070308188,0.032638115018597626,0.7440239965379883,0.793994972430175,1.017223299203508,0.3591126979332369
5.75,36.0,14.0,True,True,0.07386322426801901,92,3.163899953244643,1.93155425319801,0.07629497177610817,0.8228893791326103,0.9903263693425263,2.4364921954551004,0.014591383845131013,0.6104978923929508,0.024114217549093528,0.26008704171847175,0.313008117822097,0.7700914161196623,0.0046118347801001915
5.75,36.0,14.225,True,True,0.12418911547138586,49,4.984458835101348,4.803263298909208,-0.18367542043440094,1.3006961700266488,1.6305388654744093,3.9831322511803693,0.04121765605641826,0.9636479019715977,-0.03684962129508013,0.2609503284222031,0.32712455241718447,0.7991102711352578,0.008269233916861143
5.75,36.0,14.45,True,True,0.20973997778177278,51,7.674454324391339,12.314110809689556,-0.3976013795820414,2.1017304882405257,2.6199931908567757,6.391099537932918,0.1152193170159831,1.6045584857482604,-0.05180842347557723,0.27386057684397175,0.3413914631727993,0.8327757606974613,0.01501335627860697
5.75,36.0,14.675,True,True,0.35175556243535494,51,11.400814721405139,33.330921612328,-0.43450130510294743,3.4206219113260614,4.110211744373676,9.948352719790552,0.31945905685883796,2.923556116542169,-0.03811142586916767,0.300033111221763,0.3605191247127904,0.8726001573477398,0.028020721734829224
5.75,36.0,14.9,True,True,0.5814758930490938,54,16.03867751191176,101.32961565469238,-0.29898175540734173,5.455189568442704,6.3044234154044725,14.751765873641647,0.8324316699814445,6.317828610210282,-0.01864129727561958,0.340127143549784,0.3930762627231729,0.9197619855306438,0.05190151553101595
5.75,36.0,15.125,True,True,0.9464501601252211,92,21.03183216244941,385.1278529994364,-0.04045195572806039,8.382814567767685,9.422237923895153,20.349203048552685,1.9525904323109566,18.311664434401976,-0.0019233681314880402,0.39857747546761546,0.4479989118930769,0.9675430505234108,0.09283976865302039
5.75,36.0,15.35,True,True,1.5238782119514902,54,25.49368217347947,1909.317606790099,0.3461770947561743,12.315641590296508,13.583201971529965,25.573867438836356,4.085585998667238,74.89375578614222,0.01357893663224118,0.4830860252548455,0.5328065941631719,1.0031452994828773,0.16025876414656903
5.75,36.0,15.575,True,True,2.439872203467289,52,28.706588057344145,11013.314137225621,0.9246591802536398,17.14309084704004,18.622609269813065,29.201314686403162,7.615986369759629,383.651101803721,0.0322106959700869,0.5971831557548769,0.6487224895070298,1.0172339056132604,0.2653044783499164
5.75,36.0,15.8,True,True,3.906791981343854,52,30.620879431427515,57448.556663051204,1.797699838708761,22.313238914576385,23.883687083369253,31.05370473257936,12.595428360513798,1876.123668874425,0.058708302050388045,0.7286936015193396,0.7799804423270876,1.0141349729070033,0.41133463814192656
6.0,36.0,14.0,True,True,0.0718619785734082,92,3.1479834910615025,1.8743948624527114,0.09279908147457251,0.8212132820518584,0.9821313715954682,2.4579220915782662,0.02501637540538083,0.5954271576629724,0.029478897121941572,0.26086962793281504,0.31198745939556777,0.7807925608750422,0.007946793709818755
6.0,36.0,14.225,True,True,0.12075523690019437,51,4.943052208337951,4.522375380473217,-0.14324808913642006,1.2942192518612676,1.6101568561597528,4.029805017520979,0.06913845516923013,0.9148953298216969,-0.028979683624378656,0.2618259320988307,0.32574142216093466,0.8152462987794252,0.013986996749216453
6.0,36.0,14.45,True,True,0.20326101954762288,50,7.581925073017983,10.980268119965183,-0.32866204948159244,2.0774206673578095,2.5765990666943006,6.488303003023314,0.1860017578327828,1.4482163849179917,-0.04334810042520885,0.2739964649282524,0.3398344143314893,0.8557593144930206,0.024532260084541412
6.0,36.0,14.675,True,True,0.3388062647599783,52,11.229518594696465,26.832067516970824,-0.3288401989367907,3.3522304269149568,4.0261288288385355,10.132276204590829,0.4860284502238398,2.3894227780737824,-0.02928355264419768,0.29851951342759836,0.3585308483962987,0.9022894542759965,0.04328132556398133
6.0,36.0,14.9,True,True,0.555974242729556,56,15.807392661050057,67.2197489645545,-0.12620985635449614,5.315240885669105,6.156723806420522,15.048230129922105,1.1792100632946672,4.252424824631971,-0.00798422985123166,0.33625032284837436,0.3894838281325734,0.9519742093205191,0.07459864435456709
6.0,36.0,15.125,True,True,0.8993247279576666,57,20.859761881632686,180.63833465101456,0.25407775649236924,8.16631469141924,9.203480261835344,20.73469579531502,2.5737815807937365,8.659654682351343,0.012180280768980796,0.3914864770632782,0.4412073500196154,0.9940044336542601,0.12338499333781885
6.0,36.0,15.35,True,True,1.4442879556964678,53,25.539956829149826,522.431244566456,0.8324538321100672,12.058811022096295,13.330632274387312,25.968323961586318,5.043948824051874,20.455447441092904,0.0325941753809056,0.472154714385933,0.521952028484735,1.0167724297774685,0.1974924569290972
6.0,36.0,15.575,True,True,2.3176522449791843,90,29.002652743154794,1451.0176520171574,1.704513959653034,16.92986583377703,18.420653629514746,29.545923807647192,8.90316917372438,50.03051496245034,0.05877096742660319,0.583735080501311,0.6351368542955915,1.0187317715142667,0.3069777531238313
6.0,36.0,15.8,True,True,3.734488600054848,50,31.035736432887234,3164.7990212611558,3.025338398012444,22.242173889627306,23.82612053649566,31.36068073635934,14.116904436655565,101.9727380436043,0.09747918837223477,0.7166633193230186,0.7676995384987272,1.0104700046082289,0.4548596572593808
6.5,36.0,14.0,True,True,0.07048655332451428,85,3.04809783784175,1.6466641426416702,0.15450067864978645,0.8081013733007301,0.9411368617622508,2.506446982451334,0.06816726143416933,0.5402268005306596,0.05068757201021569,0.265116612488042,0.30876202531236213,0.8222987304849966,0.022363869226204418
6.5,36.0,14.225,True,True,0.11699305730393172,49,4.7411189384682295,3.6024645945757334,0.006961225700525276,1.264774898606966,1.5236911089618155,4.1325684285510444,0.1733381180522312,0.7598342588173131,0.0014682664136610594,0.26676717353469137,0.32137795502217303,0.8716441165439741,0.036560592615766274
6.5,36.0,14.45,True,True,0.19323679729211868,51,7.22233128305539,7.568505780828498,-0.07625448401678432,2.0023688806618662,2.419631651477489,6.677884307568337,0.41398354812223287,1.0479311297427303,-0.01055815373571801,0.27724688915332735,0.335020861913976,0.9246161725142126,0.057319933397890065
6.5,36.0,14.675,True,True,0.3154995925740654,52,10.692717423610725,14.901361307008628,0.047775421730134666,3.187316929955326,3.7733168518654137,10.419454494610928,0.9322248478299061,1.3935990933515874,0.004468033694095493,0.2980829665354638,0.3528866145413611,0.9744440147275938,0.08718315568420883
6.5,36.0,14.9,True,True,0.5098002904153057,52,15.186988455869578,26.94821225057711,0.4659728260444222,5.031189442299234,5.784703507523144,15.390099970185982,1.948296786438535,1.7744276509383905,0.03068237178150548,0.3312828910694762,0.38089865705319803,1.0133740481140554,0.1282872369396938
6.5,36.0,15.125,True,True,0.8199160184163369,51,20.389253737153066,44.64013528169049,1.252279109081885,7.782108573170007,8.712335233897758,21.06044477373261,3.7368189811394634,2.189395249927551,0.061418584771447335,0.3816769693237736,0.42730034881179785,1.0329188623199341,0.18327394564374244
6.5,36.0,15.35,True,True,1.3221950948904264,51,25.457942998262485,68.34844992022803,2.5111534273581486,11.654266955880127,12.779691817863773,26.26580380996818,6.591851771177493,2.68475932736957,0.09863929020225773,0.45778509900330655,0.5019923180256941,1.0317331534508043,0.2589310444927695
6.5,36.0,15.575,True,True,2.1474157764342827,87,29.310901878755615,94.16421360176673,4.428309040044503,16.63292727487275,17.934344911573902,29.876477383518605,10.739992987135523,3.2126003488830364,0.15108061356699903,0.5674655574801063,0.6118660212421719,1.019295738735795,0.36641632630621346
6.5,36.0,15.8,True,True,3.516660642701085,48,31.495846888522056,110.43045706412593,7.23833634377194,22.1706774855694,23.53731947929085,31.739953631325598,16.104857324819832,3.5061910687776994,0.22981875576775765,0.7039238399920276,0.7473150210121351,1.00775044226204,0.511332728464872
7.0,36.0,14.0,True,True,0.06887384588536338,56,2.8614166157098455,1.287871826908858,0.26253171208881604,0.7817858637456306,0.8648390952486472,2.573408386823017,0.15248256003878197,0.45008189993660513,0.0917488598645355,0.27321637102875673,0.3022415856888782,0.8993476771940178,0.053289185224415454
7.0,36.0,14.225,True,True,0.11159009102358933,49,4.435002139393176,2.4928287336639023,0.2604756919535645,1.2250667742183428,1.3855752321468608,4.245716315339711,0.3407103652837696,0.5620806158179185,0.05873180750916264,0.2762268733394487,0.31241816544793,0.9573200151647808,0.07682304417791953
7.0,36.0,14.45,True,True,0.1807018741196481,49,6.779489381844533,4.559124207490868,0.35124395853535734,1.935611340899366,2.2007229241971387,6.8244670521779955,0.7077709470456872,0.6724878454268546,0.05180979550996693,0.28550990080210636,0.3246148493263627,1.0066343743311867,0.10439885766929545
7.0,36.0,14.675,True,True,0.2917325367235949,50,10.142633197816604,7.692281360607204,0.6866678386144879,3.077519458015991,3.4617869709433453,10.541471941819939,1.3853952894734816,0.7584106819778432,0.06770114084006373,0.3034241106814832,0.34131047662145186,1.0393229979064207,0.13659128378730234
7.0,36.0,14.9,True,True,0.4708741310883474,49,14.631381465543367,11.765934455506711,1.4439196620865933,4.875552004455112,5.375930110521548,15.43329890612376,2.5652187767085923,0.8041574531574663,0.09868648872883244,0.33322567769399947,0.3674246429280628,1.0548080468320025,0.1753230740890486
7.0,36.0,15.125,True,True,0.7638067294542427,87,19.98477828625445,16.41161637254866,2.851737832735663,7.609862170251977,8.21456966656875,21.059324011598783,4.493236147323837,0.8212058266283888,0.14269549513576996,0.38078291694064215,0.4110413209947262,1.0537682084811222,0.2248329244870477
7.0,36.0,15.35,True,True,1.2490648075650719,47,25.32307065222223,21.75998382574606,5.149651655765449,11.529455760477145,12.232436989888289,26.328158749580286,7.442480742856971,0.8592948353139988,0.2033581048084127,0.4552945382816509,0.483055043279865,1.0396906090561278,0.29390119567525097
7.0,36.0,15.575,True,True,2.0596840931746607,47,29.408619125514495,28.056374556240982,8.530726786059766,16.626373763938496,17.416069983310862,30.045297247701015,11.636763662567255,0.954018766964127,0.2900757342482167,0.5653571727723079,0.5922097161032948,1.0216493715488377,0.3956922837111847
7.0,36.0,15.8,True,False,3.418315332846385,46,31.671407015304776,34.31134404102353,13.041054817619763,22.312011832014893,23.128182676776266,31.94844563573518,17.0077400208673,1.0833539547025188,0.41176114503905215,0.7044843893810249,0.7302543478917715,1.0087472785877978,0.5370061397224487
7.5,36.0,14.0,True,True,0.06469914928177645,51,2.642957797240277,0.9381456506262715,0.3821563198608793,0.7458758979244035,0.7757050373859244,2.629873521436565,0.2598730868527488,0.3549605111386433,0.14459418166265053,0.28221256453781896,0.2934988361130473,0.9950493814856316,0.09832661237500766
7.5,36.0,14.225,True,True,0.10359208485617005,47,4.135192704553368,1.6501488650725067,0.5370280289372134,1.1863930921961137,1.243757308948987,4.304347133359329,0.5109304565844718,0.3990500523120688,0.12986771531732436,0.28690152478015,0.3007737239378116,1.0409060570792024,0.12355662555263097
7.5,36.0,14.45,True,True,0.1674782994317132,47,6.404777418772225,2.771543046965037,0.8361108672322719,1.8970488621096766,1.9921117215902528,6.8459195957572,0.9486695993354651,0.4327305799639065,0.13054487495250874,0.29619278517774544,0.31103527747138077,1.0688770503861695,0.1481190582134737
7.5,36.0,14.675,True,True,0.2721465545789126,49,9.72571916397449,4.385752730997619,1.4337602219968584,3.0407549953220996,3.177888046104808,10.49053335863312,1.6864204298775292,0.4509437972713729,0.14741945534554599,0.31265091496632025,0.32675095718126196,1.0786383178214332,0.17339801833105373
7.5,36.0,14.9,True,True,0.44474382584821864,47,14.24968590469454,6.521266111617406,2.5612789901398885,4.84823679847753,5.024103907213342,15.3341361178712,2.9042970710369205,0.45764279684712095,0.17974283835239335,0.3402346431285398,0.3525764666544796,1.0761034468008441,0.20381481321494277
7.5,36.0,15.125,True,True,0.7321714429382631,46,19.73136914130443,9.25433535014995,4.532776522689166,7.612203352326125,7.816588087492293,20.989124974891602,4.849505047050354,0.46901638116827354,0.22972437899408263,0.3857919487396953,0.3961503143301663,1.063743971570339,0.2457764087388492
7.5,36.0,15.35,True,False,1.2137051840353372,45,25.238027912714333,12.95021434071997,7.623987264158465,11.591503760306965,11.817391572994575,26.344520449103847,7.802098514448948,0.513123069104617,0.302083320080555,0.45928722324882737,0.46823751894819193,1.0438422740562898,0.3091405771256173
7.5,36.0,15.575,True,False,2.022277794201015,45,29.442791203511693,17.92508041022032,11.944230797061472,16.771129292781175,17.017023057915527,30.127586504341085,11.991974011598364,0.6088104991921542,0.40567589922102437,0.569617505923856,0.57796908385119,1.0232585048100913,0.4072974579315041
7.5,36.0,15.8,True,False,3.380145775397549,44,31.739194057247772,23.711335990017968,17.301361636469185,22.52951418027249,22.78002862072331,32.03889009407036,17.349608519357638,0.7470679925662256,0.5451103013284722,0.7098325855293035,0.7177254904341656,1.0094424589446735,0.5466304055504454
3.5,39.0,14.0,True,True,0.47780705903661697,150,1.3249148949843865,0.89682129651754,-0.11853424695687381,0.44214862994289306,0.49530549852121486,0.9781140141026066,0.00017094762727756544,0.6768897382862531,-0.08946555541461453,0.33371851400923647,0.37383948236694237,0.7382466736583357,0.00012902536451564307
3.5,39.0,14.225,True,True,0.7518570382496408,185,1.9404477990721296,2.1253261327683894,-0.4202623062365735,0.6915912395505932,0.8095344062668617,1.4895917625895982,0.0004861132626496044,1.0952761181128725,-0.2165800628275245,0.35640806203665654,0.4171894789717917,0.7676536123784836,0.0002505160215503096
3.5,39.0,14.45,True,True,1.1792988152252475,50,2.676627061262438,4.845190574043576,-0.7186461261375185,1.0713981649921018,1.2729467309571392,2.181615086341607,0.0014639083616232902,1.8101851558499633,-0.26848944947846687,0.4002792097927808,0.4755786674131399,0.8150612828791481,0.0005469227980280652
3.5,39.0,14.675,True,True,1.831288399915011,52,3.502740573474289,10.894645269246265,-0.8689202255104663,1.6827972815809644,1.9513837274364199,3.063884253554526,0.0046744815050844095,3.110320345089135,-0.2480686785914619,0.48042304198162067,0.5571019852894462,0.8747105842656022,0.0013345211862058905
3.5,39.0,14.9,True,True,2.7816862703165066,260,4.447197412732468,26.42808339656152,-0.884919092566655,2.6380310183725957,2.93421813588301,4.12494422216279,0.014432504042839736,5.9426377882162535,-0.19898354186686282,0.593189546931249,0.6597903946162251,0.9275379164309061,0.003245303210853428
3.5,39.0,15.125,True,True,4.146559669324089,136,5.53038268305185,86.88538057744364,-0.8522224762789204,3.949386426874838,4.246216299138608,5.318805592654053,0.04251393720634983,15.710554866973036,-0.15409828308818507,0.7141253423525178,0.7677979160739385,0.9617427757673649,0.007687340938744806
3.5,39.0,15.35,True,True,6.147304768793133,55,6.721197623926522,581.6049030192237,-0.8063804494038156,5.51336217464664,5.791076445361689,6.569746397658353,0.1232904515374755,86.5329269517075,-0.11997570887265896,0.8202946086601952,0.8616137732278945,0.9774666309871586,0.018343524240170942
3.5,39.0,15.575,True,True,9.117563952515422,380,8.011434343365805,15254.00314131089,-0.7568104290341662,7.191337619102201,7.43038241190932,7.850615593653997,0.3546078636229635,1904.0289775254278,-0.09446628363881855,0.8976342201515116,0.9274721720789426,0.9799263474155562,0.044262718562576873
3.5,39.0,15.8,True,True,13.637080981365838,58,9.326540123783161,4212004.107871049,-0.7069638527414057,8.815666739543824,9.003407414092711,9.270793197568763,1.0148302951451864,451614.85952654836,-0.07580129859074013,0.9452236973777035,0.9653534209469121,0.9940227645542166,0.10881101476820075
3.75,39.0,14.0,True,True,0.3641565481061342,95,1.7386826741472614,1.1985569828603833,-0.09581984615282815,0.5390307555860177,0.623130369460613,1.319284270068643,0.00026609108972701085,0.6893477462460001,-0.05511060044342082,0.31002250358903805,0.35839223495237726,0.7587838135648802,0.00015304177909146962
3.75,39.0,14.225,True,True,0.5763634065035165,51,2.5681031927210927,2.932837841100307,-0.4120845166650812,0.8396409795446726,1.0149073260319743,2.018557429118956,0.0007643109518176082,1.1420249191749772,-0.1604626005033885,0.3269498600852607,0.3951972525514467,0.7860110274541371,0.0002976169158560038
3.75,39.0,14.45,True,True,0.9116660260951941,87,3.593017412896327,7.164045744705771,-0.7052450966308456,1.3145816776310306,1.594870941401072,2.9708372007319275,0.002296869516713004,1.993880051622361,-0.19628212602018769,0.3658712236997894,0.44388066021518346,0.8268362936591335,0.000639259222198286
3.75,39.0,14.675,True,True,1.4244332701304732,130,4.778989390576351,18.355769358049876,-0.8379409918317522,2.0939226798057557,2.4486913050540693,4.189087774994857,0.0072353899815175175,3.840931179768983,-0.1753385335996102,0.4381517740831868,0.5123868468682151,0.8765635226676344,0.0015140000092456623
3.75,39.0,14.9,True,True,2.1697960873019824,51,6.124959486552678,57.49127787689082,-0.8418879768501838,3.309086021988683,3.697063030851088,5.656634244421284,0.022157394942150035,9.38639316767934,-0.13745200742936264,0.5402625158996998,0.6036061200025852,0.9235382302267304,0.0036175577962264897
3.75,39.0,15.125,True,True,3.241190734856014,54,7.6035833678343865,320.07607001170203,-0.805516290282527,4.993913498947344,5.396621979645418,7.319641660864631,0.06519444019051719,42.095424555444104,-0.10593903575649885,0.6567842104649251,0.7097471966276943,0.9626568562171726,0.008574173128200413
3.75,39.0,15.35,True,True,4.814718202410539,53,9.159662186975567,5950.862047661438,-0.759769236426235,7.059660869127694,7.458307759831558,9.077731452979197,0.18849608539245902,649.6813884821178,-0.08294729881049287,0.770733759064397,0.8142557670343759,0.9910552668511216,0.020578934194809932
3.75,39.0,15.575,True,True,7.1539588405066175,54,10.79146440531553,913656.287563689,-0.7100872005984702,9.32244658306365,9.688008493455234,10.821793864056033,0.5367023344026558,84664.71771093932,-0.06580081941879028,0.8638722450376347,0.8977473426760534,1.0028105044506808,0.0497339669802639
3.75,39.0,15.8,True,True,10.683387832695079,58,12.460786757021202,4211761414.8098054,-0.6567911704832087,11.544349358204055,11.849356771366674,12.576654861341387,1.4937037349949036,338001243.1748445,-0.052708643787129306,0.9264542908335409,0.9509316708826584,1.0092986186650612,0.11987234547234794
4.0,39.0,14.0,True,True,0.26758963616471865,98,2.139909359959516,1.476495589015788,-0.06708287943274156,0.6241528498352398,0.7371817578540846,1.6607472031069286,0.00041482480913513476,0.6899804340515251,-0.031348467691178605,0.29167256404123953,0.34449204795666255,0.7760829660272843,0.00019385157936922277
4.0,39.0,14.225,True,True,0.4278180780234783,49,3.2076332867140263,3.715923019313573,-0.3897929171183609,0.974346288129626,1.2020045198832965,2.567843075436242,0.0012004705278017597,1.1584625445511105,-0.12152041155479895,0.3037586285705898,0.3747325247128414,0.8005413480625149,0.0003742542929623821
4.0,39.0,14.45,True,True,0.6851763310193633,51,4.587458034974842,9.636265939940102,-0.6779791396075184,1.5439977711508113,1.8969708774510399,3.8251883116405603,0.003598475388270778,2.100567649114843,-0.14778972024127443,0.33656935047238606,0.41351242081965833,0.8338361424730805,0.0007844159795764784
4.0,39.0,14.675,True,True,1.0827093187203065,88,6.252176006326329,27.664380293456478,-0.8004539303856123,2.488773695124299,2.9289071531661124,5.455837727964494,0.011238495878170343,4.42476031792195,-0.12802805448465698,0.3980652004367772,0.4684620442870558,0.872630220653409,0.0017975335094211286
4.0,39.0,14.9,True,True,1.6652215553705307,92,8.153300721171824,108.44074585399048,-0.7985985305573623,3.9634561974348825,4.4517168166109515,7.431240268421102,0.0343352340923561,13.300226443555605,-0.09794788121620818,0.4861167682853772,0.5460017934885067,0.9114394921217938,0.0042112066347800925
4.0,39.0,15.125,True,True,2.5084704176519304,53,10.181922771220687,942.4755710647687,-0.7611142985918424,6.041640132023349,6.569104086918025,9.66963417708728,0.10107038839830373,92.56361418578875,-0.07475152932245176,0.5933692749173181,0.6451732383480326,0.9496864584770377,0.009926454037147115
4.0,39.0,15.35,True,True,3.7504719664266113,52,12.225570552941113,38395.25605130123,-0.7151005223807473,8.676766822714232,9.228885825033805,12.034519526470055,0.29059812968834975,3140.5696678969684,-0.05849220036677267,0.7097228538447931,0.7548838547100452,0.9843728335095905,0.02376969879891948
4.0,39.0,15.575,True,True,5.603542996691174,57,14.261737373681523,19980430.624203887,-0.6627911464673261,11.652699241132934,12.19251421358661,14.34246896236084,0.8123074630845953,1400981.5284549824,-0.0464733804235124,0.8170602876643007,0.8549108635310143,1.0056607120552015,0.05695711832301862
4.0,39.0,15.8,True,True,8.400109329806122,58,16.27380578247003,522413919128.1614,-0.6017104408213513,14.611459826860443,15.090739845886288,16.492648772792695,2.1586272481497097,32101521064.66086,-0.036974168726377904,0.89785143206021,0.9273024421946753,1.0134475606534765,0.1326442798324999
4.25,39.0,14.0,True,True,0.19378860906377382,88,2.4815511768044263,1.6972300800524258,-0.04026722772840838,0.691043204880369,0.8272811713443644,1.960076861404085,0.0006576249690759671,0.6839391812334106,-0.016226636027011857,0.27847227626804283,0.3333726014104134,0.7898595361342253,0.0002650056042458137
4.25,39.0,14.225,True,True,0.31353467945073626,49,3.781503585214805,4.363289010052959,-0.36476949432139005,1.0837808899717964,1.3534270386990803,3.0715239032212525,0.0019123821594562642,1.1538502904275594,-0.0964614963602288,0.28660051896003513,0.35790711504037886,0.812249369597458,0.0005057200439881728
4.25,39.0,14.45,True,True,0.5093509622893492,87,5.5409904369117156,11.832308718360599,-0.648770795540011,1.7364395375430743,2.1495529306307257,4.650802125945227,0.005718414505121273,2.1354140298706894,-0.11708570930174805,0.31338071366729936,0.3879365891540474,0.839344911148658,0.0010320202805310101
4.25,39.0,14.675,True,True,0.8168133388726116,50,7.764562106898476,36.95547565152125,-0.7649180588801954,2.82756278577766,3.343566052141333,6.746329155606918,0.017761769405808692,4.759505448309559,-0.09851399838770031,0.3641625563488627,0.4306187530100017,0.868861509860691,0.0022875429626647114
4.25,39.0,14.9,True,True,1.2755174724858827,51,10.358062723761678,170.29249490036537,-0.7594173065146436,4.5371347700087,5.121334374165537,9.319509600226862,0.054242396483879796,16.440573825616035,-0.07331653869719475,0.4380292812477752,0.4944297510785541,0.8997348103374246,0.00523673180308575
4.25,39.0,15.125,True,True,1.9499857401301455,53,13.09293748984443,1990.1611287213527,-0.7202697254499993,6.982867197535142,7.636532819851036,12.233452645222195,0.15945649235429907,152.0026449576366,-0.055012080062910126,0.533330828391369,0.5832558832404364,0.9343550791952611,0.012178817204159257
4.25,39.0,15.35,True,True,2.9521010576446187,53,15.731342796088411,127808.21593650569,-0.6712230902367352,10.170307928712992,10.886875701024918,15.271401430745525,0.4532478062111279,8124.4314355850875,-0.042667882769907885,0.6464996701516055,0.6920499948505306,0.9707627396272078,0.028811768460339428
4.25,39.0,15.575,True,True,4.458446501237385,58,18.176609807672804,118336920.19421326,-0.6111071302280316,13.871659920401306,14.611296182104846,18.1600750024208,1.2284175072933787,6510395.582363234,-0.03362052311702637,0.7631599108512375,0.8038515617987823,0.9990903251251494,0.06758232257232219
4.25,39.0,15.8,True,True,6.750200270051463,57,20.410422247276884,5248194956295.218,-0.534131139766859,17.587712982532434,18.280965959746347,20.678348525042505,3.055853582712243,257133090766.67538,-0.026169529140345035,0.8617025541879199,0.8956681904111687,1.0131269345885956,0.14972025300064276
4.5,39.0,14.0,True,True,0.14238212973839864,96,2.7390037279036545,1.8519832179787654,-0.019266048072720487,0.7385110187159168,0.8911974560549908,2.1918328190435488,0.001069558563252644,0.6761521348480288,-0.007033961975461093,0.26962760626877624,0.3253728525360879,0.8002299510271595,0.00039049182458442643
4.5,39.0,14.225,True,True,0.23300295247346497,50,4.23476341170153,4.827936247613763,-0.34309887237058934,1.163623404028697,1.4632696679248087,3.4795860554597033,0.003117552069834036,1.1400722492012596,-0.08101960818461215,0.2747788461601808,0.3455375249255935,0.8216718898262144,0.0007361809307267539
4.5,39.0,14.45,True,True,0.3836397944363766,89,6.341582339582838,13.475902382994942,-0.6233091648810121,1.8807246567781561,2.3384455134367124,5.357794852599856,0.0092946009723705,2.1250062935998106,-0.09828921734413916,0.2965702495162862,0.36874795409351097,0.8448671901896809,0.0014656595900924495
4.5,39.0,14.675,True,True,0.6246284722650308,88,9.121988202297727,44.36080707202304,-0.7345597535514171,3.0875200483559717,3.6635485332966495,7.919415047251813,0.0287233724804372,4.86306341208039,-0.08052627752427806,0.33847007690475417,0.40161732859661475,0.868167648502001,0.0031488061421962926
4.5,39.0,14.9,True,True,0.9928346882133968,52,12.460439964402585,224.20410727023477,-0.7248860631304742,4.986780119271306,5.651592634238873,11.131439375685309,0.08748988825939358,17.99327374561001,-0.058174997448031826,0.4002089920996138,0.45356284773126293,0.8933424026347375,0.007021412446858836
4.5,39.0,15.125,True,True,1.5467825650939473,52,15.989978193291135,3008.9941027279037,-0.6809751281128962,7.732832391298182,8.497533511728108,14.784166620821125,0.25534871516030444,188.18000039489598,-0.042587620813555,0.4836049366560501,0.5314287117222831,0.9245895424062599,0.01596929727317829
4.5,39.0,15.35,True,True,2.3835694774839276,56,19.26524527932282,220020.5433332525,-0.6234325902249297,11.371637310614979,12.239418548274442,18.517843188734492,0.7102844489204568,11420.593931881998,-0.03236048029422461,0.5902669364308606,0.6353108081842528,0.9612046418432831,0.036868694824394345
4.5,39.0,15.575,True,True,3.6574171620128704,58,22.038347940728926,195433799.44397542,-0.5469646935598657,15.669386302130127,16.60207932410035,21.913451266732544,1.8379222614588981,8867896.993440034,-0.024818770219569127,0.7110054866304946,0.7533268541158731,0.9943327569592655,0.08339655342596013
4.5,39.0,15.8,True,True,5.617962229501912,58,24.291249870960172,4932240515044.353,-0.441313597150913,20.00937249606252,20.92109020190092,24.652511153552968,4.219819683637382,203045975042.26297,-0.01816759530675681,0.8237275810160526,0.861260343252727,1.0148720746981685,0.17371768460058176
4.75,39.0,14.0,True,True,0.10912680400403893,103,2.913843141597278,1.9495234049085755,-0.0042644294433045425,0.7694658939247893,0.9326388255760493,2.3537019538309263,0.0017851366703429518,0.66905571445411,-0.0014635068657013965,0.26407251747360433,0.320071733533606,0.8077654971299176,0.0006126399341333094
4.75,39.0,14.225,True,True,0.1802899398646644,49,4.553637369074935,5.11969239170878,-0.32600237722613135,1.216645943457651,1.5355614751881752,3.776021691107236,0.005204096224588748,1.1243083225023773,-0.07159164219797289,0.26718112244076453,0.3372164603217235,0.8292319710724636,0.0011428437977804879
4.75,39.0,14.45,True,True,0.30007948978366794,49,6.932348059999835,14.50306329904079,-0.6023014024373118,1.9780540716998267,2.465490618089598,5.897996152329572,0.015451090766774382,2.092085275222193,-0.08688274120461952,0.28533680862236943,0.3556501486582393,0.8507934254428813,0.0022288394398325626
4.75,39.0,14.675,True,True,0.49499905145095563,50,10.179821641343016,48.87350636812812,-0.7085919136402319,3.264814711546692,3.883371458820337,8.869425663804778,0.047411650266460444,4.801017944129743,-0.06960749791159876,0.3207143333717552,0.38147735742725714,0.8712751535629696,0.004657414632286766
4.75,39.0,14.9,True,True,0.8001689852729682,52,14.185983796095865,253.70700634484368,-0.6923828074731009,5.295374207344871,6.020537239356311,12.684823371128056,0.14320922481964216,17.88434344713312,-0.048807528432652805,0.37328212716570386,0.424400402953599,0.8941800268106225,0.010095121133513128
4.75,39.0,15.125,True,True,1.27110908430583,53,18.458304827603463,3373.389856855806,-0.6381611850911034,8.245997917132053,9.097237822920015,17.06453292089189,0.4108458532193249,182.75729479833228,-0.03457311985317122,0.4467364687141031,0.4928533745588357,0.924490795892196,0.022258048995101958
4.75,39.0,15.35,True,True,1.997395713225644,55,22.30269326163419,209034.2171243361,-0.5633418925794362,12.181801273137097,13.17169871655844,21.455067882444215,1.102755530321901,9372.599742647382,-0.025258917654959415,0.5462031482131633,0.5905878075818233,0.9619944833905739,0.04944494897479026
4.75,39.0,15.575,True,True,3.119192837891666,57,25.275211970965916,105208673.46005423,-0.45754310265604625,16.86453852687481,17.959416267104043,25.22399826569101,2.684474244330474,4162523.8823282393,-0.018102443737430734,0.6672362845560862,0.710554526218587,0.9979737576351986,0.10620976185735562
4.75,39.0,15.8,True,True,4.861385795470044,55,27.39903312349262,671346740736.0076,-0.30455476188673614,21.62589338171118,22.73088019409886,27.980807871817095,5.670806272666223,24502570499.846504,-0.011115529533982102,0.7892940339989075,0.8296234429750308,1.0212334043213243,0.2069710360619963
5.0,39.0,14.0,True,True,0.08875215776339898,144,3.0226292949596205,2.0037815112900184,0.006436045921058564,0.7882888263432272,0.9573805291420426,2.458690485693836,0.00304067309164071,0.6629266495337091,0.0021292872175198525,0.26079573424956104,0.3167376597383346,0.8134277298886173,0.001005969569841455
5.0,39.0,14.225,True,True,0.14769853008106928,49,4.755821159582946,5.270255024217505,-0.31184924868343855,1.2489453177517567,1.5786993671723586,3.9743922381944654,0.008847881567512978,1.1081693039693006,-0.06557211430355503,0.2626140209740942,0.3319509532000148,0.835690011216274,0.0018604319360673517
5.0,39.0,14.45,True,True,0.24776521580047908,89,7.317161094484379,14.964191712723343,-0.5833861841505071,2.036617258556583,2.541480962771052,6.274777666039148,0.02610647586855822,2.0450816265345364,-0.0797284871301056,0.27833434746868835,0.34733155795719756,0.8575426432484899,0.003567842163299792
5.0,39.0,14.675,True,True,0.4127571143810946,51,10.890332763545455,50.25299614421551,-0.6834363764400027,3.36838957043185,4.013963216453819,9.565975120737006,0.07920108710239541,4.614459193793739,-0.0627562436593079,0.3093008858009622,0.36858040094883504,0.8783914439013624,0.007272604870947095
5.0,39.0,14.9,True,True,0.6764350056363864,53,15.378788729554355,251.7789586600004,-0.6565150219796129,5.46787068594305,6.233877359773811,13.883639706860908,0.235099535508941,16.371832859381275,-0.04268964438778901,0.3555462515350842,0.4053555497380486,0.9027784925726869,0.015287259591331526
5.0,39.0,15.125,True,True,1.0921878738606994,55,20.201532205503142,2892.691454908307,-0.583473346368846,8.517555855124922,9.429686759660948,18.894286238481552,0.6540284297922656,143.19168593163954,-0.02888262832904827,0.4216291996309387,0.46678077007902335,0.9352897615030665,0.032375189324208804
5.0,39.0,15.35,True,True,1.7443816547609463,57,24.462442148840637,118038.47112066258,-0.4783496919069423,12.588880480836526,13.668065692780226,23.8354743727694,1.6680483721836412,4825.293828083998,-0.019554453680317156,0.5146207563513097,0.5587367610158255,0.9743701887057523,0.06818813763705502
5.0,39.0,15.575,True,True,2.761657121917859,56,27.56169188820043,23006801.298887428,-0.3245514032996713,17.460486803911653,18.68029590258958,27.826490606075957,3.784623683362963,834738.353226312,-0.011775452850142941,0.633505623484121,0.6777630335018329,1.0096074914032724,0.1373146357892208
5.0,39.0,15.8,True,True,4.347521216000383,93,29.581944609662756,23903746821.447933,-0.09782551508266692,22.491432164856718,23.755499671369144,30.437346043378046,7.4056111645692155,808051909.2595395,-0.003306933211236993,0.7603094543524375,0.8030405027399571,1.0289163354540214,0.25034226999905274
5.25,39.0,14.0,True,True,0.07675156802931316,131,3.084172856623068,2.0259371321286115,0.015071985420833073,0.798897563150096,0.9705010960643862,2.524063564536434,0.0052458248690709156,0.6568818371441271,0.004886880898542028,0.2590313838715341,0.31467143418381877,0.8183923800237608,0.0017008854927848271
5.25,39.0,14.225,True,True,0.12839691668988937,49,4.869369067018766,5.305850047162221,-0.2976744563369711,1.266518364392562,1.6006410782386742,4.101197269845092,0.015199804683346455,1.0896380976952085,-0.06113203830721749,0.2600990697071927,0.32871631954951697,0.8422440799616815,0.0031215141990977523
5.25,39.0,14.45,True,True,0.21652316603284727,49,7.53183654844402,14.915570419765876,-0.56243128325092,2.0656054115832774,2.5782630965941418,6.523827470031213,0.04440827324418091,1.980336445677016,-0.07467385671919699,0.27424989885235956,0.34231532774390566,0.8661668940995475,0.005896075008870855
5.25,39.0,14.675,True,True,0.3631273374140327,50,11.282519091987114,48.590227668308565,-0.6534512526083219,3.411170454726766,4.071497190311169,10.044783821473072,0.13224116474004155,4.3066825123138965,-0.057917141312209736,0.3023412082811711,0.3608677421341801,0.8902961953423073,0.01172088995922548
5.25,39.0,14.9,True,True,0.6006013888007999,53,16.03105896743855,221.16449372995874,-0.6092153782674132,5.521558042175876,6.3127295551733855,14.739942614900402,0.3809865242220092,13.796000262938119,-0.03800219183928022,0.34442877749941386,0.3937811948665071,0.9194615679999308,0.023765524473202244
5.25,39.0,15.125,True,True,0.9794371991668794,56,21.164048801186787,1946.1680911915075,-0.5048694803092053,8.576711647345011,9.528469846947683,20.235097730878838,1.0119279652133952,91.95632222707665,-0.02385505179334563,0.4052490961400574,0.45021961234626184,0.9561071192457344,0.04781353391873916
5.25,39.0,15.35,True,True,1.5779345715006556,55,25.70368904037492,43557.506717161086,-0.3509329531235619,12.660262052511214,13.801591717156464,25.575968826205273,2.4215704750481217,1694.6013721509662,-0.01365301893328706,0.4925464991668974,0.5369498399812244,0.9950310551155118,0.094211008826179
5.25,39.0,15.575,True,True,2.5142823844973394,55,28.967853240216822,2713296.5625128057,-0.1229284038752972,17.602642450802445,18.916886430242663,29.651908310535973,5.112352233311318,93665.77978743229,-0.004243614563216321,0.6076612686771086,0.6530303185870833,1.0236142825167818,0.17648364174303766
5.25,39.0,15.8,True,True,3.977084158541336,55,31.02876347120688,423547910.99382293,0.21547210180470375,22.83576052320803,24.22916482622529,32.041705162723865,9.365153977471572,13650170.474464893,0.0069442696936554025,0.7359545778999044,0.780861436799076,1.0326452484146507,0.30182169476917636
5.5,39.0,14.0,True,True,0.06991993933018234,92,3.112749124986999,2.0215682611786847,0.0239677273275838,0.8040183600932734,0.9753203539896481,2.564845220251013,0.009097915839956831,0.6494478610405611,0.007699858345533679,0.25829847758663543,0.3133308579738888,0.8239807055641613,0.0029227912287967733
5.5,39.0,14.225,True,True,0.11737994391221791,50,4.917899248389355,5.235699365473274,-0.27966529668511075,1.2736515772349308,1.6066445592698255,4.182636276358088,0.02615471445397454,1.064621111786298,-0.05686682108762253,0.2589828528211635,0.32669326436404983,0.850492469468123,0.00531826967836732
5.5,39.0,14.45,True,True,0.19855395351282298,49,7.6145838548490925,14.371672084082832,-0.5338532585080503,2.0718578569957202,2.5842126212444474,6.688604311717695,0.07519495267362789,1.8873877230901743,-0.07010931505706432,0.27209075328211496,0.33937673686511155,0.878393939736875,0.009875123067394222
5.5,39.0,14.675,True,True,0.334075092281473,51,11.415889873058198,44.14812054016498,-0.6109971334610906,3.404437594321921,4.069850417478744,10.370204591324216,0.2173776478492169,3.867251789486487,-0.05352163872069755,0.29821920430018195,0.35650750512964374,0.9084008961752664,0.019041673515284508
5.5,39.0,14.9,True,True,0.5544359382179346,56,16.236420889527725,172.7511032431712,-0.5396551617488714,5.478751337999664,6.283553354176585,15.331460513586162,0.5986190239125033,10.639728079147872,-0.03323732277086644,0.33743590260913875,0.38700360115876237,0.9442635552441702,0.036868902819500365
5.5,39.0,15.125,True,True,0.9058697505226229,55,21.500368215974174,1067.2861701206455,-0.3863598567862326,8.475359225800835,9.451395242764375,21.1586536726069,1.4967092308316843,49.64036705788516,-0.01796991813838695,0.3941960035597846,0.43959225013375597,0.9841065725044936,0.06961319061129712
5.5,39.0,15.35,True,True,1.4601302244532497,55,26.263853812146817,12029.066707827022,-0.15770742019661288,12.507038626759682,13.691304282022337,26.73775333490339,3.3396343423731087,458.0084398072486,-0.006004732638424696,0.47620728915934185,0.5212983738011144,1.0180437922837278,0.12715705647236566
5.5,39.0,15.575,True,True,2.3282393727250863,55,29.7839397259607,238362.2770548414,0.18206143943125438,17.47684738170089,18.862485999358096,30.79656561771175,6.5884581009127166,8003.047254593947,0.006112738647283906,0.5867876292560272,0.6333106423431588,1.0339990579173919,0.22120841505631947
5.5,39.0,15.8,True,True,3.6920356140954436,53,32.01143118784914,6727061.166370302,0.6892090909757332,22.889793862715297,24.384908555498114,32.986349666134785,11.40739976801705,210145.5922696687,0.021530093013690133,0.7150506245220232,0.7617562742634921,1.0304553230552123,0.3563539443480758
5.75,39.0,14.0,True,True,0.06620778810705763,92,3.116451048930846,1.990401050571642,0.03563851041554829,0.8051869218627247,0.9733172846737539,2.5921454280639886,0.015745184276581357,0.6386755380786374,0.011435607316140812,0.2583666193438072,0.3123159226286155,0.8317619585115159,0.005052280311600922
5.75,39.0,14.225,True,True,0.11135767582258994,49,4.915483328052914,5.051866680659016,-0.25297246474013707,1.2727337078985506,1.5988708134324612,4.239380724233008,0.044647798561217096,1.0277456647706962,-0.05146441313235879,0.25892341056982016,0.32527234998593607,0.8624545016842284,0.009083094292357749
5.75,39.0,14.45,True,True,0.1884329394015152,50,7.593162089208681,13.322618394804614,-0.4903097023327092,2.0594577553970397,2.563379960730407,6.806305344751443,0.12507637056934792,1.75455472150905,-0.0645725320455798,0.27122531182679727,0.33759057565404205,0.8963729820050187,0.01647223766592644
5.75,39.0,14.675,True,True,0.31663092914709456,52,11.352475656476166,37.5383462685848,-0.5461597643180355,3.3575393103287916,4.01923268598415,10.602982793153922,0.3458927518011959,3.306622044784617,-0.048109309444453345,0.29575393173500797,0.3540401941924735,0.9339797867882071,0.03046848654582905
5.75,39.0,14.9,True,True,0.5238062199756668,55,16.13044761917798,121.4080592098146,-0.4342586624418911,5.365182252970973,6.174324150909376,15.742905497467508,0.8966890605986386,7.526639190438142,-0.02692167463013164,0.332612112176735,0.3827745079788446,0.9759744967492588,0.05558984361553227
5.75,39.0,15.125,True,True,0.8516081592112408,92,21.446676008068835,508.8512724662959,-0.20784125630462286,8.274580063873005,9.262933634673576,21.76543135110256,2.0917784298739184,23.726346790283582,-0.009691070831975417,0.3858210969737165,0.43190532794865755,1.0148626921446382,0.09753392223050944
5.75,39.0,15.35,True,True,1.366964759295061,54,26.438559330961855,2937.5003411903026,0.13255552716917374,12.239445923615408,13.449959737021254,27.441862824462934,4.354506905542426,111.10667205494188,0.005013719753403495,0.4629392158021996,0.5087251377298074,1.0379484933706702,0.16470288153874252
5.75,39.0,15.575,True,True,2.17803540833318,52,30.275035491936737,21239.736819671492,0.6404615330894997,17.232179619641474,18.66448205481972,31.44231992871578,8.083176060402833,701.5594358371058,0.021154773980696942,0.5691877594736754,0.6164974458837779,1.0385560055607508,0.2669914643883953
5.75,39.0,15.8,True,True,3.4660079096785696,51,32.713230168978214,152112.26005646648,1.4050896366403187,22.809539154208338,24.370850990193645,33.52494855320548,13.332247953632802,4649.86977044883,0.04295172410007857,0.6972573187174437,0.7449845479736329,1.024813152966992,0.40754911345550043
6.0,39.0,14.0,True,True,0.06436586276279169,93,3.0980005397481802,1.9273356885355646,0.05303567243689884,0.8030018152972499,0.964429566931638,2.613785074920518,0.026964855185912042,0.622122450854133,0.017119323175201845,0.2592000243365101,0.3113071010020002,0.8437006518833525,0.008703954321487585
6.0,39.0,14.225,True,True,0.10820496277726166,51,4.868149215843593,4.738303422924627,-0.21145536256034073,1.264821753075939,1.577101925300391,4.286241196031414,0.07473566006626822,0.9733274829587439,-0.043436499824645994,0.2598157322210922,0.323963349391109,0.8804662729075076,0.0153519657579595
6.0,39.0,14.45,True,True,0.18242756967999324,50,7.486621581860818,11.799806217095199,-0.4225111153588585,2.0313269463616477,2.517036399610933,6.903154933213743,0.20126777297383927,1.5761189594095029,-0.056435484382241524,0.2713275840311347,0.3362045713261919,0.9220654280081761,0.02688365783860197
6.0,39.0,14.675,True,True,0.30443447861623757,52,11.151359097368989,29.860640356057473,-0.44678061880304076,3.2809549663873567,3.92850365660856,10.783826786372618,0.5241603356323256,2.6777579392186093,-0.04006512703087936,0.29422018766855546,0.35228922522416456,0.9670414782819535,0.047004166133973214
6.0,39.0,14.9,True,True,0.49933579348770984,54,15.846659966000878,78.80598595137539,-0.2770431858012604,5.2100793450215805,6.01261967665631,16.029787845912796,1.2652463119675084,4.973034451452495,-0.01748274944976787,0.3287809138455575,0.379425045375898,1.0115562446789936,0.079843090889948
6.0,39.0,15.125,True,True,0.8055288645797953,56,21.20583889605731,229.1761064586123,0.055175381041355304,8.031854265642188,9.017913682078282,22.132960983945306,2.748720712428204,10.807217181170882,0.00260189570013256,0.37875673322857834,0.4252561629973967,1.0437201325744474,0.1296209372287205
6.0,39.0,15.35,True,True,1.2877197217067742,53,26.435353166446294,746.7798662045299,0.5620387855782968,11.941009564634218,13.154068074401916,27.81780590882563,5.366567081345068,28.249286533171727,0.02126087675241192,0.45170607290356274,0.4975938090018798,1.0522956033034598,0.20300720204323627
6.0,39.0,15.575,True,True,2.054316968120822,54,30.58918000226504,2460.690096230481,1.3249845476707982,16.963126569133742,18.404750656675557,31.788130560261397,9.44730898564041,80.44315329957436,0.04331546473533083,0.5545466262213525,0.6016751889168895,1.039195250016757,0.3088447936473245
6.0,39.0,15.8,True,True,3.289224413655763,51,33.21728868047508,6714.154315409832,2.4834188001034296,22.685258677764278,24.26176619999674,33.86709707715994,14.965744784271855,202.1283067379419,0.07476283883347674,0.6829352899924832,0.7303957416084251,1.019562355101752,0.450540829151677
6.5,39.0,14.0,True,True,0.06331619611126499,89,2.9905240359391145,1.6800864013875247,0.11805365537955062,0.7883008794755978,0.9213159804056762,2.66003375270337,0.07318526042074655,0.561803343225739,0.03947590922554756,0.26359957987364835,0.3080784402110165,0.889487501433186,0.024472386625631712
6.5,39.0,14.225,True,True,0.10496750282659743,52,4.650434351535966,3.729900319539942,-0.057544006901848736,1.2312675345726296,1.4870659778813489,4.383064421531923,0.18620344319978696,0.8020541819514158,-0.012373899414974613,0.2647639857911253,0.31976926572250053,0.9425064607318379,0.040040011131064965
6.5,39.0,14.45,True,True,0.17317429491169123,51,7.093949435727551,7.991947774624724,-0.17421353844845458,1.9464654242414998,2.3538515034448344,7.077405623457662,0.4446079683961566,1.126586515316073,-0.02455804626560428,0.2743838875476664,0.33181114762251257,0.9976678981969382,0.06267425112405779
6.5,39.0,14.675,True,True,0.28213627371235944,52,10.55070542188214,16.15418840820164,-0.09161877036976751,3.0968954489834046,3.663268390616336,11.034224344343304,0.9982166858845606,1.5311003162592227,-0.008683663007001444,0.2935249658814708,0.3472060155351059,1.0458281132044827,0.09461136918999381
6.5,39.0,14.9,True,True,0.45408556891779617,52,15.12063544040451,30.279591888635995,0.26301548334513714,4.892240925636433,5.615464886574493,16.303118842164103,2.0784824912835975,2.00253435167973,0.017394472896444683,0.32354731022504934,0.3713775726362111,1.0782032875814087,0.13745999627301336
6.5,39.0,15.125,True,True,0.7262682013021267,92,20.599859809008187,52.45289782029453,0.9482265767224501,7.590312520322359,8.481032390861781,22.370768793802466,3.9758273388512784,2.546274504128286,0.04603072960272267,0.36846428037355694,0.4117034032995254,1.0859670406116002,0.1930026405865478
6.5,39.0,15.35,True,True,1.163894887050335,88,26.247991394183288,84.56000782998815,2.0548314806622354,11.448122630780619,12.53083305632113,28.05668459783997,7.003818239936367,3.2215801415085483,0.07828528475964064,0.4361523310053199,0.4774015987790227,1.0689078709488413,0.2668325410030596
6.5,39.0,15.575,True,True,1.8793979320208707,50,30.898722159865745,123.44072120701901,3.7569709769970268,16.553143430036755,17.82762434361949,32.138567655924334,11.412214414614672,3.9950105563703793,0.12158984949471292,0.5357225889275635,0.5769696316689671,1.0401261090877416,0.36934260114607464
6.5,39.0,15.8,True,True,3.0632975526402655,48,33.78065561640099,153.22578396136743,6.309696053465857,22.508504784501405,23.89420553708487,34.33953705296199,17.148805657859185,4.535903201564096,0.18678429824205098,0.666313438084168,0.7073339786064984,1.016544422432395,0.5076516528451624
7.0,39.0,14.0,True,True,0.06202563448723747,56,2.7926551325198106,1.2971554888100487,0.23078277648149895,0.7594347394658681,0.8419388869796463,2.7195959644101886,0.1628484207309053,0.46448824765542257,0.08263919658180773,0.27194003678521905,0.3014833006680511,0.9738388148042825,0.05831311529826001
7.0,39.0,14.225,True,True,0.0999754639318036,49,4.324689077151397,2.53907317739535,0.20110337373773465,1.1861536453878232,1.3446272210317411,4.47951191476788,0.3637804304439834,0.5871111499807049,0.04650123284011858,0.27427489565772983,0.3109188191437396,1.03579976152146,0.08411712933675217
7.0,39.0,14.45,True,True,0.16103629289171403,50,6.61486723923343,4.714700422293429,0.24864309870901152,1.8682002717886688,2.1284926963895505,7.188137518511583,0.7560139626181114,0.7127430153594129,0.03758852441274781,0.28242445452392284,0.3217740612790005,1.0866639130530136,0.11429011879998408
7.0,39.0,14.675,True,True,0.2585176230455858,50,9.936277921389799,8.102074254243902,0.5200040096074248,2.9650613985928356,3.3403251689959172,11.0908646362662,1.4769807301739117,0.8154033450294893,0.05233388334358216,0.2984076554672405,0.33617469191408267,1.116199116410676,0.1486452715854917
7.0,39.0,14.9,True,True,0.41470587154824673,51,14.467075241390194,12.650194651115514,1.1752303648727802,4.698433262032873,5.187040271308646,16.25704350984029,2.7279273872904843,0.8744127226851909,0.08123482772180896,0.32476732052866436,0.3585410447350521,1.1237270311091636,0.18856108382473222
7.0,39.0,15.125,True,True,0.6688290539838341,48,20.078428877004654,17.93899553095541,2.4247635693424425,7.358257734331606,7.953096967739895,22.28955141851988,4.7736247699545515,0.8934461775293839,0.12076460684229463,0.36647577255204683,0.3961015583668694,1.1101242808916973,0.2377489194596132
7.0,39.0,15.35,True,True,1.088374733642599,48,26.021602534808153,23.944150686294318,4.516770189868893,11.242588467147842,11.942353818174698,28.094036232158807,7.913279127412071,0.9201643386207708,0.1735777104360492,0.4320482742025223,0.45893998273933534,1.07964281579424,0.304104219439474
7.0,39.0,15.575,True,True,1.7881622483906765,48,30.975057919243405,31.02291284173848,7.686832354252724,16.45889272044574,17.261766240624347,32.35152327738369,12.3984086679166,1.0015449502183287,0.24816200099749425,0.5313595462309232,0.5572795468414731,1.0444378622867772,0.4002707178220974
7.0,39.0,15.8,True,True,2.960513894147502,46,33.992603984518794,38.311487987519534,12.094207378355401,22.58115001660604,23.441713161980733,34.62666035926459,18.18311024380674,1.1270536380492557,0.35578937653212594,0.6642959752918647,0.6896121630651408,1.018652774439833,0.5349137198223428
7.5,39.0,14.0,True,True,0.05800890039534171,51,2.5602734117225983,0.9287801083712327,0.353988536999103,0.7199626897952021,0.7490680656459456,2.7615811893491093,0.27673329607585767,0.36276598589770637,0.13826200568201547,0.2812053925564138,0.2925734658713497,1.0786274531090285,0.10808739988814964
7.5,39.0,14.225,True,True,0.09207176841245333,48,4.001715766841746,1.6465654964707854,0.48283168353019046,1.14105149562959,1.197150835195581,4.510431028382295,0.5440883142724011,0.4114648796684269,0.12065616642014866,0.28514056522563486,0.29915938685980253,1.1271242864762583,0.13596375804116875
7.5,39.0,14.45,True,True,0.1476876466822384,47,6.2008771431209935,2.7919180333272258,0.7353762828885998,1.8177741310581272,1.9109134127573064,7.162087473338163,1.0106707280523133,0.450245661845513,0.11859230007554608,0.29314790296638815,0.3081682427585584,1.15501199395371,0.16298834902309123
7.5,39.0,14.675,True,True,0.23848262414055427,47,9.458902237224784,4.459249451920229,1.2587132329893616,2.9082480843678558,3.043010540126318,10.974156292704953,1.7939499443072573,0.4714341410963309,0.13307180911922234,0.30746148035262155,0.32170863635219565,1.1601934365614863,0.18965730898954689
7.5,39.0,14.9,True,True,0.38778708357719294,47,14.007297554399187,6.6801520697478525,2.271736452061315,4.641861486175831,4.816902757191777,16.089415456773082,3.08584893512457,0.4769051306152811,0.162182351252176,0.33138879702873086,0.3438852311436021,1.1486452254110913,0.220302947313018
7.5,39.0,15.125,True,True,0.6360133938471498,46,19.7455284221208,9.489951633287758,4.088933659499146,7.323592597980112,7.531211675088449,22.174060974754205,5.155109411116543,0.4806126952093225,0.20708150078770937,0.37089878991415265,0.38141352888035535,1.122991519938901,0.26107730828521686
7.5,39.0,15.35,True,True,1.0514610484797906,47,25.8822279995512,13.220732226693299,7.032311105834175,11.2648473684597,11.497960674609809,28.10702751485564,8.308832297677023,0.5108034836460967,0.27170424068422994,0.43523484024076414,0.4442415341835789,1.0859585780382979,0.3210246157255511
7.5,39.0,15.575,True,False,1.748949196622065,47,30.995713821866776,18.332489565834695,11.284332076277774,16.570415237426808,16.828855740436182,32.46472187696347,12.80325800886696,0.5914524076197122,0.3640610486059183,0.5346034400968289,0.5429413833522945,1.0473939094785534,0.41306543486778974
7.5,39.0,15.8,True,False,2.920350024096386,44,34.07470140436134,24.559108573971965,16.78889901696633,22.78431140655897,23.05680496590018,34.75646494973949,18.588358268822862,0.720743177835406,0.49270861739136057,0.6686576981608627,0.6766546445202029,1.0200079096009593,0.545517862306012
3.5,42.0,14.0,True,True,0.46201368487132655,117,1.3193951263422392,0.9272375803631296,-0.1438147309411404,0.4374248860806696,0.49142066254804595,1.029343521122811,0.00018284360196514692,0.7027747502249092,-0.10900050187379284,0.33153441099433434,0.3724590554691619,0.7801631979469724,0.00013858138347990149
3.5,42.0,14.225,True,True,0.7272199643963787,128,1.9336756359633576,2.2363983195030173,-0.4694273695755261,0.6820397216587373,0.8013527382464901,1.5630405585053344,0.0005240608235186997,1.1565529801945522,-0.24276427796105385,0.35271671679254774,0.4144194214079012,0.8083261377633417,0.0002710179586337977
3.5,42.0,14.45,True,True,1.1442032362797276,253,2.663404965042837,5.22007075331795,-0.7856862856429155,1.052250537062469,1.254555990199313,2.28157078328346,0.0015863036242083216,1.959923789972357,-0.2949931745097122,0.3950771853598107,0.4710346367395674,0.8566368288822216,0.0005955923507797501
3.5,42.0,14.675,True,True,1.7843777947877437,127,3.4774496397594836,12.148097414885585,-0.9429355284100331,1.650912640345208,1.9173899142733102,3.193996378143274,0.005070898879255145,3.4933927657758415,-0.27115720602506005,0.47474810892139696,0.5513781975016396,0.9184881763993527,0.0014582235271725953
3.5,42.0,14.9,True,True,2.7185878059483923,53,4.409804487964866,31.27447686446783,-0.9633353804536663,2.592345947968404,2.883259407943244,4.288297823279412,0.01564614835025617,7.092032526571504,-0.21845308178237344,0.5878596103395,0.6538293059958026,0.9724462467628514,0.0035480367424354678
3.5,42.0,15.125,True,True,4.05968382430126,257,5.480808711016767,115.77069272189055,-0.9349771494503745,3.8895114685870325,4.179331031490592,5.517070690504073,0.04607555982124253,21.1229216026431,-0.1705910931667825,0.7096601384333797,0.7625391163697934,1.006616173159705,0.00840670825249343
3.5,42.0,15.35,True,True,6.0270324004209,435,6.655080886135952,987.4248041199163,-0.893431166257662,5.4388608078798155,5.709261692041741,6.804600638087641,0.1335962414764028,148.37157068623267,-0.1342479800837406,0.8172493919961514,0.857880135451912,1.0224670074654048,0.020074322726071472
3.5,42.0,15.575,True,True,8.948714324347895,57,7.9257795724871665,40594.751481533436,-0.8480357641013329,7.101723979919759,7.334299257373386,8.130544358257618,0.38431138495317596,5121.862286260191,-0.10699714221742015,0.8960284493114142,0.9253726009278643,1.0258352864721665,0.04848878037022878
3.5,42.0,15.8,True,True,13.388457336868933,60,9.225030029391755,24052129.67051704,-0.8021072545306198,8.713650942007174,8.896452103340414,9.614962574593902,1.1010378335449111,2607268.4418245624,-0.08694901284603256,0.9445661330363931,0.9643819125786622,1.0422689729962706,0.11935330617211087
3.75,42.0,14.0,True,True,0.35043392460763306,96,1.7277647277593338,1.236392959387793,-0.12394015097826606,0.5317913746550064,0.6169062540226488,1.387711382035948,0.00028422338486916465,0.7156026162145465,-0.07173439125534117,0.30779154482720833,0.3570545480591497,0.8031830721741918,0.00016450352313752934
3.75,42.0,14.225,True,True,0.5548686207368271,49,2.554963842596016,3.081314630073577,-0.4638751426449776,0.8268676353127339,1.0027803417383907,2.1180749977449422,0.0008225608617623756,1.2060110513903606,-0.18155839817038236,0.3236318344421581,0.3924831831355774,0.8290039030817887,0.0003219461849317594
3.75,42.0,14.45,True,True,0.8805530926864292,49,3.5755760276487334,7.724347586908665,-0.7734300141734048,1.2927079241428396,1.5708131384737087,3.1085765433444688,0.0024841109948380135,2.160308584457125,-0.21630920673836307,0.36153836868430755,0.439317504739694,0.8693918180754335,0.0006947442805380767
3.75,42.0,14.675,True,True,1.3812210310499182,50,4.7579217320903675,20.594998191201462,-0.9130034728140405,2.0606407979412866,2.408326470601124,4.371693739149529,0.007832924933312025,4.328570193220299,-0.19189123407730319,0.43309682545701633,0.5061719393906546,0.918824223119124,0.0016462912536963216
3.75,42.0,14.9,True,True,2.108862236926341,54,6.106469808195318,69.32779619664842,-0.9221716947669336,3.2636437288428457,3.640806177756814,5.890945956095805,0.02397554036520183,11.353171042228944,-0.15101551694062473,0.5344567043405017,0.596221105174481,0.9647056550070443,0.003926252174869504
3.75,42.0,15.125,True,True,3.153147862777993,53,7.591915987007371,445.8716104557395,-0.8906004356990799,4.939311599371793,5.329596076715103,7.612501982452922,0.07052310005726312,58.72978721297678,-0.11730904783762529,0.6506014565789211,0.7020093591441278,1.002711567867819,0.009289236100340771
3.75,42.0,15.35,True,True,4.6850390111969045,54,9.154698941523215,10898.488909455024,-0.8491753871334276,7.005171892247031,7.391883625870175,9.435198532497425,0.20381712374800637,1190.4803182573764,-0.09275841756868704,0.7651995917062312,0.8074414760208672,1.0306399579894365,0.02226366208762448
3.75,42.0,15.575,True,True,6.958686525849493,54,10.794472096786384,2675387.985094653,-0.8036127444099693,9.281975184892659,9.638067151214964,11.25184329834424,0.5800527113869796,247847.96895173236,-0.07444669245559608,0.8598822713762899,0.8928706345986394,1.0423708725593,0.05373608882269164
3.75,42.0,15.8,True,True,10.378115632844827,59,12.481086050098346,26673312457.247692,-0.7544335616412704,11.534066359667282,11.83311117737154,13.097006439565778,1.6134967136068257,2137098674.7613616,-0.06044614696293402,0.924123614993937,0.948083454426492,1.0493483008606113,0.12927534568148513
4.0,42.0,14.0,True,True,0.2558885448034392,98,2.121986662699799,1.5200366379717456,-0.09737862351007336,0.6145094537416317,0.7284418983913878,1.7469503029438276,0.0004426212538458721,0.7163271403590286,-0.045890308936333626,0.28959157215427195,0.34328297684236747,0.8232616790914163,0.00020858814130468
4.0,42.0,14.225,True,True,0.40923867710792844,49,3.1857429947622427,3.898188901872374,-0.44348945701871456,0.9586197827051075,1.18565698605693,2.6962358252258793,0.0012897906540852851,1.2236357133269948,-0.13921068264071093,0.3009093276768395,0.3721759689988481,0.8463444256673642,0.00040486337291045175
4.0,42.0,14.45,True,True,0.6574978839185726,49,4.564091531246987,10.390866085012995,-0.7474268476103814,1.5195217180760303,1.8668939932029052,4.007840159574575,0.0038846480690818658,2.2766559377423428,-0.16376245798168113,0.33292972055292486,0.4090395603203072,0.8781244048538099,0.0008511328141617077
4.0,42.0,14.675,True,True,1.0426060333247458,50,6.237566014943341,31.152238046295334,-0.8770812149237285,2.453607139176814,2.881489495568876,5.704605280521839,0.012145325493783644,4.99429392356953,-0.14061273465042365,0.39335970686301447,0.46195735462609766,0.9145562975775025,0.0019471257642303232
4.0,42.0,14.9,True,True,1.6064299991937085,53,8.165297877390172,132.2194033990922,-0.8810408576074534,3.917377254413091,4.388858992899882,7.75846860938326,0.03709427648502155,16.192845060216314,-0.10790063887896464,0.4797592584173035,0.5375013941686924,0.9501758203906525,0.004542917728419455
4.0,42.0,15.125,True,True,2.420704900824102,52,10.235609690978487,1341.4339780878493,-0.8486214751274769,5.991639218622239,6.500319732194499,10.089195409776782,0.10915226639057016,131.0556008471258,-0.082908737314929,0.5853719904836915,0.6350691290938715,0.9856955974658986,0.01066397309842474
4.0,42.0,15.35,True,True,3.616528257635138,53,12.329294634306281,72132.1802404825,-0.8070044510372768,8.644119507514759,9.17846733217084,12.561118260822719,0.3135756362502366,5850.470962043084,-0.06545422710491366,0.7011041396855326,0.7444438310876066,1.0188026674187336,0.0254333800554747
4.0,42.0,15.575,True,True,5.394108913344745,97,14.422070691283338,59450734.90822193,-0.7590085350847505,11.674168079242595,12.200924086673972,14.989176979733482,0.8751893370271605,4122205.2076165318,-0.052628263397952506,0.8094654595125811,0.845989757493574,1.039322112655633,0.060684027679612104
4.0,42.0,15.8,True,True,8.064300830860816,59,16.50204054908373,3248629226785.0,-0.7026999950586305,14.728269639732865,15.201594997124861,17.27323173501781,2.319044778466047,196862273918.32333,-0.04258261231200572,0.8925120257658467,0.921194863866028,1.0467330802902977,0.14053078899959504
4.25,42.0,14.0,True,True,0.18383159277770347,82,2.4561250653059052,1.7445238849250269,-0.0721531005950448,0.6793552865059029,0.8162293852440224,2.0625436874346983,0.0007012226774448908,0.7102748591948228,-0.029376802351902338,0.2765963737360787,0.33232403218130213,0.8397551560257428,0.00028549958116955864
4.25,42.0,14.225,True,True,0.29744492045590754,50,3.749334247065145,4.571452704385813,-0.4198864045562054,1.065472783931965,1.3331334367741114,3.228432265384143,0.002051834855708098,1.2192705166161686,-0.11198958985448647,0.2841765267436431,0.35556537479090966,0.861068139740076,0.0005472531176206033
4.25,42.0,14.45,True,True,0.4845798335397858,49,5.50916773212747,12.754145582309791,-0.7194639804726994,1.7093598952362685,2.1136867309156435,4.8815755863778865,0.006163564302103149,2.3150766508582112,-0.13059395092965606,0.3102755222477437,0.38366715875964136,0.8860822221676617,0.001118783199531115
4.25,42.0,14.675,True,True,0.7794370300257519,50,7.7551722877047355,41.677785902006825,-0.8431905636810899,2.789899014442157,3.2889240611965826,7.071531770667445,0.01916601175889498,5.374192133433829,-0.10872621940558401,0.35974687743112294,0.4240942611179553,0.9118471528838691,0.0024713843932624557
4.25,42.0,14.9,True,True,1.218848251766984,52,10.40767872067082,208.60181716138328,-0.8439729739874345,4.4892866230237605,5.050956201375314,9.760432432535262,0.058513774683269584,20.04306846512053,-0.0810913746127856,0.431343697620828,0.4853105420465706,0.9378106967454661,0.005622173421538719
4.25,42.0,15.125,True,True,1.863224977480903,53,13.238361391024158,2849.236655180502,-0.8101631534746991,6.935580308038402,7.563899042289601,12.813170014698445,0.1719069416532669,215.22577991505312,-0.06119814450933512,0.5239002096393023,0.5713621813813043,0.9678818727056355,0.012985515093266967
4.25,42.0,15.35,True,True,2.816850249324968,53,15.996809403341638,239500.5976619538,-0.7658286056246448,10.156401944607289,10.84874363229087,16.014717413850764,0.487900310533543,14971.77290941052,-0.04787383448256049,0.6349017287463384,0.6781817147877396,1.0011194738936744,0.03049985145360446
4.25,42.0,15.575,True,True,4.242743001216852,58,18.57234765612774,342096988.16541773,-0.7107049063306334,13.954010170323246,14.676538955555959,19.087654450905166,1.3183034200597898,18419695.479507495,-0.03826683193151105,0.7513325955708823,0.7902360663980785,1.027745915827039,0.07098205592898377
4.25,42.0,15.8,True,True,6.399849970417588,59,20.939156692254823,29800979534730.117,-0.6399273118184059,17.843386054585324,18.53176551161633,21.79812153711156,3.2613797144922274,1423217752878.9014,-0.030561274325584867,0.8521539963061362,0.8850292198477621,1.04102194073434,0.1557550651358647
4.5,42.0,14.0,True,True,0.13376434047361613,141,2.7068572053224815,1.9014185630419496,-0.052233871201281507,0.7252625926974012,0.878298538490597,2.307417522194284,0.0011400812033377924,0.7024450936322753,-0.019296869852822036,0.2679352982755502,0.3244716923979597,0.8524341504447367,0.0004211826176482659
4.5,42.0,14.225,True,True,0.21884963519303705,90,4.192488790142033,5.053094673118502,-0.39921681311386004,1.1432323547678624,1.4397362488140952,3.6612257615561417,0.0033415165381042965,1.2052732699011734,-0.09522191545331131,0.2726858465205657,0.3434084909658924,0.8732821826894156,0.0007970245611535893
4.5,42.0,14.45,True,True,0.3611870041572167,49,6.299572476131361,14.516537924952551,-0.6950558403657653,1.851221679621387,2.2976093914689195,5.6338984550026945,0.010005790364188387,2.304368745649756,-0.11033381122279062,0.2938646529801088,0.36472465396253484,0.8943302861184852,0.00158832847817842
4.5,42.0,14.675,True,True,0.5895491120218906,51,9.11386358439504,50.02960355407713,-0.8143177433830032,3.0470013105438527,3.6022205311056967,8.322917206065734,0.030952576318431405,5.4893956981909335,-0.08934934518630455,0.33432597298921574,0.3952462638648113,0.913215029937075,0.003396207989269128
4.5,42.0,14.9,True,True,0.9380898475998046,90,12.546140878764096,274.6819119860563,-0.8114178873769258,4.936032886787307,5.573407950104911,11.697587502588176,0.09423000324886222,21.893737256767906,-0.06467469919378567,0.3934303730912313,0.44423285247327304,0.9323653875422201,0.007510676323454826
4.5,42.0,15.125,True,True,1.4611601865409443,53,16.23922689596727,4289.758008189581,-0.7733290211473266,7.685402029116445,8.418829731513833,15.548856595304155,0.2746972954192295,264.1602359318514,-0.04762104908697159,0.47326157078481246,0.5184255251464281,0.9574874897009686,0.016915663361255565
4.5,42.0,15.35,True,True,2.248161976267565,55,19.727681223933974,404023.0168091219,-0.7212804896998759,11.369158159462803,12.206460084594468,19.515082554880124,0.7621573947769991,20480.00533985484,-0.036561848375003425,0.5763048393984356,0.6187478369117894,0.9892233320966317,0.0386339066474947
4.5,42.0,15.575,True,True,3.43939391059107,56,22.722740057973873,532992798.2500191,-0.651292745348431,15.796529626307139,16.70772819972942,23.165276526911263,1.9627375462218213,23456361.199844867,-0.028662597190600658,0.6951859496700009,0.7352866844888426,1.0194754887750475,0.08637767897771892
4.5,42.0,15.8,True,True,5.261704781021397,57,25.174228453802144,24483331486944.836,-0.5545539136459418,20.37989211424846,21.2877326585601,26.150665517444754,4.472740296235642,972555386627.829,-0.022028635938679014,0.8095537923495097,0.8456160909807325,1.0387871694036024,0.17767139534956075
4.75,42.0,14.0,True,True,0.1014414742765057,103,2.8764837035192223,1.9999276033764894,-0.037899610280342395,0.7551258302914056,0.9184130008377506,2.478723260021022,0.0019025353251262383,0.6952681848778375,-0.013175673560734682,0.26251698536221496,0.31928322754414423,0.8617199037103663,0.0006614100830116261
4.75,42.0,14.225,True,True,0.16751427730351712,49,4.502855335718517,5.353889892742734,-0.3827488774877984,1.1946971779190327,1.5096288576576913,3.976550079480667,0.005573934811636382,1.1889988670685148,-0.08500137111927081,0.26531991122215254,0.3352603504009309,0.8831174406019713,0.0012378667303436595
4.75,42.0,14.45,True,True,0.27934230826479256,88,6.880058495711616,15.609161589684106,-0.6748486843594581,1.946453033386117,2.4207604908385356,6.211330661950388,0.016616742828033465,2.268754197280938,-0.09808763759495585,0.2829122796847372,0.35185173096237643,0.902802013358164,0.0024152037135135966
4.75,42.0,14.675,True,True,0.4617419623981133,91,10.168053751039707,55.0492960052917,-0.7896542271714087,3.221272911611943,3.8162484409261532,9.342575591655919,0.05102503892392403,5.413946203781897,-0.077660312042574,0.3168032929883519,0.3753174928423183,0.9188165031779675,0.005018171635718055
4.75,42.0,14.9,True,True,0.7471021024866065,51,14.296307338847194,309.72449906473645,-0.7808981214773494,5.24041881164383,5.934380927311872,13.371113885015331,0.15396094920789832,21.664650299110846,-0.0546223652701858,0.3665575093929395,0.41509886340974533,0.9352844457031331,0.010769280875037009
4.75,42.0,15.125,True,True,1.1866885014564905,54,18.796937710725043,4750.298756584559,-0.7334351548099582,8.194217341006054,9.009316187649613,18.016765644343785,0.4407744434820065,252.71663021334385,-0.039018863928642976,0.43593363276033237,0.4792970177535425,0.958494725130886,0.023449268719474028
4.75,42.0,15.35,True,True,1.8624662958075753,57,22.95099480215425,370824.5917411642,-0.6656890573397981,12.17947271729866,13.133219116178147,22.714360983548158,1.1785516957712014,16157.233921135197,-0.029004801886727567,0.5306729761515809,0.5722287521473981,0.9896896051501924,0.05135078918934612
4.75,42.0,15.575,True,True,2.9008543024930007,56,26.238224499405202,265106396.34337837,-0.5691627210794291,17.009931653102058,18.07845663227213,26.800408352805444,2.851352067227761,10103823.768616207,-0.021692120253500063,0.6482882122411773,0.6890121941247188,1.0214261393111026,0.10867168497976677
4.75,42.0,15.8,True,True,4.503635902525595,56,28.617378083908676,2852002653030.275,-0.42984800028413284,22.062263716764026,23.16268717492699,29.830660647120258,5.975452565430653,99659816656.43692,-0.015020523509308945,0.7709393799835723,0.8093923596708248,1.042396705933511,0.20880503265918002
5.0,42.0,14.0,True,True,0.08167254393746648,120,2.98157360972081,2.0542542281280527,-0.027544680792358247,0.7732205973681,0.9422542860181138,2.5898906230964025,0.0032402282994646752,0.6889832340313778,-0.009238303123744608,0.25933305649311245,0.3160258337899446,0.8686321258856715,0.0010867510662492365
5.0,42.0,14.225,True,True,0.13583979109845465,49,4.698533980986613,5.506690139339362,-0.36890750844881004,1.2258613823028937,1.5510829289666483,4.187826660803464,0.00947104454638851,1.1720017694078801,-0.07851544970019471,0.26090295127449165,0.33012061533307185,0.8913049640058346,0.0020157446098537633
5.0,42.0,14.45,True,True,0.22822745277508466,51,7.255475518077845,16.08471449933963,-0.6565231943266076,2.00319084307596,2.4938023440454185,6.61498952728302,0.02804947919053264,2.216907004821769,-0.09048658391731942,0.2760936672013821,0.34371314985927875,0.9117237747961549,0.003865973928330977
5.0,42.0,14.675,True,True,0.3809011693525367,51,10.870057287535646,56.451925108856116,-0.7657701493516949,3.3215759033092866,3.941774659969504,10.09264266003892,0.08511469283122572,5.193342005068158,-0.0704476645426496,0.3055711497599956,0.3626268524352133,0.928481091963686,0.007830197263893363
5.0,42.0,14.9,True,True,0.6248758071147159,56,15.495112921927792,305.12704951663045,-0.7473848142289529,5.4069899820729095,6.139129841130112,14.668312558179668,0.2521837053113575,19.691824838838844,-0.04823358293641713,0.34894808507147107,0.3961978123077999,0.9466412172719255,0.016275047918784872
5.0,42.0,15.125,True,True,1.009198272673118,55,20.589515019460805,3992.2252912128947,-0.6828304894832502,8.456021646116472,9.328133635805262,20.00779840540566,0.6993128295690986,193.89603336647423,-0.03316399093605907,0.41069552333427994,0.45305261571185595,0.9717469491872286,0.03396451198137119
5.0,42.0,15.35,True,True,1.6106598825936167,94,25.235380790907286,199909.2291982463,-0.5876627020220199,12.573302458894812,13.611073654279753,25.32290422158642,1.774662839413992,7921.783739054051,-0.023287253197850067,0.49824104352034093,0.5393647025601469,1.003468282543637,0.07032439312560053
5.0,42.0,15.575,True,True,2.5443449535205946,95,28.730872407137113,52923373.6785939,-0.4479811616317839,17.595580223974608,18.78327308847175,29.672753401228945,3.9999523979329625,1842038.5197021395,-0.015592327141465419,0.6124276344495423,0.6537661934625328,1.0327828887596833,0.13922140411369213
5.0,42.0,15.8,True,True,3.9903655820210506,55,31.063957675519685,86641816257.146,-0.24285098850202075,22.942957145849295,24.199045784514354,32.5500217821146,7.772400217426452,2789142876.1965218,-0.00781777360884709,0.7385716071822285,0.7790071708597741,1.047838853056577,0.2502063741720709
5.25,42.0,14.0,True,True,0.07005109677134465,91,3.040543247001472,2.075622578228226,-0.01899548402737282,0.7833341618722902,0.9547577255613062,2.658999766073617,0.005588980339576094,0.6826485958636394,-0.006247398074704517,0.25762967280429244,0.3140089280107661,0.8745147001924323,0.0018381518977201997
5.25,42.0,14.225,True,True,0.11712456178450496,50,4.80718261164449,5.53809751191224,-0.35476562649792426,1.242548508444043,1.5718321358636318,4.322630196885536,0.01625977390280465,1.1520464187271038,-0.07379907425163582,0.2584774927073094,0.3269757491750295,0.8992024114945795,0.0033823915620385266
5.25,42.0,14.45,True,True,0.1978166652979175,90,7.461410152470236,16.000941654512758,-0.636043229642345,2.030402314523983,2.528222120179817,6.881205864063951,0.04766007244916697,2.144492974858828,-0.08524437293287936,0.2721204535112952,0.3388397191036071,0.9222393252012558,0.006387542230658401
5.25,42.0,14.675,True,True,0.33237651184307765,51,11.24880570354224,54.342282701006916,-0.7373018767154483,3.360523490855033,3.9944816881369234,10.606891881867103,0.14185498345150496,4.830937979833235,-0.0655449028231746,0.29874491385310414,0.3551027365402057,0.9429349356196098,0.012610670607176985
5.25,42.0,14.9,True,True,0.5504748294159922,54,16.13271918466677,265.0130119685512,-0.7034082848912918,5.452668336181907,6.208185143396732,15.592138787642236,0.40751520339470143,16.427051691349774,-0.04360134685539195,0.3379881763121717,0.38481951320997754,0.9664916750340312,0.025260168402486138
5.25,42.0,15.125,True,True,0.8981565257217747,58,21.55224361570955,2614.345932372853,-0.6105790609016492,8.500028436975624,9.408558680157347,21.462291002134496,1.0778136097299174,121.30272740918916,-0.028330185561590195,0.3943918131465397,0.4365466003409221,0.9958262993320339,0.05000934607774631
5.25,42.0,15.35,True,True,1.4460344143669106,55,26.52238544654288,69888.39903176854,-0.471540045841257,12.619807197315161,13.71450403553121,27.22289510225679,2.5650842508665765,2635.0721420828418,-0.017778945517237438,0.4758172006341955,0.5170916493606293,1.026412015507648,0.09671393457562952
5.25,42.0,15.575,True,True,2.298700750623698,55,30.254875847943488,5680261.0346834455,-0.26565913885511705,17.705433061241237,18.980538891485704,31.674075895987848,5.382903999611916,187746.96228242991,-0.008780704974308287,0.5852092452874741,0.6273547109192936,1.0469081431758982,0.17791856184324112
5.25,42.0,15.8,True,True,3.6208151312944725,55,32.700364548322995,1318172074.1579144,0.03836412161335918,23.266045273111118,24.64522698353601,34.30642562128917,9.809286847645588,40310623.210636824,0.0011732016490723386,0.7114919235450632,0.7536682640683257,1.0491144699806885,0.2999748468598845
5.5,42.0,14.0,True,True,0.06346277782387376,94,3.0671394299335097,2.069426061976074,-0.009946682438041704,0.7880737468393857,0.9590908926319427,2.7018285125857884,0.009689579738625212,0.6747088318775699,-0.003242983459104541,0.25694095910614334,0.31269882395034587,0.8808952361987532,0.0031591585449492476
5.5,42.0,14.225,True,True,0.10650856006789929,50,4.8514724678366274,5.456622394277632,-0.3365193751924291,1.2488487725375301,1.576830326055383,4.408438086738446,0.027954269836501615,1.1247353108675588,-0.06936437904644857,0.25741644022859267,0.3250209779627018,0.908680429697308,0.005762017618738957
5.5,42.0,14.45,True,True,0.18045861732406934,50,7.535100067551093,15.371329031223157,-0.6079485790638443,2.0346302704519905,2.5319960571252516,7.055343791532027,0.08057655092591909,2.0399634899897006,-0.08068221703941186,0.27002033844432344,0.33602686552617345,0.9363304705023,0.010693494473007903
5.5,42.0,14.675,True,True,0.3042568234937607,53,11.363621694874398,49.05361389930895,-0.6970153625267872,3.349050894748231,3.9877585849936215,10.951441546382265,0.2326096725682025,4.316723595386386,-0.06133743107984477,0.29471685917341234,0.35092320846903186,0.9637281001110721,0.020469677609306715
5.5,42.0,14.9,True,True,0.5056871294590175,57,16.30587052568919,203.9464077707524,-0.6390208478920445,5.399810678128371,6.167837472118745,16.21970245455904,0.638116303718926,12.50754490227576,-0.03918961866435128,0.3311574607207388,0.3782587051946466,0.9947155185002606,0.03913414513586389
5.5,42.0,15.125,True,True,0.8263954407846291,55,21.8495162132821,1389.3335072705556,-0.5023175708474987,8.379566056566915,9.309570288918996,22.445471131225997,1.5878369847101776,63.58646542599391,-0.022989871535102683,0.3835126588053726,0.42607672398987956,1.027275428532446,0.07267149392282414
5.5,42.0,15.35,True,True,1.3302018117879966,55,27.067671574897734,18236.5732076477,-0.29666656648748607,12.434460548368012,13.566699102083215,28.46426520029626,3.524720284954881,673.7400059397831,-0.010960180511522515,0.4593841961603966,0.5012141167940292,1.0515963710263765,0.1302188211941979
5.5,42.0,15.575,True,True,2.114187664627075,54,31.124935788453346,454909.4297933313,0.00811341454184495,17.5346855071051,18.87306034239945,32.8994042694829,6.920832450099834,14615.594161710447,0.00026067249092461887,0.563364552019737,0.6063646354380893,1.0570111531503252,0.2223565213801118
5.5,42.0,15.8,True,True,3.335498641036267,56,33.82318601834113,18054643.364394516,0.46058802372095436,23.278292996799856,24.75116234385564,35.320720000608446,11.942111301360184,533794.8753439168,0.013617523301063169,0.6882347802533105,0.7317809247902888,1.0442753672423186,0.3530747013272018
5.75,42.0,14.0,True,True,0.05992237118238846,93,3.068978070440505,2.035014000343032,0.0021483311089587403,0.7888738866757564,0.9566093675517552,2.7300007403038484,0.016758677388367418,0.6630917372605849,0.0007000151384758445,0.2570477431148687,0.3117029009641794,0.8895471644448728,0.005460670296012237
5.75,42.0,14.225,True,True,0.10078392049464821,49,4.8447431604867415,5.253060115932037,-0.3092770199478023,1.2469758356085527,1.5680600497713766,4.466907286020856,0.04765730899232034,1.0842804132065222,-0.06383765035683128,0.2573873979076471,0.32366216284906973,0.9220111651021093,0.00983691135187697
5.75,42.0,14.45,True,True,0.1708364686890084,50,7.50332313151384,14.187570352711194,-0.5650501392264825,2.0196954930569055,2.5088803332415512,7.1763564977405885,0.13373434844115845,1.8908382464729023,-0.07530665137601242,0.26917346589729235,0.33436922404478264,0.9564237567751819,0.01782334921436027
5.75,42.0,14.675,True,True,0.28763906661681904,53,11.277013922527457,41.3546722189598,-0.6355477319266275,3.2963591791183724,3.9316294243461414,11.189755923382423,0.3689735522873361,3.667165129267766,-0.056357803252954176,0.29230780433226394,0.3486410011866835,0.9922623134329271,0.03271908280172097
5.75,42.0,14.9,True,True,0.47631482217030074,55,16.15644007103673,140.90344105668424,-0.5418442884225735,5.274666353351102,6.046496464964014,16.63935601841018,0.952318114791341,8.721193557315793,-0.033537356375549894,0.32647454081217264,0.3742468290278516,1.029889997131185,0.05894356124271084
5.75,42.0,15.125,True,True,0.7737447332816647,55,21.73519051613405,641.0630576287635,-0.3401905349770186,8.157555314954022,9.097520135712184,23.06301379333373,2.21125209887155,29.494246077709874,-0.01565160124658189,0.37531556527644244,0.4185617848143124,1.061090942645018,0.10173603480632644
5.75,42.0,15.35,True,True,1.2385750282869752,54,27.195706946003234,4208.655113245819,-0.03570389199774049,12.131346424397542,13.28460482096482,29.180901455077084,4.583791927258702,154.75439272831022,-0.0013128502990795627,0.4460757886707704,0.48848168747152815,1.0729966135101923,0.16854836450325666
5.75,42.0,15.575,True,True,1.964501890149807,53,31.63639299591596,36957.596573377865,0.4168767309054159,17.239129821750755,18.616212562709425,33.563504189876944,8.4805389243429,1168.1988075615586,0.01317712581706871,0.5449145174033022,0.5884429544516232,1.060914377761389,0.26806276320558037
5.75,42.0,15.8,True,True,3.1075252699368225,91,34.63512693585274,350216.0165548037,1.0952524975871136,23.145702210424652,24.67763453498515,35.89616960103326,13.962779891258759,10111.58461187205,0.03162259227793841,0.668272481093905,0.7125030776035632,1.0364093559557637,0.40313927294446006
6.0,42.0,14.0,True,True,0.058223193376260675,132,3.0483769387244775,1.966816810686798,0.020311430777320172,0.7862462818439172,0.9471491299247315,2.7515896115988703,0.028671018284908274,0.6452013153956502,0.006663031241083663,0.25792292017958374,0.31070604094027954,0.9026408698493202,0.009405338926656818
6.0,42.0,14.225,True,True,0.0978868991193563,49,4.792388191350435,4.9106355501533265,-0.26683823953981456,1.2378448733861405,1.5451567082862028,4.513331658301453,0.07961873234155332,1.0246739942762382,-0.05567959624418966,0.2582939494801925,0.3224189374047341,0.9417708829279234,0.01661358161370433
6.0,42.0,14.45,True,True,0.16527050297800994,51,7.3847309582833285,12.493360901188927,-0.4982511397910887,1.988392579251516,2.460060311790213,7.271396342132814,0.2145762456392529,1.6917828112851334,-0.06747045256025323,0.2692572810687395,0.33312795356895225,0.9846528442551602,0.02905674517479426
6.0,42.0,14.675,True,True,0.2761633029876538,53,11.049587984610845,32.56921844047989,-0.5414166601921994,3.213061622450475,3.8351670121442174,11.364416499222202,0.5571618756255763,2.947550486573816,-0.04899880981501298,0.2907856498292443,0.3470868793918462,1.028492330668784,0.050423769320770646
6.0,42.0,14.9,True,True,0.45287461332863044,55,15.824353313173164,89.86350879833773,-0.39733983186379085,5.107044189905338,5.872482541100114,16.911019319112828,1.3390244511272678,5.678810818988087,-0.02510938829538271,0.32273320045590237,0.3711041092726044,1.0686704843119912,0.0846179571845493
6.0,42.0,15.125,True,True,0.7288211097164154,55,21.426092676189214,279.68317082354076,-0.10255282571716286,7.892447520775763,8.828772643766097,23.404270493919277,2.8974716465724155,13.053391257583435,-0.004786352195289889,0.36835682735315656,0.4120570547880389,1.0923256446066067,0.13523098636609426
6.0,42.0,15.35,True,True,1.1600334929204263,52,27.133909717544814,1011.2960040342191,0.34832324131832243,11.795523203049624,12.947735131281394,29.530027416597623,5.639203230522018,37.27055977415279,0.012837193200104747,0.434715207864889,0.47717911889820197,1.0883071302291345,0.2078286280607657
6.0,42.0,15.575,True,True,1.8400785483838886,53,31.954018331995574,3884.2786405795305,1.0246066988324076,16.91618805371208,18.29783061593375,33.90700273502459,9.906851503378125,121.5583780488165,0.032065034456291476,0.529391573790702,0.5726300343769949,1.061118585548081,0.3100346066165453
6.0,42.0,15.8,True,True,2.9276869899771443,50,35.22430101490396,13061.940569931814,2.0503153714914077,22.963808494760016,24.508797493204423,36.27724075378967,15.690528532620863,370.8218529135639,0.0582074111456147,0.6519308498142707,0.6957923021051394,1.0298924239388085,0.4454461289659645
6.5,42.0,14.0,True,True,0.05746131614288187,129,2.9346442155534347,1.7030175730403825,0.08811259278095439,0.7701766517885867,0.9023427508577889,2.7948511808528855,0.07752768932913581,0.5803148347641236,0.030024965995524445,0.26244293863859125,0.3074794368855439,0.9523645715008128,0.026418088066091215
6.5,42.0,14.225,True,True,0.09512725858088499,50,4.561740036085673,3.826397046309274,-0.1099110205421138,1.200851905351318,1.4523425473324305,4.60254404003967,0.19723203127300817,0.838802083424425,-0.024094099986553815,0.26324426553288255,0.31837468506395933,1.0089448332502986,0.043236140094087556
6.5,42.0,14.45,True,True,0.15674600071086603,54,6.964337505064323,8.337580679111197,-0.2536994634284639,1.8955130323786502,2.2918463754337637,7.4266455794815815,0.470797905880843,1.1971821688779842,-0.036428369998435434,0.27217420623286454,0.3290831861274931,1.066382204205508,0.06760124786291423
6.5,42.0,14.675,True,True,0.2548704152813387,52,10.393189005910047,17.24487394167937,-0.2045572244176122,3.0134435633105596,3.559129316815405,11.571199180020415,1.0542461842325528,1.659247602624482,-0.01968185359674413,0.2899440741043944,0.3424482432477192,1.1133444386935036,0.10143625634375164
6.5,42.0,14.9,True,True,0.4086536094207021,52,15.001005318963685,33.381855616847616,0.09905271003034989,4.761165910758899,5.452480900869176,17.105294633293713,2.187846416160397,2.2253078981745027,0.006603071455826452,0.31738978885235236,0.3634743662130673,1.1402765527767573,0.145846652916962
6.5,42.0,15.125,True,True,0.6500698668748919,52,20.684767459029235,60.30262884556775,0.7026080012784104,7.401343434778293,8.248930741069504,23.54115468297195,4.174834739189414,2.9153157735522273,0.03396741117201734,0.35781612964411097,0.3987925296916361,1.1380913384499207,0.2018313595963116
6.5,42.0,15.35,True,True,1.0353208396295714,51,26.823403888188704,102.26741978890534,1.6837374062725046,11.222262004128577,12.253927908871113,29.699393166555534,7.346130573770224,3.812619017899414,0.0627712058205228,0.4183757606196333,0.4568371695087868,1.1072194002802616,0.2738701845743368
6.5,42.0,15.575,True,True,1.6619753683167604,91,32.23841143246464,158.52550950236724,3.2009101597187644,16.396546889748326,17.62654008681983,34.276396991671575,11.975995326202236,4.917286629785031,0.09928870615800232,0.5086028176077162,0.5467558512845828,1.0632160664453414,0.3714821789929203
6.5,42.0,15.8,True,True,2.695810285453248,49,35.88369389859871,209.73349212494477,5.510110863513755,22.674320800657433,24.05013252503022,36.85627750568285,18.04563167321423,5.844813321549793,0.15355472820285454,0.6318836869117003,0.6702245480354352,1.0271037761561699,0.5028922530720543
7.0,42.0,14.0,True,True,0.056459950263444025,57,2.7276910474625846,1.3003582162944658,0.20461017856913796,0.7391173432693385,0.8205770250624546,2.8458627539950037,0.17166610456307518,0.4767248906374917,0.07501222646145177,0.2709681303375238,0.3008320996711818,1.04332298067347,0.06293458517700029
7.0,42.0,14.225,True,True,0.09053067303156082,49,4.22005496419152,2.568990643407173,0.1525936398430698,1.1511664532029768,1.306672904855573,4.679945589106164,0.38314483023305274,0.6087576264304277,0.03615915933272774,0.2727847061166223,0.3096340962245988,1.1089774016729543,0.0907914312690607
7.0,42.0,14.45,True,True,0.14502397590179214,50,6.454647783562196,4.834186413071046,0.16421023401143908,1.8075389724129942,2.0613991390904194,7.497421931122411,0.7964059021600961,0.7489465847202512,0.02544061884052403,0.28003680960194055,0.3193666344335791,1.1615539968293558,0.12338487379408564
7.0,42.0,14.675,True,True,0.23148846189528882,50,9.721204050061667,8.448548092989022,0.3818966060985344,2.8626775577370487,3.2261855767355505,11.556869199208407,1.5530677362987817,0.8690845341257318,0.03928490793237817,0.2944776740612588,0.33187098636357554,1.1888310480567574,0.15976084117778905
7.0,42.0,14.9,True,True,0.3690536453250541,49,14.254712830056814,13.460023066266846,0.9510579093153843,4.5338217274403,5.005889243306232,16.962767964086204,2.861742926203857,0.944250734948913,0.06671884033398613,0.31805773862245035,0.35117433111321966,1.1899761269353188,0.20075766943334847
7.0,42.0,15.125,True,True,0.5917500988809675,49,20.04411105894404,19.449107643345837,2.06231717883266,7.115215459543801,7.692437854185396,23.3708691525944,5.003206672072005,0.9703153003967865,0.10288893195452622,0.3549778505327561,0.3837754556220588,1.1659718449906462,0.24960980596041374
7.0,42.0,15.35,True,True,0.9581218583649671,48,26.490630313092474,26.224399867259145,3.9614481179841774,10.940425104650295,11.625708429898458,29.704752790867907,8.301841381324307,0.9899500146773876,0.14954148206984375,0.4129922533116626,0.4388611479792793,1.1213305398847726,0.3133878387643077
7.0,42.0,15.575,True,True,1.5681548889967587,47,32.274350113113925,34.18356003505034,6.909353972087614,16.213639398749805,17.01321828565468,34.5364662586917,13.039990404064845,1.0591556426464077,0.21408189314027923,0.5023691985098028,0.5271436365419411,1.0700902152219827,0.40403572367414925
7.0,42.0,15.8,True,True,2.58958816487483,47,36.12606781066626,42.61699612249797,11.145282760197148,22.669010145758488,23.55272388723371,37.23600685655669,19.204931309510417,1.179674365498347,0.30851081879734754,0.6274973037354882,0.6519592447944126,1.0307240481224675,0.53160868241077
7.5,42.0,14.0,True,True,0.052602389764687764,52,2.4837056288273724,0.9172603041523653,0.3303904298443352,0.696514834722753,0.7247506544716985,2.8718903433817418,0.2908335521440733,0.3693111991639,0.13302318358891904,0.280433730406126,0.29180215483663163,1.1562925614246977,0.1170966272204263
7.5,42.0,14.225,True,True,0.0827603244511455,48,3.8773242825278396,1.6370361891538965,0.4376720836859775,1.1003048680797436,1.1547275399372827,4.680809512892762,0.571380978259779,0.42220770558985155,0.11287992744332315,0.2837794282613872,0.2978155696547653,1.2072267295221142,0.1473647641066701
7.5,42.0,14.45,True,True,0.131638256732058,47,6.005782788427449,2.8001802020932116,0.6502592233352292,1.746219217245121,1.8365374816628257,7.4209245795251375,1.0615064979316133,0.46624733206949853,0.10827218469975548,0.2907563058407496,0.30579485578493654,1.235629865572982,0.17674740085123153
7.5,42.0,14.675,True,True,0.21116757799160674,47,9.187946104026137,4.514647775958595,1.1082386339005297,2.7870477400605926,2.9177906841007477,11.370752090972774,1.8817140401904977,0.4913663755581116,0.12061875650477553,0.30333740626093947,0.3175672398450594,1.2375727896346862,0.20480246824324916
7.5,42.0,14.9,True,True,0.3415993986019411,47,13.719376784419072,6.822406015772249,2.0178047703972934,4.449205201339487,4.620565841926648,16.721099131394844,3.2333809029975042,0.49728250218482023,0.14707699934948135,0.324300824392577,0.3367912343638064,1.2187943661103318,0.23567986751917297
7.5,42.0,15.125,True,True,0.5580970692737457,47,19.628623148848167,9.727180816179727,3.685463385049374,7.043820518638321,7.2506967507854325,23.203120082221893,5.404196570750759,0.49556103565779297,0.1877596486061042,0.35885453937464085,0.36939405763724764,1.1821063508259102,0.27532224393782223
7.5,42.0,15.35,True,True,0.9200488996984123,46,26.287075764951535,13.50245418172468,6.465578442263654,10.920751858613428,11.156623366045991,29.710523100900343,8.728302945264048,0.5136537172281237,0.24596035329590318,0.4154418679453889,0.42441477575535724,1.1302330988262026,0.33203780531958077
7.5,42.0,15.575,True,False,1.5275421004548901,45,32.271066123904085,18.710013875906775,10.604504308728181,16.28596105700683,16.551333539532127,34.6840390189153,13.491727942485449,0.5797767512256976,0.3286071884954903,0.5046613890745729,0.5128846216602707,1.0747720228934072,0.4180750611301232
7.5,42.0,15.8,True,False,2.5478602823288603,45,36.218839213824374,25.29922394131982,16.15818722974351,22.847771457357616,23.13560284442884,37.41342732744132,19.674444978228156,0.698510070738638,0.446126589931576,0.6308256132249773,0.6387726207304348,1.0329825068816945,0.5432102575700055
3.5,45.0,14.0,True,True,0.4478229058318352,147,1.3129507501167117,0.9522061218189407,-0.16497716256826686,0.43275150919931654,0.4872711728313037,1.0753503295531088,0.0001932209799714912,0.7252413098772338,-0.1256537326732184,0.3296022407244507,0.3711267713491834,0.8190332573080278,0.00014716544390893206
3.5,45.0,14.225,True,True,0.7050545095136611,87,1.925585231218573,2.33165926960603,-0.5105120214164255,0.6729652334046992,0.7929908421389673,1.628882946355938,0.0005576444616187344,1.2108834404231903,-0.2651204491703319,0.3494860796054324,0.4118180952380575,0.8459157870280963,0.00028959739230334606
3.5,45.0,14.45,True,True,1.1125871463974013,51,2.6487932832425796,5.557352026495315,-0.8411369364889671,1.03434739109558,1.2365340091523631,2.37106092943528,0.001695369651180937,2.0980693592261597,-0.3175547679807125,0.39049758908681637,0.4668291848122751,0.895147592088686,0.0006400535904053307
3.5,45.0,14.675,True,True,1.742020669369575,254,3.4513295103207917,13.337004450131808,-1.0034422677406274,1.6210149986122198,1.88474446899566,3.310502344391258,0.005424201110279857,3.864309220620366,-0.290740789814462,0.46967842211668476,0.5460922996078917,0.9591962559621134,0.0015716265555228578
3.5,45.0,14.9,True,True,2.661480224833251,93,4.3723387508831815,36.2237136628753,-1.0269794607483935,2.5490051806756377,2.8344952379090778,4.434848236017047,0.016728385838468054,8.284745470729678,-0.2348810371888388,0.5829843765332128,0.6482789645099044,1.0142965787180236,0.0038259583238121793
3.5,45.0,15.125,True,True,3.980952711400756,54,5.431901873748363,149.2144577244318,-1.0018483436422936,3.8321150942756192,4.115121748489668,5.695621896747134,0.049253804968898425,27.470020849523223,-0.18443785748120547,0.7054831223656131,0.7575839630641132,1.0485502185290374,0.009067506393466956
3.5,45.0,15.35,True,True,5.9179968154326845,131,6.590541258948036,1578.3431115146282,-0.9636058573035806,5.36695972833633,5.630411165348118,7.017299786419778,0.1427998695024753,239.48611343138134,-0.14621042786057736,0.8143427857385099,0.8543169588239294,1.0647531834949562,0.02166739633237174
3.5,45.0,15.575,True,True,8.795893622321806,56,7.842461549439149,95919.47398153113,-0.9214636182194151,7.014815788463596,7.241293434242739,8.385425452412386,0.4108828402868083,12230.786644837395,-0.11749673395406232,0.8944660734696568,0.923344461250256,1.0692338622957056,0.052392075842079514
3.5,45.0,15.8,True,True,13.164417995694663,57,9.125766082512312,109751803.8065916,-0.8786148279006154,8.613923186261877,8.792056906827623,9.929230112124447,1.1784649792166713,12026585.254788501,-0.09627847349542558,0.9439123366057696,0.9634322014538401,1.0880434609376863,0.1291360055212199
3.75,45.0,14.0,True,True,0.33822310310831977,90,1.715879353661559,1.2668263704083713,-0.14731245752646469,0.524839893644573,0.610477869579997,1.4489844897099209,0.00030000215836353957,0.7382957127522153,-0.08585245647493271,0.305872258748614,0.35578134807513273,0.8444559267048092,0.00017483872495077071
3.75,45.0,14.225,True,True,0.5357052788990129,50,2.54022787997492,3.206917182291487,-0.5067358306894802,0.8148705299783142,0.9905950130069267,2.2071262940113168,0.0008738783641377135,1.262452556942706,-0.19948439849990282,0.3207863894424935,0.3899630504869142,0.8688694079025336,0.0003440157361576322
3.75,45.0,14.45,True,True,0.8527600393803987,88,3.5558988144155848,8.223889788523993,-0.8294149631774366,1.2721989890046466,1.547352441052362,3.231836260447369,0.0026501962627498597,2.3127457269549994,-0.23325044003361262,0.3577714258479916,0.4351508639051842,0.9088662048946756,0.0007452957468885182
3.75,45.0,14.675,True,True,1.3425450532905165,87,4.73398726185659,22.70881823131402,-0.9741366034607867,2.028969252935889,2.3694836663678625,4.535365418449483,0.008363512369401497,4.79697493364357,-0.20577507914094953,0.4285962637212847,0.5005259911575239,0.9580434351804296,0.0017666951571224695
3.75,45.0,14.9,True,True,2.054317066821856,52,6.083967847251636,81.44497204303998,-0.9871864070528219,3.219452562203493,3.586380365796865,6.1016831803087515,0.02559227967363747,13.386818288303713,-0.16226029325562136,0.5291698843638439,0.5894804929675905,1.0029118058316364,0.00420651132881948
3.75,45.0,15.125,True,True,3.0744741714102144,91,7.574613820738806,593.9022015084649,-0.9592341543041585,4.884729357648734,5.263469287627617,7.877235299758944,0.0752663901380934,78.40692813703569,-0.12663802762826495,0.6448816366419445,0.6948828563664297,1.0399520670204438,0.009936663692612138
3.75,45.0,15.35,True,True,4.569522500126945,54,9.142064759173405,18355.847475242423,-0.9211452008780546,6.948037793130284,7.323667300662665,9.76044715802899,0.21746221146972822,2007.8448314231914,-0.10075898882183608,0.760007501167439,0.8010955395293926,1.0676414371529237,0.023786990925821275
3.75,45.0,15.575,True,True,6.78552994428187,56,10.7868963365343,6715472.815346893,-0.8788067005067236,9.23453231377698,9.58171837043592,11.645832136253919,0.618692907268851,622558.3899051814,-0.08146983831950624,0.8560879817209706,0.88827389005153,1.0796277050341605,0.05735597042620969
3.75,45.0,15.8,True,True,10.109288683487689,58,12.485857148093846,128780940201.35051,-0.8328866717694418,11.510488989801992,11.803737345160318,13.576131910570517,1.7205145310179055,10314144930.050787,-0.0667064072486681,0.9218821626162239,0.9453686042661745,1.0873207781848695,0.1377970699657226
4.0,45.0,14.0,True,True,0.2455951851567613,99,2.1031886606900354,1.5543598727085475,-0.12245032000515106,0.6053912564981929,0.7195977995780618,1.8239634751626814,0.00046678693979526555,0.7390491883873972,-0.0582212724392382,0.2878444848117287,0.3421461008362269,0.8672372142612528,0.00022194249546881703
4.0,45.0,14.225,True,True,0.3928552998813611,49,3.1620399821596474,4.050355678963834,-0.4876602850270209,0.9439105402580241,1.1694254362393846,2.8109909603486978,0.0013682062367288757,1.2809312032156768,-0.15422331399299793,0.2985131578296303,0.3698325899853665,0.8889802077799199,0.00043269732338880863
4.0,45.0,14.45,True,True,0.633035197729827,129,4.53726740833823,11.057286498088931,-0.8042163744449684,1.4964074890896653,1.8376705012485834,4.171305869269929,0.004137631946715553,2.4369924677061636,-0.17724685412348484,0.3298036801489122,0.4050170148383713,0.9193431847557044,0.0009119215541741582
4.0,45.0,14.675,True,True,1.0071166620895322,51,6.216657727247238,34.42146020784391,-0.9393563431555264,2.419557934966522,2.8357364068804647,5.927894236235355,0.012948371466064512,5.536972070535058,-0.15110311430503626,0.38920558942174743,0.45615128438736496,0.953550041890476,0.0020828509520980343
4.0,45.0,14.9,True,True,1.5544617299991663,52,8.166436811831577,156.46291552308062,-0.9477045692292949,3.871290649686814,4.327356023128234,8.053615449420017,0.039542361610817936,19.159263596627152,-0.11604872370484218,0.47404893209705207,0.5298952435239244,0.9861847504595757,0.004842058111994297
4.0,45.0,15.125,True,True,2.343384993002272,53,10.272647829256794,1810.9059896173658,-0.9191234228298194,5.938699953306361,6.430228447175601,10.470093163617799,0.11633159050055682,176.28424722785238,-0.0894728835356479,0.5781080060384017,0.625956282552793,1.0192204909233504,0.011324401696049691
4.0,45.0,15.35,True,True,3.499117688106419,54,12.409665234078432,123013.1246137321,-0.8809149209717916,8.602073439374744,9.120001509818808,13.042934180667151,0.3339889219673097,9912.686788352943,-0.07098619538524645,0.6931753014378194,0.7349111630162423,1.0510303005474868,0.026913612548559007
4.0,45.0,15.575,True,True,5.211581921960388,57,14.551181167520856,149065565.8182077,-0.8363124027066134,11.67530342690096,12.189550556435266,15.585915635145541,0.9310177312150891,10244224.444880897,-0.05747384992864462,0.802361216762318,0.8377017931467381,1.0711099982683383,0.06398227886085144
4.0,45.0,15.8,True,True,7.773608566785745,57,16.689115569739236,15089062525640.307,-0.7837936101239258,14.810234788806188,15.277196440933333,17.9987490863717,2.4613378074930186,904125953384.8425,-0.04696435870724649,0.8874187926207521,0.9153988045138832,1.0784723139557555,0.14748162041348226
4.25,45.0,14.0,True,True,0.17518184352212363,119,2.4300379885541474,1.7811592186043046,-0.09848048463993304,0.6683971969336463,0.805189425004236,2.153932526768378,0.0007391439025493712,0.7329758740372943,-0.040526314857541844,0.27505627487384965,0.3313484928206069,0.8863781294423096,0.0003041696903632176
4.25,45.0,14.225,True,True,0.2834284962887313,49,3.715285145534729,4.743318768456393,-0.4650704363195719,1.0483722533549749,1.3131524052949566,3.3685836294960967,0.002174004268518322,1.2767038282801044,-0.1251775888261292,0.2821781403817623,0.35344592779727513,0.9066823938250552,0.0005851513903666806
4.25,45.0,14.45,True,True,0.46294686008684616,86,5.472575328141143,13.561445368117273,-0.7771451431756176,1.683613140502087,2.078940115604631,5.088223131826181,0.0065562076107976795,2.4780737687394536,-0.14200720804689018,0.30764549404091185,0.37988332566466104,0.9297675823047075,0.0011980113964049559
4.25,45.0,14.675,True,True,0.746764256570775,91,7.735093900083968,46.07178694009028,-0.9067276451984733,2.7529016705209166,3.2360920350061253,7.363969329687849,0.020406992595795086,5.956202669962435,-0.11722257763265553,0.3558976408148106,0.4183649321918375,0.9520206767765171,0.0026382346302962862
4.25,45.0,14.9,True,True,1.1693811412654322,90,10.43686862165174,247.38855030123227,-0.9122822747365855,4.440226051560092,4.981463667075554,10.159442359968953,0.062295924747679636,23.70333088106656,-0.08740957731747394,0.425436614421748,0.4772948522836907,0.9734186304590196,0.0059688328948056335
4.25,45.0,15.125,True,True,1.7877709590246833,52,13.351021478521961,3851.397160027783,-0.8825301512810625,6.882364439769213,7.487694731022978,13.3420325197159,0.18294030824861432,288.47209677728387,-0.06610206962072568,0.5154934737271603,0.5608330975325425,0.9993267212684421,0.013702345437981194
4.25,45.0,15.35,True,True,2.6998955991461,56,16.2163385936572,404981.0519608338,-0.841866604085108,10.125942727478412,10.795850445466353,16.699158524120215,0.5185847233207133,24973.643071268667,-0.05191471547186322,0.6244284225441024,0.6657390867312677,1.0297736710216365,0.031979149937307716
4.25,45.0,15.575,True,True,4.05742092546388,58,18.909070965198925,828535461.157233,-0.7906909848155587,14.000877979788871,14.70656628620718,19.950345753153528,1.397690682957791,43816825.41051888,-0.04181543272383824,0.7404318279600671,0.7777519219888582,1.0550674747517215,0.07391641215637519
4.25,45.0,15.8,True,True,6.1007674677710035,56,21.395689599595187,126120933515797.56,-0.7248501928783214,18.038762023783256,18.720648821032913,22.84919188167969,3.4422884002534304,5894688877809.473,-0.033878328132599,0.8431026230687397,0.8749729114310536,1.0679343507634362,0.16088700409630918
4.5,45.0,14.0,True,True,0.1263699391678709,136,2.674320258047833,1.939194384668846,-0.07942439289098696,0.7129016764774294,0.8655191478013332,2.4103869110170977,0.0012015002682720087,0.7251167390417163,-0.029698908592557343,0.2665730382634967,0.3236408000114145,0.9013082497369264,0.00044927314320576727
4.5,45.0,14.225,True,True,0.20666731753992656,130,4.148427774607114,5.23740808635415,-0.4451357137612172,1.124197424602083,1.4166998320791901,3.8234199180878576,0.0035375230932660926,1.26250434403433,-0.10730226918398615,0.270993611479364,0.34150283168744855,0.9216551729528334,0.0008527382626544875
4.5,45.0,14.45,True,True,0.34180857518626234,51,6.2517113873111105,15.421727922584592,-0.7535292761662375,1.8230449292302764,2.2581412831135244,5.881333599814957,0.010632182992845306,2.4668010033037606,-0.1205316799645695,0.29160734018055434,0.36120369978959654,0.9407557763706277,0.0017006835943234827
4.5,45.0,14.675,True,True,0.5592438260427279,51,9.090575460362233,55.269612045242845,-0.879022465366016,3.006826312585638,3.5428588905289096,8.686514865283632,0.03291922467828073,6.079880452699142,-0.09669601987232056,0.33076303317610045,0.3897287807550675,0.9555517033173057,0.003621247612081204
4.5,45.0,14.9,True,True,0.8908525723740596,52,12.60044708581069,325.37904494227195,-0.8812899184580963,4.883104471445358,5.495740057429885,12.211741602173399,0.10018395446760552,25.82281745452349,-0.06994116259973927,0.3875342230470696,0.4361543697618964,0.9691514530405029,0.007950825378285366
4.5,45.0,15.125,True,True,1.3875268975611492,53,16.435932426825527,5763.65682804926,-0.8476446282175938,7.629485504152485,8.334597847714562,16.25012891446927,0.2917857882906868,350.6741618529802,-0.05157265229650922,0.4641954776901003,0.507096137369818,0.9886952861857108,0.017752919683123994
4.5,45.0,15.35,True,True,2.132357420353532,96,20.11657119761553,668793.0181807562,-0.7998967387217244,11.343836848410442,12.15277111826266,20.439685930994216,0.8078638045296765,33245.875333865544,-0.039763075469667425,0.5639050878489201,0.6041174213477871,1.0160621176543736,0.04015912038853991
4.5,45.0,15.575,True,True,3.254158284087553,58,23.31703141595242,1220967298.5848053,-0.7350535685665168,15.87436325449524,16.763855271499757,24.339163129798802,2.0722260703465394,52363754.064742416,-0.031524320375690175,0.6808055009796291,0.7189532394775912,1.0438362712479379,0.08887177931787746
4.5,45.0,15.8,True,True,4.960872302966451,56,25.95499559178059,91665862264098.84,-0.6454190354169058,20.665736772885957,21.566386352168767,27.570028373859582,4.69368767592578,3531723283864.7646,-0.024866852052993476,0.7962142278086292,0.8309146605672472,1.0622243520083832,0.18083947112717574
4.75,45.0,14.0,True,True,0.09491745388747302,100,2.8389919865825135,2.0380575570737993,-0.06562521846767745,0.7417848681413893,0.9043933100369494,2.590012027668412,0.0020049134369248055,0.7178807008635297,-0.02311567583770286,0.2612845938442841,0.3185614169787174,0.9122998725988603,0.000706206092303295
4.75,45.0,14.225,True,True,0.15663191725324724,90,4.4504827192713865,5.544370230262156,-0.4291339624869613,1.1742189774238052,1.4843463411932716,4.155582241114353,0.005897436763025713,1.2457907557429762,-0.09642413858360452,0.26384081266942727,0.3335247960329756,0.9337374175434809,0.0013251229439648774
4.75,45.0,14.45,True,True,0.26162713574743635,50,6.821246551904934,16.566041539707367,-0.7339400304916506,1.9162115256039425,2.3776158997774406,6.492326966278436,0.01764223323835224,2.428594453176752,-0.10759617394077142,0.2809180860159368,0.34856032276292026,0.9517801353281033,0.002586364985359661
4.75,45.0,14.675,True,True,0.4333025956500591,91,10.137481698361494,60.72316958500587,-0.8554028218117745,3.177931175098034,3.751281119482787,9.769700331752352,0.05420717537192666,5.989965890130334,-0.08438020874060191,0.3134832959167441,0.3700407291575284,0.9637206381671115,0.005347203278373177
4.75,45.0,14.9,True,True,0.7017674362087011,52,14.365066198023733,365.4692228385147,-0.8523616321059437,5.182723326187764,5.848607893530225,13.996370816041694,0.1634293960338933,25.44152723005161,-0.05933572601448972,0.360786595393537,0.40714103317775485,0.9743338891099045,0.011376863411626813
4.75,45.0,15.125,True,True,1.1147711226972425,54,19.063148608300864,6306.295812948869,-0.8100890433128071,8.1323068695332,8.914651790352911,18.894283900974553,0.46708281279977387,330.8108194783129,-0.042495028494928776,0.42659830422724954,0.4676379528653054,0.9911418249526325,0.02450187124892827
4.75,45.0,15.35,True,True,1.74808837502713,56,23.497567477320253,594784.5940968639,-0.747903148334512,12.150037798020485,13.069941233364407,23.889545789931105,1.244887684609475,25312.602875635843,-0.0318289605533162,0.5170764084302618,0.5562252878294511,1.0166816549410567,0.05297942801147544
4.75,45.0,15.575,True,True,2.7169088684469185,57,27.081992948970594,566400321.8715113,-0.6587487158638529,17.096220557235643,18.13765105025133,28.289769273830483,2.996595500345784,20914277.72463993,-0.024324233342247155,0.6312763092970779,0.669731030667769,1.0445970253051777,0.11064900230910395
4.75,45.0,15.8,True,True,4.203966604809094,56,29.710101458246427,9342481531182.39,-0.5303262491250316,22.39534104169296,23.486047389969254,31.596084157266983,6.2399784573954555,314454716498.0907,-0.017850031574962278,0.7537955086813357,0.7905071419219403,1.0634795105520274,0.2100288504960143
5.0,45.0,14.0,True,True,0.07571202953450798,129,2.9406021081999776,2.0921392643720362,-0.055545464612712536,0.7592272338111896,0.9274003739117068,2.7066107217133535,0.003414400951543972,0.7114662873083131,-0.018889146701562227,0.2581876792151024,0.3153777151031813,0.9204273893995619,0.0011611230713678632
5.0,45.0,14.225,True,True,0.12581960009298926,49,4.6399020261792145,5.6979663245872585,-0.41551689763568855,1.2043399119126383,1.5242396640583042,4.378340987693964,0.010015819741318144,1.2280359137840073,-0.08955294643965815,0.2595614961517554,0.328506864036838,0.9436278962336977,0.0021586274203220183
5.0,45.0,14.45,True,True,0.21166988589667227,51,7.187042495943785,17.049205149317515,-0.716077532334986,1.9712084014962505,2.447905154536349,6.9201987023882925,0.029756535484357152,2.37221432305983,-0.09963452042187383,0.2742725401455131,0.34059978856642287,0.9628715436556702,0.00414030326120252
5.0,45.0,14.675,True,True,0.35387947895390504,51,10.828758729847904,62.11015373719003,-0.8325520023518456,3.275035642623446,3.8720071913477017,10.568555259044757,0.09031014977596813,5.735666966703432,-0.07688341970876465,0.3024386935130695,0.35756703865560097,0.9759710713577971,0.008339843192465014
5.0,45.0,14.9,True,True,0.5811857199425172,54,15.5625763518581,357.6183835767163,-0.8207588321316012,5.343370776699015,6.045023626717193,15.384646858152898,0.26716564976700025,22.979381786873503,-0.05273926460342194,0.34334744170177456,0.3884333474126503,0.988566835613696,0.017167186443079
5.0,45.0,15.125,True,True,0.9390490322076739,55,20.88923690520649,5206.167812954294,-0.762773183451254,8.384011398875352,9.219763118598257,21.03736049281637,0.738873099765633,249.22728563898352,-0.03651512915060762,0.401355561092119,0.44136428537034295,1.0070909046741174,0.035370995269888204
5.0,45.0,15.35,True,True,1.4981081430822893,56,25.88291252093435,308090.72125702753,-0.6754574843521732,12.529114436587326,13.527902424791451,26.71735158120729,1.8672457192307326,11903.247789747029,-0.026096656773300017,0.4840689557812961,0.5226576573965528,1.032238993953947,0.0721420248869012
5.0,45.0,15.575,True,True,2.3624394584254533,56,29.756809579769108,104735051.58831781,-0.5469951617814105,17.666825679858007,18.821182200170583,31.42576135101711,4.185962050090547,3519700.299440854,-0.01838218443126707,0.5937069843626391,0.6325000047372895,1.056086381396972,0.1406724077347484
5.0,45.0,15.8,True,True,3.6929732825305797,56,32.40386273278086,249156692490.339,-0.35904444179617306,23.27949090952254,24.520645535536268,34.57439095009849,8.089408944609088,7689104676.964439,-0.011080297579243581,0.718417156050109,0.7567198311431662,1.0669836258478484,0.24964335305696642
5.25,45.0,14.0,True,True,0.06444118387471279,93,2.9971877836798537,2.112647919669838,-0.04705824170229281,0.7688989194562907,0.9393433417009658,2.7789763416494253,0.005888537094586407,0.704876728503142,-0.01570079858143428,0.25654012192464654,0.3134082378207445,0.9271946044827011,0.0019646874068586537
5.25,45.0,14.225,True,True,0.10765517711684197,49,4.743928685530772,5.724957204132381,-0.40137706722865973,1.220226326895906,1.5438989416663726,4.520186517637352,0.017185423885444702,1.2067966412719897,-0.0846085794782035,0.2572185224068944,0.325447333636221,0.9528361021581448,0.0036226142981156386
5.25,45.0,14.45,True,True,0.18205619683393692,50,7.384451133877913,16.929880805734115,-0.6959764058385521,1.9967972977483894,2.480164266283954,7.2016725153544145,0.05051101932007703,2.292639019312389,-0.09424890126844988,0.27040564851023396,0.3358630480883833,0.9752481782044764,0.0068401860076432505
5.25,45.0,14.675,True,True,0.30645218437345095,51,11.193467622483444,59.55130196851761,-0.805330025633312,3.3104787568895806,3.9202808971747145,11.114737379670075,0.15027124767179414,5.320183519260963,-0.071946429184796,0.2957509565882944,0.3502293506705958,0.992966411708269,0.013424905734301319
5.25,45.0,14.9,True,True,0.5082704764109243,54,16.182157043401347,307.55676867194086,-0.7794952276855872,5.3816962190394,6.105041001276355,16.37021001192177,0.430649293602503,19.0059191643647,-0.04817004467296556,0.33256976833220836,0.37726991431997187,1.0116210075094474,0.026612601302006912
5.25,45.0,15.125,True,True,0.8298944858409089,58,21.84273736638637,3332.060955243395,-0.6956478744987092,8.413925929753296,9.283019728740383,22.597743810227563,1.1349394695706236,152.54777363074828,-0.031848017161495365,0.3852047382440914,0.4249934233529702,1.0345655597637258,0.05195958045611874
5.25,45.0,15.35,True,True,1.3356790741964224,56,27.19873921905738,102992.15452555155,-0.5683784488841798,12.551834016505476,13.602379421610404,28.768759297440404,2.6886990597607556,3786.651789116309,-0.02089723513676447,0.46148587680530295,0.5001106599852836,1.0577240020479683,0.09885381223394579
5.25,45.0,15.575,True,True,2.1191943038123333,55,31.379350602087328,10416073.137349179,-0.3800629834330492,17.743696747158374,18.97797796109758,33.59656854239863,5.615029068744424,331940.36643499916,-0.012111881735620358,0.565457742327468,0.6047919283528825,1.0706585030527627,0.17894025723945087
5.25,45.0,15.8,True,True,3.325527010768878,55,34.21745962243371,3361143413.747285,-0.10337243760644049,23.574646873254576,24.930832349880983,36.47842818429021,10.191410584565935,98228899.83170015,-0.0030210436060153128,0.6889654326587858,0.7285997448371588,1.0660764588255454,0.29784240843771537
5.5,45.0,14.0,True,True,0.05807858726709667,94,3.021981699596561,2.104772727956039,-0.03787233158109762,0.7733010070643508,0.9432418451871319,2.823537224651991,0.010205821189512724,0.6964875823824577,-0.012532283562853352,0.25589202183705734,0.31212692165311795,0.9343329991141037,0.00337719490190004
5.5,45.0,14.225,True,True,0.09741194392003583,50,4.784366232100839,5.633108101215156,-0.38291016018575375,1.2257925967427359,1.5480115329402513,4.60970370996007,0.029522738695448306,1.1773990175375078,-0.08003362234617561,0.25620793586374013,0.3235562366764117,0.963493070206694,0.0061706686451728264
5.5,45.0,14.45,True,True,0.165277206552987,50,7.449775721675326,16.220517370019905,-0.6682745598930506,1.9992571736091098,2.4820089849384144,7.383780047569755,0.08527923908903762,2.1773162006509628,-0.08970398369828604,0.2683647465778354,0.33316559822290237,0.9911412535663919,0.011447222342669369
5.5,45.0,14.675,True,True,0.2792387003891891,54,11.29068925466953,53.45189221244024,-0.7668357745719735,3.294890152904502,3.9090447081510877,11.475601390039166,0.24587522778916887,4.734156702641865,-0.06791753428647684,0.291823650318055,0.3462184300692192,1.0163774001036439,0.021776812933495746
5.5,45.0,14.9,True,True,0.46485418905563425,55,16.323488175064345,233.7299220266485,-0.7193400717466539,5.320093941173681,6.054768268243506,17.028837913738386,0.6723176382493659,14.318625989737464,-0.04406779139556172,0.3259164881989269,0.3709236777892075,1.0432107237809336,0.04118713053478324
5.5,45.0,15.125,True,True,0.7600058469591231,55,22.097702120532613,1725.523930529898,-0.5956611859694252,8.276605263151431,9.164345553311367,23.633029468195296,1.6662120543284455,78.08612502413027,-0.026955797608293044,0.3745459694409141,0.4147193904291114,1.069479049870805,0.07540205064038058
5.5,45.0,15.35,True,True,1.2220458781186914,56,27.7182707896775,25679.408754009037,-0.4081949677955827,12.33729301787453,13.419894963485396,30.080766369402276,3.6829078541217948,926.4433899524587,-0.014726566851623286,0.4450960563697586,0.48415339706122895,1.085232430177592,0.1328693222628209
5.5,45.0,15.575,True,True,1.936732840393475,55,32.28713202007367,775951.1813743318,-0.1311885215408657,17.5296857507831,18.818521178599305,34.89497445122195,7.204122487332582,24032.83081606334,-0.004063182863665397,0.542931027131319,0.582848955642743,1.0807703338136976,0.22312673924873877
5.5,45.0,15.8,True,True,3.041041452286754,52,35.47014506447478,41114473.45469141,0.27772323651745084,23.54101857710751,24.980912977070684,37.55866935255635,12.399790019347503,1159128.9908726572,0.007829774476891139,0.6636854327580713,0.7042799777576999,1.058881188229854,0.34958385416265314
5.75,45.0,14.0,True,True,0.054694999645398944,95,3.0221887729630716,2.0675225866943925,-0.02541180344454206,0.7737784811079216,0.9403519858983866,2.852351563491999,0.017641682681260786,0.6841143098640105,-0.008408410378557305,0.2560324781927103,0.311149321415958,0.9438032425404858,0.0058373860822612325
5.75,45.0,14.225,True,True,0.09196177464162293,50,4.773869003166914,5.412087641912599,-0.355185629750128,1.223098897564051,1.5383966280762114,4.669378811605446,0.05027175362263993,1.1336900192113148,-0.07440204779697623,0.25620705066533356,0.32225363265218665,0.9781120530345196,0.010530610200927253
5.75,45.0,14.45,True,True,0.15611901198497052,51,7.408881959566402,14.914736628926729,-0.6259097077783183,1.982184659050806,2.4569399236480907,7.506924458959877,0.14126337477954143,2.0130887103240607,-0.08448099337986337,0.2675416709118162,0.33162087573492405,1.0132331031765032,0.01906676007938568
5.75,45.0,14.675,True,True,0.2634091566166191,53,11.183219441645512,44.73563877156417,-0.7081658046702758,3.237349733405949,3.8481423321319936,11.716925159425374,0.38894039291070215,4.00024688820572,-0.06332396572968217,0.2894828050454138,0.3440996890217307,1.047723799087084,0.034778928817431214
5.75,45.0,14.9,True,True,0.43671115529414173,55,16.13366718951523,159.21779532283975,-0.6288987540391376,5.185212628696654,5.922881137952578,17.451888066549706,1.0000976999664233,9.868667393009723,-0.038980521083752086,0.32139082626337817,0.3671131348117603,1.081706214808444,0.061988244099664816
5.75,45.0,15.125,True,True,0.7090018935727518,55,21.92333060414306,775.6037825762492,-0.4467893920592794,8.036342409132194,8.931408167325657,24.25357669944868,2.3131350717895596,35.37800877890679,-0.02037963118500094,0.3665657629417626,0.40739285141454756,1.106290697220305,0.10551020342467601
5.75,45.0,15.35,True,True,1.1321599308350139,54,27.792143868195733,5671.037895566059,-0.1707280202937474,12.00243477207044,13.100440499762176,30.800598458322785,4.778185474903473,204.0518328654659,-0.00614303168202587,0.43186430053730285,0.4713720741332884,1.1082483814273074,0.17192576065970375
5.75,45.0,15.575,True,True,1.7880992138131815,53,32.80407861516951,58758.460518611806,0.2378324327285556,17.185808343809466,18.50448895577817,35.57056522482353,8.816775264686992,1791.1937478237928,0.007250087268678088,0.5238924264698681,0.5640911050378103,1.0843336172342521,0.2687707028177244
5.75,45.0,15.8,True,True,2.81226104311527,51,36.38322558952941,710896.5556209829,0.8469646448749679,23.353087460139523,24.842710287345163,38.169859373602954,14.499925921613261,19539.129477996838,0.02327898725721319,0.6418641305640647,0.6828067023967922,1.0491059754907412,0.3985332714916332
6.0,45.0,14.0,True,True,0.05312444710424187,93,2.9997627721155404,1.9949287274549876,-0.006597157822313302,0.770767394687015,0.9304193817761525,2.8736819441056123,0.030153532376352116,0.6650288302791665,-0.00219922651338884,0.256942782893276,0.3101643204672439,0.9579697337463084,0.010051972328160724
6.0,45.0,14.225,True,True,0.08929856594594829,49,4.717272795122496,5.044617698799953,-0.3119553406340962,1.2129398832707199,1.5145675657490045,4.7148670686211425,0.08383936560519174,1.0693928288429535,-0.06613044319943669,0.25712735640916495,0.3210684714513473,0.9994900175152387,0.017772846567592798
6.0,45.0,14.45,True,True,0.15096394525715529,54,7.27996198664982,13.068335442996016,-0.5599502774978204,1.948263046166872,2.4060477758740024,7.598964889471245,0.22607079967833166,1.7951103957632009,-0.07691664853809287,0.26761994770572245,0.33050279387258813,1.0438193088654062,0.0310538434256808
6.0,45.0,14.675,True,True,0.25261877040672115,57,10.932774595186745,34.9375872912605,-0.6184059065815614,3.1485735262899857,3.7467866360876347,11.88284665008859,0.585487662645944,3.1956743447946048,-0.056564406518892316,0.2879940036151641,0.3427114136000931,1.0869012753011595,0.05355343765193059
6.0,45.0,14.9,True,True,0.4142805686490694,55,15.757727389065575,100.10600178322944,-0.4948399180581677,5.007265511299694,5.7381827392283835,17.703521873561144,1.4018393530394744,6.352819750689041,-0.031403000308378316,0.31776571504684614,0.36415040047019465,1.1234819232782116,0.08896202595890972
6.0,45.0,15.125,True,True,0.6652893701114305,56,21.548126363067794,330.0698800873243,-0.22977680032113912,7.752163700521378,8.64154805100936,24.56116316805331,3.0231586326945243,15.317799539780147,-0.010663423652228199,0.3597604529463,0.40103477701061097,1.1398282502254897,0.1402979814465929
6.0,45.0,15.35,True,True,1.05456853727003,53,27.66546783927974,1305.2439857988052,0.1765848251287561,11.633219713845863,12.725679911113227,31.11485239598164,5.868260445174129,47.179537804367264,0.0063828606172363,0.4204960415427672,0.4599842657656114,1.1246819528496976,0.21211499040122167
6.0,45.0,15.575,True,True,1.6635772109425708,51,33.11086442404818,5738.538299852294,0.7833757226020271,16.811712240438826,18.128706508083013,35.90703741321587,10.292902726046277,173.31285062085044,0.02365917460110365,0.5077400585237697,0.5475153495212365,1.08444880669249,0.3108617943109518
6.0,45.0,15.8,True,True,2.6305025775808444,50,37.04944715970576,23351.15604437197,1.7006693598004776,23.111232730239642,24.609215058435645,38.59149395609589,16.306770680047368,630.2700265327636,0.04590269194758976,0.6237942669054172,0.6642262420908709,1.0416213173098905,0.4401353307582492
6.5,45.0,14.0,True,True,0.05261844476420375,90,2.8808789427266093,1.7172981687238207,0.06352144062530962,0.7535228633517792,0.8842670742999369,2.913438386917358,0.08126262608793205,0.5961021628692537,0.022049326572948506,0.2615600580004265,0.30694350296546025,1.011301913352851,0.028207580986037893
6.5,45.0,14.225,True,True,0.0869753154500265,50,4.476071734136992,3.896485355885045,-0.1525263575223955,1.1730952835696071,1.4196079690809316,4.79524080885961,0.20661696413781852,0.8705145018495344,-0.034075941267684644,0.2620814306041915,0.3171548744972557,1.071305621017746,0.046160333526838626
6.5,45.0,14.45,True,True,0.14312747013472463,52,6.836470751286739,8.612744132330498,-0.31864358879802496,1.8488863458523865,2.2337941078507235,7.732473556757376,0.4930287520806546,1.2598231522762582,-0.04660936913070986,0.2704445631548113,0.3267466780912192,1.131062186626337,0.07211743749329408
6.5,45.0,14.675,True,True,0.23230745992101307,52,10.228127410521619,18.17388983424692,-0.2970037699412579,2.9363748530721643,3.4614782068142884,12.040907213280116,1.1014876889156184,1.7768540716017616,-0.029037941943872513,0.2870882161725451,0.33842736484231556,1.1772347693766212,0.10769201875433464
6.5,45.0,14.9,True,True,0.3711389850176184,52,14.846016102923167,36.199504070316564,-0.03491798385212428,4.638166633211909,5.297820710725,17.81068028218552,2.279085841355856,2.4383311872596525,-0.0023520103716746584,0.31241826770608566,0.35685133802878366,1.1996942586286574,0.15351497839929634
6.5,45.0,15.125,True,True,0.5872969833519407,52,20.675264350931325,67.95500917378797,0.5021665907842299,7.2183773795085795,8.02232828269922,24.58620612068483,4.339376510281202,3.286778249620151,0.02428827908851427,0.34913108035706564,0.38801575382700493,1.1891604239428908,0.20988251645187467
6.5,45.0,15.35,True,True,0.9296149111297911,51,27.219713992637672,120.95304073567009,1.3799400872966157,10.987577499896954,11.965009851868768,31.203317684768443,7.628675252292886,4.44358235242241,0.050696347789321326,0.4036624889912087,0.43957147584669837,1.1463499467043718,0.2802628732379875
6.5,45.0,15.575,True,True,1.4834691145634349,49,33.34449321369975,199.073222888852,2.7403694749873027,16.18797588862354,17.363573564593295,36.290805269984574,12.446127159141795,5.970197885840466,0.08218356948551278,0.48547674078826997,0.5207328674426932,1.0883597791516086,0.3732588490512203
6.5,45.0,15.8,True,True,2.3943623919531545,49,37.79192003192443,281.9061562822079,4.829548394359889,22.70602421124201,24.05150763100447,39.2863753938456,18.812548898949707,7.459429318332329,0.12779314706106928,0.6008168992753286,0.6364193089604113,1.0395443089596599,0.4977928849092069
7.0,45.0,14.0,True,True,0.051876643269875476,58,2.6665550181559294,1.2987460974883032,0.18300906176994994,0.7205814111477775,0.8006616025790805,2.955130260029181,0.17913876496374315,0.4870501784682688,0.06863127163095657,0.2702293431943135,0.3002606723384925,1.1082202466884847,0.06717984956021178
7.0,45.0,14.225,True,True,0.08275466649527906,49,4.121490449561764,2.585408828944537,0.11291550873358012,1.1195702206684195,1.2715546640618658,4.852054587186268,0.39930165466767925,0.627299483180761,0.027396765833968235,0.2716420756931422,0.30851816342242633,1.1772572681084787,0.09688282905280947
7.0,45.0,14.45,True,True,0.13182328374506272,52,6.301150965248808,4.921680483862453,0.09455508880422966,1.7528102413341695,1.9993689001327681,7.760702257962041,0.829975883213467,0.7810764273076125,0.015006002764527647,0.27817302759464324,0.3173021740249356,1.2316324907564886,0.13171813971619303
7.0,45.0,14.675,True,True,0.20922124440617196,50,9.505287701143047,8.733543766218158,0.2670126535449799,2.7694995541519734,3.1198695248635886,11.952202589513442,1.6157902026961295,0.9188089872511609,0.02809095967846093,0.29136409556745246,0.3282246285389565,1.2574267045148086,0.16998856357623185
7.0,45.0,14.9,True,True,0.3314973021868583,49,14.013625795981588,14.184085966174047,0.7635633966494578,4.381676111842864,4.83469830971528,17.566781976655705,2.9709076515115855,1.0121638876814691,0.05448721178700304,0.31267254996200283,0.34499981518713246,1.2535500970557516,0.21200135459329122
7.0,45.0,15.125,True,True,0.5284380085524056,51,19.917020063788016,20.90807447043632,1.75552719344163,6.884156420228382,7.439179900374856,24.318990722544314,5.189627805731498,1.0497591709740848,0.08814206080122543,0.34564188810276697,0.37350868134638004,1.2210155256488249,0.2605624631150009
7.0,45.0,15.35,True,True,0.8512709628546861,48,26.770784053481325,28.56556099682428,3.4793066437395854,10.635427797216234,11.2989032911598,31.168167634253674,8.619971993736092,1.0670423749919853,0.1299665574526619,0.39727741167271424,0.42206097769073253,1.1642605450773305,0.3219917644741202
7.0,45.0,15.575,True,True,1.3877590712370789,47,33.322298731016616,37.523968554524046,6.20833990136243,15.918837133402086,16.703377285309344,36.597626578570825,13.57695838621978,1.1260918359031602,0.18631187336375643,0.4777232585873413,0.5012672571043765,1.0982923739443435,0.40744363093961034
7.0,45.0,15.8,True,True,2.2854795070781733,46,38.055762319616115,47.2360473480712,10.234382844851796,22.617950119925833,23.507583922562052,39.770581072261066,20.08909567991692,1.2412324565029944,0.26893122673242076,0.5943370659603696,0.6177141775568874,1.0450606859019884,0.5278857774861037
7.5,45.0,14.0,True,True,0.04817508732515081,53,2.412891152569411,0.9042041680212525,0.31056440830726856,0.6752293757337636,0.7025059951525534,2.9643260318899967,0.30258740816372004,0.3747388965550287,0.1287104923802959,0.2798424516641513,0.29114698953762463,1.2285369892186724,0.1254044998430635
7.5,45.0,14.225,True,True,0.07514184459558783,48,3.7619837800093676,1.6227945499652856,0.4000509667335626,1.0635975894258531,1.1161009134973612,4.821607378595454,0.5936875532651008,0.43136670566964663,0.10634042838232717,0.282722534604656,0.29667882127194656,1.2816661794813606,0.1578123638969072
7.5,45.0,14.45,True,True,0.11846921623417281,47,5.8217151693154765,2.7978394210654454,0.5785192287676756,1.6816803109613359,1.7686474421422758,7.63239337578364,1.1027859320883364,0.4805867926710022,0.09937264396184785,0.28886337824031155,0.3038017818982778,1.3110214350595006,0.18942629448805604
7.5,45.0,14.675,True,True,0.18873826191325319,47,8.921323399466324,4.552554063205515,0.9793037002446863,2.6766359118506085,2.80236594519777,11.694831861492778,1.9526876029615257,0.5103003062839141,0.10977112434947359,0.30002677764273467,0.31411998194857593,1.310885318000283,0.21887869271484273
7.5,45.0,14.9,True,True,0.30369435888607516,47,13.406902588753237,6.945127375267695,1.7966051759713597,4.270922201712753,4.4367042230894285,17.24704146783175,3.3521461844181726,0.5180262427724218,0.13400598416210566,0.3185614405295626,0.33092686351068773,1.2864299828880628,0.2500313672175269
7.5,45.0,15.125,True,True,0.49419828912641195,48,19.418800781282183,9.959824265238739,3.3238627980155147,6.777609255514913,6.980751241949356,24.092361833189894,5.60526665691731,0.5128959495191397,0.17116725360401205,0.34902305924307453,0.35948415767662206,1.2406719706611629,0.2886515351823495
7.5,45.0,15.35,True,True,0.8123338436061308,86,26.496117864553504,13.798011008391867,5.934540414021166,10.57375850596721,10.808846906418001,31.161519531100947,9.072501896482867,0.5207559491894789,0.22397773305350485,0.3990682167108254,0.40794077689690805,1.1760786878438827,0.34240872352927054
7.5,45.0,15.575,True,True,1.346051860468244,45,33.28514576189012,19.076578705746655,9.930791971857882,15.948733841452635,16.21653675931032,36.78137213371404,14.07230056638398,0.5731258875119127,0.2983550693423178,0.47915469427546153,0.4872004129204526,1.1050386378607038,0.42278019952359897
7.5,45.0,15.8,True,False,2.2424969016048757,45,38.15434678633617,25.962338239981513,15.458811170011423,22.765049671759332,23.062337799693232,40.00351566423817,20.62270221399152,0.6804555817812911,0.40516513771237017,0.5966567793505496,0.6044485030458525,1.0484654838479432,0.5405072803232192
3.5,48.0,14.0,True,True,0.434928534295791,145,1.3060116747740438,0.9724787896598232,-0.18260467295420144,0.42819724236102435,0.4829758400075135,1.1169992708593843,0.00020215293998766056,0.7446172254379533,-0.13981856095259967,0.32786632051746994,0.3698097416250695,0.8552751039171522,0.0001547864723511262
3.5,48.0,14.225,True,True,0.6848925949831044,50,1.9168059752344195,2.412779647594335,-0.5448304358538071,0.6643865139866577,0.7846312243392666,1.6884552278290255,0.0005869659803514705,1.2587500658741735,-0.28423869859189893,0.3466112494277911,0.40934306052719216,0.8808691383709467,0.00030622086321474784
3.5,48.0,14.45,True,True,1.0837510446841723,52,2.633705926629329,5.858720700170408,-0.8872764307054573,1.017650553886201,1.2191329191968638,2.4520413166367376,0.0017912304264466963,2.2245158963774365,-0.3368927493894552,0.3863949059751752,0.46289637232093533,0.9310231988485179,0.0006801178553518881
3.5,48.0,14.675,True,True,1.7032255890874417,53,3.425538923927188,14.453248032221623,-1.0534754506437494,1.5930706047032852,1.8537358069080523,3.4160959204276664,0.005734906151870409,4.219262531587813,-0.3075356824251172,0.4650569268315069,0.5411515817145783,0.9972433524449065,0.001674161724396832
3.5,48.0,14.9,True,True,2.6089939776623527,52,4.336120512208941,41.18875880499175,-1.0793926077876168,2.508145562941073,2.78830801387558,4.568121637711586,0.017681455791826495,9.498988482681503,-0.24893049091888453,0.5784307783602983,0.643042093969648,1.0535043075600445,0.004077713186716544
3.5,48.0,15.125,True,True,3.9084287911804303,131,5.385174412711871,186.6983051799219,-1.056765211845254,3.7776741553397915,4.054230385888515,5.85887141521286,0.052055859367144644,34.66894307809507,-0.19623602335900708,0.7014952285338195,0.7528503396878621,1.0879631681720119,0.009666513167013713
3.5,48.0,15.35,True,True,5.817384855921937,94,6.5293473253119245,2388.3855346760965,-1.021141689387113,5.298626255271165,5.555603016245466,7.21310126132079,0.1509202406188956,365.79238562132963,-0.15639261299954363,0.8115093272386203,0.8508665168888163,1.1047201047734432,0.023114138841080222
3.5,48.0,15.575,True,True,8.654851663745115,56,7.763654176643107,203883.8407920972,-0.9815998087196945,6.932233493803591,7.153070630875085,8.621336193433512,0.4343587972577163,26261.324390965296,-0.1264352824566594,0.8929085886719634,0.9213535879013058,1.1104740109845097,0.055947726080391544
3.5,48.0,15.8,True,True,12.958176624835122,57,9.031568468353594,412184979.21088076,-0.9412266225991638,8.518953115280718,8.69276902230001,10.220725591551352,1.2470716606477898,45638249.95128668,-0.10421518985292533,0.9432418239568168,0.9624871972968227,1.1316667340080004,0.13807919023340187
3.75,48.0,14.0,True,True,0.32721995020867434,91,1.7035463495271563,1.290924058426159,-0.16665845027589912,0.5182122746112262,0.6039711156189399,1.504263206364463,0.0003135340279433862,0.7577862843499817,-0.09783029990475901,0.3041961698048682,0.3545375303622239,0.8830186550439281,0.00018404784115818866
3.75,48.0,14.225,True,True,0.5184130725430249,90,2.5246928872924688,3.3121526909060877,-0.5422346496462176,0.8036079981009414,0.9785494187768012,2.2875092649003452,0.0009184267641328565,1.3119032051688895,-0.2147725184221202,0.3182993076685643,0.38759146655109294,0.9060544656397856,0.00036377761776712405
3.75,48.0,14.45,True,True,0.8276068265362104,129,3.5351931514636834,8.665290881805847,-0.8757307864727747,1.2529651753744775,1.5247454287240232,3.3432622305628077,0.002795387528293917,2.451150619087995,-0.24771794607889927,0.35442622841009686,0.43130470200552684,0.9457085051148025,0.0007907312015289849
3.75,48.0,14.675,True,True,1.3074389658661472,91,4.70883717293176,24.678471621973948,-1.0245558840917133,1.9989197383909552,2.3324492889442885,4.683770458686357,0.00882800328408436,5.240884472250488,-0.21758150610542695,0.42450389872929317,0.4953344537696313,0.9946766657404302,0.0018747735289789118
3.75,48.0,14.9,True,True,2.004775654308484,53,6.059608583196341,93.57015976339223,-1.040647179564548,3.176865442454545,3.534268005774577,6.2936751378387,0.027010695908282496,15.441617800672457,-0.171735049430474,0.5242690841887352,0.5832502144734751,1.0386273389491592,0.004457498456779004
3.75,48.0,15.125,True,True,3.0031109899475865,53,7.554460159582327,760.9465605886669,-1.0155259116453355,4.831147171636725,5.199271746530534,8.119956498603095,0.07943352211455909,100.72811882176083,-0.1344273303708153,0.6395092527569608,0.6882386877023378,1.0748559562265312,0.010514784701565073
3.75,48.0,15.35,True,True,4.465005259155173,93,9.125327030203103,28762.964362049497,-0.9800886994329105,6.8902585215988985,7.255698364826078,10.060946943181921,0.2294558078211132,3151.9927194772895,-0.10740313154684789,0.7550697633951582,0.7951165301595321,1.102530014527928,0.02514494078531739
3.75,48.0,15.575,True,True,6.6294677410787894,55,10.773330137501231,14787996.04499475,-0.9403356146610972,9.183550595480671,9.522474455258374,12.012547108441364,0.6526681505992555,1372648.5549272029,-0.08728365349056302,0.8524337858647212,0.8838933118842508,1.1150263618699015,0.060581838880752574
3.75,48.0,15.8,True,True,9.868490204432822,57,12.481197611480976,494850639738.56366,-0.8970492403265646,11.47895066573322,11.766701315936091,14.024161964150352,1.8146634618037385,39647688879.09999,-0.07187204852052045,0.9196994569795268,0.9427541877161173,1.1236231009795135,0.14539177395400735
4.0,48.0,14.0,True,True,0.2364132298526486,133,2.0841018373329727,1.5808412836443873,-0.14313231508462554,0.5967955411579482,0.7107722785902854,1.893233635902987,0.00048747140539415743,0.7585240103561309,-0.06867817710280037,0.2863562281206316,0.3410448884301457,0.9084170466092771,0.0002338999931106894
4.0,48.0,14.225,True,True,0.3782194581011988,50,3.1374855322334123,4.175840492462596,-0.5240607763568295,0.930123434197703,1.1535075391367184,2.9143745615316674,0.0014359713398869052,1.3309513142169083,-0.16703209336674707,0.29645505123193244,0.3676535006411955,0.9288886057291478,0.00045768221881320107
4.0,48.0,14.45,True,True,0.6111232776091589,50,4.50855655035298,11.639454454553992,-0.8510532362631819,1.4745450414016121,1.809544103479131,4.318973159888353,0.004357836088437203,2.5816365669501753,-0.188764014992016,0.32705479568314794,0.40135774793319606,0.9579503132882332,0.0009665701294344469
4.0,48.0,14.675,True,True,0.9752731750724278,51,6.191856868630659,37.439057155645735,-0.990644803752811,2.3867287658580207,2.7919369249968633,6.130488824659581,0.013648813558550231,6.046499127801294,-0.15999155419299832,0.38546252222814226,0.4509046291333774,0.9900889110854642,0.002204316709531545
4.0,48.0,14.9,True,True,1.5078786110971365,96,8.16020790149965,180.5321702577828,-1.0024659233615072,3.825819934722223,4.267825051986471,8.323076245201763,0.04168329563527256,22.1234768080609,-0.12284808615933401,0.46883853706951867,0.5230044508059835,1.0199588473318408,0.005108116868886658
4.0,48.0,15.125,True,True,2.2742947472358623,54,10.297803376907018,2337.2660730836483,-0.9768960243241644,5.884430687348166,6.36036402113179,10.8205088869743,0.1226196745662769,226.96744029168428,-0.09486450542596966,0.571425814998963,0.6176427912184655,1.0507589328457618,0.011907362189615448
4.0,48.0,15.35,True,True,3.3947025630555725,53,12.4728738850223,193363.5943829981,-0.9414062327176419,8.553970914387396,9.056816837624504,13.490063190836386,0.35186999121285756,15502.729857245917,-0.07547628889666744,0.6858059331986985,0.7261210945538484,1.0815521198394822,0.02821081929124536
4.0,48.0,15.575,True,True,5.050169463794792,59,14.656836124943002,323992606.59926367,-0.8995361833667724,11.661926915690499,12.164357967361852,16.144668350168704,0.9798599641519773,22105221.334084038,-0.061373148727230556,0.7956646861763182,0.8299443252053933,1.1015111455530098,0.06685344338976758
4.0,48.0,15.8,True,True,7.518270625672381,96,16.844599871258744,55007943924582.46,-0.8500915264146501,14.865971422176383,15.326450859686522,18.682831475457373,2.585486423015798,3265612976562.3154,-0.05046670938531029,0.8825363342433313,0.9098732517735504,1.1091288376244026,0.15349052175631125
4.25,48.0,14.0,True,True,0.1675532309107649,127,2.403913303905353,1.8087695263207966,-0.12016717480635931,0.6581304344690553,0.7942745794312794,2.2359337034722992,0.0007715972554915768,0.7524271043312182,-0.049988148329283735,0.27377461300283534,0.33040899525823814,0.9301224382093326,0.0003209754920188071
4.25,48.0,14.225,True,True,0.2710498697605034,87,3.680453675406417,4.883130701884873,-0.5022065354734738,1.0323421798276384,1.2936697770538061,3.4946570514944306,0.0022792720546491703,1.3267741242105566,-0.13645234521747301,0.28049318667586304,0.3514973672127395,0.9495180104687856,0.0006192910591103907
4.25,48.0,14.45,True,True,0.4437980171250337,87,5.433176348613807,14.259644045653992,-0.8246429253056683,1.6590850084758562,2.045533921450586,5.274827785366468,0.0068968945378556955,2.624550195079187,-0.15177915686761456,0.3053618918331533,0.37648951372109857,0.9708552505777327,0.001269403769604374
4.25,48.0,14.675,True,True,0.71781378423636,51,7.707693491952878,50.09086716172113,-0.9590172267461903,2.7167726274991186,3.1853630991507815,7.629550044162144,0.02148628752190933,6.498814102301535,-0.12442337357439555,0.3524754364370523,0.41327059806885424,0.9898616300878702,0.0027876416653492804
4.25,48.0,14.9,True,True,1.1256160112814084,53,10.450913560747665,285.53060072473926,-0.9683609869641302,4.390852431228586,4.913619660543926,10.524611512668606,0.0655936990100549,27.32111399305385,-0.09265802279727717,0.4201405365862065,0.47016173581215637,1.0070518191058189,0.006276360303697918
4.25,48.0,15.125,True,True,1.72125625154584,52,13.438309522200084,4961.045759184418,-0.9417984666611124,6.825490214521006,7.410002617647755,13.830493875403674,0.19257322096792584,369.171862799318,-0.07008310569906591,0.5079128593700939,0.5514088364616422,1.0291840541814952,0.014330167098011467
4.25,48.0,15.35,True,True,2.5973754956741324,57,16.39924183490102,628666.4571423295,-0.9040733141307474,10.083735005917248,10.732965631528858,17.337632780046086,0.5453537669417934,38335.09277266683,-0.05512897018243186,0.6148903167253104,0.6544793801800557,1.0572216054005603,0.03325481582820289
4.25,48.0,15.575,True,True,3.896031173259699,96,19.19768639421656,1733451854.6412518,-0.8560913118621708,14.020787131218528,14.710197650433935,20.763296190273884,1.4667256870498877,90294831.31693757,-0.044593462685174105,0.7303373356199,0.7662484607971035,1.081552003919023,0.07640116923108761
4.25,48.0,15.8,True,True,5.842055826928444,58,21.79213548027754,419034073936955.3,-0.7942625481192157,18.18597594863273,18.860336739309282,23.84829462123756,3.598682592294003,19228683408112.63,-0.03644721045526008,0.8345201398500629,0.8654652847757113,1.094353265324589,0.1651367575036832
4.5,48.0,14.0,True,True,0.1199226927739611,89,2.6420270968370674,1.967131494290529,-0.10181175196958392,0.7013610675677011,0.8529608430787716,2.502612569363496,0.0012541087502436269,0.7445538679923088,-0.03853546850123869,0.26546323783255044,0.32284333650472524,0.9472319842440401,0.0004746767176404047
4.5,48.0,14.225,True,True,0.19603243719385485,87,4.103770718023297,5.3857615414914894,-0.482825126881535,1.1063503914303348,1.3943297502163259,3.969163991866673,0.0037061446840163164,1.3123933844154192,-0.11765402115693785,0.2695936170535476,0.33976794660885595,0.9671992576082659,0.0009031071516104319
4.5,48.0,14.45,True,True,0.32485828514475645,89,6.200320792377362,16.19834295549662,-0.8016438046005824,1.7960811260196343,2.2202379034136475,6.104741103718703,0.011174552966532624,2.61250078792871,-0.1292906982467937,0.2896755161809895,0.35808436010975353,0.9845847187816211,0.0018022540027720106
4.5,48.0,14.675,True,True,0.5327164096213398,51,9.056504742410203,60.025230768024336,-0.9322564975837605,2.9672805228336148,3.485760849856732,9.017075827467544,0.03462570492910086,6.6278583708939625,-0.10293778053448681,0.3276408070475911,0.3848903024953387,0.9956463430358491,0.0038232967258277984
4.5,48.0,14.9,True,True,0.8495648065969739,129,12.63067496542703,374.75949872471585,-0.9386358135364723,4.829135645065011,5.419490193628304,12.683491963956103,0.10535996249942278,29.670583698061748,-0.07431398686972213,0.3823339337195701,0.4290736804218821,1.004181644977299,0.008341593999356049
4.5,48.0,15.125,True,True,1.3233846013050155,53,16.590456714708885,7370.87450649918,-0.9084931943529836,7.567951918314621,8.247437185697338,16.900546121421705,0.30664854714269235,444.2840021374612,-0.0547599870199791,0.45616296455569977,0.4971193576838223,1.0186908300383255,0.01848343010779334
4.5,48.0,15.35,True,True,2.0320410746596673,56,20.444207512640002,1016071.3234073552,-0.8641986723395262,11.30181048077242,12.084472605030374,21.307045173873043,0.8475240337489222,49699.71679162182,-0.04227107711586373,0.5528123540022215,0.5910951841766882,1.0422045051489315,0.04145546034126904
4.5,48.0,15.575,True,True,3.0947802168646286,57,23.833971406780783,2423397519.381457,-0.8035283227139292,15.913910331718977,16.782005215765388,25.452606098388834,2.1667329098267176,101678292.63619903,-0.03371357248860862,0.6676986415781072,0.7041212280296222,1.067912924119207,0.09090943648653872
4.5,48.0,15.8,True,True,4.703725239866487,56,26.645794966358253,272379709263740.53,-0.7196682516905423,20.88225382120725,21.77340857062402,28.928871695363608,4.883051926403667,10222239929701.273,-0.027008698843444607,0.7836979098417675,0.8171423895633108,1.0856824400205685,0.1832578811241617
4.75,48.0,14.0,True,True,0.08928653497460207,101,2.8019974022474363,2.0658557774093373,-0.08845047687597836,0.7293551304813719,0.8906704829615057,2.689562054727165,0.002092697907942369,0.7372796904637914,-0.03156693750145296,0.2602982893190294,0.31786984607734237,0.959873143554634,0.000746859331940797
4.75,48.0,14.225,True,True,0.1472290750336744,50,4.397759958052582,5.6964593147019285,-0.46717907170994477,1.155020754955956,1.459866879847307,4.316329738436089,0.006175502546903929,1.2953092867816363,-0.10623114407472599,0.26263842637455426,0.3319569266563075,0.9814837052514908,0.0014042382044059012
4.75,48.0,14.45,True,True,0.24629367062209184,50,6.758506923650555,17.381794238363174,-0.7825465047348806,1.8872151136510014,2.3362316400751575,6.74601470692047,0.018528898493495524,2.571839377353857,-0.11578689103601514,0.2792355079265994,0.3456727449519664,0.9981516306972521,0.0027415668435073945
4.75,48.0,14.675,True,True,0.40867322678119045,127,10.093371582860108,65.8374459182083,-0.9094921829742852,3.1351279392879645,3.6887660521173555,10.158358225329168,0.05696263987037737,6.522839804095697,-0.0901078668815408,0.31061255533402043,0.36546420805327057,1.006438546518927,0.005643569089154266
4.75,48.0,14.9,True,True,0.6625599288543871,52,14.401528685360232,419.2359231376261,-0.9110132629760487,5.1236001905155675,5.764225890174857,14.57130308743442,0.1716341373260144,29.11051543880875,-0.06325809453145988,0.3557678009365718,0.40025097447012264,1.0117886375664251,0.011917772139042977
4.75,48.0,15.125,True,True,1.052759497684385,56,19.27014981970174,7972.608633155779,-0.8728499341836955,8.063570934760133,8.81623838442349,19.711161439081074,0.48985584862401654,413.72841974506133,-0.045295440998144004,0.41844879309220334,0.4575075163873296,1.0228857390059545,0.025420448372601104
4.75,48.0,15.35,True,True,1.6499601953212106,56,23.957120242804415,878028.0864725632,-0.8151412975682171,12.10063429264268,12.98904698879529,24.997512692705552,1.3020660331502127,36649.984537948854,-0.03402501174209563,0.505095527759733,0.5421789788234913,1.0434272750379345,0.0543498559072972
4.75,48.0,15.575,True,True,2.5601100164510213,56,27.81929609703881,1057009710.324362,-0.7319673485102595,17.13630011108627,18.15068525650697,29.71030040913826,3.1209495156174234,37995559.14848881,-0.0263114978163726,0.6159861145052596,0.6524494794258651,1.0679745564195184,0.11218650194206851
4.75,48.0,15.8,True,True,3.9501050382334233,56,30.68677976857728,24737169884818.88,-0.6123839196284936,22.642896516105772,23.720255566051488,33.29462733500402,6.465131413114336,806118141798.29,-0.01995595250615263,0.7378713793648591,0.772979626566767,1.0849827706293618,0.21068132472259327
5.0,48.0,14.0,True,True,0.07060687510922672,172,2.900340299840204,2.1194513562489177,-0.0785952535417705,0.7462068737797034,0.91290395716767,2.8109232393553025,0.003563850003864372,0.7307595444457639,-0.02709863168335824,0.257282524337167,0.3147575328377732,0.9691701485891748,0.0012287696047462858
5.0,48.0,14.225,True,True,0.11722354575892169,50,4.581237694593353,5.849702232365903,-0.45372547813998054,1.184176219229494,1.4983284492534574,4.549292880458583,0.010483662726190114,1.2768824982099392,-0.09903993383173601,0.2584839072259938,0.32705756591100743,0.9930270341195195,0.0022883909164029266
5.0,48.0,14.45,True,True,0.19745715190704055,50,7.114624306317153,17.866787659662172,-0.7650565589922962,1.9405476602152496,2.4039440666275147,7.195661744629514,0.031230539842075442,2.5112763359546695,-0.10753295269758574,0.27275476211614097,0.3378877032892694,1.0113902624823643,0.004389626000960515
5.0,48.0,14.675,True,True,0.33067850897802054,52,10.772332714278184,67.17564382505086,-0.8874959178458214,3.229120054842994,3.804944354025343,11.00176507342142,0.09479850553965137,6.235942168404521,-0.08238660477590803,0.2997605198884136,0.3532145223273768,1.0212982986349035,0.008800183586420492
5.0,48.0,14.9,True,True,0.5437281008918147,53,15.592009661749971,407.6886896544534,-0.8809903286452744,5.2783974693033615,5.952613398353402,16.044007336738893,0.2800980714571049,26.147283031422674,-0.056502679754393915,0.33853220872818135,0.38177332669028824,1.0289890581646928,0.017964205867845008
5.0,48.0,15.125,True,True,0.8790791274953187,55,21.116266586672868,6478.431464540738,-0.8282336505114772,8.305029686024618,9.107771345495166,21.997735986625383,0.772917413025009,306.79814719849566,-0.03922254187841146,0.39330009648893993,0.43131541781364724,1.0417436196088203,0.03660293877483159
5.0,48.0,15.35,True,True,1.4023140126003042,56,26.42146289349384,439369.3773893879,-0.7472506743077456,12.463958203913538,13.426332486726157,28.035831004107774,1.9464539984247065,16629.260051213158,-0.028281956881795238,0.47173611295318285,0.5081600720160097,1.0611006331148858,0.07366942573433402
5.0,48.0,15.575,True,True,2.2084960688326047,56,30.65134140557094,183199218.09061772,-0.6278774385858833,17.688262388891022,18.809164551867585,33.10254691242172,4.344053668898861,5976874.410374775,-0.02048450116025804,0.5770795527296612,0.6136489853083227,1.0799705785928597,0.14172474905484303
5.0,48.0,15.8,True,True,3.442702755143486,56,33.60741614515862,592362293962.8676,-0.4538356330309988,23.520685487723117,24.742103030826463,36.52530365221042,8.358042579294663,17625939804.604744,-0.013504032296644647,0.6998659279883804,0.7362096188519608,1.0868227266996286,0.24869637532365593
5.25,48.0,14.0,True,True,0.0596651391064001,98,2.9546970653709144,2.1390578691530973,-0.0701566218185999,0.7554807002023716,0.9243275740344115,2.8861142173997685,0.006145659685740412,0.7239516680822822,-0.023744099738966934,0.25568803958165953,0.3128332798876548,0.976788534846791,0.00207996269998966
5.25,48.0,14.225,True,True,0.09958757433536314,50,4.680853879093953,5.872180186254233,-0.4395730949816952,1.1993312018314026,1.5169667640229936,4.697305030542783,0.01797975500278684,1.254510467092572,-0.09390874108353515,0.2562206026528541,0.3240790683080721,1.003514562059351,0.0038411271676498226
5.25,48.0,14.45,True,True,0.1686107923481886,90,7.303788419110441,17.712445328667997,-0.7452615645449896,1.9646504600458834,2.4342229000271853,7.490666091047515,0.05296852484574161,2.425103838211303,-0.1020376716547545,0.2689906042329148,0.33328223113063005,1.0255864027287684,0.007252198695563099
5.25,48.0,14.675,True,True,0.2843413427977595,51,11.122728884465507,64.17802830288916,-0.8613106700511987,3.261351663776548,3.849145584799539,11.576553758575692,0.15751946427581953,5.769989448589637,-0.07743699221637444,0.29321506418550713,0.34606126111510505,1.0408015765577112,0.014161944061750722
5.25,48.0,14.9,True,True,0.47233823669515856,55,16.191186261812962,347.6136151769595,-0.841976328577462,5.309972610145055,6.004314846116218,17.085816950952665,0.45052158852102964,21.469311115073076,-0.0520021396185942,0.32795451329398057,0.37083847650356794,1.055254178086364,0.027825113073004927
5.25,48.0,15.125,True,True,0.771947799710286,56,22.05296601586555,4066.2021694986865,-0.765317593962466,8.32187455041729,9.15506967800667,23.656194693102773,1.1837783995747253,184.38345964771094,-0.034703612811622445,0.3773585169645792,0.41514006194995473,1.0726990045730724,0.0536788747020732
5.25,48.0,15.35,True,True,1.2423735224733976,55,27.750910619509373,141496.4303188383,-0.6475415357055301,12.464100784409615,13.473269469654804,30.22951787989635,2.7936880330132254,5098.803144116066,-0.023334064405450432,0.4491420463747642,0.48550729215288746,1.0893162496312634,0.10067013912866751
5.25,48.0,15.575,True,True,1.9681580639217897,55,32.35262805590114,17122058.143110625,-0.4734274421094395,17.732162924720075,18.925440228030546,35.43384132706189,5.811132961140172,529232.3737510885,-0.014633353472596363,0.5480903404224596,0.5849738140385332,1.09523842285198,0.1796185753781513
5.25,48.0,15.8,True,True,3.0782587618489003,54,35.58226529286729,7262697001.909618,-0.21882748917074085,23.782948921737436,25.11032980922411,38.56882788182898,10.51424574197048,204110023.41004622,-0.006149903255726844,0.6683933337573337,0.705697897605683,1.083934020624605,0.2954911851572905
5.5,48.0,14.0,True,True,0.053512470627577115,95,2.9778511361694435,2.129657639321298,-0.06085180600047071,0.7595818772047965,0.9278385263376353,2.9321288695669168,0.01064881033895813,0.7151659172797944,-0.020434804568084414,0.25507718232748333,0.31157988895682664,0.9846458857371422,0.0035760049283914907
5.5,48.0,14.225,True,True,0.08969405739223038,50,4.717782302925256,5.770957404467279,-0.42090382054136366,1.2042483792240362,1.520295123079444,4.789940598150009,0.030866565812202876,1.2232352054245919,-0.0892164566983904,0.25525730139717195,0.3222478328719802,1.0152949607657842,0.006542600703102408
5.5,48.0,14.45,True,True,0.1523796524249537,51,7.361442040683815,16.930170334677644,-0.7178764011367641,1.9655670969387555,2.4343676639479286,7.679478039620566,0.08932209488976807,2.2998442752264032,-0.09751844776734526,0.2670084320539147,0.33069168384321024,1.0432029481695422,0.012133776832870482
5.5,48.0,14.675,True,True,0.25801162828691193,52,11.203376806125558,57.320826839628275,-0.8243113289441174,3.2421816543697832,3.833904859302442,11.951121644314162,0.2572517496716214,5.116388373930933,-0.07357704228009335,0.2893932526305005,0.3422097574372591,1.0667428089877122,0.02296198317019619
5.5,48.0,14.9,True,True,0.43028888791216435,57,16.30147200938763,261.37235363691354,-0.7853300291924814,5.240741359141913,5.945240433474454,17.770627767084097,0.7015186736317385,16.03366576260079,-0.04817540580017734,0.32148884199683897,0.3647057413005851,1.0901241162056048,0.043034069145887595
5.5,48.0,15.125,True,True,0.7039823699126306,94,22.26355332722375,2061.1957678929284,-0.6721169865366304,8.169661688880081,9.018774177236834,24.73563632260895,1.7327395099417044,92.58161703111918,-0.030189115666220696,0.3669522815520317,0.4050914085762189,1.1110372167035147,0.07782852469569268
5.5,48.0,15.35,True,True,1.1311086450851464,55,28.23559118398981,34008.29562213724,-0.49930763083544627,12.22309452258736,13.258997968351713,31.601564660078,3.8163306872751845,1204.4477978354025,-0.01768362587423225,0.43289670979221845,0.46958457083306443,1.1192103063879453,0.13516028980611983
5.5,48.0,15.575,True,True,1.7881222395202305,55,33.2821804697537,1204919.9786255804,-0.2447226049996611,17.47703920972632,18.716130880713852,36.7946258224541,7.442134873053413,36203.1562120935,-0.007352961901701753,0.5251170134603762,0.5623468960431474,1.1055353135859731,0.22360719063514195
5.5,48.0,15.8,True,True,2.7953908699813192,54,36.95153235325011,81465430.84364197,0.1289709460010402,23.70115588401268,25.101345671756686,39.70735469382749,12.785319580102362,2204656.360793021,0.0034902732792811077,0.6414119895606446,0.6793045936983686,1.0745793791237723,0.3460024190032762
5.75,48.0,14.0,True,True,0.05027416291116679,93,2.976619191591743,2.0899490302269217,-0.04808070618163137,0.7597756907431785,0.9245985399681819,2.9613856421003066,0.018398642788957743,0.702121734661438,-0.01615279049380861,0.25524786404971395,0.310620365070533,0.9948822645723486,0.006181053606363095
5.75,48.0,14.225,True,True,0.08450033818872563,50,4.703980189970056,5.534691384070889,-0.3927550947997559,1.2008500491429688,1.5099625976990205,4.850366767382349,0.05250593692282585,1.1765975111613132,-0.08349420680750275,0.2552838236231205,0.32099680201005104,1.0311197265933265,0.01116202339346163
5.75,48.0,14.45,True,True,0.14366723088403854,51,7.312438965139462,15.515632714805133,-0.6759458955737437,1.9466870574119262,2.407607853472023,7.803689285274849,0.1477103254870311,2.1218136368416474,-0.09243781709442989,0.2662158366985835,0.32924826654277656,1.0671800916872363,0.020199871231911744
5.75,48.0,14.675,True,True,0.2429388779548478,54,11.077192278867791,47.675472915310415,-0.7679756310829308,3.1805838524854684,3.76888848076591,12.193107375563242,0.4059724956409898,4.303931151060905,-0.06932944845130251,0.2871290641540221,0.34023860793279753,1.1007398868415696,0.036649404056610324
5.75,48.0,14.9,True,True,0.40334538328895997,95,16.074403681518792,175.9788648996384,-0.7004693509644448,5.097669223316346,5.804224435037774,18.19234498631458,1.0406181919562478,10.947769409447295,-0.04357669278704222,0.31712960084343805,0.36108489932420074,1.1317586236328534,0.06473759229729167
5.75,48.0,15.125,True,True,0.6546349060941262,55,22.030800414770415,907.2064513324995,-0.5341128735900115,7.913723746338557,8.767483495972566,25.350988513018912,2.3989829723961162,41.17900549470134,-0.024243915951048186,0.3592118124329632,0.397964818840375,1.1507066486800224,0.10889222938934769
5.75,48.0,15.35,True,True,1.0430918928420145,58,28.250056284455745,7256.073792971142,-0.28095310683771424,11.859992132491865,12.905717980577416,32.313637932149675,4.940983683910747,256.8516579191281,-0.009945222905354186,0.4198218939130993,0.4568386643420117,1.1438433115593425,0.17490172883759753
5.75,48.0,15.575,True,True,1.6409175467455108,53,33.790771535561326,86475.3903681479,0.09205650746615286,17.087887334145552,18.3478265473334,37.47179487800171,9.097611948920536,2559.1422284377677,0.002724309131837159,0.5056968680387277,0.5429833565067963,1.108935758941357,0.26923362609066886
5.75,48.0,15.8,True,True,2.566636956451414,52,37.954012718528745,1292527.4341517873,0.6449802305003979,23.45679836410162,24.896357144963567,40.34942464251416,14.95150276016508,34055.09303422848,0.016993729629687492,0.6180321047489732,0.655961131951917,1.0631135353658139,0.3939373386167918
6.0,48.0,14.0,True,True,0.04882225032793264,97,2.95263188898611,2.0136288839717347,-0.02871750979786898,0.7564315234023232,0.9142756430987615,2.98228488217969,0.03142193615031811,0.6819776252783022,-0.009726071815789454,0.2561889025936351,0.3096476897473021,1.0100429021660953,0.010642009343436286
6.0,48.0,14.225,True,True,0.08205470975847003,50,4.643789801359723,5.145775512256107,-0.3488403125116856,1.1898279932274116,1.4853800262499726,4.894497009467918,0.08743183378953973,1.108098284454951,-0.07511974646430886,0.2562191753121609,0.3198637513297967,1.0539876305415001,0.018827689781294423
6.0,48.0,14.45,True,True,0.1389007363362232,51,7.174674179209518,13.536236675183234,-0.6106770716033223,1.9106129123576197,2.3549933903846556,7.8916958865436575,0.23585970846187765,1.886669183446406,-0.08511565213273625,0.2662996067325422,0.3282369807410712,1.0999378772365576,0.03287392605859962
6.0,48.0,14.675,True,True,0.23280626002414373,54,10.806640051200182,36.97097238450959,-0.6818659011435372,3.087343220917097,3.66338533445846,12.347973041566148,0.6094947443108717,3.4211348031716486,-0.06309693835576669,0.2856894655776212,0.3389939256884572,1.142628326941896,0.05640002271040585
6.0,48.0,14.9,True,True,0.3819001859666665,55,15.658928081448256,109.36961148265583,-0.5750690193116716,4.911212772349183,5.610334947768607,18.419347154768182,1.4547109729067678,6.984489034867609,-0.03672467338252727,0.3136365878177631,0.3582834609487344,1.1762840380236692,0.09289977994280596
6.0,48.0,15.125,True,True,0.6121520894349375,54,21.592752099292966,378.6333178397132,-0.3340488366425833,7.613331948947282,8.459069765128508,25.617292665495555,3.128192141965431,17.535204224945055,-0.015470415031232698,0.3525873827448134,0.3917550540213673,1.1863838637935535,0.14487232232281594
6.0,48.0,15.35,True,True,0.966605215742848,53,28.054930473095165,1616.0020870188384,0.036373337777390526,11.461159637675335,12.496565164021023,32.583588192127,6.0585125579725885,57.601357756655055,0.0012965042922588156,0.4085256831652693,0.4454320489585707,1.1614210993456158,0.2159517937063767
6.0,48.0,15.575,True,True,1.516727868040491,52,34.074036675293776,7992.486420676627,0.5867972598470617,16.666022612571446,17.917483515900205,37.79368214813417,10.613471547849068,234.5623589256678,0.017221242831863638,0.48911207003118473,0.5258397672880278,1.109163628257095,0.3114826590400611
6.0,48.0,15.8,True,True,2.3837846775220406,51,38.6870063000123,38603.4905219107,1.4150967417890996,23.154728629488265,24.59649369998387,40.80995967840495,16.825118795536344,997.8412447462607,0.03657808853999255,0.5985143551797882,0.6357817792682514,1.0548751010075437,0.4349036124702933
6.5,48.0,14.0,True,True,0.04855080799019056,90,2.829479212856912,1.7245688322006503,0.043311254350050704,0.7381791576301809,0.8670590896511903,3.018136282108888,0.08443566108450343,0.6095004424716594,0.015307147037252672,0.2608887014528885,0.30643769557003553,1.0666755452362873,0.029841414172910332
6.5,48.0,14.225,True,True,0.08013865560014702,50,4.393967755498155,3.944547659249597,-0.18731248198547948,1.147633735273503,1.3887836187926446,4.965067207296354,0.21450587881055264,0.8977188451858347,-0.042629462119082716,0.26118392285366077,0.3160659558902919,1.1299735190554334,0.0488182642082756
6.5,48.0,14.45,True,True,0.13171509261286854,52,6.712036546797838,8.82610510475344,-0.3720980138522431,1.8060178661608604,2.1795479178249337,8.001261661618317,0.5116936696568064,1.3149667829154144,-0.0554374236877126,0.26907151854268,0.32472229592741825,1.1920765934201505,0.07623523294147198
6.5,48.0,14.675,True,True,0.2134481522053712,52,10.060473474195174,18.950046033602344,-0.3734723165006323,2.865021786499245,3.3702340721775417,12.453097629340201,1.140917495577892,1.883613736690293,-0.03712273755888111,0.28478001496131805,0.33499756058421065,1.2378242098925105,0.11340594441248841
6.5,48.0,14.9,True,True,0.3398593366004531,52,14.66784605942455,38.705791216498056,-0.14566730194552568,4.522926489687453,5.152138384576015,18.43230193365291,2.354436004937925,2.6388190235762923,-0.009931062908308197,0.3083565556499232,0.3512539171534054,1.2566468081937348,0.16051681994747458
6.5,48.0,15.125,True,True,0.5350761820850097,51,20.594935890047417,75.22656390610102,0.33675993991869685,7.0429570179344765,7.804516196136751,25.519720181247777,4.47403238133194,3.6526728855929362,0.016351589619729646,0.3419751853336923,0.3789531677983185,1.2391259830811263,0.21723944202681558
6.5,48.0,15.35,True,True,0.8418526825271113,50,27.467979150342636,140.0778344181278,1.1290126518620494,10.751049044566175,11.674205777545495,32.57776342226686,7.859556580120912,5.099677469952516,0.04110286547410482,0.3914029854807162,0.42501145474329044,1.1860269459196997,0.28613523175849914
6.5,48.0,15.575,True,True,1.335452292959705,50,34.23539635564828,244.3705572616031,2.3573165178331963,15.945424340806346,17.06198529256515,38.18281406809929,12.834706962596671,7.13795028756213,0.06885611877673728,0.46575842660503075,0.4983726525412405,1.1153022348987571,0.3748958192061111
6.5,48.0,15.8,True,True,2.1445785733763376,49,39.49702035833798,371.05778789571144,4.252579636094169,22.63488269233698,23.93649652579466,41.62549053698943,19.463701316550047,9.394576718174633,0.10766836580361011,0.5730782344334151,0.6060329692880635,1.0538893860686411,0.4927891051012202
7.0,48.0,14.0,True,True,0.048050421009224936,58,2.6091386106837495,1.2933892437296455,0.1651369490463822,0.7036186568281712,0.7820530796163891,3.0499746709541715,0.18541821865002017,0.49571503730524324,0.06329175014703665,0.26967469414887896,0.2997361184316094,1.1689584671605073,0.071064916938786
7.0,48.0,14.225,True,True,0.07627898548657147,49,4.02895690318679,2.5909119551082753,0.08038135146908125,1.0908996486008185,1.2390165342137225,5.000249856475977,0.412658517140155,0.6430726407271663,0.019950908734094892,0.2707647847357086,0.3075278698647026,1.2410780201001708,0.10242316486774873
7.0,48.0,14.45,True,True,0.12082859666886231,50,6.155378660120245,4.981646256538852,0.036873525540108455,1.7032379922888186,1.942077284797767,7.985270597081741,0.857601480886122,0.8093159708945568,0.0059904560833935975,0.2767072647088044,0.31550898686057904,1.2972834065948022,0.13932554408754583
7.0,48.0,14.675,True,True,0.19069209810067375,50,9.293250641409147,8.961433903099893,0.17094100007865773,2.6845618535739524,3.021274868603965,12.287884242424141,1.6670020327161934,0.9642948682745374,0.01839410198590509,0.28887221029119786,0.32510420574924315,1.322237472824785,0.17937771152844145
7.0,48.0,14.9,True,True,0.3002963165888029,49,13.756995179040084,14.817734967559137,0.605996333455619,4.241351753986325,4.674313188238571,18.0834398567245,3.0590782414007736,1.0771054852250859,0.04405005057927943,0.3083050985180524,0.3397771917053713,1.3144905280097874,0.2223652913727506
7.0,48.0,15.125,True,True,0.47591178021272773,51,19.72402597662399,22.288890988508495,1.4955754754759736,6.666521280006366,7.196999387408201,25.148462022185065,5.339480534702505,1.1300376005854111,0.07582506113348567,0.3379898854274082,0.3648849071653908,1.2750166751955136,0.27070946575666716
7.0,48.0,15.35,True,True,0.7627216833979072,48,26.898543864190568,30.929949617640663,3.062791166751788,10.335361326205339,10.972640617767004,32.492662089228375,8.877998464429382,1.1498744978094155,0.1138645713394625,0.38423497488890374,0.407926937352718,1.207971043089999,0.3300549839892435
7.0,48.0,15.575,True,True,1.2383140643694477,47,34.1409840942045,41.02144600081079,5.584388980516681,15.594836692675003,16.356419650477676,38.53346668992415,14.023030820803521,1.2015308606108477,0.16356848312010555,0.45677759755385194,0.4790845983040721,1.1286571758915784,0.4107389166671373
7.0,48.0,15.8,True,True,2.0335388198485598,46,39.77281473516564,52.17070870831915,9.383583995264082,22.463162017719966,23.345505622503143,42.22436669349268,20.849963591682933,1.3117177915545353,0.23592959305863428,0.5647868315907467,0.5869714220115761,1.0616388851191734,0.5242265032162325
7.5,48.0,14.0,True,True,0.04450394072618082,53,2.3473752949831703,0.8901113585616579,0.29383275928635516,0.6558476944112493,0.6820810778554776,3.04185956255526,0.31233153275558184,0.3791943113928187,0.12517502417033055,0.279396181689793,0.2905718055878099,1.2958556601734486,0.13305564449924107
7.5,48.0,14.225,True,True,0.06884149183247111,48,3.6552401935157177,1.6049616235045305,0.3686496860743279,1.030419113575759,1.0808475858480806,4.937948874145077,0.6117633733267098,0.4390851321759053,0.10085511937855711,0.2819018885280618,0.29569810152708176,1.350923226031724,0.16736612122288408
7.5,48.0,14.45,True,True,0.10755704887202716,48,5.649470398014128,2.7865706738904628,0.5180753276455415,1.623409701778045,1.7067328034752203,7.804827278036222,1.1359448791097706,0.49324458357547696,0.09170334405640086,0.28735608604103796,0.302104920148827,1.3815148550525609,0.20107103835946674
7.5,48.0,14.675,True,True,0.1701351849803495,49,8.664043911972696,4.574323871567919,0.8689085764246962,2.5762127065913942,2.6963943526349374,11.958687499715774,2.009494501516311,0.5279663766762237,0.1002890319177591,0.29734529658043046,0.31121660739840384,1.380266261484463,0.23193493961167766
7.5,48.0,14.9,True,True,0.27226836849778147,47,13.084246710774028,7.046999562106064,1.6044967545497735,4.106746753881696,4.265791467668424,17.682972487799073,3.446775255001129,0.5385865703910426,0.1226281336646285,0.3138695596820302,0.32602499493958803,1.3514704268942204,0.2634293995819364
7.5,48.0,15.125,True,True,0.44124569697213056,47,19.145479637807128,10.1821369896763,3.0026650981411516,6.527207011737054,6.7244919278426885,24.857160480476978,5.76592049649945,0.5318298200045791,0.1568341538026398,0.3409267950042678,0.351231311779917,1.2983305172146655,0.30116354385362704
7.5,48.0,15.35,True,True,0.7231097484182339,46,26.54914487222415,14.106153017561526,5.444529752850812,10.23313207866476,10.464713731342465,32.46787796175406,9.352367230301624,0.5313223113381499,0.20507363905897047,0.38544111789343216,0.394163871631538,1.2229349803172802,0.3522662321258459
7.5,48.0,15.575,True,True,1.1957097424264977,45,34.061826847310904,19.44500158989918,9.279744866613116,15.581308645741329,15.848038546573848,38.75401542172993,14.558762073785173,0.5708737137636619,0.2724382608194055,0.45744195446673275,0.4652727118136064,1.1377550474744857,0.42742164532301213
7.5,48.0,15.8,True,False,1.9895011343243085,45,39.871930213738004,26.573498775941538,14.727414564270672,22.573950176365013,22.875754854148067,42.52051454992517,21.447121081588232,0.6664713404515729,0.3693679860825071,0.5661614588346938,0.5737308109118366,1.0664272916307067,0.5379002462789865
