T_k,log_n_H2,log_N_dv,n_H2,tau_main,T_B_main,T_B_outer_01,T_B_outer_10,T_B_inner_12,T_B_inner_21,T_B_22_main,T_B_21_main,R_01,R_10,R_12,R_21,R_2211,R_21_11,any_maser,converged,n_iter,max_residual
18.0,3.5,14.222878745280337,3162.2776601683795,1.1018575313959675,1.8084467518059155,0.6359137380914404,0.5226301528430152,0.7625215367098386,0.7914181936589211,0.5468948265597331,2.0816255791522886e-05,0.3516353121574725,0.2889939404193773,0.42164445038173465,0.43762316632691045,0.30241135162735855,1.1510571583451803e-05,True,True,99,1.1102230246251565e-16
18.0,3.5,14.240600264267679,3162.2776601683795,1.1477491068402748,1.8394905615390686,0.6575456903580251,0.539879986889072,0.7872331409549278,0.8171448465310558,0.5646171984685175,2.168323846573593e-05,0.3574607579436931,0.29349429574531993,0.42796258780271423,0.4442234516535738,0.3069421557651878,1.17876323581644e-05,True,True,85,2.5614078878831886e-10
18.0,3.5,14.25832178325502,3162.2776601683795,1.1955520334681538,1.8699226188574256,0.6797237220495262,0.5575253736924936,0.8124771623242459,0.8434317271830591,0.5827213080998065,2.2586330398078e-05,0.36350366330391587,0.2981542487748274,0.4344977455915753,0.45105167383793626,0.3116285680612096,1.2078751372010715e-05,True,True,85,5.127559138762188e-10
18.0,3.5,14.276043302242362,3162.2776601683795,1.245345917684735,1.8996937456455387,0.7024470593676019,0.5755622530465305,0.8382449780491137,0.8702703375384947,0.6012009638645863,2.3527035512004104e-05,0.36976858031866705,0.30297633729954065,0.4412526913722443,0.4581108610444819,0.31647257103554394,1.2384646507329178e-05,True,True,85,7.696943462591028e-10
18.0,3.5,14.293764821229704,3162.2776601683795,1.2634677479040348,2.0176753196695563,0.7466709395997762,0.6041879658478644,0.8922905011009453,0.9273416920805251,0.6314992196558854,2.825929392195252e-05,0.3700649615529132,0.2994475671867835,0.44223691116322905,0.45960897823362384,0.31298356752428774,1.4005867865093711e-05,True,True,112,1.5418646617988436e-21
18.0,3.5,14.311486340217046,3162.2776601683795,1.306944458678561,2.072287007836186,0.7769209542933623,0.6264264251714752,0.9277703115104985,0.9645107397509065,0.6543430260594789,3.055713178065938e-05,0.37490991901966203,0.3022874837330419,0.44770357966932667,0.4654329907506475,0.3157588806884054,1.4745607951557894e-05,True,True,86,5.293955920339377e-23
18.0,3.5,14.329207859204388,3162.2776601683795,1.3517098638815377,2.1278194209693115,0.8082515163130083,0.649451704890951,0.9645340558042865,1.0030258673216474,0.6778918689119655,3.306661505074516e-05,0.3798496753755615,0.30521937082193673,0.4532969510001467,0.47138674336599806,0.31858524376244163,1.5540141576338242e-05,True,True,44,1.0587911840678754e-22
18.0,3.5,14.34692937819173,3162.2776601683795,1.3977946851118497,2.184272209698357,0.8406912854951647,0.6732879724276444,1.0026163503314975,1.0429225438566052,0.7021593570638609,3.580969179405664e-05,0.3848839360599942,0.3082436197458301,0.4590162095547407,0.47746912643302386,0.3214614707572677,1.639433566707415e-05,True,True,45,2.6469779601696886e-23
18.0,3.5,14.364650897179072,3162.2776601683795,1.4560118306317367,2.2138766381431076,0.8676768854361776,0.6939398395993868,1.0329022403684625,1.0745553827461856,0.7231982145673064,3.7301141369901483e-05,0.3919264833852454,0.3134500936698216,0.46655817337447075,0.4853727458127344,0.32666599489205955,1.684878946154284e-05,True,True,85,2.7262735871198336e-10
18.0,3.5,14.382372416166413,3162.2776601683795,1.5166536784835063,2.2425368055301833,0.8952244706413771,0.7149520593821624,1.0636826122719358,1.1067141670025504,0.74456816201239,3.885470888432882e-05,0.39920168464290917,0.3188139689030132,0.4743211391888209,0.49350992334812527,0.33202048687729707,1.732623018204722e-05,True,True,85,5.444002336276778e-10
18.0,3.5,14.400093935153755,3162.2776601683795,1.5798212157792149,2.270220347927185,0.9233230807973491,0.7363110379967034,1.0949351752108245,1.1393762618986913,0.7662528790023749,4.04729815207676e-05,0.4067107766170739,0.32433461301189953,0.48230348045754695,0.5018791514836848,0.3375235710938803,1.782777674322287e-05,True,True,85,8.150705573841416e-10
18.0,3.5,14.417815454141095,3162.2776601683795,1.645619635671657,2.29689976488529,0.9519597670019072,0.7580015618255558,1.1266352451615158,1.1725165365310848,0.7882343802015449,4.215865420816206e-05,0.4144542054273967,0.33001072724800046,0.4905025732447586,0.5104778860864404,0.3431731729228987,1.8354590327657384e-05,True,False,85,1.0843789147386793e-09
18.0,3.5,14.435536973128437,3162.2776601683795,1.6491447378118371,2.480337979117913,1.0205442171045656,0.8055073043331789,1.2140095890981857,1.2643549013775075,0.834734974352943,5.396131169064757e-05,0.4114536912697291,0.3247570738805696,0.4894532919783481,0.50975105490549,0.33654081878381803,2.1755628525205234e-05,True,True,214,5.293955920339377e-23
18.0,3.5,14.45325849211578,3162.2776601683795,1.703839897172962,2.542314134375192,1.0602503188727213,0.8347367843551567,1.2607222115006138,1.3132718347404295,0.8635847358043292,5.8705329617219276e-05,0.41704142872701766,0.32833738878626206,0.4958955285871678,0.516565524686108,0.3396845118892307,2.309129655672819e-05,True,True,44,2.6469779601696886e-23
18.0,3.5,14.470980011103121,3162.2776601683795,1.760094860091821,2.6052137565010085,1.1012702252826188,0.8649548029544968,1.3089904028605004,1.363810284049364,0.8932398356317698,6.391125831239715e-05,0.4227177990806039,0.33200914926696606,0.5024502882322293,0.5234926618386433,0.3428662363703529,2.4532059280323555e-05,True,True,44,1.0587911840678754e-22
18.0,3.5,14.488701530090463,3162.2776601683795,1.8179482559661253,2.66903861878703,1.143633290617351,0.8961874353870183,1.3588463512146531,1.416002442507029,0.9237110603725313,6.962541084998237e-05,0.42848135750732824,0.3357716254380385,0.5091145334690562,0.5305290199025089,0.3460838123025438,2.6086325750364865e-05,True,True,44,5.293955920339377e-23
18.0,3.5,14.506423049077805,3162.2776601683795,1.89366449619259,2.6951733761311143,1.1773560204717144,0.9208531240119854,1.3959487729444966,1.4548897350270742,0.9483211289558633,7.25252660554993e-05,0.4368386950162714,0.34166749054706747,0.517943960602773,0.5398130405679316,0.35185904452542704,2.6909313774688723e-05,True,True,85,2.821710721918641e-10
18.0,3.5,14.524144568065147,3162.2776601683795,1.9725342634873952,2.7201043161133476,1.211570370549067,0.945757739834756,1.433389987618223,1.4941477764033286,0.9731141890778161,7.554589872641815e-05,0.4454132010202584,0.34769171690669304,0.5269614033282146,0.5492979690346064,0.35774884930452283,2.777316233017224e-05,True,True,85,5.614058022245479e-10
18.0,3.5,14.541866087052489,3162.2776601683795,2.054688899989837,2.7438326472342838,1.2462476326869665,0.9708732901150485,1.4711268289442654,1.5337321258458723,0.9980595770450473,7.86923392121344e-05,0.45419957880563655,0.3538383768024865,0.5361576371748201,0.5589743701722614,0.3637465200551014,2.8679715321360563e-05,True,True,85,8.374119055548025e-10
18.0,3.5,14.55958760603983,3162.2776601683795,2.066163589961377,2.933641796543775,1.3271066441610895,1.0317754195755149,1.5747680958623516,1.6419226145794212,1.0539532681958677,9.864136936109472e-05,0.4523751487739913,0.351704635784466,0.5367963115734308,0.5596874903111304,0.3592644710194566,3.362420370384262e-05,True,True,130,4.764560328305439e-22
18.0,3.5,14.577309125027172,3162.2776601683795,2.1522178207191995,2.957532340106477,1.3642868961350494,1.0583690195537303,1.615259315588156,1.6844327213299357,1.080078167874189,0.00010274972624415576,0.4612923002173942,0.3578554341406211,0.5461510238396932,0.5695399162631956,0.3651957252427895,3.4741708434017183e-05,True,True,85,2.823981433099973e-10
18.0,3.5,14.595030644014514,3162.2776601683795,2.2418561484320265,2.9801617868327033,1.4018735726161133,1.0851003226078635,1.6559536000302673,1.7271758514286746,1.1062700147721072,0.00010702919448476321,0.47040183482991893,0.36410785729894923,0.555658960311079,0.5795577471867076,0.37121139518664986,3.591388727875514e-05,True,True,85,5.607467740016666e-10
18.0,3.5,14.612752163001856,3162.2776601683795,2.3352278481659376,3.001549984341287,1.4398269578992688,1.1119335600945857,1.696796218115822,1.7700953635633507,1.1324910818854728,0.00011148690086290376,0.47969447965573353,0.37045312118585555,0.5653066672112065,0.589727098598297,0.3773020898514227,3.7143109874737076e-05,True,True,85,8.347746571529309e-10
18.0,3.5,14.630473681989198,3162.2776601683795,2.3433936094650645,3.213315784485985,1.534437168276375,1.1856057459646596,1.818471341564039,1.8966394432591154,1.1979670121415273,0.0001406756915213791,0.47752454822046997,0.36896645878653156,0.5659174085359708,0.590243714114923,0.37281334686287576,4.3778981263082474e-05,True,True,181,1.5881867761018131e-22
18.0,3.5,14.64819520097654,3162.2776601683795,2.440994271583538,3.2347883221113576,1.5750120124635483,1.2139802233501822,1.8621886369014629,1.9426131128855646,1.2253100603653095,0.00014653476447964094,0.48689801483997336,0.37528892232361377,0.5756755779574492,0.6005379392545891,0.3787914195156811,4.5299645568151793e-05,True,True,85,2.7949360003471237e-10
18.0,3.5,14.665916719963882,3162.2776601683795,2.5426599312369933,3.2549944855198194,1.6158676113610553,1.24236188971206,1.905929885322345,1.9886367756995602,1.2525764860729582,0.0001526378662918074,0.49642714251879994,0.3816786465349898,0.5855401272724338,0.6109493532312319,0.3848167766935319,4.689343314430571e-05,True,True,85,5.538851490872742e-10
18.0,3.5,14.683638238951223,3162.2776601683795,2.6485598926555505,3.27397110469719,1.6569524461761287,1.27070768593613,1.9496291217387733,2.034641814320768,1.279722698082546,0.00015899516081063558,0.5060986774742413,0.38812428249993913,0.5954936862275988,0.6214599180187181,0.3908778230346989,4.8563397698447636e-05,True,True,85,8.229467313638447e-10
18.0,3.5,14.701359757938565,3162.2776601683795,2.652813245571766,3.508415665463479,1.7675699006194956,1.359130348225146,2.091575210542371,2.181700580508106,1.3561465428157875,0.00020106693532430462,0.503808576053086,0.3873914831712503,0.5961594662604106,0.6218478049749252,0.38654101227672916,5.7309895547323266e-05,True,True,183,1.7421747189346848e-19
18.0,3.5,14.719081276925907,3162.2776601683795,2.763301013481813,3.5274239293977647,1.8113696396393348,1.3890568440059323,2.138224032842358,2.2308406146055724,1.384326103870654,0.00020944129439240023,0.5135106173497522,0.3937878950214768,0.6061715505817912,0.6324277034051994,0.3924467632975998,5.937514134519069e-05,True,True,85,2.736390994926029e-10
18.0,3.5,14.736802795913249,3162.2776601683795,2.878390517634741,3.5452077359999197,1.8552806934564428,1.4188315611709772,2.1846738477752514,2.2798015432520637,1.41226200954375,0.0002181644450763826,0.5233207280399788,0.40021112070906567,0.6162329574063924,0.6430657137808173,0.39835804125182633,6.153784526109009e-05,True,True,85,5.412599977157588e-10
18.0,3.5,14.75452431490059,3162.2776601683795,2.99827341704266,3.5618173349805486,1.8992397787458002,1.4484055407884986,2.23084896062261,2.3285041895045606,1.4399070568944845,0.00022725091476727662,0.5332221167249084,0.40664790037482607,0.626323236375285,0.6537404842849069,0.40426190381892446,6.380195652804797e-05,True,True,85,8.026879330936256e-10
18.0,3.5,14.772245833887931,3162.2776601683795,2.9980580930067795,3.819432048461974,2.0285934315706022,1.553539268120763,2.3953517282150933,2.4982709071110176,1.5286963289619058,0.0002867065196215411,0.5311243676628533,0.4067461466545397,0.6271486697033043,0.654094869449774,0.40024179238310786,7.506522330643201e-05,True,True,181,3.6065074707312007e-22
18.0,3.5,14.789967352875273,3162.2776601683795,3.1229250610505757,3.836042285487072,2.0753392936620614,1.5847031708012784,2.4444981374003936,2.5501336053765096,1.5572580891593881,0.0002986477712906567,0.5410105361751898,0.413108890065341,0.637244836077194,0.6647824543082983,0.4059543595363832,7.785309677647013e-05,True,True,85,2.6520378809761694e-10
18.0,3.5,14.807688871862615,3162.2776601683795,3.252992648703719,3.85150745681356,2.121982662510278,1.6155314710446502,2.4931818491085593,2.6015448808196515,1.5853932412759466,0.0003110863786466658,0.5509486055275205,0.4194543277299575,0.6473262422737786,0.6754614680071187,0.4116292799774503,8.077003150969741e-05,True,True,85,5.236554557592372e-10
18.0,3.5,14.825410390849957,3162.2776601683795,3.388477458040759,3.8658864812088485,2.168449642258439,1.6459717295523766,2.5413203374405335,2.652417840674764,1.6130542785353952,0.0003240430571491864,0.5609191197927708,0.4257682520045667,0.6573706573623631,0.6861085687765365,0.41725340006129696,8.382115168779073e-05,True,True,85,7.752714287441846e-10
18.0,3.5,14.843131909837298,3162.2776601683795,3.3832828626680005,4.14698200982816,2.319878326381168,1.7696740264498911,2.7306465953804144,2.8470663423709492,1.715611266316497,0.0004063847816599915,0.5594136460884472,0.4267378113181691,0.6584659853621032,0.6865393521417577,0.41370115960247134,9.799530856340295e-05,True,True,211,2.220446049250313e-16
18.0,3.5,14.86085342882464,3162.2776601683795,3.5241941659150298,4.161347228769815,2.369190966044852,1.8016781152128463,2.7817190511175647,2.901062466869334,1.7440499659664328,0.00042331066268353303,0.569332679009638,0.43295548680888657,0.6684659794515397,0.6971450127527453,0.4191070511753503,0.0001017244270694212,True,True,85,2.546809684686217e-10
18.0,3.5,14.878574947811982,3162.2776601683795,3.6709743238185495,4.174671746103398,2.418145714321284,1.8331446580439656,2.832031769307773,2.954298798412156,1.7718740569363027,0.0004409415154636179,0.5792421204321897,0.4391110893341511,0.6783842997838493,0.7076721184533066,0.4244343423144956,0.00010562303871560413,True,True,85,5.021151603283356e-10
18.0,3.5,14.896296466799324,3162.2776601683795,3.823867769963261,4.187018141955617,2.466660525811181,1.8640211762441172,2.881499769871137,3.0066851038853017,1.7990398807066559,0.0004593067033545101,0.5891210503948487,0.4451906137128641,0.6881985394324764,0.7180969850015932,0.4296709065288129,0.00010969780588053128,True,True,85,7.423027498893636e-10
18.0,3.5,14.914017985786666,3162.2776601683795,3.983129118417267,4.198447703141,2.5146532992792303,1.8942571677593687,2.9300405473386824,3.058133469075919,1.8255064982664975,0.0004784368128158586,0.5989483440267538,0.45118036514834065,0.6978866368030785,0.7283962276791078,0.4348051059206417,0.00011395564423916103,True,True,85,9.75256829608205e-10
18.0,3.5,14.931739504774008,3162.2776601683795,3.928310880935621,4.5807693611693825,2.730823879043142,2.071094252127423,3.1945676750365632,3.328662763847107,1.9690807412949312,0.0006217669277494257,0.5961496123755977,0.4521280354526979,0.6973867102143408,0.7266601964429319,0.4298580840997117,0.00013573417011999498,True,True,180,8.09776732464912e-20
18.0,3.5,14.94946102376135,3162.2776601683795,4.091922210008949,4.592625576736594,2.7826887774810958,2.103486204026087,3.2470561704773884,3.3842965016016175,1.996626683667928,0.0006476635676497371,0.6059036886386905,0.4580138678583008,0.7070152173791328,0.7368979780856454,0.4347462361794974,0.00014102250593438334,True,True,85,2.394926763830369e-10
18.0,3.5,14.967182542748692,3162.2776601683795,4.262347833523955,4.6035873482470695,2.833828133311542,2.1350779864945215,3.298385302459822,3.438752707440334,2.0233364137547256,0.0006746388259839946,0.6155695371763918,0.46378570123308416,0.7164815290657545,0.7469724037602381,0.4395129842654471,0.00014654632897122721,True,True,85,4.714540840617042e-10
18.0,3.5,14.984904061736033,3162.2776601683795,4.4398715619539155,4.613715787208335,2.8841552418481515,2.1658231418410896,3.348475216551778,3.4919452859992437,2.049177456453838,0.000702737630012091,0.6251263352295254,0.4694314174804393,0.7257653854265418,0.7568618109682366,0.4441490440601573,0.0001523148937696709,True,True,85,6.95972098919154e-10
18.0,3.5,15.002625580723375,3162.2776601683795,4.624789026274647,4.623069273564069,2.9335855967430575,2.1956790090199996,3.397251253381636,3.5437932873660056,2.0741216002414626,0.0007320067784688179,0.634553674875277,0.4749396729950537,0.7348475768702009,0.766545573441945,0.44864601361304224,0.00015833783470531708,True,True,85,9.131571559795721e-10
18.0,3.5,15.020347099710717,3162.2776601683795,4.5539309832354125,5.04308267794104,3.199829544298897,2.407508522390991,3.707772947685884,3.860253409036882,2.243615775919158,0.0009412884496230408,0.6344987279893861,0.47738827144787443,0.7352195441696925,0.765455110605667,0.44488974684729304,0.0001866494185670072,True,True,231,8.564297190129027e-20
18.0,3.5,15.038068618698059,3162.2776601683795,4.743598940598781,5.0527984115108495,3.2534200303493654,2.4394806833805642,3.760407509961034,3.9161978242041457,2.2694874457880623,0.000980493316505011,0.6438847872770275,0.4827979437737215,0.74422274622997,0.7750552278679081,0.44915455970258217,0.0001940495615798437,True,True,85,2.2310551193154461e-10
18.0,3.5,15.0557901376854,3162.2776601683795,4.941166432272798,5.0617646919046155,3.305882209085657,2.470401879948921,3.8114822618310304,3.9705419700882976,2.2943421341766683,0.001021331112660784,0.6531086311406026,0.48805150581177464,0.7529947545619441,0.7844185203706658,0.4532692200895978,0.0002017737241508322,True,True,85,4.3871288523165395e-10
18.0,3.5,15.073511656672743,3162.2776601683795,5.14696246819247,5.0700366910048755,3.3571329860988928,2.5002390146253197,3.860933160201045,4.023214908769694,2.318164876328481,0.0010638698547624271,0.6621516155997508,0.49314022106806,0.7615197671154945,0.7935277699089583,0.457228422121936,0.00020983474471692026,True,True,85,6.469753737080059e-10
18.0,3.5,15.091233175660083,3162.2776601683795,5.361329761320466,5.077666221942902,3.407094181349906,2.528964427996575,3.9087040672724735,4.074153731609447,2.340945955368815,0.0011081803928897254,0.6709960900199199,0.4980564529956244,0.7697835770262307,0.802367377753815,0.4610279315431416,0.0002182460099682753,True,True,85,8.480562105583088e-10
18.0,3.5,15.108954694647425,3162.2776601683795,5.272591718748098,5.535610534351721,3.733967482791856,2.778810468858081,4.268675400934958,4.440105323933604,2.5375258374086602,0.0014156768437562288,0.674535800454239,0.5019880736937554,0.7711300089566119,0.8020985754651881,0.4584003555997697,0.0002557399649001896,True,True,263,2.220446049250313e-15
18.0,3.5,15.126676213634767,3162.2776601683795,5.4921913800050355,5.543544064958102,3.78840428936605,2.809557373507609,4.320103752771938,4.494935285996255,2.561067206794106,0.0014746401259702854,0.6833903086138241,0.506816098255159,0.7793035830778752,0.8108414460723201,0.4619909532212697,0.00026601035523317893,True,True,85,2.064668969057889e-10
18.0,3.5,15.144397732622108,3162.2776601683795,5.720937209559564,5.550859242020974,3.841300187905871,2.8390410499936403,4.369610164441447,4.547777298924263,2.5834755764018063,0.001536059302016424,0.6920190227175205,0.5114597445565912,0.7871952744473747,0.8192924916014434,0.46541903942446333,0.00027672459974992464,True,True,85,4.056750860000718e-10
18.0,3.5,15.16211925160945,3162.2776601683795,5.959210138757614,5.557603372268178,3.8925853758183138,2.8672483057233062,4.4171571114216155,4.598586883934922,2.6047572832930577,0.0016000366679321198,0.7004071926474424,0.5159145253204926,0.7947953129334017,0.8274406386899357,0.4686835509512079,0.00028790047809387125,True,True,85,5.978104568789198e-10
18.0,3.5,15.179840770596792,3162.2776601683795,6.207406964462296,5.563820419444458,3.9421977569046995,2.8941723962658297,4.462717054491267,4.64732990677958,2.62492393599794,0.0016666787811318426,0.7085415163881807,0.5201771764867297,0.8020958115209738,0.8352767624451136,0.4717844463175604,0.000299556537681757,True,True,85,7.830574058141297e-10
18.0,3.5,15.197562289584134,3162.2776601683795,6.465941009841316,5.56955116153784,3.99008345336708,2.9198129635601227,4.5062725519400795,4.693982758935243,2.643992140827181,0.001736096637995527,0.7164102344407509,0.5242456490432735,0.8090907904858581,0.8427937230114538,0.47472265971556915,0.0003117121268199579,True,True,85,9.668422337935547e-10
18.0,3.5,15.215283808571476,3162.2776601683795,6.278448116405558,6.168817184727397,4.470976149273364,3.2696392005251287,5.00129382358838,5.195906891292935,2.912217270431648,0.0023009197286912118,0.7247704082303645,0.5300269245488454,0.8107378892618926,0.8422857633318802,0.47208681716839374,0.0003729920436591591,True,True,277,2.220446049250313e-16
18.0,3.5,15.233005327558818,3162.2776601683795,6.53994097478096,6.175026477604225,4.525259046721546,3.2979783873732744,5.049565465397884,5.247572321265355,2.932375833260946,0.002396752955318579,0.7328323308626924,0.534083278725117,0.8177398888428742,0.8498056389389439,0.4748766412413252,0.00038813646613681667,True,True,85,1.9621525531695537e-10
18.0,3.5,15.25072684654616,3162.2776601683795,6.8123248230496545,6.180749706548473,4.577532148262831,3.3248831381248967,5.095586634891084,5.2968890993536855,2.9513662097005438,0.0024965777006400506,0.7406111500378278,0.537941721633251,0.824428568834026,0.8569978321143887,0.4775094203497007,0.000403927973008669,True,True,85,3.8895693070772254e-10
18.0,3.5,15.268448365533501,3162.2776601683795,7.096053263124875,6.186024745405115,4.627754446286694,3.3503692876115045,5.139362402605271,5.343856402313083,2.9692197812023204,0.002600560219936566,0.7480982758311984,0.5416029559371077,0.830802108643796,0.8638595256642674,0.4799883452467292,0.00042039279294319386,True,True,85,5.780433529371e-10
18.0,3.5,15.286169884520843,3162.2776601683795,7.391598789114017,6.190886581684973,4.675895381946726,3.3744589796266187,5.180908600051704,5.388484841894356,2.9859717935546133,0.0027088736938113956,0.7552868753531725,0.5450687773233591,0.8368605258217502,0.8703898497891351,0.4823173150010966,0.00043755828152712204,True,True,85,7.632950823725807e-10
18.0,3.5,15.303891403508185,3162.2776601683795,7.699453574164969,6.195367514101204,4.721934982931637,3.3971802302856027,5.220251365276616,5.4307960639496775,3.0016608183332174,0.002821698516819792,0.7621718924961425,0.5483420027227311,0.8426056006193116,0.8765898151463501,0.48450084865848103,0.0004554529671399407,True,True,85,9.445347927139848e-10
18.0,3.5,15.321612922495527,3162.2776601683795,8.020130290084023,6.19949734385461,4.765863872134964,3.41856642508589,5.257426562128414,5.470822210739311,3.016328194383017,0.0029392225978936027,0.7687500466242208,0.5514263875723119,0.8480407798448297,0.8824622235159736,0.4865439933405278,0.00047410659846595026,True,False,85,1.1215884046685507e-09
18.0,3.5,15.339334441482869,3162.2776601683795,8.354162961090289,6.20330355751123,4.807683144646332,3.4386557601872636,5.29247908444981,5.508605256418195,3.0300174612022044,0.003061641673546808,0.7750198100212233,0.5543265339681127,0.8531710620611893,0.8880115579299898,0.4884522308332513,0.0004935501938865525,True,False,85,1.2942908978111212e-09
18.0,3.5,15.35705596047021,3162.2776601683795,8.702107853128368,6.206811500118359,4.847404113387947,3.457490639827486,5.325462059348518,5.544196228894964,3.0427737960091257,0.0031891596338437067,0.7809813643116938,0.5570477917303521,0.8580028665679577,0.8932438545603069,0.490231384657179,0.0005138160928172044,True,False,85,1.4624807994671347e-09
18.0,3.5,15.374777479457553,3162.2776601683795,9.064544400220251,6.210044537839702,4.885047926765982,3.475117042820979,5.356435966272932,5.577654334159948,3.054643465778168,0.003321988862207021,0.7866365365014519,0.5595961545277216,0.8625438889583688,0.8981665590598574,0.491887529496011,0.0005349380092147691,True,False,85,1.62601253594245e-09
18.0,3.5,15.392498998444895,3162.2776601683795,9.442076169399122,6.213024209870121,4.920645064798339,3.4915838717044143,5.385467690713785,5.60904600164624,3.0656733046553395,0.0034603505892667518,0.7919887157338473,0.5619781532731873,0.8668029463265787,0.902788370393859,0.4934269046924292,0.0005569510873254892,True,False,85,1.7847461865014258e-09
18.0,3.5,15.410220517432236,3162.2776601683795,9.835331865831947,6.215770369735427,4.954234723207744,3.5069422982576386,5.412629532868336,5.638443871104132,3.075910225945479,0.003604475261461856,0.7970427523078881,0.5642007490065806,0.8707898154060545,0.9071190754661245,0.49485583330460203,0.0005798919598143519,True,False,85,1.938561671534547e-09
18.0,3.5,15.427942036419577,3162.2776601683795,10.244966379804678,6.218301316316325,4.9858640978155115,3.5212451188269505,5.437998192461187,5.665925742738791,3.0854007763595246,0.003754602924960778,0.8018048409350963,0.5662712274150313,0.8745150670316207,0.9111693780215917,0.4961806479630827,0.0006037988083834085,True,False,85,2.087349630533026e-09
18.0,3.5,15.44566355540692,3162.2776601683795,10.671661877313866,6.220633915082075,5.015587584118758,3.534546132118756,5.461653751065348,5.691573512914864,3.0941907384951097,0.003910983625777228,0.8062823906030455,0.5681970970111526,0.8779899003256626,0.9149507253779247,0.497407624485532,0.0006287114270291577,True,False,85,2.23102085911146e-09
18.0,3.5,15.46338507439426,3162.2776601683795,11.116128936079964,6.222783710100324,5.0434659090700915,3.546899550947312,5.483678672690582,5.715472117532456,3.102324785681438,0.004073877826263792,0.8104838837454598,0.5699859927945541,0.8812259799083028,0.9184751364980851,0.4985429239081527,0.000654671287972198,True,False,85,2.3695041535546207e-09
18.0,3.5,15.481106593381602,3162.2776601683795,11.57910772887585,6.224765027424321,5.069565213703328,3.5583594578654862,5.504156842123024,5.737708504226498,3.1098461914398325,0.004243556839316244,0.8144187276738073,0.5716455869721176,0.8842352792231468,0.9217550347600258,0.49959254329100716,0.0006817216104737274,True,False,85,2.5027459158082977e-09
18.0,3.5,15.498828112368944,3162.2776601683795,12.061369256139043,6.226591070461994,5.093956106279238,3.568979312756907,5.52317265856491,5.758370652872527,3.11679659398417,0.004420303280252038,0.8180971013889439,0.5731835080173492,0.887029932761444,0.9248030885132904,0.5005622753628035,0.0007099074325309861,True,False,85,2.6307177071882556e-09
18.0,3.5,15.516549631356286,3162.2776601683795,12.563716629922018,6.228274007915067,5.116712706005119,3.5788115184126195,5.540810199627348,5.777546661572777,3.1232158144943964,0.0046044115380610325,0.8215298009533067,0.5746072690226159,0.8896220995713948,0.9276320621460308,0.5014576768018436,0.0007392756857212152,True,False,85,2.753405953862554e-09
18.0,3.5,15.534271150343628,3162.2776601683795,13.086986411317891,6.229825054848614,5.137911697082459,3.587907047956013,5.557152467792215,5.795323912456335,3.1291417264127044,0.004796188265736285,0.8247280865589751,0.5759242059556037,0.892023839973987,0.9302546799361388,0.5022840447144375,0.0007698752731432574,True,False,85,2.8708257923047193e-09
18.0,3.5,15.55199266933097,3162.2776601683795,13.632050003588963,6.231254547418015,5.157631411864276,3.5963151358213024,5.572280728226225,5.811788328394842,3.1346101717914467,0.004995952891456018,0.8277035342748749,0.5771414260891449,0.8942470068944877,0.9326835044482362,0.5030464006787052,0.0008017571507371887,True,False,85,2.9830066172491508e-09
18.0,3.5,15.569714188318311,3162.2776601683795,14.199815103318048,6.232572011744614,5.175950960297091,3.604083031934537,5.58627394345934,5.827023728269886,3.1396549197999883,0.005204038150945371,0.8304678952033873,0.5782657665475872,0.8963031526844143,0.9349308306890772,0.5037494815757676,0.0008349744120306863,True,False,85,3.0900052420635154e-09
18.0,3.5,15.587435707305653,3162.2776601683795,14.791227211999233,6.233786227395895,5.192949420655879,3.611255816883528,5.599208307094041,5.841111284898774,3.144307661889553,0.00542079064200394,0.8330329644340697,0.5793037626174896,0.898203451778143,0.9370085966741343,0.5043977363341601,0.0008695823764666411,True,False,85,3.191894028416108e-09
18.0,3.5,15.605157226292995,3162.2776601683795,15.40727121058531,6.234905285891685,5.208705103957121,3.617876274269597,5.611156875547667,5.854129086300195,3.1485980378147658,0.0056465714021485085,0.8354104617664931,0.5802616252176453,0.8999586390260919,0.9389283105144983,0.5049953276659068,0.0009056386814608947,True,False,85,3.2887677316816702e-09
18.0,3.5,15.622878745280337,3162.2776601683795,16.04897299961396,6.235936644625704,5.223294901483801,3.6239848151645835,5.6221892939864,5.866151797816617,3.1525536866939277,0.005881756510411708,0.8376119257057199,0.581145226721928,0.9015789630947827,0.9407009936305595,0.505546137870224,0.0009432033783538776,True,False,85,3.380738347247984e-09
18.0,5.0,14.222878745280337,100000.0,0.37903421792321346,4.804440831571599,1.4514771688953567,1.1891903096131224,1.5818006534909583,1.6344834507838764,1.396164065590597,0.0004274002617813966,0.30211157131069477,0.24751898322871466,0.32923720136096035,0.3402026392006194,0.29059865956011627,8.895941833080877e-05,False,True,93,3.091670257478196e-20
18.0,5.0,14.240600264267679,100000.0,0.3943729114470017,4.954897095161238,1.5126278059456855,1.2324713586908749,1.6422332636558667,1.6979422869705911,1.4502999594912374,0.00046183682463721087,0.30527935835899794,0.24873803330738373,0.3314364016277167,0.34267962671288094,0.29270031882348163,9.320815665137081e-05,False,True,43,8.470329472543003e-22
18.0,5.0,14.25832178325502,100000.0,0.4103190124814211,5.108331585708421,1.5761869548136338,1.2772093376929066,1.7047821095962983,1.763671329852496,1.5063686869704729,0.0004992165929590485,0.308552201118528,0.25002475196914686,0.33372581262456946,0.3452538857866469,0.29488467255822637,9.772595701416619e-05,False,True,43,8.470329472543003e-22
18.0,5.0,14.276043302242362,100000.0,0.42689580889738277,5.26468315830159,1.6422354251348603,1.3234451549422979,1.7695062786504496,1.8317360810632477,1.564425978544369,0.0005398246807718267,0.3119343321820439,0.25138172899454164,0.3361087885906699,0.3479290255435189,0.2971548204334978,0.00010253697412361971,False,True,43,1.6940658945086007e-21
18.0,5.0,14.293764821229704,100000.0,0.4441274200010834,5.423881301788466,1.7108558390271515,1.371219673702357,1.8364653978024852,1.9022027595066524,1.6245281085887824,0.0005839833052335456,0.31543017699576414,0.2528115195386396,0.33858878829021033,0.3507087736008201,0.2995139491812094,0.00010766889478960085,False,True,87,1.1102230246251565e-16
18.0,5.0,14.311486340217046,100000.0,0.46203889409595766,5.585845547065856,1.782132154574106,1.4205746360593017,1.9057193624188908,1.975137930595541,1.6867317851896968,0.0006320438351895543,0.3190442950056555,0.25431684855760184,0.34116936216038607,0.35359694677434206,0.30196534633430866,0.00011315096879496706,False,True,44,8.470329472543003e-22
18.0,5.0,14.329207859204388,100000.0,0.4806562006153015,5.750485347445723,1.856150515597622,1.471551525621404,1.9773282368269673,2.050608545464981,1.7510940687551977,0.0006843974954047665,0.322781539895949,0.2559004043502249,0.34385414749474424,0.35659747335515424,0.30451239555509985,0.0001190156054755909,False,True,43,4.235164736271502e-22
18.0,5.0,14.34692937819173,100000.0,0.5000062792021103,5.917699925608344,1.9329977030479153,1.5241925694541807,2.051352292443877,2.1286817343744793,1.8176722358404853,0.0007414780918542806,0.32664679306955596,0.25756503178851076,0.3466468929198022,0.3597143757091822,0.30715856814142656,0.00012529835935843876,False,True,43,8.470329472543003e-22
18.0,5.0,14.364650897179072,100000.0,0.5201170940995663,6.087377864753105,2.0127627215097093,1.578539805127254,2.127851563771013,2.2094245852375414,1.886523676324605,0.000803761555130451,0.33064527391406545,0.259313589561649,0.3495514178759323,0.3629517723929156,0.3099074376913383,0.00013203740148683057,False,True,84,8.470329472543003e-22
18.0,5.0,14.382372416166413,100000.0,0.5410176307018955,6.259397375391513,2.0955349279889823,1.6346355360009597,2.2068861160786275,2.2929041447625074,1.9577057422345012,0.0008717810542699869,0.33478221661201224,0.2611490272893429,0.3525716588556724,0.36631388091398986,0.31276265506502543,0.00013927555673288097,False,True,43,1.6940658945086007e-21
18.0,5.0,14.400093935153755,100000.0,0.5627380007460174,6.433625757952383,2.1814054029002277,1.692522097185052,2.2885154294982013,2.3791869642274497,2.0312756093831275,0.0009461179721260832,0.3390631480551799,0.2630743784083157,0.35571161823788805,0.3698049985712363,0.3157279714121291,0.00014705828528440893,False,True,43,4.235164736271502e-22
18.0,5.0,14.417815454141095,100000.0,0.585309409131863,6.609919919297771,2.270465781923217,1.7522414400973247,2.372798655080764,2.4683392120132472,2.107290118325907,0.0010274236302879728,0.34349368973360095,0.26509268818546905,0.35897540122284066,0.37342951838295196,0.31880720856748035,0.00015543662295943895,False,True,83,8.470329472543003e-22
18.0,5.0,14.435536973128437,100000.0,0.6087642843580076,6.788125924343036,2.362808517355435,1.8138356828076998,2.459794074646497,2.560426117330162,2.185805593411069,0.001116409047442297,0.34807965316054607,0.26720713537488555,0.3623671838239446,0.3771919003665159,0.3220042789089264,0.00016446498781625717,False,True,43,8.470329472543003e-22
18.0,5.0,14.45325849211578,100000.0,0.6331362439685304,6.968079602486249,2.4585270326585555,1.8773459714243157,2.5495591188515423,2.6555120370273007,2.26687767378433,0.0012138660690238809,0.3528270589476819,0.2694208560353513,0.36589121598752194,0.38109668495747373,0.3253231597663574,0.00017420381773347807,False,True,43,1.6940658945086007e-21
18.0,5.0,14.470980011103121,100000.0,0.6584602194870274,7.149606388284364,2.557714621652328,1.942813415853029,2.6421500812312977,2.7536599662153147,2.3505610929865846,0.0013206621503907415,0.3577420186156686,0.27173711535177686,0.3695518239382845,0.38514847065253466,0.3287679020817579,0.0001847181619053648,False,True,43,8.470329472543003e-22
18.0,5.0,14.488701530090463,100000.0,0.6847724592388601,7.332521833487004,2.6604658171006568,2.0102778090918383,2.7376217637936624,2.8549313776964675,2.43690948898479,0.001437755868122456,0.36283094377578745,0.2741591303432702,0.37335337363622656,0.38935190955153226,0.33234261613182403,0.00019607931633511779,False,True,43,1.6940658945086007e-21
18.0,5.0,14.506423049077805,100000.0,0.7121106038124008,7.51663198829556,2.7668744197755224,2.079778222831436,2.836027512101167,2.959385970773344,2.525975154170491,0.0015662001000655921,0.36810029067326033,0.276690175343151,0.3773003010546819,0.3937117016479613,0.3360514600294101,0.00020836461097262487,False,True,43,2.220446049250313e-16
18.0,5.0,14.524144568065147,100000.0,0.740513772456139,7.701733598981662,2.8770352719298873,2.1513523106570553,2.9374184996847235,3.067081150445417,2.617808811126476,0.0017071504859919578,0.3735568408014391,0.27933351407292395,0.38139705326513945,0.39823256816503655,0.3398986445691406,0.00022165795064862804,False,True,101,1.1102230246251565e-16
18.0,5.0,14.541866087052489,100000.0,0.7700225533768678,7.88761522386984,2.991042522249677,2.2250359220394085,3.041843964218927,3.1780720696427758,2.7124593417363783,0.00186187640173515,0.3792074584467629,0.28209235096888463,0.3856481176989425,0.40291925752477853,0.34388839525637827,0.00023605061211665849,False,True,84,8.470329472543003e-22
18.0,5.0,14.55958760603983,100000.0,0.8006791900725655,8.074057072311208,3.1089905782298013,2.300863408727167,3.1493503471454396,3.2924107929075235,2.8099735206410372,0.0020317630034532457,0.3850592769391769,0.28496992133206983,0.3900579744408389,0.40777650732719767,0.34802497622631734,0.00025164090187334426,False,True,43,2.541098841762901e-21
18.0,5.0,14.577309125027172,100000.0,0.8325275035300388,8.260832721516216,3.2309738404818207,2.3788661093661334,3.2599814226820887,3.4101464741249576,2.9103957262018914,0.0022183310774301804,0.391119630357168,0.2879692870635334,0.39463109017945863,0.412809045901979,0.3523126329167103,0.00026853601231414617,False,True,43,1.6940658945086007e-21
18.0,5.0,14.595030644014514,100000.0,0.865613126295396,8.447708965063013,3.35708585912972,2.4590734362481985,3.3737776474297236,3.5313244726586586,3.0137676310444292,0.002423228189911314,0.3973960126956953,0.2910935315620045,0.3993719079791426,0.4180215591307741,0.3567556178258976,0.00028685034012570755,False,True,83,8.470329472543003e-22
18.0,5.0,14.612752163001856,100000.0,0.8999834479459063,8.634447535683648,3.48742110566269,2.541510819333631,3.490775818501402,3.6559863120066,3.1201278926277842,0.002648263845568529,0.4038962644975487,0.29434550488960753,0.4042847911316903,0.4234186723467225,0.3613581389814701,0.00030670912465725555,False,True,43,1.1102230246251565e-16
18.0,5.0,14.630473681989198,100000.0,0.9356877769630735,8.820805732904375,3.622072385629956,2.6262006478477598,3.611008944416462,3.7841691525666747,3.229511804809146,0.00289538386457344,0.41062829125898204,0.29772797716780075,0.4093740474236117,0.4290049307457861,0.3661243544636804,0.0003282448284483524,False,True,43,4.235164736271502e-21
18.0,5.0,14.64819520097654,100000.0,0.9727774438673623,9.006537296767176,3.761133943309878,2.713160827323891,3.734505226179388,3.9159051403446115,3.3419509670179135,0.0031667232325372557,0.41760044058884943,0.3012435010176173,0.41464384181475145,0.43478475815008216,0.37105836093272826,0.00035160274456132277,False,True,43,4.235164736271502e-21
18.0,5.0,14.665916719963882,100000.0,1.0113057763695465,9.191394507874016,3.9046985180116214,2.8024043958445697,3.8612884811602237,4.051221529576697,3.457472898739976,0.0034645679896277808,0.42482112095902025,0.3048943654245095,0.4200982209883782,0.44076244644989687,0.37616412784567715,0.00037693605542225183,False,True,43,5.929230630780102e-21
18.0,5.0,14.683638238951223,100000.0,1.0513284225680253,9.375127849258433,4.052859845249084,2.893939723562785,3.9913766479968755,4.190139321876819,3.5761006927709684,0.0037914138697631252,0.4322991547864238,0.3086826942623181,0.4257410365142477,0.4469420992704922,0.38144553869244946,0.00040441196437262703,False,True,43,4.658681209898652e-21
18.0,5.0,14.701359757938565,100000.0,1.0929031662392492,9.557489303515293,4.205711562166654,2.9877682578186135,4.124782310519973,4.33267386200155,3.697852593011935,0.004149939401825607,0.44004355418109353,0.3126101597330271,0.4315759274774032,0.4533276182070087,0.38690627586178367,0.0004342081136621558,False,True,43,6.776263578034403e-21
18.0,5.0,14.719081276925907,100000.0,1.1360903493361696,9.738231647150347,4.3633469310995965,3.083886364540641,4.26151140899753,4.478833237056031,3.822741637513787,0.004543035488210729,0.4480635796311564,0.3166782714029055,0.4376062886370706,0.4599226429745744,0.39254987722872847,0.00046651544683065085,False,True,43,6.3527471044072525e-21
18.0,5.0,14.736802795913249,100000.0,1.1809527331111775,9.917111489691887,4.525861191497908,3.182281953298875,4.401563083871314,4.628618636844436,3.950775211230497,0.0049738362098405865,0.45636889291828675,0.32088798806049773,0.4438351921773207,0.4667305234649774,0.3983796305342578,0.0005015408181112541,False,True,43,7.623296525288703e-21
18.0,5.0,14.75452431490059,100000.0,1.227555769016246,10.093889848445102,4.693347727954174,3.28293671904436,4.5449293560552455,4.7820233402788554,4.081954670428857,0.005445675047791416,0.4649691841720617,0.3252399984878055,0.45026540058343933,0.47375426243783464,0.4043985749515243,0.0005395021274806448,False,True,43,1.1102230246251565e-16
18.0,5.0,14.772245833887931,100000.0,1.2759677426363532,10.268333331631691,4.865903268421488,3.3858234016163573,4.691593793668076,4.939032083467469,4.216274906309241,0.0059622045896070815,0.47387468942326116,0.32973446539627793,0.45689924958080397,0.4809964698217126,0.41060946992448805,0.0005806399536369216,False,True,43,3.3306690738754696e-16
18.0,5.0,14.789967352875273,100000.0,1.3262597364838604,10.440216905737874,5.043622269895993,3.490906706704559,4.841532298030057,5.099621140168721,4.353723925210596,0.0065272837469475984,0.48309554441575364,0.33437109000924875,0.46373866958350096,0.4884593094388684,0.41701470041468375,0.0006252057601753702,False,True,43,2.220446049250313e-16
18.0,5.0,14.807688871862615,100000.0,1.3785060902856872,10.609323051820347,5.226601988062951,3.598142794034994,4.994710954778658,5.263756585662048,4.494282472749264,0.007145146976144673,0.4926423639410406,0.33914914047391787,0.47078507557762284,0.4961444344706699,0.42361632790304515,0.000673478123085215,False,True,45,1.6940658945086007e-21
18.0,5.0,14.825410390849957,100000.0,1.4327841621378,10.775445831199415,5.4149383486605585,3.7074780153312936,5.151087195724563,5.431395156383105,4.63792355025135,0.007820303273030824,0.5025256897475231,0.34406725006185795,0.478039356924798,0.5040529404970835,0.4304159310812574,0.0007257521772684135,False,True,43,8.470329472543003e-21
18.0,5.0,14.843131909837298,100000.0,1.4891748729201424,10.938389591349225,5.608727585588915,3.8188507874978987,5.310607916081683,5.602482159119907,4.7846121285167404,0.008557649962512313,0.5127562461319402,0.34912367635159836,0.4855018073484647,0.5121852821507388,0.43741467503595927,0.0007823500791451283,False,True,43,2.220446049250313e-16
18.0,5.0,14.86085342882464,100000.0,1.5477625654811769,11.0979722102493,5.808065904237845,3.9321889664222516,5.47320991270114,5.776952124873568,4.934304629280727,0.00936250174538652,0.5233447871561552,0.35431598601326114,0.4931720686457002,0.5205412318061479,0.4446131721904794,0.0008436227418861239,False,True,43,1.1102230246251565e-16
18.0,5.0,14.878574947811982,100000.0,1.608635340845347,11.25402521088386,6.013046545012332,4.047412684755578,5.6388192415625475,5.954727420630372,5.086948692412404,0.010240553821946843,0.5343018548774056,0.3596413380024502,0.5010491034007281,0.5291197868360474,0.45201148896421295,0.0009099458753693852,False,True,141,1.5913578556980964e-17
18.0,5.0,14.896296466799324,100000.0,1.6718852007091067,11.406394932994546,6.223762660943138,4.164432048721145,5.807350493583451,6.135717979933331,5.2424827282562045,0.011198076624603596,0.5456380124924537,0.36509625286381764,0.5091311082684767,0.5379191248397803,0.45960908411926116,0.0009817367091342452,False,True,43,1.1102230246251565e-16
18.0,5.0,14.914017985786666,100000.0,1.7376081523789393,11.554944049997014,6.440301775314437,4.283149525017255,5.978707254419941,6.319820879023107,5.400835645955901,0.012241780542494378,0.5573633024485395,0.3706767861864604,0.5174155087684295,0.5469365192663775,0.4674047422979341,0.0010594409189283388,False,True,43,2.220446049250313e-16
18.0,5.0,14.931739504774008,100000.0,1.805904490673703,11.699551608517062,6.662748953176699,4.403458717848483,6.152780997429106,6.506919523313765,5.561926599791772,0.01337904679285474,0.5694875475677493,0.376378417326938,0.5258988723080629,0.5561682824303151,0.47539656098809724,0.0011435520984509385,False,True,43,1.2705494208814505e-20
18.0,5.0,14.94946102376135,100000.0,1.876878909841677,11.840114271060779,6.891181696413897,4.5252462373331035,6.3294515871455275,6.6968834780356365,5.725664620029327,0.014617888204397574,0.5820198638840082,0.3821961624469759,0.5345769003780451,0.5656096997648021,0.48358187167363825,0.0012346070206540269,False,True,142,1.1102230246251565e-16
18.0,5.0,14.967182542748692,100000.0,1.9506406823791334,11.976546736799552,7.125671438860101,4.648390768197066,6.508586834792631,6.889568051117531,5.891948594531534,0.015966976795461916,0.5949687831940333,0.3881244627814343,0.5434443648764065,0.5752549714475214,0.49195721638422946,0.0013331870318178804,False,True,142,1.7978856640623762e-17
18.0,5.0,14.984904061736033,100000.0,2.0273039108390214,12.108781794141633,7.366279359956583,4.772765483516114,6.69004248941283,7.084813751229828,6.060666867000486,0.017435909952728902,0.6083419030245035,0.3941573615460832,0.5524950901873176,0.5850971527670555,0.500518299035887,0.0014399392316380326,False,True,43,1.1102230246251565e-16
18.0,5.0,15.002625580723375,100000.0,2.1069876501828455,12.236770794189567,7.613057658264823,4.898236333098066,6.873662334304864,7.282446480690226,6.231697342267063,0.019034951120590643,0.6221459718670027,0.4002883126178938,0.5617219158479876,0.5951281267888239,0.5092599548588492,0.001555553457749579,False,True,216,2.639248784525993e-18
18.0,5.0,15.020347099710717,100000.0,2.1898160594539307,12.360483900364285,7.866043980533798,5.024665090731398,7.059278552692029,7.48227719546151,6.404907269743899,0.020775492702292103,0.636386410430256,0.40651038674815254,0.571116681967765,0.6053385333272425,0.5181760941863397,0.0016807993012053365,False,True,44,1.6940658945086007e-21
18.0,5.0,15.038068618698059,100000.0,2.275918839610722,12.479908432987997,8.125265354862327,5.15190787451054,7.246710936659289,7.6841015928885525,6.580153264962929,0.02266980079838988,0.6510677060245816,0.41281615984397463,0.5806702008729601,0.6157177862441087,0.5272597391475795,0.0018165037764593735,False,True,44,9.994988777600744e-20
18.0,5.0,15.0557901376854,100000.0,2.3654309200770807,12.595051338786414,8.390729569383033,5.279816551826263,7.435769137081663,7.887701452786105,6.757281489865737,0.024731258334747114,0.6661925659281605,0.41919769993847406,0.5903722769420748,0.6262540136296196,0.5365028937243561,0.001963569474193987,False,True,44,8.470329472543003e-22
18.0,5.0,15.073511656672743,100000.0,2.458493395500295,12.705934497558376,8.66243163039373,5.408240331943068,7.62625006900765,8.09284271064066,6.936127495449148,0.026974569853526444,0.681762654455549,0.4256467978000624,0.6002116625481693,0.6369340808577136,0.545896682906875,0.00212298984059063,False,True,44,2.541098841762901e-21
18.0,5.0,15.091233175660083,100000.0,2.5552528892727473,12.812598487963218,8.94034541127497,5.5370227215016135,7.817941838006476,8.299278849422661,7.116516804951849,0.02941540516127829,0.6977776927665351,0.4321545490326075,0.6101761360391519,0.6477436140076823,0.5554311884226649,0.002295818852741898,False,True,44,1.6940658945086007e-21
18.0,5.0,15.108954694647425,100000.0,2.655862511089717,12.915097658729517,9.22442661608581,5.666008120392674,8.01062091467905,8.506748149769424,7.2982647546861985,0.032071265187529764,0.714235916741278,0.43871198423055907,0.6202524461179391,0.6586669628486765,0.5650955918055476,0.002483238302565393,False,True,44,1.6940658945086007e-21
18.0,5.0,15.126676213634767,100000.0,2.760481614982596,13.01350135093073,9.51461236641211,5.795034044222873,8.204055135939944,8.71497738379524,7.481177187598587,0.03496058516377972,0.7311339285127612,0.44530936663009685,0.630426425195183,0.6696873615164256,0.5748781197201421,0.0026864856905923578,False,True,44,3.3881317890172014e-21
18.0,5.0,15.144397732622108,100000.0,2.8692760080433155,13.107892767720221,9.810813582994268,5.923940928407546,8.398003742110253,8.923680718341505,7.66505072226728,0.038103913340664486,0.7484661155570778,0.4519369385593366,0.6406829755879113,0.6807868264163064,0.5847660534074095,0.0029069442370248865,False,True,47,3.3881317890172014e-21
18.0,5.0,15.16211925160945,100000.0,2.982418708071724,13.198364891318992,10.11292715619548,6.0525637768115566,8.592216698873433,9.132561131952555,7.849673158016764,0.041523107455149935,0.7662257589837581,0.4585843645520462,0.6510061488393022,0.691946404509497,0.5947458812250113,0.003146079669494596,False,True,228,2.253637035288473e-19
18.0,5.0,15.179840770596792,100000.0,3.10008918155742,13.2850239861871,10.420816901698906,6.180739566359602,8.786439298396077,9.341313014449346,8.034824481280936,0.045242034029794514,0.7844033185437821,0.4652411296197832,0.6613792573902495,0.7031461158189728,0.6048031595302366,0.0034054913319565114,False,True,82,3.3881317890172014e-21
18.0,5.0,15.197562289584134,100000.0,3.222474855100933,13.36798199322991,10.73433451169614,6.308304404030709,8.980407778783247,9.549620409753414,8.220276891784028,0.049286649460640486,0.8029884029715513,0.47189653660705794,0.6717848500492664,0.7143651461072981,0.6149227980668369,0.0036869177027318897,False,True,301,6.776263578034403e-21
18.0,5.0,15.215283808571476,100000.0,3.3497700928497616,13.447360991595176,11.053297307004009,6.435093567394071,9.17385665121705,9.757162710827942,8.405796395915909,0.053684633990445395,0.821967768539307,0.4785395120586196,0.6822049811075098,0.7255819723235162,0.625088922738794,0.003992205907463865,False,True,231,1.1102230246251565e-16
18.0,5.0,15.233005327558818,100000.0,3.4821774597768465,13.523287139958093,11.377505886927281,6.560947072642899,9.366514108559834,9.963611760530487,8.591142885311378,0.05846661638867992,0.841326947300369,0.4851591927865573,0.6926211069558683,0.7367743994054808,0.6352851046049741,0.004323402718849694,False,True,45,5.082197683525802e-21
18.0,5.0,15.25072684654616,100000.0,3.6199074670770663,13.595891510262032,11.706732166015907,6.685702087106997,9.558107810973533,10.16863768494541,8.776071663710121,0.06366485839187136,0.8610492483835865,0.4917442951100854,0.7030144219493938,0.7479198901572752,0.6454943875571556,0.004682654193277271,False,True,45,1.6940658945086007e-21
18.0,5.0,15.268448365533501,100000.0,3.7631788242784694,13.665308878352425,12.040721380332956,6.809204579887292,9.748364045113878,10.371907892687283,8.960334322985474,0.06931517094789613,0.8811159328719587,0.4982839861507947,0.7133658032828308,0.7589954961879928,0.6556993627256955,0.005072345716070869,False,True,44,1.1102230246251565e-16
18.0,5.0,15.286169884520843,100000.0,3.91991252169761,13.703805057236512,12.37337520286733,6.9146056606059485,9.915932901435317,10.562782986059323,9.125481228681322,0.0721901614350595,0.9029152962398114,0.5045756001144063,0.7235897518988021,0.770791976530743,0.6659085699604627,0.00526789173762643,False,False,85,1.7718232788352961e-09
18.0,5.0,15.303891403508185,100000.0,4.083174065135673,13.739424618180822,12.709339363636733,7.0173462298895855,10.080212211785694,10.75064146154413,9.288032372190939,0.07518388128541069,0.925027045660921,0.5107452768148542,0.7336706224543755,0.7824666432769131,0.6760131978089143,0.00547212735429422,False,False,85,3.4525776619332448e-09
18.0,5.0,15.321612922495527,100000.0,4.228562191485415,13.855794038602392,13.068359913959842,7.170679859982262,10.308388851844366,10.967880822362309,9.506607959893488,0.08937458480364123,0.9431693252332742,0.517522116740814,0.7439767669124616,0.7915736039237935,0.6861106576359302,0.006450340164890058,False,True,45,1.6093625997831706e-20
18.0,5.0,15.339334441482869,100000.0,4.396366029131986,13.913817514931427,13.418352673973688,7.287687663863065,10.490595550064755,11.160846364273258,9.685686887954601,0.09724606007060078,0.9643904456540386,0.5237734112900633,0.7539696089018642,0.8021412061999624,0.6961200172102685,0.0069891717327931376,False,True,44,1.1102230246251565e-16
18.0,5.0,15.35705596047021,100000.0,4.570942285192848,13.969325021858616,13.771451240154274,7.4027353369492666,10.670138488217354,11.35044365856342,9.862842742015241,0.10579364440817979,0.9858351222127972,0.5299279188769519,0.7638263460490158,0.8125262774545455,0.7060357409239371,0.007573282477330746,False,True,44,1.1102230246251565e-16
18.0,5.0,15.374777479457553,100000.0,4.752566942678049,14.022444062542986,14.127238295394383,7.515701421615263,10.846773813367834,11.536376414851375,10.037830494869427,0.11507282180138248,1.0074733215111427,0.5359765664311933,0.7735294763872111,0.8227079647026412,0.7158402950369164,0.00820633131343823,False,True,44,1.8634724839594607e-20
18.0,5.0,15.392498998444895,100000.0,4.941527044335336,14.07329753099579,14.485274080262325,7.626479250469231,11.020266779916783,11.718360323820267,10.210410666730859,0.12514446698313686,1.0292736331594763,0.5419113206178056,0.7830621612060111,0.8326662815172576,0.7255165780616021,0.008892334345061058,False,True,44,1.1102230246251565e-16
18.0,5.0,15.410220517432236,100000.0,5.138121026558018,14.122003495603858,14.845092207693265,7.734966631194303,11.1903956571417,11.896127962133695,10.380350179123063,0.1360728541823136,1.0512029835082892,0.547724452383982,0.792408503554417,0.8423824541494362,0.7350479825581716,0.009635520499954042,False,True,44,1.1102230246251565e-16
18.0,5.0,15.427942036419577,100000.0,5.352120079986921,14.143328694897786,15.196705716119494,7.819899268884628,11.33134427197869,12.058201849731367,10.522405055448768,0.1416933521880951,1.0744787202465085,0.5529037355757461,0.801179447668955,0.852571704289201,0.7439836323145578,0.010018387838162246,False,False,85,1.6896242237737927e-09
18.0,5.0,15.44566355540692,100000.0,5.575032040416651,14.16299381472878,15.548171043346668,7.901314940805458,11.467310274385625,12.215146886970283,10.65999523850489,0.147543981473475,1.0978025724460443,0.5578845153902771,0.8096671102447432,0.8624692665096811,0.7526653882612762,0.01041757014114042,False,False,85,3.296242877598723e-09
18.0,5.0,15.46338507439426,100000.0,5.80722812402743,14.181125245253588,15.898947941921248,7.979179615692818,11.598170385248034,12.366783549823445,10.792961633455288,0.15363399339813183,1.12113444222225,0.5626619522568171,0.8178596680210503,0.8720593983867817,0.761079353492607,0.01083369554539073,False,False,85,4.824320435747272e-09
18.0,5.0,15.481106593381602,100000.0,6.049095007887152,14.197840613165221,16.24848271332269,8.053477170274807,11.723827253973496,12.512958693600295,10.921168079315812,0.15997299671026158,1.1444333794151746,0.5672325383627046,0.8257472085651075,0.8813282973466693,0.7692133174948413,0.011267417424162625,False,False,85,6.277941053428902e-09
18.0,5.0,15.498828112368944,100000.0,6.301035473885997,14.21324915048314,16.596210868770523,8.124209184823378,11.844210046199082,12.653546728735058,11.044502401819965,0.16657097005844823,1.1676577743102732,0.5715940879392253,0.8333217775047917,0.8902641890510261,0.7770568351322075,0.011719415335288492,False,False,85,7.661059268679943e-09
18.0,5.0,15.516549631356286,100000.0,6.563469079490842,14.227452111354738,16.941560057589165,8.191394516661706,11.959274714772205,12.788450488686903,11.162877199567971,0.17343827494332198,1.190765565400732,0.5757457099521188,0.8405774007299359,0.8988573912317451,0.7846012843479564,0.012190395974336347,False,False,85,8.977291354252616e-09
18.0,5.0,15.534271150343628,100000.0,6.836832856435966,14.24054321837013,17.28395324957024,8.255068657241305,12.069003942296561,12.91760176634336,11.276230342346908,0.18058566890607458,1.2137144619085982,0.5796877640589135,0.8475100814081089,0.9071003520202663,0.7918399017111023,0.012681094122387215,False,False,85,1.023012643181373e-08
18.0,5.0,15.55199266933097,100000.0,7.121582038513752,14.252609122934238,17.622812152264565,8.31528288362898,12.173406750440863,13.040961501414158,11.384525165752352,0.1880243190737179,1.2364621803812221,0.5834218010124648,0.8541177720823286,0.9149876621838743,0.7987677952546401,0.01319227360070958,False,False,85,1.1422799373109776e-08
18.0,5.0,15.569714188318311,100000.0,7.418190819677341,14.263729867273447,17.957560838339848,8.372103220363348,12.27251777864708,13.15851960828711,11.487750352273299,0.1957658160618966,1.258966694226416,0.5869504889862093,0.8604003225555341,0.9225160410866922,0.8053819344006699,0.013724728236129854,False,False,85,1.255838385360424e-08
18.0,5.0,15.587435707305653,100000.0,7.727153143717719,14.273979338513874,18.287629552164507,8.425609232457377,12.366396242623825,13.270294441525577,11.585919495682004,0.20382218814617933,1.2811864945622453,0.5902775275653863,0.8663594047146312,0.9296842966361758,0.8116811171514744,0.014279282834341005,False,False,85,1.3639788044976265e-08
18.0,5.0,15.605157226292995,100000.0,8.048983526830293,14.283425707836294,18.612458658751752,8.475892674638201,12.455124590810787,13.376331904405944,11.679070352716908,0.21220591578532555,1.3030808602547237,0.5934075513823049,0.8719984158966536,0.936493259951449,0.8176659151389317,0.01485679417010608,False,False,85,1.4669725948362036e-08
18.0,5.0,15.622878745280337,100000.0,8.38421791444077,14.292131849918242,18.93150269227337,8.523056025537798,12.538806884567993,13.476704214367475,11.767263793439955,0.2209299464098428,1.3246101345182921,0.5963460255641676,0.8773223628383838,0.9429456959875842,0.8233385975589967,0.015458151990887672,False,False,85,1.56508125782084e-08
18.0,7.0,14.222878745280337,10000000.0,0.31444882111566885,5.096863095777248,1.4734191932093852,1.2454029740979546,1.6405591442535368,1.67668917704156,1.5658331980535591,0.03491239466815753,0.289083533444348,0.2443469543315321,0.32187624298026374,0.328964923234979,0.30721507888859173,0.006849780740056066,False,True,52,3.3306690738754696e-16
18.0,7.0,14.240600264267679,10000000.0,0.3273731801184543,5.2597491155830065,1.5335788259060696,1.291617564079176,1.7031780894717319,1.7410742197405702,1.629678026755042,0.037509102817586265,0.2915688167259824,0.24556638267260952,0.32381356069355915,0.33101849184827215,0.3098394982237482,0.0071313482817000565,False,True,43,2.220446049250313e-16
18.0,7.0,14.25832178325502,10000000.0,0.3408234127568061,5.426065987489291,1.5959644861545785,1.3394701926309076,1.767989315321418,1.8077235443865276,1.6959997691864113,0.04029607224158255,0.29412920702297823,0.2468584414047455,0.32583262337719726,0.33315546632763754,0.31256526793017714,0.007426388166766112,False,True,44,5.421010862427522e-20
18.0,7.0,14.276043302242362,10000000.0,0.35482033275640507,5.595754892836528,1.6606384828180096,1.389013554825141,1.8350534225723028,1.8766992179933888,1.7648846211488785,0.04328820065033747,0.2967675523000294,0.24822630394395995,0.32793670518368634,0.3353790961065624,0.3153970563307225,0.007735900066987097,False,True,43,1.1102230246251565e-16
18.0,7.0,14.293764821229704,10000000.0,0.36938562785349666,5.7687447872646445,1.7276635253225312,1.4403013329077743,1.9044310663722497,1.9480632555229314,1.8364209744260585,0.0465012589371312,0.29948690556333907,0.24967326273255355,0.3301291938892083,0.3376927438051287,0.31833978484890313,0.008060897240555621,False,True,43,5.421010862427522e-20
18.0,7.0,14.311486340217046,10000000.0,0.38454167925620947,5.944953596980285,1.7971018654187163,1.4933884933480228,1.9761833631306238,2.021877930256201,1.910699241464211,0.04995263982424305,0.30229030994145134,0.2512027165538489,0.33241358925567027,0.34009986743768794,0.3213985122499094,0.008402528129002771,False,True,43,1.0842021724855044e-19
18.0,7.0,14.329207859204388,10000000.0,0.400311844922294,6.124286065855537,1.8690155973342064,1.5483313109466463,2.0503712360462707,2.098205153395618,1.9878116597323459,0.0536606029020892,0.30518097574743397,0.2528182541274468,0.33479351127596985,0.34260404083565743,0.32457851223098555,0.008761936056720276,False,True,43,1.0842021724855044e-19
18.0,7.0,14.34692937819173,10000000.0,0.4167202402829178,6.30663489662387,1.943466121983378,1.6051870876827403,2.1270557399446823,2.177106723263564,2.0678523660086996,0.05764516513921001,0.3081621425435256,0.2545235476596314,0.33727269372821295,0.3452089361362958,0.32788521928163034,0.009140399925492624,False,True,43,5.421010862427522e-20
18.0,7.0,14.364650897179072,10000000.0,0.4337919692350114,6.491879471829044,2.020513905184954,1.6640146790696095,2.2062976522866586,2.258643903977968,2.150916876991467,0.06192751228426983,0.3112371253891575,0.25632248508162525,0.33985499297402216,0.347918336096528,0.33132421609569107,0.009539227053274629,False,True,43,8.809142651444724e-20
18.0,7.0,14.382372416166413,10000000.0,0.4515530483077849,6.6798858436497515,2.100218517469439,1.7248738348703736,2.2881573700624207,2.342877301669003,2.237102257199236,0.06653044948614471,0.3144093427084561,0.25821905871492234,0.3425443822872606,0.3507361288061928,0.33490127070449,0.009959818332732741,False,True,43,1.1102230246251565e-16
18.0,7.0,14.400093935153755,10000000.0,0.4700304456770041,6.870507083494428,2.1826378461358047,1.7878258190708483,2.372694956623121,2.4298668437054847,2.3265064876065846,0.07147842371079997,0.3176822059290691,0.26021744790364687,0.34534495457012726,0.35366630354591283,0.33862223840737143,0.010403660580238443,False,True,43,1.4230153513872246e-19
18.0,7.0,14.417815454141095,10000000.0,0.4892522216518287,7.063581962669223,2.2678285095851014,1.8529328594678394,2.4599695716021728,2.519671232106562,2.4192284520702527,0.07679729725778371,0.32105927581367266,0.26232198752141944,0.34826092265978137,0.3567129602831728,0.3424931521791335,0.010872287978486647,False,True,43,2.220446049250313e-16
18.0,7.0,14.435536973128437,10000000.0,0.5092473891164925,7.258936572324249,2.3558449479500476,1.9202583823260597,2.5500398270276343,2.612348213647554,2.515367403121223,0.08251494875845537,0.32454408775688287,0.26453714854698196,0.3512966123371338,0.35988029205373023,0.3465200967193221,0.011367360485426421,False,True,43,2.220446049250313e-16
18.0,7.0,14.45325849211578,10000000.0,0.5300461847115203,7.456382604314899,2.4467396677205757,1.9898669244612845,2.642963056388209,2.7079538694123384,2.6150225709560173,0.08866060465211788,0.3281403057703455,0.26686759921758546,0.3544564699320506,0.36317260166414816,0.350709279516148,0.011890565352804092,False,True,43,1.1102230246251565e-16
18.0,7.0,14.470980011103121,10000000.0,0.5516798912250218,7.655719089196208,2.5405628410354173,2.0618237987879837,2.7387955712009475,2.8065428251798856,2.7182928127424257,0.0952656346660652,0.33185162770936477,0.26931811039117676,0.35774504514748334,0.36659427971181624,0.3550669481301234,0.012443721295953059,False,True,43,2.220446049250313e-16
18.0,7.0,14.488701530090463,10000000.0,0.5741810809864443,7.85673153465285,2.637361871436388,2.1361953829674114,2.8375921954492482,2.9081677604536216,2.8252758040878767,0.10236284931737899,0.3356818111709757,0.2718936460467717,0.36116700474412067,0.37014981963261384,0.35959938196013613,0.013028681057243469,False,True,43,2.220446049250313e-16
18.0,7.0,14.506423049077805,10000000.0,0.5975835516388817,8.0591927714558,2.7371818020408587,2.2130485465616925,2.939406067983292,3.012879231095535,2.9360677833994346,0.10998710117792383,0.3396347350984655,0.27459928175436,0.3647271074584709,0.37384379757816527,0.36431288674449563,0.013647409150886452,False,True,43,3.3306690738754696e-16
18.0,7.0,14.524144568065147,10000000.0,0.6219224242617157,8.262863686149364,2.840064285163417,2.292450788225761,3.0442886658447135,3.120725633735593,3.050762450679472,0.1181748621993445,0.3437142851483897,0.27744022838819,0.3684302175948644,0.3776808806572367,0.369213697158446,0.01430192566258055,False,True,43,1.2874900798265365e-18
18.0,7.0,14.541866087052489,10000000.0,0.6472342627184776,8.467492893205723,2.9460483755532856,2.374469952201482,3.152289102665528,3.231752553488097,3.1694506228194292,0.12696438006183552,0.34792451705713046,0.28042184175988455,0.37228128118004217,0.3816658123304999,0.3743080345969445,0.014994329686855852,False,True,43,8.881784197001252e-16
18.0,7.0,14.55958760603983,10000000.0,0.6735570197561174,8.672818905735742,3.055169728621684,2.4591738333464987,3.263454477196024,3.3460030912193734,3.29221902332353,0.13639571619964666,0.35226951719251937,0.2835495425507077,0.37628532460625325,0.3858034080483918,0.37960195630814236,0.01572680320921284,False,True,43,2.220446049250313e-16
18.0,7.0,14.577309125027172,10000000.0,0.7009302925903202,8.878569253445947,3.16746073350784,2.546630249852953,3.3778290309922623,3.4635170243477713,3.4191496315855927,0.14651029011121955,0.3567535087118328,0.2868288996973871,0.3804474498727664,0.3900985536609417,0.3851014205085525,0.016501565278026754,False,True,43,3.40168431617327e-18
18.0,7.0,14.595030644014514,10000000.0,0.7293952100902941,9.084463130391775,3.282951055334725,2.636906368329418,3.495454300929211,3.5843310470685665,3.550318612089489,0.1573515167441094,0.3613808552265152,0.29026551492159547,0.38477279843156414,0.3945561774671421,0.3908121548990621,0.01732094835826842,False,True,43,3.3306690738754696e-16
18.0,7.0,14.612752163001856,10000000.0,0.758994708492047,9.29021108468601,3.40166631124417,2.7300685565379488,3.6163686852163437,3.708478263514474,3.685795140033062,0.16896366593740153,0.36615597646123227,0.293865072779476,0.38926657879470233,0.3991812704479376,0.3967396549373059,0.01818727953511426,False,True,43,1.7763568394002505e-15
18.0,7.0,14.630473681989198,10000000.0,0.7897734810904171,9.495517013015048,3.523630064925495,2.8261821776574068,3.7406069381951417,3.8359878479760776,3.825640680907999,0.18139301639932692,0.37108353974784364,0.29763331199172144,0.3939339935959329,0.40397882945375946,0.40288913975556856,0.01910301631292959,False,True,43,5.551115123125783e-16
18.0,7.0,14.64819520097654,10000000.0,0.8217781609002686,9.700079384712462,3.64886188308896,2.9253105474557395,3.868200374168336,3.9668852036182196,3.969907236901911,0.19468641344773785,0.3761682495959411,0.3015759388594379,0.3987802801144808,0.40895389061146425,0.40926543788482517,0.020070600015353268,False,True,43,1.9984014443252818e-15
18.0,7.0,14.665916719963882,10000000.0,0.855057420722376,9.9035918874359,3.777379028326257,3.027515497294873,3.9991757637146015,4.101190945178612,4.118636959680979,0.20889223474760218,0.381415053372544,0.30569873352068383,0.4038106385207693,0.4141114649909544,0.41587304954539267,0.021092572989867584,False,True,43,8.881784197001252e-16
18.0,7.0,14.683638238951223,10000000.0,0.8896620096754648,10.105746363809827,3.909196168688971,3.132855784336447,4.133555758350967,4.238921462475413,4.2718601494945485,0.22405969018934854,0.3868290404248004,0.3100073632914108,0.40903022988523063,0.4194565457981034,0.42271594751207214,0.022171513327480637,False,True,43,8.881784197001252e-16
18.0,7.0,14.701359757938565,10000000.0,0.925645014415865,10.306232413129159,4.044324415897706,3.241387422704152,4.271357876285127,4.380087796148258,4.429594736720647,0.24023840430719492,0.39241540980054185,0.3145075031080158,0.414444163984098,0.4249940832469917,0.4297976757323816,0.023310012299077795,False,True,43,2.55351295663786e-15
18.0,7.0,14.719081276925907,10000000.0,0.9630617801218135,10.504741111286888,4.182774197374115,3.353162972246708,4.412594324440153,4.524695788224709,4.591844802708656,0.257479519008429,0.39817965555380563,0.31920472258415583,0.42005740814488157,0.4307289194745713,0.4371211773867438,0.024510791487453075,False,True,44,1.0842021724855044e-19
18.0,7.0,14.736802795913249,10000000.0,1.0019702523743759,10.700964849262895,4.324551496987297,3.4682303000981674,4.557271764438971,4.672745646992347,4.758599308671638,0.2758334488712095,0.4041272500100943,0.3241044474916733,0.4258748466735581,0.4366658252610011,0.4446888085049097,0.02577650265716081,False,True,44,1.1102230246251565e-16
18.0,7.0,14.75452431490059,10000000.0,1.0424308973534835,10.894600245769462,4.469661943939455,3.5866336284937335,4.70539017060137,4.824231068779898,4.929831727335176,0.2953523785893613,0.41026396959127454,0.3292120451951853,0.43190113124421836,0.44280936977501495,0.45250230537366476,0.027109978514728073,False,True,44,1.6263032587282567e-19
18.0,7.0,14.772245833887931,10000000.0,1.0845069699394358,11.085349725509769,4.618107849544836,3.708410872410778,4.85694325785404,4.979139680696142,5.105497974039817,0.3160877044320433,0.41659559363450477,0.3345326006158316,0.4381407333209498,0.449163969021029,0.460562643530404,0.028514003821156646,False,True,44,2.220446049250313e-16
18.0,7.0,14.789967352875273,10000000.0,1.128264593958704,11.272922398962478,4.769888984276553,3.83359520126681,5.011916969691845,5.137451433632895,5.2855368122955815,0.3380916200984932,0.4231279889512552,0.34007110717090017,0.44459784182965056,0.45573377087255823,0.4688701496589779,0.02999147941705072,False,True,44,1.1102230246251565e-16
18.0,7.0,14.807688871862615,10000000.0,1.1737728171450141,11.457037752783233,4.9250040977322485,3.962213143919908,5.170289660948286,5.2991391361448885,5.4698679920215545,0.3614168098824574,0.42986714402122206,0.3458322499598447,0.4512763047928579,0.4625226215090005,0.4774242792987892,0.03154539748240414,False,True,44,7.113091523465996e-20
18.0,7.0,14.825410390849957,10000000.0,1.2211039234110632,11.637424947925092,5.083446454730906,4.094284314128707,5.332031204769214,5.464167172014587,5.6583922406791585,0.38611511314774694,0.43681883900246027,0.35182046994500293,0.45817964271553857,0.46953404180611513,0.4862237364364724,0.03317874142050555,False,True,44,1.6263032587282567e-19
18.0,7.0,14.843131909837298,10000000.0,1.2703332965333003,11.813827117208676,5.245208778141988,4.229822036501205,5.497102211794526,5.632491110846831,5.850990873286993,0.41224019703404896,0.44398895684714446,0.3580399471344736,0.46531087320442854,0.4767710797665417,0.49526633623782385,0.034894720647600894,False,True,44,1.6263032587282567e-19
18.0,7.0,14.86085342882464,10000000.0,1.3215398261714162,11.986001157511414,5.410277430368683,4.368830918683514,5.665454019280028,5.804057433262042,6.047524630786323,0.4398443662003843,0.4513830225169099,0.36449445159160904,0.4726725740160294,0.48423634846929264,0.5045489777044153,0.03669650623425325,False,True,44,2.220446049250313e-16
18.0,7.0,14.878574947811982,10000000.0,1.3748058096323001,12.153720277346434,5.578635069044415,4.511308803687566,5.837027273780402,5.978802116059479,6.247834834676308,0.46898158458115624,0.4590063735005113,0.37118748010815145,0.48026671180347597,0.491931851287008,0.514067683976714,0.03858749205009272,False,True,44,2.220446049250313e-16
18.0,7.0,14.896296466799324,10000000.0,1.430217180579243,12.316776056162947,5.750258967011641,4.6572446059099875,6.011752137824695,6.156650966777875,6.451741819464452,0.49970586525998933,0.4668639699862354,0.3781220495260723,0.4880946207361296,0.4998589678584982,0.5238174169965681,0.04057115782420607,False,True,44,1.1102230246251565e-16
18.0,7.0,14.914017985786666,10000000.0,1.48786369142236,12.474978305256615,5.925118027965035,4.80661879117999,6.189547113145404,6.33751806115431,6.6590462914913,0.5320714465006805,0.4749601869422372,0.38530077356163517,0.49615694405955785,0.5080183633252375,0.5337922141864856,0.04265109192827054,False,True,44,2.220446049250313e-16
18.0,7.0,14.931739504774008,10000000.0,1.5478388484557852,12.628158809552625,6.10317528378324,4.959403429003448,6.370318825389282,6.5213057966243175,6.869528798441362,0.5661344244814966,0.483298901750148,0.392725772917259,0.5044534932970931,0.5164098658381813,0.5439849864134491,0.04483111378463516,False,True,44,2.220446049250313e-16
18.0,7.0,14.94946102376135,10000000.0,1.6102403255599183,12.776170134611924,6.284382655491051,5.115560994880203,6.553961414186491,6.7079039248661445,7.0829502284862516,0.6019505567866501,0.4918831378478617,0.40039862814769794,0.5129832606432778,0.5250324513677038,0.5543875945497806,0.04711510182193847,False,True,44,1.7618285302889447e-19
18.0,7.0,14.967182542748692,10000000.0,1.6751698313215222,12.91888851044388,6.468682603758721,5.275044979707298,6.740356049201583,6.897189107953373,7.299052570852408,0.6395776307563268,0.5007151039758035,0.4083203423764242,0.5217442695439741,0.533884095553387,0.5649907548123596,0.049507171630073274,False,True,44,2.137037656142998e-19
18.0,7.0,14.984904061736033,10000000.0,1.7427334306825284,13.056213942267744,6.65600567120589,5.437799668193417,6.929370594122853,7.089024489575626,7.517559037760568,0.6790743735328058,0.5097960021670572,0.41649131151177515,0.530733536135613,0.5429617284859172,0.5757839961111144,0.052011584409963854,False,True,44,1.8973538018496328e-19
18.0,7.0,15.002625580723375,10000000.0,1.8130416823756466,13.188070432954609,6.8462689316382095,5.603758771418598,7.120859198414108,7.283259157785571,7.738175049116817,0.720500374721225,0.5191258999141086,0.4249111953038874,0.5399470100357036,0.5522611662420319,0.5867556659221742,0.0546327363342574,False,True,44,1.6263032587282567e-19
18.0,7.0,15.020347099710717,10000000.0,1.8862096550731375,13.314407727167408,7.039375412590605,5.772847077037762,7.3146622440740385,7.479728017536968,7.960589046411812,0.7639174964226901,0.5287036086650027,0.4335789616280524,0.549379468765165,0.5617769990831017,0.5978928398120641,0.0573752518381988,False,True,44,1.2197274440461925e-19
18.0,7.0,15.038068618698059,10000000.0,1.9623573631505768,13.43519970472933,7.235213364963247,5.944978482851961,7.510605769129994,7.678251266344756,8.18447309844681,0.8093882460495143,0.5385266705351895,0.442492751392394,0.5590244979005546,0.5715025779365179,0.609181350357285,0.060243856722472185,False,True,44,1.6263032587282567e-19
18.0,7.0,15.0557901376854,10000000.0,2.041609669927535,13.550445809291052,7.433653282033396,6.120056099230874,7.708502128172283,7.878634818760568,8.409484287420927,0.856976830407523,0.5485910490809394,0.4516497970151338,0.5688744294218602,0.581429934457099,0.6206057280901303,0.06324344176336434,False,True,44,1.2945045714209862e-19
18.0,7.0,15.073511656672743,10000000.0,2.1240966917521678,13.660169687330297,7.634550709125549,6.297973788699944,7.9081490366257245,8.080669530831935,8.635265756257365,0.9067495194976248,0.5588913522945865,0.461046526716375,0.5789202636304344,0.5915497183264637,0.6321492304935646,0.06637908168436796,False,True,44,2.220446049250313e-16
18.0,7.0,15.091233175660083,10000000.0,2.2099539625039846,13.76441860605282,7.837742008614629,6.478611647321065,8.10933080257435,8.284132395529246,8.86144761216595,0.9587725795494294,0.5694204915540734,0.4706781908298063,0.5891517131721292,0.6018512392442315,0.6437938183795996,0.06965587192529984,False,True,44,4.440892098500626e-16
18.0,7.0,15.108954694647425,10000000.0,2.299322524542846,13.863263068097872,8.043045906418193,6.661841393381036,8.311817759546452,8.488785788528832,9.087649301864607,1.0131152772929848,0.580169752742184,0.4805392035523916,0.5995570969632394,0.6123223476919527,0.6555202232854613,0.07307913528845635,False,True,44,1.6263032587282567e-19
18.0,7.0,15.126676213634767,10000000.0,2.3923494464847646,13.956794546515399,8.250264975044626,6.847520387954077,8.515366927253455,8.694378699049036,9.31348000886998,1.069846652231282,0.5911289263124156,0.49062271176469396,0.6101233989562088,0.6229495368777043,0.6673079536873517,0.07665418077665916,False,True,44,1.1102230246251565e-16
18.0,7.0,15.144397732622108,10000000.0,2.48918773080599,14.045125025929117,8.459179950981197,7.035495150629127,8.719723048986912,8.900647108961126,9.538541587333595,1.1290373125224644,0.6022858419105886,0.5009207919218016,0.6208362711538115,0.6337178980272073,0.679135398917718,0.08038641951838203,False,True,44,3.3306690738754696e-16
18.0,7.0,15.16211925160945,10000000.0,2.589996883517079,14.12838455789249,8.669559286256314,7.225600608471056,8.924617949082284,9.107314219266442,9.762429950081145,1.1907594223060511,0.6136270746830195,0.5114244009188329,0.6316799994021083,0.6446111501246514,0.6909799142342564,0.08428135696808035,False,True,44,2.220446049250313e-16
18.0,7.0,15.179840770596792,10000000.0,2.6949430108578984,14.206719597714002,8.881149321190783,7.417656532384771,9.12977313484558,9.314092578336247,9.984736973361718,1.2550841237572545,0.6251372289082023,0.5221231038851744,0.6426376667780962,0.6556117697877963,0.7028179098409431,0.08834440034694636,False,True,44,1.1102230246251565e-16
18.0,7.0,15.197562289584134,10000000.0,2.8041991121097687,14.280291152123475,9.093683471051182,7.611474093030383,9.334898851553199,9.520683432252529,10.205054115864298,1.3220854864830942,0.636799584418764,0.5330055257240718,0.6536910733899919,0.6667009328333482,0.7146250736174108,0.09258112964219924,False,True,44,1.1102230246251565e-16
18.0,7.0,15.215283808571476,10000000.0,2.917945553290289,14.349272082088756,9.306879039969312,7.8068473395852,9.539696636512485,9.726779717740623,10.422972825821658,1.3918355135421032,0.6485958999680876,0.5440587714083399,0.6648209457551686,0.6778587556285811,0.7263764159041881,0.09699694211523378,False,True,44,2.220446049250313e-16
18.0,7.0,15.233005327558818,10000000.0,3.0363700729609313,14.41384554754956,9.520436455168493,8.003561460163494,9.743859906355713,9.932066016615392,10.63808983678325,1.464408103441142,0.660506346051906,0.5552689900665786,0.6760069597118881,0.6890642739198702,0.7380466095386868,0.1015973217286278,False,True,44,1.1102230246251565e-16
18.0,7.0,15.25072684654616,10000000.0,3.1596684597182083,14.474202149895815,9.734047953078834,8.201387247025652,9.947074963660912,10.136220703505154,10.850007322382242,1.5398765263520793,0.6725101565027471,0.5666210242258283,0.6872278596532183,0.7002956431403796,0.7496100448244977,0.10638766202136836,False,True,44,1.1102230246251565e-16
18.0,7.0,15.268448365533501,10000000.0,3.2880445573495387,14.530538171560542,9.947387456472043,8.400083550575179,10.149023831764977,10.338917862916325,11.058338094225192,1.618313242227728,0.6845849299609059,0.5780985846082418,0.698461661360131,0.7115302778772407,0.7610411922573378,0.11137324874828951,False,True,44,2.220446049250313e-16
18.0,7.0,15.286169884520843,10000000.0,3.4217108454230196,14.583053193775713,10.160124635668756,8.59939978735283,10.349384017442445,10.539827978245162,11.262706839620902,1.699791923050726,0.6967076441855993,0.5896844558602581,0.7096856796668431,0.7227449449847535,0.7723147334076798,0.1165593994936688,False,True,44,1.1102230246251565e-16
18.0,7.0,15.303891403508185,10000000.0,3.5608886943515454,14.631948111665764,10.371915825380453,8.799071186511076,10.547832360655285,10.738621490612639,11.46275410701874,1.7843834969460999,0.7088540600489917,0.6013601961515808,0.7208768292614232,0.7339160451266874,0.7834058745656508,0.1219511908686613,False,True,44,5.421010862427522e-20
18.0,7.0,15.321612922495527,10000000.0,3.705808696751428,14.677423340897988,10.582411895766183,8.998827218071032,10.744045275422204,10.934969032479462,11.658138804351832,1.8721602282087504,0.7209992959921488,0.6131067428569836,0.7320116771098643,0.745019665816251,0.7942905599695381,0.12755373914930007,False,True,45,1.6263032587282567e-19
18.0,7.0,15.339334441482869,10000000.0,3.856711212928407,14.719676907259963,10.791259444926856,9.198384661829879,10.93770178363356,11.128545097738089,11.84854098337986,1.9631916715601934,0.7331179558434769,0.6249039785168857,0.7430667026556081,0.7560318862874854,0.8049457238790332,0.13337192683841573,False,True,44,2.220446049250313e-16
18.0,7.0,15.35705596047021,10000000.0,4.013846523021874,14.758903216942063,10.998098062176778,9.397455447837213,11.128485558299078,11.319029325460557,12.03366482186317,2.0575470164530874,0.7451839679761451,0.6367312875288506,0.7540184656488871,0.7669288943142604,0.8153495313967143,0.1394105636583608,False,True,85,1.1102230246251565e-16
18.0,7.0,15.374777479457553,10000000.0,4.177475518116578,14.795291408755917,11.202571002601912,9.595744011175327,11.316086360881897,11.506108927975486,12.213240721416982,2.155294006696428,0.7571713657476312,0.6485674223014306,0.7648437633465596,0.7776872121062869,0.8254815930282478,0.14567431942711961,False,True,45,5.421010862427522e-20
18.0,7.0,15.392498998444895,10000000.0,4.3478698681895525,14.829024628680195,11.404316934746841,9.792949611070354,11.500203726398839,11.689481622629096,12.387027961998337,2.2564978168188636,0.7690537456314038,0.6603906768170187,0.7755199019736455,0.7882839172052463,0.8353231768218327,0.15216764914225483,False,True,45,5.421010862427522e-20
18.0,7.0,15.410220517432236,10000000.0,4.525312677519188,14.860278790285308,11.602982120660714,9.988770274474598,11.68054750100693,11.868856763825452,12.554816250244087,2.361222958217737,0.7808051439954138,0.6721791976745828,0.786024789026362,0.7986967762397933,0.8448573830560714,0.15889493000369226,False,True,83,2.220446049250313e-16
18.0,7.0,15.427942036419577,10000000.0,4.710098828655369,14.889222211227377,11.798215420299403,10.182899822321911,11.856841788207856,12.043959134068334,12.716427815123065,2.4695300401242233,0.7923997138952519,0.6839107965386793,0.7963372176195395,0.8089045192022494,0.8540693150199684,0.16586024475221062,False,True,45,5.421010862427522e-20
18.0,7.0,15.44566355540692,10000000.0,4.90253549427274,14.916014925702424,11.989674264726089,10.375035896903785,12.028825871985816,12.21452972477474,12.871718091598403,2.581478445436641,0.8038121659469627,0.6955635234063836,0.8064369693850622,0.818886933649239,0.8629461793725209,0.17306756920632904,False,True,44,1.0842021724855044e-19
18.0,7.0,15.46338507439426,10000000.0,5.102942715079104,14.9408084698752,12.177027799086694,10.564875678734458,12.196257041034638,12.380329032481827,13.020577357985418,2.697123490474045,0.8150179974289175,0.7071153947282148,0.8163050256367093,0.8286251080350834,0.8714774293665902,0.18052058534263332,False,True,83,1.1102230246251565e-16
18.0,7.0,15.481106593381602,10000000.0,5.311653775255283,14.963745841141879,12.359955134486059,10.752123134359032,12.358912627121533,12.541138477245278,13.162930204485674,2.8165175877268727,0.8259933886676382,0.718544891667215,0.8259237197909015,0.8381015429147564,0.8796547565179185,0.1882227630452687,False,True,45,1.6263032587282567e-19
18.0,7.0,15.498828112368944,10000000.0,5.529015958462098,14.984961262720695,12.538154755229332,10.936487932620839,12.516591183225948,12.696762220473117,13.29873674477751,2.9397095291576822,0.8367158603487029,0.729830911196843,0.8352768461513803,0.8473003031419162,0.8874722137495182,0.1961773192214408,False,True,44,1.0842021724855044e-19
18.0,7.0,15.516549631356286,10000000.0,5.755390897626007,15.004580674583902,12.711339094690874,11.117688331713033,12.669115337390917,12.847029444096822,13.427990850972703,3.0667432052152255,0.8471639008361277,0.7409529511574533,0.8443498430350003,0.8562071625139294,0.8949260990490879,0.20438713161840963,False,True,44,1.0842021724855044e-19
18.0,7.0,15.534271150343628,10000000.0,5.991155382134652,15.022721527504943,12.87924437063904,11.295454951671049,12.816331813358197,12.991794689194036,13.550720682681455,3.1976589590884426,0.857317653599487,0.751891388720101,0.853129826702366,0.8648096595152546,0.9020150348837647,0.21285483813527944,False,True,44,1.0842021724855044e-19
18.0,7.0,15.55199266933097,10000000.0,6.236701822516915,15.039493491774031,13.04162740776253,11.469529211008034,12.958114011227496,13.130940278201228,13.666986096376627,3.3324907454606727,0.8671586855565149,0.7626273595770617,0.8616057461187132,0.8730972412989373,0.9087397859410553,0.22158264487320697,False,True,82,2.0328790734103208e-19
18.0,7.0,15.569714188318311,10000000.0,6.492438989532424,15.054998460110776,13.198270476131476,11.639670226787631,13.094361796057356,13.264375892685042,13.776878055926735,3.471268112722292,0.876670330528507,0.7731432359576599,0.8697683915911212,0.8810612586796267,0.9151032524134423,0.23057246547846877,False,True,45,1.1102230246251565e-16
18.0,7.0,15.587435707305653,10000000.0,6.7587926874571185,15.069331147126436,13.348983661421805,11.8056515573315,13.225002743271832,13.392040086018618,13.88051582828789,3.6140135161065303,0.8858378338820511,0.7834223989153436,0.877610466858292,0.8886950558898787,0.9211102797309462,0.2398257414892422,False,True,45,3.2526065174565133e-19
18.0,7.0,15.605157226292995,10000000.0,7.036206381928569,15.082579441486551,13.493603409154439,11.967267486523651,13.349992299107798,13.513899885834181,13.978044945703218,3.7607432981081454,0.8946482570506851,0.7934496571326627,0.8851266025748188,0.8959939470739655,0.9267675333606948,0.24934351002082197,False,True,45,1.6263032587282567e-19
18.0,7.0,15.622878745280337,10000000.0,7.325142081238546,15.094824709093004,13.631999211152262,12.124331596995777,13.469313266469332,13.629950663343363,14.069634690877493,3.9114665000772795,0.9030909251261761,0.8032111555222086,0.8923133276503386,0.9029552131952078,0.9320833439292644,0.2591263280931671,False,True,47,5.421010862427522e-20
26.0,3.5,14.222878745280337,3162.2776601683795,0.9617537778041981,1.8988337081216804,0.7209730091438622,0.4640322213296485,0.7600918422120078,0.8023107521621,0.929719764848474,4.2724515303616014e-05,0.37969254814685494,0.24437749306055218,0.4002940536398461,0.42252818070927495,0.48962674344355805,2.2500398597768183e-05,True,True,138,1.105113298370845e-21
26.0,3.5,14.240600264267679,3162.2776601683795,1.0018101324556308,1.9353348882457548,0.7465519825355209,0.479494055076912,0.7854916382844184,0.8292962743066783,0.9559023548544153,4.4503962631036804e-05,0.385748217050031,0.24775766612234212,0.4058685879405664,0.42850272546803364,0.4939209026097151,2.299548408977245e-05,True,True,85,2.816222458730255e-10
26.0,3.5,14.25832178325502,3162.2776601683795,1.0435348055322062,1.9713510997107386,0.7728605670970284,0.49532163566513693,0.8114978601675139,0.8569395353824353,0.9823807283048733,4.635752282179478e-05,0.3920461287745406,0.2512599788732797,0.4116455258967249,0.43469655684782693,0.4983286480267369,2.3515609588062185e-05,True,True,85,5.62146099077499e-10
26.0,3.5,14.276043302242362,3162.2776601683795,1.0869972812990776,2.0068211496207997,0.7999056331566765,0.5115122688719473,0.8381065607926468,0.885237503935854,1.0091274489011095,4.828828264893094e-05,0.3985933840231967,0.25488682385503086,0.41762892570222904,0.4411142986524358,0.5028487212683551,2.4062075814805562e-05,True,True,85,8.416252963061719e-10
26.0,3.5,14.293764821229704,3162.2776601683795,1.1025919928834576,2.1265050376158614,0.8564204507115712,0.5300311479422601,0.8893347632109854,0.9403666349035285,1.0639700777559191,5.7885603264046165e-05,0.4027361494858014,0.249249890579383,0.41821427529184985,0.44221227707874317,0.5003374358091307,2.72210045309579e-05,True,True,187,2.6469779601696886e-23
26.0,3.5,14.311486340217046,3162.2776601683795,1.1485141581216392,2.1629870496684935,0.8861206006753156,0.5469972818191821,0.918068506166274,0.9709832827541116,1.092093922578385,6.0296500371221514e-05,0.4096744827072013,0.25288976274870284,0.4244447539836081,0.448908504978302,0.5049008142447098,2.7876496246458228e-05,True,True,85,2.9009268191459527e-10
26.0,3.5,14.329207859204388,3162.2776601683795,1.196348948586354,2.1987489558621878,0.9166149189668903,0.5643131823176845,0.9474147307191496,1.0022702838402295,1.1204116481282875,6.28078099075915e-05,0.4168802065934177,0.2566519387368633,0.43088808669730244,0.45583661616667503,0.5095677908754,2.8565248315473508e-05,True,True,85,5.788472710058313e-10
26.0,3.5,14.34692937819173,3162.2776601683795,1.2461760237457093,2.2337329906002363,0.9479063727955213,0.5819716795326931,0.9773628827470838,1.0342178197136607,1.1488875122804554,6.542371398000388e-05,0.4243597497034796,0.26053771063134495,0.437546871922437,0.46299975156643564,0.5143352034979493,2.9288959000611607e-05,True,True,85,8.662264730909845e-10
26.0,3.5,14.364650897179072,3162.2776601683795,1.2608299734273634,2.3717039484184865,1.0136643749487724,0.6059989189345997,1.0389348322504648,1.1002232622556654,1.2133146313948073,7.926182495037331e-05,0.42739920200609777,0.25551204202307604,0.43805418165418725,0.46389569954096616,0.5115792939518766,3.341978032428e-05,True,True,184,3.1234339930002325e-21
26.0,3.5,14.382372416166413,3162.2776601683795,1.3133426369971086,2.4075429081670134,1.0479211362826817,0.6245174047546536,1.0712451687655418,1.134750363015529,1.243143607549744,8.256302919842971e-05,0.43526581924162594,0.2594003216458272,0.4449537182210123,0.47133131424829844,0.5163536663594558,3.4293481922317724e-05,True,True,85,2.9770419949786374e-10
26.0,3.5,14.400093935153755,3162.2776601683795,1.3680424153192834,2.4424326657571296,1.0830253790436581,0.6433539304703023,1.1041521716844156,1.1699382078058276,1.273032794721523,8.600172675523621e-05,0.44342077234212357,0.2634070283656598,0.4520706700187125,0.47900530655700124,0.5212151035193003,3.521150366230323e-05,True,True,85,5.93554367559474e-10
26.0,3.5,14.417815454141095,3162.2776601683795,1.425020400153758,2.476324346300524,1.1189743485425723,0.6624959487078677,1.137636936809171,1.2057683048497438,1.3029385652758445,8.958364416488123e-05,0.45186905754662193,0.26753197726202377,0.4594054645986624,0.4869185680991618,0.5261582826265689,3.617605436004927e-05,True,True,85,8.874391843784039e-10
26.0,3.5,14.435536973128437,3162.2776601683795,1.438085302993371,2.634585558948419,1.1951492301205897,0.6935169520432977,1.2114360919246194,1.2845228326747553,1.3784327826032152,0.00010983841368645478,0.45363841992576137,0.26323569173441885,0.4598203644630003,0.48756163120679435,0.5232066872610542,4.1690964756633755e-05,True,True,221,5.293955920339377e-23
26.0,3.5,14.45325849211578,3162.2776601683795,1.4979805238338166,2.669176478389473,1.2343736949885582,0.7136093611993084,1.2475236144891335,1.3231962071236223,1.4096354594697338,0.00011441311720437197,0.4624548826135896,0.2673518843646808,0.4673814656278793,0.4957320049223617,0.5281162451724732,4.286457569617372e-05,True,True,85,3.038194238334815e-10
26.0,3.5,14.470980011103121,3162.2776601683795,1.5603703376389906,2.7026116354631706,1.2744807535629885,0.7339692264694632,1.284163791095874,1.3624916889319048,1.440734271253692,0.00011917835489948052,0.4715737684391969,0.27157776457351646,0.4751566130498789,0.5041389118042491,0.5330896427546759,4.4097477171948853e-05,True,True,85,6.050440823844083e-10
26.0,3.5,14.488701530090463,3162.2776601683795,1.6253586424156505,2.734856378156169,1.3154597730183104,0.7545778566124196,1.3213276192183006,1.402380182970081,1.471679135254435,0.00012414206246493773,0.4809977531270541,0.2759113285214463,0.48314333058657183,0.5127801935674446,0.5381193495238079,4.539253448791117e-05,True,True,85,9.035002224231282e-10
26.0,3.5,14.506423049077805,3162.2776601683795,1.636125541895032,2.9153444877988335,1.4033966418777613,0.7943091465848112,1.409469101901732,1.4959569564106199,1.5598428292855864,0.00015401030387718475,0.4813827826355317,0.27245807482070045,0.483465713160341,0.5131321401883827,0.5350458018988045,5.282748043044026e-05,True,True,188,9.661469554619363e-22
26.0,3.5,14.524144568065147,3162.2776601683795,1.704268996563902,2.948143807836736,1.4479535365351353,0.8159613807515191,1.4494727570321804,1.538947321528933,1.5919972057543612,0.00016042474909416815,0.49114074173932587,0.27677122757123857,0.4916560559831585,0.5220055132446775,0.539999847199626,5.44155100805219e-05,True,True,85,3.079225101172414e-10
26.0,3.5,14.541866087052489,3162.2776601683795,1.7752505772171816,2.9796188808079225,1.4934017563575999,0.83780883748006,1.4899503637345295,1.5824850505268169,1.6238579788518737,0.00016710635361400834,0.5012056293429932,0.2811798659474491,0.5000472957570097,0.5311031758859465,0.5449884847056564,5.608313019170342e-05,True,True,85,6.123370164711486e-10
26.0,3.5,14.55958760603983,3162.2776601683795,1.8491884897653654,3.009753632900362,1.5397203623956128,0.859826199778176,1.5308612505874981,1.6265286545634765,1.6553711984821833,0.00017406624461811806,0.5115768764474768,0.28567992754596355,0.5086334090117127,0.5404192013537219,0.5500022262244029,5.78340508390311e-05,True,True,85,9.130353511662785e-10
26.0,3.5,14.577309125027172,3162.2776601683795,1.8569052555521284,3.2142819322831477,1.640961018450367,0.910177107186384,1.6357104249773595,1.7372074807576934,1.757883909769274,0.00021812677783545587,0.5105218064318242,0.28316654430492755,0.508888286540407,0.5404651854928393,0.546897859865275,6.786174406316544e-05,True,True,257,5.293955920339377e-23
26.0,3.5,14.595030644014514,3162.2776601683795,1.934244026854203,3.2448453566160307,1.6911432302988958,0.9333291291750025,1.6796873784436488,1.784597794183258,1.790491653240448,0.0002272116598487529,0.5211783750651672,0.287634394431773,0.5176478980789868,0.5499793050367032,0.5517956809836102,7.002233847153392e-05,True,True,85,3.0964513661822543e-10
26.0,3.5,14.612752163001856,3162.2776601683795,2.014803902479523,3.27396633229877,1.7421899761940316,0.9565804491192232,1.7240188140421442,1.8324178538535487,1.8225988401544828,0.0002366749256214876,0.5321343591736868,0.29217785158089077,0.5265841609408514,0.5596935545048632,0.5566944357899888,7.228996929095163e-05,True,True,85,6.147664943522317e-10
26.0,3.5,14.630473681989198,3162.2776601683795,2.0987190391115527,3.301649951588791,1.7940674436025923,0.9798991037117446,1.7686512395628922,1.8806123727746835,1.854151379030408,0.00024653233500225976,0.5433851165049363,0.29679073132516853,0.53568708539553,0.569597746687141,0.5615832708546736,7.466943456062797e-05,True,True,85,9.151510160079404e-10
26.0,3.5,14.64819520097654,3162.2776601683795,2.1026068675800156,3.531861952850273,1.9104544927202267,1.0428728027927001,1.892832517205256,2.0108768228927074,1.9727008507933432,0.0003110829378649353,0.5409199221896137,0.2952756412098961,0.5359304928885196,0.5693531768051963,0.5585441552157325,8.807901951374007e-05,True,True,214,3.1763735522036263e-22
26.0,3.5,14.665916719963882,3162.2776601683795,2.190178934697458,3.5598719169966393,1.9664581802478158,1.0674072297033332,1.940738972648318,2.0626400610515763,2.0052110914860104,0.0003240394458697856,0.5523957676283082,0.29984427939864583,0.5451710111766221,0.5794141219529511,0.5632818085145459,9.102559120811524e-05,True,True,85,3.0878171751145117e-10
26.0,3.5,14.683638238951223,3162.2776601683795,2.281398315565021,3.5863783895281767,2.0232545661821635,1.0919205648700736,1.9888347515303577,2.1146668526767622,2.0370085103156144,0.0003375355939255448,0.5641497763007496,0.3044632903372269,0.5545524023169257,0.5896385219282362,0.5679848273298354,9.411600151035677e-05,True,True,85,6.120003994590496e-10
26.0,3.5,14.701359757938565,3162.2776601683795,2.376416918182934,3.6114079209508962,2.0807944710736375,1.1163748246000258,2.0370530933066364,2.1668873920852354,2.068043492265551,0.0003515938585730681,0.576172649730955,0.30912454340136697,0.5640606483385774,0.6000118068951587,0.5726418996503246,9.735645107642457e-05,True,True,85,9.094645013949467e-10
26.0,3.5,14.719081276925907,3162.2776601683795,2.3756814937008732,3.86875404261959,2.2146785281847,1.1939074502866218,2.1834405837655777,2.319409132189547,2.204232193191132,0.00044487769224103206,0.5724526562782236,0.3086025725942013,0.5643782364327141,0.5995235434039227,0.5697524755796092,0.00011499249818936509,True,True,214,1.0587911840678754e-22
26.0,3.5,14.736802795913249,3162.2776601683795,2.474626923026653,3.894032752824962,2.2765845862032545,1.2196376512488385,2.2351152021039282,2.3753882710530516,2.2360734333521894,0.0004634067972952337,0.5846341648132479,0.313206829183458,0.573984695039466,0.610007265431911,0.5742307718726838,0.00011900433989905477,True,True,85,3.0529213357318043e-10
26.0,3.5,14.75452431490059,3162.2776601683795,2.577693358476528,3.9178045217807838,2.339157483764012,1.2452029729416134,2.286765366463881,2.431412434776307,2.2669986986713453,0.0004827076490984509,0.5970582428907864,0.31783182800953624,0.5836854171132723,0.6206058575048921,0.5786400740690637,0.00012320871202605149,True,True,85,6.040419565036308e-10
26.0,3.5,14.772245833887931,3162.2776601683795,2.685052436998182,3.940115255795827,2.4023305515256324,1.2705608466878404,2.338311607036556,2.48739758667208,2.2969678648055316,0.000502812392298976,0.6097107306675494,0.32246793918499517,0.5934627428974187,0.6313007171587608,0.5829697142556274,0.00012761362540330502,True,True,85,8.960899760345452e-10
26.0,3.5,14.789967352875273,3162.2776601683795,2.6788908732075836,4.225851217302854,2.556894158090441,1.3643263861036452,2.5099837529326727,2.6649972430132087,2.4521908352795716,0.0006351488561528349,0.6050601468459593,0.32285244225290666,0.5939593288697625,0.6306415219024537,0.5802832871254469,0.00015030080887661211,True,True,264,4.18553389951832e-21
26.0,3.5,14.807688871862615,3162.2776601683795,2.790464755594283,4.24835760920353,2.624662826424865,1.3909862095443002,2.5651349875132263,2.724889095211045,2.4828077855776245,0.0006616028909245641,0.6178064720208263,0.3274174016167811,0.6037945068362855,0.6413982404183483,0.5844159117393826,0.00015573145007644485,True,True,85,2.993057697486449e-10
26.0,3.5,14.825410390849957,3162.2776601683795,2.9066856101123766,4.269405320688023,2.692911193679152,1.4173174594512847,2.6199992784609374,2.7845541970959062,2.5123300718924004,0.0006891587632426252,0.6307462026690837,0.33197069685172953,0.6136684342817842,0.6522112537788214,0.5884496512239166,0.00016141797545039972,True,True,85,5.912086295179257e-10
26.0,3.5,14.843131909837298,3162.2776601683795,3.0277469798162775,4.289055507047046,2.761553703470666,1.4432753257143736,2.6744862888749923,2.8438958875427667,2.540731769400386,0.0007178623677578246,0.6438605653233797,0.3365018996240615,0.6235606614278438,0.663058774331589,0.5923755860062636,0.0001673707338546576,True,True,85,8.756096547508551e-10
26.0,3.5,14.86085342882464,3162.2776601683795,3.015354772459626,4.604255448033488,2.941218559061808,1.554527019557595,2.874624329448263,3.0494752129118545,2.7160365882234263,0.0009019821822401793,0.6388043826538826,0.3376283173474976,0.6243407564791039,0.6623166866673977,0.5898970243676349,0.00019590185479943835,True,True,270,5.293955920339377e-23
26.0,3.5,14.878574947811982,3162.2776601683795,3.140942134789825,4.624067400819913,3.0147024372733022,1.5817665096787068,2.932822411124252,3.112819723837527,2.7449276836477448,0.0009395501137740837,0.6519590170201136,0.3420725462172625,0.6342516570161197,0.6731778440957801,0.5936175764135768,0.00020318694178365307,True,True,85,2.910905773073701e-10
26.0,3.5,14.896296466799324,3162.2776601683795,3.2717601206344136,4.642509821880504,3.0884132200120313,1.6085002189551443,2.9904258282559213,3.175615250338671,2.772584117238442,0.0009786828095099732,0.6652464590287142,0.34647211975172565,0.644139903412119,0.6840298399309257,0.5972166400534127,0.00021080899062342665,True,True,85,5.740922334778344e-10
26.0,3.5,14.914017985786666,3162.2776601683795,3.408026581709056,4.659653798033163,3.162246151959815,1.6346843288030168,3.0473367008561194,3.2377556774205765,2.798997773870748,0.0010194454481380565,0.6786440128437433,0.35081669146600897,0.6539835002639892,0.6948489775758087,0.6006879255819828,0.0002187813713903732,True,True,85,8.489943969922866e-10
26.0,3.5,14.931739504774008,3162.2776601683795,3.38861163916391,5.005224637024277,3.3730318821749483,1.7642234734288949,3.279072989700484,3.4742061530234074,2.9949331130356764,0.0012716890616770481,0.6739021975605664,0.3524763824541883,0.6551300346131856,0.6941159298474372,0.598361378404833,0.00025407232519999285,True,True,322,1.7734752333136913e-21
26.0,3.5,14.94946102376135,3162.2776601683795,3.529744882127845,5.022510571566641,3.4520064289224597,1.7916165151672927,3.3397474590133935,3.5403830039560296,3.021683894481617,0.001324655783684201,0.6873069513212984,0.35671732087732466,0.6649557848459932,0.704903046695171,0.6016281800555936,0.00026374375221494245,True,True,85,2.8103165041175264e-10
26.0,3.5,14.967182542748692,3162.2776601683795,3.6767562233782014,5.038543533561188,3.5308886749082804,1.818322500419643,3.399481911215724,3.6056453508192896,3.0471096639580146,0.001379828683464652,0.7007756609403921,0.3608825622539521,0.6746953536418107,0.7156126223386738,0.6047600152031137,0.0002738546713497192,True,True,85,5.535131859507044e-10
26.0,3.5,14.984904061736033,3162.2776601683795,3.829890481490243,5.05339899447976,3.6095557246667416,1.8443025306318586,3.4581757950147556,3.669882479504002,3.0712219144458865,0.0014372996596275127,0.7142827488210912,0.3649627770628325,0.6843266876002475,0.7262206058759488,0.6077536956414549,0.00028442235833695147,True,True,85,8.175096127978906e-10
26.0,3.5,15.002625580723375,3162.2776601683795,3.802685803876016,5.430111047870299,3.859179957100183,1.9926111660109649,3.724455278418967,3.94000170622248,3.2876954226100086,0.0017803170967829554,0.7107000065152924,0.36695587777941874,0.6858893392023182,0.725584002148125,0.6054563882076499,0.0003278601636482553,True,True,312,3.3854848110570317e-20
26.0,3.5,15.020347099710717,3162.2776601683795,3.9610649386435393,5.445097039819984,3.9433810763795227,2.0196793456802165,3.786900780325955,4.008237091588047,3.3120034718331546,0.0018544688876779144,0.7242076766569235,0.37091705270086195,0.6954698424348285,0.7361185782871851,0.6082542602294283,0.0003405759115248428,True,True,85,2.696128664278946e-10
26.0,3.5,15.038068618698059,3162.2776601683795,4.126040450714742,5.458960442792506,4.027107063912504,2.0458871245727486,3.848035269658645,4.075161144209487,3.334951691618383,0.0019317092907686494,0.737705851895211,0.374775957073282,0.7049025743975167,0.746508641510664,0.6109133280167907,0.0003538602836587862,True,True,85,5.304397104132262e-10
26.0,3.5,15.0557901376854,3162.2776601683795,4.297887074470489,5.471776233212795,4.110219457992347,2.0712047399382554,3.907761822289838,4.1406650223050745,3.3565707255957427,0.002012166965224281,0.7511673143802886,0.3785251171943725,0.7141669643890692,0.7567314242808229,0.6134334780033406,0.00036773560896199547,True,True,85,7.826068977131135e-10
26.0,3.5,15.073511656672743,3162.2776601683795,4.262133593286986,5.880351128643113,4.407823466182301,2.238638089221171,4.211305427758218,4.447125741567991,3.5927385899483606,0.002478964875511573,0.7495850791480548,0.38069802980247114,0.7161656397089969,0.7562687404679118,0.6109734795339309,0.0004215674916820133,True,True,314,7.907846656006945e-21
26.0,3.5,15.091233175660083,3162.2776601683795,4.439648398764807,5.893289900637914,4.496976639072227,2.2648887782937086,4.274700477810649,4.516513133736439,3.6144268790770724,0.0025822161168330858,0.7630672705555273,0.384316539060559,0.7253504493895571,0.7663823110496486,0.6133122483395619,0.0004381620725214241,True,True,85,2.5735413978480233e-10
26.0,3.5,15.108954694647425,3162.2776601683795,4.624556568498863,5.90523870145336,4.5852137406701186,2.2901268745900505,4.336404105472478,4.584177815183959,3.6347758350358728,0.0026897680497340575,0.7764654356040908,0.38781275243393953,0.7343317221715744,0.7762900107756406,0.615517173614219,0.0004554884545263291,True,True,85,5.058787525210893e-10
26.0,3.5,15.126676213634767,3162.2776601683795,4.817166030804627,5.916268388670077,4.672384818227863,2.3143356513336677,4.396330381821242,4.650020589834193,3.6538325141725214,0.0028017998247979077,0.7897520043505282,0.39118165358517637,0.743091775592942,0.7859718803053617,0.6175907301923247,0.0004735755109020209,True,True,85,7.457610209964963e-10
26.0,3.5,15.144397732622108,3162.2776601683795,5.017797538990944,5.926445959581947,4.7583414989469635,2.3375036236631836,4.454401665315048,4.713950454203358,3.6716473201377924,0.002918498056663209,0.802899668941319,0.3944191239749483,0.7516143225963479,0.7954093374599641,0.6195361174603187,0.0004924533314852129,True,True,85,9.772050049037635e-10
26.0,3.5,15.16211925160945,3162.2776601683795,4.908070306185742,6.481219818463182,5.195420032045863,2.569280921757576,4.8782893981985165,5.138830932859272,3.9882178963223094,0.0037326012422675,0.8016114524067777,0.39641934600619677,0.7526807506669708,0.7928802103301882,0.6153498890688744,0.0005759102988043027,True,True,334,2.117582368135751e-22
26.0,3.5,15.179840770596792,3162.2776601683795,5.112487912205031,6.491956271744051,5.290378831951983,2.5938654375509005,4.941597103362868,5.208242452940873,4.006573262569577,0.003888066576130381,0.8149128876573184,0.3995506637715019,0.7611876754116395,0.8022608648196714,0.6171596195137677,0.0005989052318563846,True,True,85,2.4156378875910487e-10
26.0,3.5,15.197562289584134,3162.2776601683795,5.325419364816533,6.501859224588332,5.383799793185848,2.6172956037832846,5.002754804905625,5.275428622867335,4.023682611574407,0.004050007369280961,0.8280400431965251,0.40254572013576617,0.769434500517408,0.8113723229990958,0.6188510812965453,0.000622899885922613,True,True,85,4.744575221286035e-10
26.0,3.5,15.215283808571476,3162.2776601683795,5.547219259620926,6.510991475756125,5.475526387546838,2.6395748779163974,5.061701288014181,5.340314225528476,4.039606955023263,0.004218693357314355,0.840966603617149,0.40540290795110623,0.7774086799009919,0.8201998490419314,0.620428850208891,0.0006479340931443066,True,True,85,6.989168665341188e-10
26.0,3.5,15.233005327558818,3162.2776601683795,5.778256960871184,6.519411642779931,5.565407553957862,2.6607122059978843,5.118386502268595,5.402835515642031,4.05440818222744,0.004394405513348888,0.8536671495688415,0.4081215225831843,0.7850994511041601,0.8287305376130869,0.6218978650807524,0.0006740494011013358,True,True,85,9.151760965127953e-10
26.0,3.5,15.25072684654616,3162.2776601683795,5.644109758133643,7.127611310048395,6.114151738922178,2.923360095682875,5.609799629866502,5.893724646228841,4.394990132723187,0.005605394982485433,0.8578121719828553,0.410145835472477,0.7870518446983625,0.8268863704618629,0.6166147312953498,0.0007864338750603635,True,True,337,1.0587911840678754e-22
26.0,3.5,15.268448365533501,3162.2776601683795,5.803226531097804,7.262668152891356,6.315469472901325,2.996730139814676,5.763776535392532,6.052144850433502,4.477244854612182,0.006079029837409273,0.8695797935345649,0.4126211024279888,0.793616948214535,0.8333225094449715,0.6164738303277338,0.0008370243152289889,True,True,122,2.117582368135751e-22
26.0,3.5,15.286169884520843,3162.2776601683795,6.0449267514837155,7.271240650886357,6.416831602104429,3.018562530047606,5.825061805298718,6.1194314007095585,4.49179544432725,0.006332217455180047,0.8824947364824492,0.41513720628674916,0.801109753476341,0.8415938482195066,0.6177481478046948,0.0008708579125913204,True,True,85,2.2281856134693506e-10
26.0,3.5,15.303891403508185,3162.2776601683795,6.2966936125946695,7.279142949223123,6.515827934222956,3.039163551363533,5.883727001101685,6.183967173567708,4.50528041776632,0.006595950187536969,0.8951366911840035,0.41751667367487155,0.808299416860557,0.8495460546255243,0.6189300648707761,0.0009061437910408025,True,True,85,4.3732779539560945e-10
26.0,3.5,15.321612922495527,3162.2776601683795,6.558946382792628,7.286426972048941,6.612308246168008,3.058562170736876,5.939755005473575,6.245722113119215,4.517766055224806,0.006870667234821427,0.9074829503586761,0.41976158993559626,0.8151807502166343,0.8571721279960787,0.6200248863476101,0.0009429405195684541,True,True,85,6.499986890342391e-10
26.0,3.5,15.339334441482869,3162.2776601683795,6.832121792665945,7.29314078230649,6.706133236117447,3.0767917699713037,5.993141883765458,6.304680225550125,4.529316863958031,0.007156826088680378,0.9195123796851485,0.42187472610370397,0.821750472485751,0.8644670950059791,0.6210379038543136,0.000981309192062106,True,True,85,8.597303526629045e-10
26.0,3.5,15.35705596047021,3162.2776601683795,6.6645862916805925,7.968268177787307,7.420251250437013,3.3746114146964863,6.571421006429078,6.8804547327316525,4.890797427454765,0.009111841390446853,0.9312250899288292,0.42350625498570704,0.8246987751677157,0.8634818230530832,0.6137842399793428,0.001143515904227147,False,True,378,5.196679480303141e-20
26.0,3.5,15.374777479457553,3162.2776601683795,6.942161527947545,7.975376898808428,7.526493366915997,3.3937544639146173,6.629531822992627,6.944274992326907,4.90251971528336,0.009491319147133857,0.9437163236812673,0.4255290385613833,0.8312499718957634,0.8707143349381301,0.6147069633807309,0.0011900778192127722,False,True,85,2.178055012374803e-10
26.0,3.5,15.392498998444895,3162.2776601683795,7.231297573605598,7.981928854685521,7.629632192177156,3.4116853396253917,6.684743145712001,7.005023268205724,4.9133511781896,0.00988659984791389,0.955863216908835,0.4274261775238296,0.8374846816365631,0.8776103365157987,0.6155593801497471,0.001238622897786203,False,True,85,4.316730296150695e-10
26.0,3.5,15.410220517432236,3162.2776601683795,7.532475928069375,7.987967537723824,7.729536168637118,3.428450825728414,6.737082430648084,7.062716789207182,4.9233541491330355,0.0102983415012737,0.9676474187124268,0.429201897671376,0.8434038319299204,0.8841694405808399,0.6163462890756749,0.0012892317667340218,False,True,85,6.414572831797131e-10
26.0,3.5,15.427942036419577,3162.2776601683795,7.846198144858548,7.993533087470587,7.826089404828988,3.4441002581679854,6.786590116010806,7.1173870751381,4.932587868617501,0.010727229506581153,0.9790526065496548,0.430860824679192,0.8490100737367815,0.8903931462164337,0.617072302652885,0.0013419885036061814,False,True,85,8.47007956723191e-10
26.0,3.5,15.44566355540692,3162.2776601683795,7.647754825385157,8.725959138174474,8.708551996214563,3.7670238643704765,7.440193270327154,7.766699130259981,5.305222274440172,0.013640852405430415,0.9980051313919455,0.4317031291025002,0.8526504826016971,0.8900682443356964,0.6079815628783769,0.0015632496312931587,False,True,417,6.352747104407253e-22
26.0,3.5,15.46338507439426,3162.2776601683795,7.966278325518649,8.731855435325997,8.819313006129196,3.7833427560698274,7.493999078135359,7.825749115771249,5.314514353865491,0.014208874943924997,1.0100159206082795,0.4332805076872622,0.8582367325754491,0.8962298074829591,0.6086351741881624,0.0016272457840335879,False,True,85,2.1334359733094657e-10
26.0,3.5,15.481106593381602,3162.2776601683795,8.298068100847155,8.737289699481593,8.926208366773908,3.79853553322929,7.544757916042207,7.8815480620146365,5.323086543120842,0.014800545930007262,1.0216221132399357,0.4347498668213631,0.8635123906318292,0.9020586855992963,0.6092377300293333,0.0016939516073142702,False,True,85,4.2209019160553395e-10
26.0,3.5,15.498828112368944,3162.2776601683795,8.643676682212089,8.742298114246392,9.029137820515121,3.8126603259235736,7.59254295781957,7.934163032155404,5.330992670590518,0.015416849515152865,1.0328105610813358,0.4361164851734451,0.868483647960576,0.9075603380792912,0.6097930545176865,0.001763477899481564,False,True,85,6.26092783041234e-10
26.0,3.5,15.516549631356286,3162.2776601683795,9.003679612967924,8.746914038929233,9.128021217764301,3.825775587198497,7.637438182410498,7.983673457702419,5.33828308418836,0.01605881077289888,1.0435704726419972,0.4373857534407455,0.8731580244665862,0.9127417306458121,0.6103047383831217,0.0018359401614589028,False,True,85,8.252093801398366e-10
26.0,3.5,15.534271150343628,3162.2776601683795,8.772846690323746,9.535919416372426,10.211854534124262,4.167314026979832,8.365982458174368,8.706020446562558,5.718586423431212,0.0204023193579075,1.070883056812677,0.4370122947793456,0.8773126211417677,0.9129712685716496,0.5996890466180793,0.0021395230461866443,False,True,391,2.117582368135751e-22
26.0,3.5,15.55199266933097,3162.2776601683795,9.138229459219714,9.54080623761613,10.326868290147308,4.180864118480465,8.414642072767627,8.759320974643385,5.725863482680556,0.021251685442515586,1.082389478724765,0.4382086811486382,0.8819634172625346,0.918090228067769,0.600144614624437,0.0022274517386934737,False,True,85,2.0667523391215402e-10
26.0,3.5,15.569714188318311,3162.2776601683795,9.51883015822648,9.545310089104927,10.437243798826845,4.193421944737569,8.460250579885956,8.809349643054363,5.732572154978576,0.022136405724061912,1.0934420884597533,0.43931751882256453,0.8863253787367826,0.9228982150207363,0.6005642667933615,0.002319087124191862,False,True,85,4.0813180980075195e-10
26.0,3.5,15.587435707305653,3162.2776601683795,9.915282603212145,9.549460980456113,10.542924243845516,4.205049208285595,8.50292155579676,8.856218761512501,5.73875630043938,0.023057932125585698,1.1040334386854527,0.4403441426580653,0.890408534387313,0.9274050943438171,0.6009508088659972,0.00241457943781078,False,True,85,6.04242461781691e-10
26.0,3.5,15.605157226292995,3162.2776601683795,10.328247008020863,9.553286571162566,10.64387660789894,4.215805963884265,8.542775488867763,8.900049101817622,5.744456571056264,0.02401780644863362,1.1141586226491327,0.44129378224767646,0.8942237234518726,0.931621702701058,0.6013068411866143,0.0025140883474733685,False,True,85,7.948913538345173e-10
26.0,3.5,15.622878745280337,3162.2776601683795,10.758411083929602,9.55681235394868,10.7400915460965,4.225750249330929,8.57993818084465,8.94096822624561,5.749710591501032,0.025017628361157833,1.1238152585112664,0.44217152046361313,0.8977824260931099,0.9355596714788886,0.6016347688489844,0.0026177795937178845,False,True,85,9.799681375412522e-10
26.0,5.0,14.222878745280337,100000.0,0.26000727669624424,5.059006283274916,1.6253595171916286,1.054436668756381,1.551340024296155,1.6457854961744742,2.435675508523007,0.000853509077033703,0.32128039108491924,0.20842762584469418,0.30664915942581217,0.3253179387452916,0.48145334718704635,0.00016871081576937463,True,True,131,1.6940658945086007e-21
26.0,5.0,14.240600264267679,100000.0,0.2705369016119933,5.231626976560961,1.7010953466824583,1.08958261074987,1.6114813702027104,1.7113012427121908,2.528344831399891,0.0009224605590367057,0.3251560851535869,0.208268405914925,0.3080268102872324,0.32710689244077645,0.4832807925197129,0.00017632384020679743,True,True,44,1.376428539288238e-21
26.0,5.0,14.25832178325502,100000.0,0.28148356261819485,5.408775340999191,1.780229751218723,1.1258336365917923,1.6738300947916644,1.7792927667973197,2.624182938677107,0.000997177143553374,0.3291373072429834,0.20814945447222277,0.30946563487372525,0.32896407312577003,0.4851713693459355,0.00018436283274600942,True,True,47,8.470329472543003e-22
26.0,5.0,14.276043302242362,100000.0,0.2928631697456105,5.590471031587858,1.8629043041052136,1.1632238439692486,1.7384579401063232,1.8498422798342813,2.723270325238528,0.00107819564975452,0.3332285050006053,0.2080726002150232,0.31096806159686874,0.3308920249084757,0.4871271686860059,0.00019286311362001296,True,True,44,8.470329472543003e-22
26.0,5.0,14.293764821229704,100000.0,0.30469203163793795,5.776726884383365,1.9492650377152165,1.2017871608177153,1.8054388815602906,1.9230342862220078,2.8256873392415485,0.0011661409821283298,0.3374341693364114,0.2080394633276833,0.31253665227640615,0.3328934056793792,0.48915023953796904,0.00020186881004896412,True,True,44,6.352747104407253e-22
26.0,5.0,14.311486340217046,100000.0,0.31698721659950857,5.967546091849743,2.039464835557435,1.2415588404158073,1.8748478194297615,1.9989544396442165,2.931513970542692,0.0012616733006549522,0.3417593771655759,0.20805182252575863,0.31417399892233094,0.33497092588431204,0.491242786469039,0.0002114224643154578,True,True,44,8.470329472543003e-22
26.0,5.0,14.329207859204388,100000.0,0.32976628203627595,6.162923544521384,2.1336620528983765,1.2825739459810916,1.9467616086932582,2.0776903947993923,3.040829628885435,0.001365548071522706,0.34620939842668097,0.20811128626141298,0.3158828102652448,0.3371274006224504,0.4934070018747227,0.00022157472207109057,True,True,46,1.6940658945086007e-21
26.0,5.0,14.34692937819173,100000.0,0.3430474822521992,6.362844113877114,2.2320207791741358,1.324868765732918,2.0212584493104835,2.15933113972531,3.153712893111141,0.0014785862602153138,0.35078979450497394,0.2082195857735114,0.31766587600381374,0.3393657146205882,0.495645160665341,0.00023237819970955677,True,True,45,2.117582368135751e-21
26.0,5.0,14.364650897179072,100000.0,0.3568497406655384,6.56728228645658,2.334712041706189,1.3684798161661664,2.09841787852247,2.2439670388324373,3.2702412605579423,0.0016016969395645621,0.35550657636888305,0.20837840623789278,0.3195260667947753,0.34168883580047604,0.4979596000162835,0.00024389037499844828,True,True,46,8.470329472543003e-22
26.0,5.0,14.382372416166413,100000.0,0.371192569604872,6.776202514749782,2.4419114007476637,1.413444318797323,2.1783213219653903,2.3316900862972956,3.390490857373228,0.0017358995026352643,0.36036576466425657,0.2085894445628911,0.32146638433899094,0.34409982305308884,0.5003526458946785,0.00025617585939273897,True,True,44,8.470329472543003e-22
26.0,5.0,14.400093935153755,100000.0,0.3860963353878687,6.989556793229163,2.5538024921252713,1.459800282748494,2.261050933059956,2.4225929678545595,3.5145361542964917,0.0018822939544845812,0.3653740240867861,0.20885448475969373,0.3234898864045648,0.34660180030318144,0.5028267540083585,0.00026930090278513423,True,True,44,8.470329472543003e-22
26.0,5.0,14.417815454141095,100000.0,0.40158192895058864,7.207286836222713,2.6705730559895153,1.5075857544850668,2.3466910498686504,2.516770109254956,3.642449642720461,0.0020421338234977047,0.37053791762076493,0.20917521235705136,0.32559978577160864,0.3491979945360378,0.5053843041758891,0.0002833429374885227,True,True,45,3.3881317890172014e-21
26.0,5.0,14.435536973128437,100000.0,0.4176712078335861,7.42932044671102,2.7924190901177077,1.5568399383874052,2.4353264337077305,2.614316139459942,3.774301507770473,0.002216762920958556,0.3758646716273921,0.2095534779465089,0.32779935273701327,0.3518916916038137,0.5080278249999792,0.0002983803077090211,True,True,45,1.1102230246251565e-16
26.0,5.0,14.45325849211578,100000.0,0.434386593994576,7.6555742543430965,2.9195415019838387,1.6076015132792187,2.527043851824929,2.715327145530745,3.910159278755626,0.0024077047049024464,0.381361528866048,0.20999097649235232,0.3300920045797097,0.35468627895422844,0.5107597612990752,0.000314503474842077,True,True,45,8.470329472543003e-22
26.0,5.0,14.470980011103121,100000.0,0.4517514890946486,7.885950412476107,3.0521487734231454,1.659910219189201,2.6219305525752623,2.8198992156175016,4.0500874516521845,0.0026166110412375264,0.3870362624388862,0.21048955831159055,0.33248123757247966,0.3575852076315659,0.5135826678854932,0.00033180668205798895,True,True,44,8.470329472543003e-22
26.0,5.0,14.488701530090463,100000.0,0.46978999894452306,8.120338430450069,3.190455938866992,1.7138049609278174,2.720075204858744,2.9281292412765274,4.194147117204122,0.0028453184330014046,0.39289691755989553,0.21105092793932112,0.33497067002267594,0.3605920204380246,0.5164990539651266,0.0003503940700712523,True,True,45,5.082197683525802e-21
26.0,5.0,14.506423049077805,100000.0,0.48852715162937055,8.358613520331795,3.334684758007821,1.7693250619230576,2.8215671963539166,3.040114091915963,4.342395536278301,0.003095854911920021,0.3989519015200802,0.2116768597590123,0.3375640217711507,0.3637103312075715,0.5195114627223403,0.0003703789993866269,True,True,44,1.6940658945086007e-21
26.0,5.0,14.524144568065147,100000.0,0.5079888775885125,8.60063655789642,3.485065462154782,1.826508865028782,2.9264965355623764,3.15595056303924,4.494885737353502,0.0033704285840002795,0.4052101770252194,0.21236903254001901,0.34026510896748685,0.3669438351213315,0.5226224485938376,0.00039188129405442904,True,True,45,1.1102230246251565e-16
26.0,5.0,14.541866087052489,100000.0,0.5282019487524989,8.846254765583955,3.6418345877260245,1.885394051720524,3.034954160866566,3.2757354282857496,4.651666061958698,0.003671508701959741,0.411680952474312,0.21312907006200904,0.34307786077719005,0.3702963022306212,0.5258345124827111,0.00041503537929334994,True,True,44,1.6940658945086007e-21
26.0,5.0,14.55958760603983,100000.0,0.5491942537179955,9.095299495558345,3.8052390677338703,1.9460171874653636,3.1470307509191127,3.3995644197780592,4.812779714029984,0.0040017530451957935,0.4183742459049473,0.21395856050872142,0.3460062807668899,0.373771575244798,0.5291502183496307,0.0004399803488769154,True,True,46,1.1102230246251565e-16
26.0,5.0,14.577309125027172,100000.0,0.5709944615061042,9.3475892852433,3.9755325605591736,2.008412721603726,3.262817962758977,3.5275331638591934,4.978264300150169,0.004364131173329126,0.4253003035590366,0.21485889680394218,0.3490544848723584,0.37737357260956916,0.5325719977886891,0.0004668723710634806,True,True,45,1.6940658945086007e-21
26.0,5.0,14.595030644014514,100000.0,0.5936325423910955,9.60292586526855,4.15298094175833,2.072613736874709,3.3824063294570514,3.6597353040283034,5.148151317170535,0.004761848225111781,0.43247037413655914,0.21583148364925417,0.3522266418498964,0.38110627483491016,0.5361023701942913,0.0004958747252578747,True,True,44,1.6940658945086007e-21
26.0,5.0,14.612752163001856,100000.0,0.617139260983655,9.861098796020991,4.337858385529563,2.138649511971365,3.505887103238375,3.7962640800663108,5.322465697880256,0.005198428937871897,0.439896047616916,0.21687740445662324,0.35552702348474796,0.38497373959970105,0.53974367440958,0.0005271652830381835,True,True,85,1.2705494208814505e-21
26.0,5.0,14.630473681989198,100000.0,0.6415467879632389,10.121880976602878,4.530453134725861,2.2065473430298956,3.6333496651256345,3.9372099687456754,5.501225256991305,0.005677735015967239,0.4475900423249572,0.2179977563587653,0.358959927855728,0.3889800697959885,0.5434983151558097,0.0005609367497100138,True,True,44,2.541098841762901e-21
26.0,5.0,14.64819520097654,100000.0,0.666888217469666,10.385033305880949,4.731064606475631,2.2763290733316732,3.7648834150629176,4.0826624050164995,5.684440213069508,0.006203914977645843,0.4555656652344555,0.21919323764157878,0.3625297391132004,0.3931294474235846,0.5473685105901839,0.0005973899933602161,True,True,44,1.6940658945086007e-21
26.0,5.0,14.665916719963882,100000.0,0.6931980457071507,10.650301585345062,4.940008070758507,2.348013320988692,3.9005754041728693,4.232707595589748,5.872112655591424,0.006781578828948182,0.4638373881877688,0.22046449127971976,0.36624084049789785,0.39742607865809193,0.5513564670949337,0.0006367499337558396,True,True,44,1.6940658945086007e-21
26.0,5.0,14.683638238951223,100000.0,0.7205119666434404,10.917419081816998,5.157614763928683,2.4216120267114354,4.040511317264996,4.387429512178579,6.064235991774254,0.007415606396256606,0.4724206999178688,0.22181176783298895,0.37009766566481656,0.40187424145747586,0.5554642490434631,0.0006792453729844744,True,True,44,1.6940658945086007e-21
26.0,5.0,14.701359757938565,100000.0,0.7488669597148091,11.18610706967256,5.384233185150255,2.497131722060138,4.184774468956643,4.546908922417594,6.260794498276953,0.008111425133398143,0.4813321695934618,0.22323509926257426,0.37410463201289024,0.4064782228613775,0.5596937754378404,0.0007251338721215709,True,True,44,1.6940658945086007e-21
26.0,5.0,14.719081276925907,100000.0,0.7783015901671638,11.456073340524082,5.620234654146515,2.5745718160681763,4.333444690904495,4.711222541156765,6.46176267855576,0.008874795939276994,0.490589968053522,0.22473422956895955,0.37826614426215366,0.4112423516434332,0.5640469021526143,0.0007746804402764935,True,True,44,8.470329472543003e-22
26.0,5.0,14.736802795913249,100000.0,0.8088555661546903,11.727017652655132,5.866009229087946,2.65392330165658,4.486599698079365,4.880444213318068,6.667104895749864,0.009712019626238133,0.5002132172760748,0.2263084596837544,0.38258659029677056,0.4161709616095853,0.5685251863026193,0.0008281747255696524,True,True,44,1.6940658945086007e-21
26.0,5.0,14.75452431490059,100000.0,0.840570559463889,11.998626024470267,6.121977646900122,2.735170200263858,4.644311326990871,5.054641656735426,6.876774732310998,0.010629906374367504,0.5102232234269843,0.2279569506279878,0.38707026267167244,0.42126837243088305,0.5731301832631793,0.0008859269680285588,True,True,44,1.6940658945086007e-21
26.0,5.0,14.772245833887931,100000.0,0.8734893716476377,12.270579914720797,6.388582345731663,2.818285190482774,4.806649176344511,5.233879717535041,7.090714591981794,0.011635719526961744,0.5206422508252764,0.22967823933909817,0.3917214353152176,0.42653890475510847,0.5778630383617966,0.0009482615824051297,True,True,82,1.0926725019580474e-19
26.0,5.0,14.789967352875273,100000.0,0.9076569831802335,12.542548844140102,6.666303070836778,2.903233914686869,4.973675158816903,5.418215511311359,7.308855244374826,0.01273747767821831,0.5314950855424642,0.23147080794851874,0.39654421287269787,0.431986797790527,0.582724877949312,0.0010155414052199828,True,True,44,1.6940658945086007e-21
26.0,5.0,14.807688871862615,100000.0,0.9431197608025836,12.814199492220135,6.95564773952856,2.9899691963505624,5.145447600738126,5.60770209421929,7.531115257760105,0.013943589491401745,0.5428078237545413,0.23333249947964815,0.4015426483614582,0.4376162629295638,0.5877164049406643,0.0010881358215054553,True,True,46,1.6940658945086007e-21
26.0,5.0,14.825410390849957,100000.0,0.9799262062237476,13.085191348179988,7.2571642784356625,3.0784357147742676,5.322016770766264,5.802384352199083,7.757400857440657,0.015263400511227555,0.554608953383403,0.235261039205395,0.4067205919389555,0.44343137198418836,0.5928381672859243,0.0011664636844115033,True,True,84,1.1102230246251565e-16
26.0,5.0,14.843131909837298,100000.0,1.018126762691182,13.355180697692166,7.571439806792214,3.168566266518015,5.503426362099081,6.002300273847583,7.987605204163169,0.016706752343229703,0.5669290426074574,0.23725371735820522,0.412081759631309,0.449436095977706,0.5980903879154149,0.0012509566677833647,True,True,44,1.6940658945086007e-21
26.0,5.0,14.86085342882464,100000.0,1.057773781201794,13.623823620791846,7.899100315763906,3.260283385023859,5.6897129461005,6.207480254278644,8.221608464830918,0.018284467179898806,0.57980054172962,0.23930751569979325,0.41762966876767316,0.4556342203964801,0.6034729084633482,0.0013420951187296767,True,True,44,5.082197683525802e-21
26.0,5.0,14.878574947811982,100000.0,1.0989221996533205,13.890772378169011,8.24082296230123,3.353500520211088,5.8809029492245175,6.417944162734831,8.459277225083433,0.02000814524076773,0.5932588007310995,0.2414192982876539,0.4233675989441056,0.46202932335291796,0.6089853749513732,0.0014403911241258904,True,True,44,3.3881317890172014e-21
26.0,5.0,14.896296466799324,100000.0,1.141628760092665,14.155685385243045,8.597323163153103,3.448119463026326,6.077016327989192,6.63370436595883,8.700464448964981,0.021890355416300602,0.6073406500059405,0.243585483089424,0.42929862896814114,0.46862473878335165,0.6146268592572001,0.001546400249833241,True,True,86,1.6940658945086007e-21
26.0,5.0,14.914017985786666,100000.0,1.185953184020627,14.41821939353325,8.969374227493967,3.5440355225603253,6.278060700593802,6.854760078962338,8.945009402598444,0.023944778344410292,0.6220861246928204,0.24580257976583914,0.43542552164309484,0.47542348273856777,0.6203962610397226,0.001660730613875235,True,True,44,6.776263578034403e-21
26.0,5.0,14.931739504774008,100000.0,1.2319573102686396,14.678040276390012,9.35779262774141,3.641133695067049,6.484035863852914,7.081101021394534,9.192737261366867,0.026186161254567658,0.6375369226090523,0.24806674641191045,0.4417507883721129,0.48242823211111213,0.6262918678696917,0.0017840366126184257,True,True,44,8.470329472543003e-21
26.0,5.0,14.94946102376135,100000.0,1.2797059038053253,14.934818776940608,9.763450425322823,3.7392932899020455,6.694929626030463,7.312703279947257,9.443459649267622,0.02863059929707523,0.6537374554820585,0.25037419909477054,0.44827658949350285,0.4896412463496435,0.6323116329907091,0.0019170369406343877,True,True,44,8.470329472543003e-21
26.0,5.0,14.967182542748692,100000.0,1.3292665755872082,15.188234243449624,10.187273567207702,3.8383875528244573,6.910718522897312,7.549529328994212,9.696974085125486,0.0312955504863156,0.6707345570207587,0.25272111894638943,0.4550047367012241,0.49706432018258934,0.638453024209025,0.0020605127616999145,True,True,44,1.1858461261560205e-20
26.0,5.0,14.984904061736033,100000.0,1.3807095731321755,15.437979694177749,10.630236296857008,3.9382837349908724,7.131368790794439,7.791528705909583,9.953064729348984,0.03420000248834426,0.6885769062687701,0.2551035700918916,0.46193666088859736,0.5046987274408753,0.6447129045714878,0.002215315939380487,True,True,83,1.1102230246251565e-16
26.0,5.0,15.002625580723375,100000.0,1.434108718361464,15.68375639632645,11.093375561721313,4.038847639435565,7.356832163675286,8.038633327387657,10.211502296048799,0.03736459815128504,0.7073162373473025,0.25751787629024697,0.4690733506545951,0.5125451533581915,0.6510877903230251,0.0023823755742620953,True,True,44,1.3552527156068805e-20
26.0,5.0,15.020347099710717,100000.0,1.489540479822727,15.925285304938898,11.577775012875495,4.139940268120413,7.587050104125884,8.290761396088122,10.472044408929442,0.04081193699603059,0.7270058144129379,0.2599601946745969,0.4764153331540577,0.5206036336138301,0.6575734254306737,0.002562713082658156,True,True,47,8.470329472543003e-22
26.0,5.0,15.038068618698059,100000.0,1.5470850909854592,16.162300043050244,12.084578471391914,4.241422987166513,7.821949316082906,8.547812361094138,10.734436411292027,0.044566273653952784,0.7477016537994701,0.2624269426918798,0.48396263497448977,0.5288735104735096,0.664165148691681,0.002757421501596005,True,True,44,1.6940658945086007e-20
26.0,5.0,15.0557901376854,100000.0,1.6068261360490093,16.394553527249244,12.614988093995944,4.34315667331825,8.061442733750658,8.80966798517509,10.998411265978623,0.04865463495171528,0.7694621310076352,0.26491460509122905,0.4917146856333602,0.5373533332598913,0.670857626448824,0.0029677316232398056,True,True,84,2.042196435830118e-18
26.0,5.0,15.073511656672743,100000.0,1.6688505059308911,16.621821129016347,13.170252843728953,4.445000764107156,8.305431346655467,9.076193455690172,11.263690901229223,0.05310549259756861,0.7923471647001382,0.2674196003918978,0.49967035995573666,0.5460408570903258,0.677644814837193,0.003194926246972031,True,True,44,1.6940658945086007e-20
26.0,5.0,15.091233175660083,100000.0,1.7332495877064333,16.84389296580979,13.751698378046045,4.546820004012171,8.553797181269308,9.347230736193408,11.529986460409006,0.05795093778751435,0.8164204323762703,0.2699387851277276,0.5078278043343096,0.5549329216925494,0.6845202877869682,0.0034404717427939492,True,True,45,1.6940658945086007e-21
26.0,5.0,15.108954694647425,100000.0,1.8001176063157098,17.060590769490577,14.360688300144806,4.648475356596443,8.806412539547596,9.622607491983311,11.796999193790022,0.06322469706108501,0.84174624983245,0.2724686043644692,0.5161845013770617,0.5640254562105436,0.6914765938168198,0.0037058914263478856,True,True,44,1.8634724839594607e-20
26.0,5.0,15.126676213634767,100000.0,1.8695540049390245,17.271749744515134,14.998670344018581,4.749836080898787,9.063128434089636,9.902125424172882,12.064421915864964,0.06896425678941952,0.868393218167233,0.2750060735686122,0.5247371324939298,0.5733133915582252,0.69850606304067,0.003992893471104165,True,True,44,2.202285662861181e-20
26.0,5.0,15.144397732622108,100000.0,1.9416614251015474,17.47723791227844,15.667141969140726,4.850769056674702,9.323783921381738,10.18557038989488,12.331939035234226,0.07520997479011382,0.8964312351744064,0.2775478070975304,0.5334815471517622,0.5827906240687563,0.7055999979590917,0.0043033101207185535,True,True,44,1.1102230246251565e-16
26.0,5.0,15.16211925160945,100000.0,2.016547489682175,17.676942906697693,16.367672486178808,4.951147270502772,9.588199426874413,10.472704782696932,12.599228932383618,0.08200513692360283,0.9259334361473324,0.2800906976186935,0.5424127620642764,0.5924499976027463,0.7127493141141413,0.004639101758513433,True,True,44,3.5575383784680614e-20
26.0,5.0,15.179840770596792,100000.0,2.0943243427974307,17.870777614156342,17.101914010803352,5.0508468219384,9.856177053511368,10.76326959022684,12.865964130607763,0.08939796824568214,0.9569764886591205,0.2826316196748691,0.5515248002249099,0.6022832258681744,0.719944280455708,0.005002466606425985,True,True,44,2.220446049250313e-16
26.0,5.0,15.197562289584134,100000.0,2.1751082122748002,18.058684991181345,17.871566959927968,5.149744531817788,10.127505748605815,11.056988360336687,13.131813052027347,0.09743854052395007,0.9896383357179799,0.2851671943074803,0.5608108095108483,0.6122809255345105,0.7271743794434671,0.005395660900643239,True,True,44,6.606856988583543e-20
26.0,5.0,15.215283808571476,100000.0,2.2590214407183042,18.240623007893003,18.678451253550616,5.247726944052779,10.401949732516616,11.353557255128967,13.396441946008052,0.10618366888272868,1.024002921691225,0.28769450154098386,0.5702628538518411,0.6224325369926293,0.734428968802831,0.005821274242485103,True,True,44,9.147955830346444e-20
26.0,5.0,15.233005327558818,100000.0,2.346189879878397,18.416586180306076,19.52442451597759,5.344677083708992,10.679263571328253,11.652659852468982,13.65951485130013,0.11569201452375491,1.060154380666716,0.29020997873234317,0.579872049400133,0.6327263771029317,0.7416963555334182,0.0062819467946492215,True,True,44,3.3306690738754696e-16
26.0,5.0,15.25072684654616,100000.0,2.436746268245661,18.586579849329787,20.411476684796565,5.440490992454805,10.959175800925308,11.953951195019641,13.920697394653304,0.12602925921544333,1.0981835738613621,0.2927107104457942,0.5896284249046758,0.6431495892156129,0.7489649794367773,0.006780658961309001,True,True,44,1.4230153513872246e-19
26.0,5.0,15.268448365533501,100000.0,2.530827446325624,18.750642140769912,21.341655705866703,5.535062404068068,11.241403611016006,12.257073543674542,14.179655962141714,0.13726488971448444,1.138182657726857,0.2951932185849287,0.5995209938209842,0.6536882018042321,0.7562224192477437,0.007320543407738902,True,True,44,1.1102230246251565e-16
26.0,5.0,15.286169884520843,100000.0,2.6285767946063046,18.908825611927853,22.31712331239056,5.628296106098243,11.525642825892506,12.561645767720119,14.43606129052675,0.14947400239704817,1.1802490419242495,0.29765445097488574,0.609537739806645,0.664327125625196,0.7634562604152612,0.007904986034815332,True,True,44,2.220446049250313e-16
26.0,5.0,15.303891403508185,100000.0,2.7301432415068363,19.06120488911878,23.34014338748378,5.720100603661149,11.811573075600043,12.867270261248716,14.68958934412212,0.16273880332459467,1.2244841563403823,0.3000912396113274,0.619665605837056,0.6750502046486099,0.7706537666203763,0.008537697604703636,True,True,44,3.3306690738754696e-16
26.0,5.0,15.321612922495527,100000.0,2.835681491831486,19.207874625227962,24.41305847052888,5.8103906208393274,12.098859901072409,13.173534259244144,14.939922437712118,0.17714526207558987,1.270992181428774,0.302500444958541,0.6298906119046379,0.6858402877089687,0.7778019551465502,0.009222533233475199,True,True,44,2.220446049250313e-16
26.0,5.0,15.339334441482869,100000.0,2.9453532474081285,19.34894077719717,25.53835933180371,5.899091979707874,12.387148689870175,13.480005479088167,15.186752847397798,0.19278945056542984,1.3198841024879668,0.3048793237643264,0.6401977675423192,0.6966792463892609,0.7848880733200376,0.009963824520701062,True,True,45,1.1858461261560205e-20
26.0,5.0,15.35705596047021,100000.0,3.0593256164647746,19.484531137339836,26.71858725510409,5.986132418214873,12.676076949154547,13.786243907822241,15.42978178740734,0.20977068631379628,1.371271757414836,0.30722486345812794,0.6505713101231531,0.7075481473301921,0.7918990546217435,0.01076601150087698,True,True,46,3.3881317890172014e-21
26.0,5.0,15.374777479457553,100000.0,3.177773524978362,19.61477854223613,27.956452359502457,6.071455719818765,12.96526226812572,14.091791053086308,15.66872392579555,0.22819942006625818,1.4252749425288875,0.30953475751690057,0.6609945781548268,0.7184272319334486,0.798822372225941,0.011634055392207498,True,True,45,1.1102230246251565e-16
26.0,5.0,15.392498998444895,100000.0,3.300877696172264,19.739833839234116,29.254716865526238,6.1550070907122425,13.254317208896897,14.396185004529762,15.903306771437906,0.24819137620048293,1.4820143423588863,0.3118064286072557,0.6714502926844874,0.7292961593180421,0.805645422396065,0.012573123878438506,True,True,45,2.220446049250313e-16
26.0,5.0,15.410220517432236,100000.0,3.4288268281834995,19.859851157444393,30.616289478143067,6.236747736089898,13.542839751060786,14.698951361809112,16.13327344613946,0.26987191496856183,1.5416172676937039,0.31403798984425296,0.681920506034825,0.7401340143629054,0.8123562114458225,0.01358881860841144,True,True,45,1.1102230246251565e-16
26.0,5.0,15.427942036419577,100000.0,3.5618162623361034,19.9749960202276,32.044163315600926,6.316644311717911,13.830423187084396,14.999614354965587,16.35838405855132,0.2933758966654149,1.6042137521905653,0.31622756296528853,0.6923867806070686,0.7509195165684283,0.8189430446937795,0.014687156701724945,True,True,45,3.3306690738754696e-16
26.0,5.0,15.44566355540692,100000.0,3.7000493565322756,20.085436326646512,33.54142208769183,6.3946752595777285,14.116654266383883,15.297694336661852,16.57841636992164,0.318844985077711,1.669937438361437,0.31837372888405613,0.7028303511463132,0.7616311683688464,0.8253948831536084,0.015874436576451795,True,True,45,2.220446049250313e-16
26.0,5.0,15.46338507439426,100000.0,3.843737033392678,20.19134495968388,35.111277704577184,6.4708304808534844,14.401115311611592,15.592712226497301,16.793168113589864,0.34643482634133776,1.738927138072475,0.32047545588339016,0.7132320972360356,0.7722473296172848,0.8317013129695339,0.0171575903949472,True,True,45,2.220446049250313e-16
26.0,5.0,15.481106593381602,100000.0,3.9930982441676397,20.29289676022271,36.75696372406011,6.545106122353183,14.68339072292272,15.884194693500984,17.00245709704699,0.3763059820221507,1.811321673705529,0.32253187899633073,0.7235729278288396,0.7827465384161674,0.8378526386816542,0.01854372919098322,True,True,45,2.220446049250313e-16
26.0,5.0,15.498828112368944,100000.0,4.148360636826881,20.39026491208187,38.48186532343568,6.617514658373268,14.963062116186055,16.171671547453,17.206123060242305,0.4086352040116076,1.88726657006962,0.32454284860478605,0.7338336299554388,0.7931074763953054,0.8438400940071719,0.020040701078360115,True,True,45,8.881784197001252e-16
26.0,5.0,15.516549631356286,100000.0,4.309759802384267,20.483625184095068,40.28934370973265,6.688071163561173,15.239720578892163,16.454687576977808,17.404027513300605,0.4436054952184917,1.9669049471289943,0.32650817926283204,0.7439952860846798,0.8033093473002224,0.849655632578862,0.021656591117618102,True,True,45,5.963111948670274e-19
26.0,5.0,15.534271150343628,100000.0,4.477541265572984,20.573145723995882,42.18287098826666,6.7568074589268035,15.51295891226049,16.732795329961544,17.596055789455775,0.48141421849240296,2.0503850774296444,0.3284285033302356,0.7540392276600975,0.813331881980738,0.8552924295350846,0.023400126793973772,True,True,45,2.220446049250313e-16
26.0,5.0,15.55199266933097,100000.0,4.651958635853445,20.658997299326472,44.1658936773376,6.823758963885791,15.782384204475957,17.005569161608715,17.782115238890437,0.5222700425775623,2.1378527252519417,0.3303044608127356,0.763947251447218,0.8231555924625216,0.8607443517827543,0.02528051265075626,True,True,45,4.440892098500626e-16
26.0,5.0,15.569714188318311,100000.0,4.833276452720581,20.741339683291077,46.24185845552073,6.8889730793739945,16.047612376680288,17.272598447479,17.962138546618295,0.566390982667085,2.2294537942875743,0.33213732500237925,0.7737018255194004,0.8327619484190578,0.8660066717430183,0.02730734809397878,True,True,45,4.440892098500626e-16
26.0,5.0,15.587435707305653,100000.0,5.0217681649511245,20.820332770197982,48.414209396666735,6.952505192654691,16.30827608764398,17.5334980968568,18.1360804542331,0.6140127077069962,2.3253331217628928,0.33392862973863885,0.7832860438708974,0.8421334226681562,0.8710754364211174,0.029491013159303962,True,True,47,1.1102230246251565e-16
26.0,5.0,15.605157226292995,100000.0,5.217718357265534,20.896127008597837,50.686234729318905,7.014415261624705,16.56402587167615,17.78790784808417,18.30392019104657,0.6653753692303037,2.4256281897819507,0.33568016019133984,0.7926840157920548,0.8512538156360376,0.8759479775135034,0.03184204273627027,True,True,45,3.015437292225309e-19
26.0,5.0,15.622878745280337,100000.0,5.421422465869274,20.96886647095152,53.061216829169766,7.074775905613356,16.814529461386947,18.035493503013143,18.465660412853925,0.720740117767913,2.5304761658278596,0.33739429431791873,0.8018807065551379,0.8601081764719126,0.8806227288649425,0.03437191603877896,True,True,45,2.220446049250313e-16
26.0,7.0,14.222878745280337,10000000.0,0.19706137683050717,5.2620548870818915,1.5878120538368041,1.0986526018200853,1.5844016795481426,1.6478965585734509,2.736540748486874,0.07235225942372596,0.3017475278972881,0.20878775029831562,0.3010994209577284,0.31316597677819036,0.5200517302099905,0.013749810858367803,True,True,91,4.300216866620632e-17
26.0,7.0,14.240600264267679,10000000.0,0.20506383810424883,5.443361429861469,1.657151709905837,1.1365520957952069,1.6452440316676138,1.7117979906241456,2.846573144283126,0.07779235411227729,0.30443536246095104,0.20879600049341782,0.3022478027349149,0.314474431411715,0.5229439898418742,0.014291234398935928,True,True,43,2.220446049250313e-16
26.0,7.0,14.25832178325502,10000000.0,0.21338467783118284,5.629635480394745,1.7292531024717368,1.1757599236717249,1.7082871227069854,1.778027403896619,2.9607327764715725,0.08362337434139488,0.30716963975622863,0.20885187464913477,0.3034454235369431,0.31583348692621666,0.5259190913483387,0.014854136583552172,True,True,43,2.220446049250313e-16
26.0,7.0,14.276043302242362,10000000.0,0.2220357445557138,5.820916163994054,1.8042017347314963,1.2163241109805412,1.7735995826861533,1.8466565850895138,3.079150042051418,0.08987511911728026,0.30995150658440906,0.2089575037181009,0.304694232440068,0.31724500629509494,0.5289803108826502,0.015440029814071733,True,True,43,2.220446049250313e-16
26.0,7.0,14.293764821229704,10000000.0,0.23102953596433848,6.017232477529051,1.8820841952357261,1.2582941430939623,1.8412506259157517,1.917757793177032,3.2019573133730876,0.09657881643484198,0.3127823633645937,0.2091150953188159,0.30599625871059133,0.31871093568991543,0.5321312289878414,0.01605037146154965,True,True,43,5.421010862427522e-18
26.0,7.0,14.311486340217046,10000000.0,0.2403788599120981,6.218605167732816,1.9629876806122342,1.3017210526609693,1.9113106294570823,1.9914042628385016,3.3292888554049234,0.10376854095867004,0.3156636621340444,0.20932685345828955,0.3073535910230347,0.3202332692179152,0.5353755007119576,0.016686787174896658,True,True,43,2.220446049250313e-16
26.0,7.0,14.329207859204388,10000000.0,0.250096887871969,6.425045867645348,2.046999540714396,1.346657463401885,1.9838510602522286,2.0676700836489545,3.4612804871045264,0.11148112588378596,0.3185968758639509,0.2095949960736091,0.3087683887584869,0.32181405802270396,0.5387168525184424,0.017351024129675447,True,True,43,9.500321536404233e-18
26.0,7.0,14.34692937819173,10000000.0,0.2601974781559947,6.636554147642684,2.13420746040436,1.3931578343923492,2.058943785462507,2.1466295252180556,3.5980690820526156,0.11975531295332312,0.3215836732323557,0.20992186658903422,0.3102428970904799,0.32345543748490957,0.5421592293239491,0.018044803114559145,True,True,44,1.2685165418080402e-17
26.0,7.0,14.364650897179072,10000000.0,0.27069458161105314,6.853121556895265,2.2246983354455074,1.4412784275689252,2.136662233546079,2.2283580658514066,3.7397924376506295,0.12863394145645304,0.32462554720149805,0.21030977133606854,0.3117794155272611,0.32515957105843907,0.5457064210232546,0.01877012400677879,True,True,45,2.220446049250313e-16
26.0,7.0,14.382372416166413,10000000.0,0.28160301369891766,7.074725234054592,2.3185587346671945,1.491077554263214,2.217079860405953,2.3129309151004893,3.8865884307400074,0.13816147046800256,0.32772420948684766,0.21076119636220322,0.31338034864363545,0.3269287270644894,0.5493624560896999,0.019528881461424747,True,True,46,1.1102230246251565e-16
26.0,7.0,14.400093935153755,10000000.0,0.2929377600347085,7.301332850534016,2.4158738744299266,1.5426155700019641,2.300271464827993,2.400424203489791,4.038594842803116,0.14838661463398234,0.33088121359283473,0.2112786256401306,0.3150481579071898,0.32876520665870274,0.5531311783036621,0.02032322285144546,True,True,44,7.517417406881916e-20
26.0,7.0,14.417815454141095,10000000.0,0.3047144635515827,7.532898412642443,2.5167275815746506,1.5959550127584485,2.38631223793818,2.490914035989846,4.19594850490067,0.15936078358597883,0.334098170944511,0.21186466686978833,0.31678540014999257,0.33067139625955283,0.5570164729499898,0.021155307672611656,True,True,45,5.421010862427522e-20
26.0,7.0,14.435536973128437,10000000.0,0.31694932971430756,7.769362584352858,2.6212020012801713,1.6511606441655744,2.4752778829377515,2.5844765687797073,4.358784700751713,0.17113865141445417,0.33737671177287476,0.21252202175387422,0.31859471817197055,0.3326497561054398,0.5610221756840267,0.02202737348867198,True,True,44,1.0842021724855044e-19
26.0,7.0,14.45325849211578,10000000.0,0.3296588786630961,8.010654492178958,2.729376797467013,1.7082995131343066,2.567245126038031,2.681188443404912,4.527236531155564,0.18377917789900255,0.34071832708947636,0.21325342577216014,0.3204788233651207,0.3347027943874794,0.5651518905946625,0.022941843026488246,True,True,45,7.681572392059799e-17
26.0,7.0,14.470980011103121,10000000.0,0.34286053903758634,8.256686504304863,2.841329543903725,1.7674410339641626,2.662290464154485,2.7811255666315673,4.701433776572865,0.197343727778063,0.3441246730661647,0.21406178290076244,0.3224405411016178,0.3368331309638009,0.5694092629194092,0.023901080375907713,True,True,46,5.421010862427522e-20
26.0,7.0,14.488701530090463,10000000.0,0.35657195430796607,8.507359921015983,2.957134512036807,1.8286568729495805,2.76049160548796,2.8843644386779514,4.881502382687967,0.21189861827359086,0.3475972028327743,0.21494998330001241,0.32448275741439314,0.339043424218202,0.57379756211196,0.024907682317534426,True,True,44,1.0842021724855044e-19
26.0,7.0,14.506423049077805,10000000.0,0.3708116784769071,8.76255897357023,3.07686335656808,1.8920212277794988,2.86192594954031,2.9909806897685693,5.067563009525112,0.22751298844256115,0.35113753480559323,0.2159210834969834,0.32660846656467557,0.34133644050670736,0.5783199890363051,0.02596421765933781,True,True,44,1.1102230246251565e-16
26.0,7.0,14.524144568065147,10000000.0,0.3855987701636531,9.022154253447587,3.2005839989873976,1.9576103469347828,2.966671542743343,3.1010499469175468,5.2597303176933,0.24426010302773268,0.3547472043901683,0.2169781508874925,0.32882075160815444,0.3437150219120405,0.582979427079007,0.027073368085498525,True,True,44,2.710505431213761e-19
26.0,7.0,14.541866087052489,10000000.0,0.40095292307146796,9.286001756884602,3.328361118765489,2.02550300716642,3.074806648325484,3.2146474388844677,5.458111486269117,0.2622173991307587,0.3584277933501204,0.21812434029152758,0.33112277262340983,0.3461820838555347,0.5877784248987996,0.028237922627610084,True,True,44,3.9302328752599536e-19
26.0,7.0,14.55958760603983,10000000.0,0.4168947615686347,9.553940363039661,3.460255801297579,2.0957800182783437,3.186409259635916,3.331847493850827,5.662805126331055,0.2814652385214201,0.3621810132585621,0.21936289516585958,0.3335178092552103,0.34874066272596804,0.5927193295279675,0.029460644281420832,True,True,44,5.487714707023798e-19
26.0,7.0,14.577309125027172,10000000.0,0.43344535340510787,9.825796594550456,3.5963249869367773,2.168524170089926,3.3015581432689025,3.4527245539903917,5.873899737433337,0.30208881406695337,0.36600849125366147,0.22069703450737257,0.33600920917699434,0.35139385603660145,0.597803921637366,0.03074446037632172,True,True,44,7.724940478959219e-19
26.0,7.0,14.595030644014514,10000000.0,0.450626897983434,10.101378744529686,3.7366229442336336,2.2438206608000058,3.420331172886753,3.5773516142019743,6.091472496614365,0.32417618420249705,0.36991217127237896,0.2221301386224259,0.3386004286532671,0.354144885037526,0.6030337690202091,0.03209227100588143,True,True,44,1.0476209370759593e-18
26.0,7.0,14.612752163001856,10000000.0,0.4684622163591361,10.380482067743444,3.8811989647391885,2.3217557055312437,3.542806918854773,3.705801698088926,6.315587355316919,0.3478192277595101,0.3738939039064205,0.22366549938426486,0.34129502808581264,0.3569970714177545,0.6084098324240764,0.033507039990014705,True,True,44,1.1941576369509533e-18
26.0,7.0,14.630473681989198,10000000.0,0.4869751144578341,10.662886091309364,4.030100437027371,2.4024179988101375,3.6690632387466664,3.838146643081626,6.546294042221845,0.3731137339468406,0.377955874471176,0.22530654254744356,0.34409663643852345,0.35995382584175345,0.6139326619607529,0.03499181466928937,True,True,45,1.1102230246251565e-16
26.0,7.0,14.64819520097654,10000000.0,0.5061904692019191,10.948354465736227,4.183370704488103,2.4858969515686193,3.799177712357075,3.9744574509313675,6.7836257780262015,0.40015786799598474,0.38210040765306835,0.22705667407357313,0.34700901621763464,0.3630187041687185,0.6196023155129033,0.036549590100349014,True,True,45,1.0842021724855044e-19
26.0,7.0,14.665916719963882,10000000.0,0.5261339434526129,11.236638651725626,4.341050165658202,2.5722831060880216,3.9332280476857178,4.114804794371244,7.0275982154847965,0.42905381307256557,0.38632996042740425,0.22891926899268872,0.3500360000525323,0.3661953473727953,0.6254181907331833,0.038183466281233064,True,True,45,2.220446049250313e-16
26.0,7.0,14.683638238951223,10000000.0,0.5468326012571498,11.527472888493259,4.503178673697583,2.6616686500988735,4.071290381602622,4.259257470515985,7.278207497119327,0.45990618659409005,0.3906475180863503,0.23089784516047357,0.3531815187062023,0.36948752876856317,0.6313792769258598,0.039896531619967555,True,True,45,5.421010862427522e-20
26.0,7.0,14.701359757938565,10000000.0,0.568314412259721,11.820580115747667,4.6697912079588315,2.7541446970291807,4.213441409407022,4.407884377892343,7.535428432645289,0.49282186423009317,0.39505600928482526,0.23299573033306897,0.356449630064583,0.37289915847869864,0.6374838086505082,0.04169185094169311,True,True,46,1.0842021724855044e-19
26.0,7.0,14.719081276925907,10000000.0,0.5906087143330325,12.115668595964578,4.840924910703057,2.8498043850293278,4.359755905669086,4.560752409702093,7.799213632571884,0.5279111696297447,0.39955903979706464,0.23521643584560617,0.3598444337707628,0.3764342325458756,0.6437295284859148,0.04357259902318379,True,True,45,1.6263032587282567e-19
26.0,7.0,14.736802795913249,10000000.0,0.6137461990771278,12.412433246209542,5.016614056954757,2.94873932337233,4.510308015883276,4.717927569410728,8.069490828368343,0.5652852744662666,0.40416040573565304,0.23756335803641113,0.36337017298849245,0.3800969137821119,0.6501135328024883,0.045541858171836785,True,True,45,5.421010862427522e-20
26.0,7.0,14.75452431490059,10000000.0,0.6377587619063827,12.710558614298046,5.196892756873562,3.051040565222508,4.665171045015837,4.879474949918014,8.346162671462848,0.605057892435711,0.4088642296985754,0.2400398485862303,0.36703115784132484,0.3838914636237243,0.6566322476239785,0.04760277740705151,True,True,45,8.131516293641283e-20
26.0,7.0,14.772245833887931,10000000.0,0.6626800404317033,13.009714771770215,5.38179915270933,3.156799692465374,4.824415444634002,5.045456935427537,8.629104237180668,0.6473445733993888,0.41367541465146473,0.24264941605909107,0.3708317614389597,0.3878222562093118,0.6632815852277534,0.04975855233998381,True,True,45,1.6263032587282567e-19
26.0,7.0,14.789967352875273,10000000.0,0.688544973737884,13.309563341448973,5.571367148270791,3.266104209363506,4.988111539349816,5.215935657690697,8.918162610146867,0.6922607836901679,0.41859879286349694,0.24539529401329968,0.3747764980249739,0.3918938228008653,0.6700567390046301,0.05201228364377005,True,True,84,1.1102230246251565e-16
26.0,7.0,14.807688871862615,10000000.0,0.7153902872922382,13.60975412967579,5.765637941887363,3.3790426497067423,5.156325932748407,5.390969906289249,9.213155319548157,0.7399248010369888,0.4236401250861327,0.24828094743745655,0.37886988138199673,0.39611074931429874,0.6769523704663452,0.054367242345958175,True,True,46,1.0842021724855044e-19
26.0,7.0,14.825410390849957,10000000.0,0.7432544273326582,13.909927394321535,5.964652371692292,3.4956997616675847,5.329123213475524,5.5706165857056025,9.513869720288028,0.7904544050930432,0.42880542813812594,0.2513097058360375,0.38311653701737064,0.40047776151439163,0.683962572239729,0.05682663774476143,True,True,85,1.1102230246251565e-16
26.0,7.0,14.843131909837298,10000000.0,0.772177502847567,14.209716334059092,6.1684523539259075,3.616157119284435,5.506565564516325,5.754930443551135,9.8200619493432,0.8439679212792837,0.4341010199577891,0.2544848211091247,0.3875211464508765,0.40499967122898956,0.6910807871516489,0.059393720566848156,True,True,45,1.0842021724855044e-19
26.0,7.0,14.86085342882464,10000000.0,0.8022017466572469,14.508744038343597,6.377088694954743,3.7404959652894365,5.688709904251777,5.943961511964511,10.13145669750479,0.9005854627515956,0.4395341649216102,0.257809770122354,0.39208837713434724,0.4096813270849534,0.6983000506955981,0.0620719105920909,True,True,85,1.1102230246251565e-16
26.0,7.0,14.878574947811982,10000000.0,0.8333711152427639,14.806629555086555,6.5906073605761755,3.8687907478022674,5.875611147619173,6.137757917955273,10.447746929516704,0.9604253412869935,0.44511192341623007,0.26128773826675583,0.39682299916801195,0.414527688095415,0.7056127723495025,0.06486454852630905,True,True,45,1.0842021724855044e-19
26.0,7.0,14.896296466799324,10000000.0,0.8657317982024018,15.10298469595315,6.809062746440205,4.001115163262881,6.067317970724421,6.336362125194229,10.768593154823979,1.0236076460316708,0.4508421933490203,0.26492214908586786,0.401729730438657,0.4195437029670075,0.7130109294032078,0.06777518925156209,True,True,46,1.6263032587282567e-19
26.0,7.0,14.914017985786666,10000000.0,0.8993320792308251,15.39741752931013,7.032510857745818,4.137538343141185,6.26387401526055,6.539811922108774,11.093625353779993,1.0902523291028026,0.45673314010995086,0.26871638281322646,0.406813285626424,0.42473433675872946,0.7204861031184256,0.0708074796976458,True,True,45,1.6263032587282567e-19
26.0,7.0,14.931739504774008,10000000.0,0.9342222229323642,15.689535786980617,7.261010549326476,4.2781239314906205,6.465318410607028,6.748141173583815,11.422440792068636,1.1604782450520814,0.46279320484113734,0.2726737100176453,0.4120783749364997,0.4301045783128594,0.7280292385417246,0.0739651103007816,False,True,85,3.415236843329339e-18
26.0,7.0,14.94946102376135,10000000.0,0.9704550399168217,15.978943409887286,7.494628712032596,4.422934429900134,6.671681605175565,6.96137558863734,11.754608137553264,1.2344061396697295,0.4690315573303268,0.27679767782163595,0.4175295846562252,0.43565931802035496,0.7356311262908578,0.07725205027673585,False,True,45,1.0842021724855044e-19
26.0,7.0,14.967182542748692,10000000.0,1.008085759897892,16.265244511407637,7.733411292798045,4.572024659713979,6.882987335259403,7.179533254390581,12.089665351464783,1.3121559816449426,0.47545619663904914,0.28109166489980447,0.42317146418745916,0.44140334007000087,0.743282115616872,0.08067237973119072,False,True,45,5.421010862427522e-20
26.0,7.0,14.984904061736033,10000000.0,1.0471721223625026,16.548044801959843,7.977413157930169,4.725446541127989,7.09925066864563,7.402624367309269,12.427123435166662,1.393847802928256,0.48207587382077766,0.28555920640052523,0.42900842689311797,0.447341329800639,0.7509723102571534,0.08423036193153029,False,True,46,2.168404344971009e-19
26.0,7.0,15.002625580723375,10000000.0,1.0877743326379379,16.826954879281757,8.226687803548915,4.883248151598677,7.320477355110996,7.630649895491688,12.766467422956506,1.4796031636816973,0.48889937974921716,0.2902039131043961,0.4350446891685885,0.4534777653018462,0.7586914872325033,0.08793053611283308,False,True,45,1.0842021724855044e-19
26.0,7.0,15.020347099710717,10000000.0,1.1299551017499667,17.10159268612793,8.48127816234953,5.0454716190341085,7.546664240562718,7.863601617813498,13.10715775334048,1.5695432351829255,0.4959349879282984,0.2950293409295601,0.44128429316903595,0.4598169165958508,0.7664290685611077,0.09177760598029393,False,True,45,1.0842021724855044e-19
26.0,7.0,15.038068618698059,10000000.0,1.1737801874990792,17.371580991903997,8.741222930071883,5.212155513533316,7.777795968835674,8.10145894817793,13.448634634464474,1.663789378538167,0.5031909838342128,0.3000392143905863,0.4477310368273622,0.4663627882777972,0.7741744773105104,0.09577650873075824,False,True,85,1.0842021724855044e-19
26.0,7.0,15.0557901376854,10000000.0,1.2193177563056974,17.636557088287987,9.006549796833449,5.383334102853214,8.013846518986442,8.34419014332771,13.790317565584818,1.7624655116582826,0.5106750570276827,0.30523724533674185,0.45438837517262626,0.47311899377849015,0.7819166460069826,0.09993251533365849,False,True,46,1.3552527156068805e-19
26.0,7.0,15.073511656672743,10000000.0,1.266639191431283,17.896167827045733,9.277272249989652,5.559036215914647,8.254776859317973,8.591749809553637,14.131613004483885,1.8656940119232446,0.5183943478653177,0.31062718396692207,0.4612594684568655,0.48008880407174565,0.7896446401853343,0.10425103463232496,False,True,45,2.168404344971009e-19
26.0,7.0,15.091233175660083,10000000.0,1.315818812593168,18.150075761916526,9.553389688555757,5.7392860104625605,8.500534557838856,8.8440784082229,14.471910750434555,1.9735983406146935,0.5263553614801542,0.316212785320987,0.46834705647208036,0.48727501329664014,0.7973471262748282,0.10873774669061188,False,True,45,1.0842021724855044e-19
26.0,7.0,15.108954694647425,10000000.0,1.3669338013986954,18.39796343315881,9.834885871429089,5.9241048058737995,8.751053105565472,9.101101397868241,14.810596939283636,2.0863049556356947,0.5345638340439132,0.32199785739310327,0.47565335899045064,0.49467982860892346,0.8050128479215459,0.11339869019826015,False,True,45,5.421010862427522e-20
26.0,7.0,15.126676213634767,10000000.0,1.4200650296802633,18.6395285746013,10.121720034383722,6.113505241530957,9.006250819337387,9.362727978666555,15.147045684005759,2.2039354609204387,0.5430244651238572,0.32798604412460175,0.48318018255083633,0.5023049773600202,0.8126302992794309,0.11823987136260397,False,True,45,5.421010862427522e-20
26.0,7.0,15.144397732622108,10000000.0,1.475296192128289,18.874496265387517,10.413833964941292,6.307497905299301,9.266030570524087,9.628850799691502,15.480636263357278,2.3266164204921274,0.5517410276023322,0.3341809930507197,0.4909286287823398,0.5101514055953434,0.8201880487664205,0.12326773587906183,False,True,45,1.6263032587282567e-19
26.0,7.0,15.16211925160945,10000000.0,1.5327147825663383,19.102612930213603,10.71114570987131,6.506087203136441,9.530278024410775,9.899344137987697,15.810744292640758,2.454472068865616,0.5607162616445027,0.3405862447668666,0.4988991851129032,0.518219375231669,0.8276744312624233,0.12848881343261193,False,True,46,1.0842021724855044e-19
26.0,7.0,15.179840770596792,10000000.0,1.592411900670212,19.323651411158927,11.013540295643743,6.709267587903756,9.798862849767225,10.174064875144477,16.136756509540643,2.5876223661388917,0.5699513027482838,0.34720495858403455,0.5070916795833228,0.5265084045797477,0.835078017409384,0.13390959664303426,False,True,46,2.168404344971009e-19
26.0,7.0,15.197562289584134,10000000.0,1.654482053177951,19.537416647952366,11.320888682971589,6.9170338502636,10.071635659827738,10.452849828072749,16.458067448484922,2.726193721242372,0.5794465505324669,0.35404035113253035,0.5155049841701207,0.5350169890126322,0.8423870844874377,0.1395370621595508,False,True,45,2.168404344971009e-19
26.0,7.0,15.215283808571476,10000000.0,1.7190242324955103,19.743738343870913,11.633022079268756,7.129365649083054,10.348429504049307,10.735516948163305,16.77408839862232,2.8703013381625953,0.5892005797817929,0.36109502288335565,0.5241372896973074,0.5437428698246476,0.8495902906771217,0.14537780475872386,False,True,45,1.6263032587282567e-19
26.0,7.0,15.233005327558818,10000000.0,1.7861409712607097,19.942482783584875,11.949746750425923,7.346238355856044,10.629059043017095,11.021864635925054,17.084248785823345,3.020063453332291,0.5992105837625212,0.3683713023888332,0.5329857449728438,0.5526826702338893,0.8566761205824277,0.1514386892598035,False,True,48,5.421010862427522e-20
26.0,7.0,15.25072684654616,10000000.0,1.8559393852107977,20.13354622645521,12.270847156446546,7.567620488030803,10.913318009890487,11.311669572376507,17.388002972024182,3.175595829030911,0.6094727187365938,0.3758712152798523,0.542046487347099,0.5618319517658109,0.8636333995238543,0.15772660182726383,False,True,45,2.168404344971009e-19
26.0,7.0,15.268448365533501,10000000.0,1.9285311039756279,20.316857397231033,12.596060889160748,7.793462401877484,11.200983054461734,11.604690141425603,17.684831876376908,3.3370022387351477,0.6199807698053467,0.383595860791918,0.5513147449658384,0.5711852928104519,0.87045114953591,0.1642479529924714,False,True,45,1.6263032587282567e-19
26.0,7.0,15.286169884520843,10000000.0,2.00403204143998,20.492382307285762,12.925116169385584,8.023714216850253,11.491808845227984,11.900662293937014,17.974249183251214,3.504393345128664,0.6307278468443491,0.3915461900199637,0.560784425788418,0.5807359103243896,0.8771185757578188,0.1710095630942201,False,True,45,6.505213034913027e-19
26.0,7.0,15.303891403508185,10000000.0,2.082563555174913,20.660115369953694,13.257698889172492,8.258305226353967,11.785531024876795,12.19930230163612,18.255804990275987,3.6778633874657016,0.6417049784946195,0.39972212538387564,0.5704484613874259,0.5904760008928964,0.883625510476368,0.1780175629035679,False,True,46,1.6263032587282567e-19
26.0,7.0,15.321612922495527,10000000.0,2.164251553173828,20.82008843896919,13.593465595590958,8.497154779953584,12.081866332594187,12.500306909507783,18.52908625591768,3.857505214548497,0.6529014338934276,0.40812289558047055,0.5802985116038424,0.6003964366506158,0.8899619379731636,0.18527804172667978,False,True,44,3.7947076036992655e-19
26.0,7.0,15.339334441482869,10000000.0,2.2492275751880197,20.97236311116419,13.932058586970026,8.740173044756778,12.380509117123191,12.803350569630053,18.79372768466349,4.04340715506102,0.6643056155914825,0.4167471733361385,0.5903249458108367,0.6104867869093141,0.8961187437508676,0.19279692677591487,False,True,44,3.2526065174565133e-19
26.0,7.0,15.35705596047021,10000000.0,2.337628721895183,21.11703131435096,14.273070684947587,8.987245402434409,12.681137334443713,13.108090894085663,19.049402915708708,4.235640091899953,0.6759032779028805,0.4255922751947974,0.6005170492798255,0.6207354953902783,0.902087165195559,0.20057933470134348,False,True,44,1.6263032587282567e-19
26.0,7.0,15.374777479457553,10000000.0,2.429597565741358,21.254217000456254,14.616089273190289,9.238253329210856,12.983407426769132,13.41416431659025,19.295841355124114,4.434278161346065,0.6876794978086717,0.43465507710834717,0.6108626549964378,0.6311295455533504,0.9078594311288861,0.2086305113592694,False,True,45,2.168404344971009e-19
26.0,7.0,15.392498998444895,10000000.0,2.525283225137719,21.384067211765117,14.960664886147658,9.493053687772981,13.286957992401012,13.721189710817189,19.53281520820991,4.6393754186112925,0.6996173711012551,0.4439311564897289,0.6213484956262565,0.6416548159401615,0.9134284425304892,0.21695477163758606,False,True,44,2.710505431213761e-19
26.0,7.0,15.410220517432236,10000000.0,2.6248405752581307,21.50675792145506,15.306320549937444,9.751488914132628,13.591411314280137,14.028769806337268,19.76015404244266,4.850980218936739,0.7116981836982467,0.45341510560290355,0.6319600268863117,0.6522958903230236,0.9187881369478758,0.22555608970227073,False,True,44,3.2526065174565133e-19
26.0,7.0,15.427942036419577,10000000.0,2.728431431526505,21.622484899607866,15.652571226806117,10.013389009877578,13.896370040105893,14.336488667567986,19.977735614619856,5.069131368450518,0.7239025162686081,0.46310075166518794,0.6426814542651345,0.6630361280921965,0.9239333826512309,0.23443796547835485,False,True,44,2.168404344971009e-19
26.0,7.0,15.44566355540692,10000000.0,2.836224321514022,21.73146425274917,15.99888891044624,10.2785568783208,14.201424547894588,14.64391852888804,20.185491864587082,5.293848124835426,0.7362085096692128,0.47298041028323695,0.6534959808839396,0.6738578845203903,0.9288601830883755,0.24360291894117167,False,True,44,1.6263032587282567e-19
26.0,7.0,15.46338507439426,10000000.0,2.9483947150674776,21.83393042120379,16.34474469245508,10.5467884129051,14.50614865920325,14.95061618329147,20.38340633148059,5.525146169557881,0.7485937885275138,0.48304580116563434,0.6643855860745878,0.6847423205476709,0.9335655989672598,0.25305320952164406,False,True,44,1.6263032587282567e-19
26.0,7.0,15.481106593381602,10000000.0,3.065125895205015,21.93012889871729,16.689580818648462,10.817853482615735,14.810104402236842,15.256127756937154,20.571511748506055,5.7630189949496815,0.761034323862303,0.49328727307428094,0.6753313886405427,0.6956697713632453,0.9380479177078298,0.26279001922723605,False,True,83,1.6263032587282567e-19
26.0,7.0,15.498828112368944,10000000.0,3.186608332614707,22.020319708956773,17.032821204172436,11.091507238385962,15.1128444539978,15.559991035180131,20.74989184279791,6.007449261364569,0.7735047187913593,0.5036941963142564,0.6863135800817027,0.7066196695069372,0.9423065658014895,0.2728138982887264,False,True,85,1.0842021724855044e-19
26.0,7.0,15.516549631356286,10000000.0,3.3130410168799673,22.10476783392206,17.37388754080612,11.367490359478346,15.413910155368042,15.861734163188112,20.91867343280535,6.258405215516276,0.7859791910659241,0.5142551346788521,0.697311560617877,0.7175707196909182,0.946342146181851,0.28312467529797364,False,True,44,2.168404344971009e-19
26.0,7.0,15.534271150343628,10000000.0,3.4446309777464976,22.183745444250555,17.71217179137259,11.645518817119905,15.712839880787733,16.160883592569853,21.07803028949014,6.5158325637868355,0.7984301765400541,0.5249572866938085,0.7083041914754792,0.7285011285936086,0.9501565162862529,0.29372103011917533,False,True,44,1.0842021724855044e-19
26.0,7.0,15.55199266933097,10000000.0,3.5815940206850447,22.25752689865367,18.047074155161074,11.925301550338622,16.009165488396516,16.45696109614563,21.228171604091266,6.779668010551153,0.8108301626382722,0.5357873587950137,0.7192697356400765,0.7393885749787004,0.9537524856535311,0.304601137467849,False,True,45,1.6263032587282567e-19
26.0,7.0,15.569714188318311,10000000.0,3.724155203788586,22.32638538002166,18.37797756054143,12.206523278513824,16.302419064723384,16.749490521201366,21.369347017484266,7.049821734456847,0.8231506017533234,0.5467308330813191,0.7301862252772584,0.7502105798186808,0.9571342003531937,0.31576189403078414,False,True,82,1.0842021724855044e-19
26.0,7.0,15.587435707305653,10000000.0,3.8725486256661594,22.390594077065877,18.704263419031747,12.488858409193691,16.592135003808767,17.03799979806824,21.50183298253411,7.326190101378299,0.8353625345827717,0.5577725345834265,0.741031477177449,0.7609445171229214,0.9603064978324045,0.3271994515269397,False,True,83,1.6263032587282567e-19
26.0,7.0,15.605157226292995,10000000.0,4.027018694231702,22.450419058769864,19.02532128857523,12.77196800664902,16.877850335822913,17.322021794841554,21.625937420238976,7.608648439529518,0.8474372455485779,0.5688966416713667,0.7517833093289132,0.7715678602478028,0.9632754454884521,0.33890897179299345,False,True,45,2.168404344971009e-19
26.0,7.0,15.622878745280337,10000000.0,4.187819593642618,22.50612271283679,19.340530859012944,13.055495497158635,17.159113095214018,17.601102333913673,21.74198707448,7.897047940807943,0.8593453037551293,0.5800863908785225,0.762419778571055,0.7820584006624364,0.966047655204468,0.350884425610268,False,True,84,4.445228907190568e-18
36.0,3.5,14.222878745280337,3162.2776601683795,0.8664005130327914,1.8989221938324388,0.8188430596581089,0.35476863039252804,0.7321326999440503,0.7847147501529901,1.2464549583154096,7.589995595359512e-05,0.43121464498000583,0.18682631207576106,0.385551710502918,0.41324218164477017,0.6564012798227357,3.9970018887615645e-05,True,True,177,5.293955920339377e-23
36.0,3.5,14.240600264267679,3162.2776601683795,0.9024854726359239,1.9383587505851925,0.8490564209837383,0.3664962190260597,0.7571182106628923,0.8117451367207402,1.2781269505504007,7.906114154400932e-05,0.43802852321708113,0.1890755356382889,0.3905975663350851,0.41877961779555695,0.659386168924887,4.0787672313053856e-05,True,True,85,3.293108776367129e-10
36.0,3.5,14.25832178325502,3162.2776601683795,0.9400733449104743,1.9774530165777529,0.8802257945877315,0.37849411448265247,0.7827406852816151,0.8394841123937864,1.3099325085581344,8.235398882817356e-05,0.4451310788213214,0.1914048583251233,0.3958327599794268,0.42452796873355103,0.6624342007503915,4.1646495839733354e-05,True,True,85,6.539823079733326e-10
36.0,3.5,14.276043302242362,3162.2776601683795,0.9792267250906549,2.016138924334886,0.912368736598408,0.39075967220202246,0.8089997859568858,0.8679330741184856,1.3418278181982792,8.578398147865806e-05,0.45253267301477934,0.1938158464605469,0.4012619250549764,0.430492692563243,0.6655433323578837,4.254864604975461e-05,True,True,85,9.74367120179682e-10
36.0,3.5,14.293764821229704,3162.2776601683795,0.9937637735119209,2.1317625476536066,0.9878058191400867,0.3939295537206331,0.8559500590660509,0.9193856108299021,1.4183111139647469,0.00010286672746211366,0.463375163536552,0.18479054065107975,0.40152223333137177,0.43127955871157114,0.6653232160053928,4.825430842442431e-05,True,True,177,1.3367238698856927e-21
36.0,3.5,14.311486340217046,3162.2776601683795,1.0280318903470056,2.192893042933667,1.0344900315972412,0.40462995535316026,0.8898780886620618,0.956291188487279,1.4639958422533856,0.00011113924442604178,0.4717466886635262,0.1845187829187709,0.40580095391774185,0.4360865622556521,0.6676093241168033,5.068156186831573e-05,True,True,81,5.293955920339377e-23
36.0,3.5,14.329207859204388,3162.2776601683795,1.0708486808219435,2.232846438096144,1.0720027062681134,0.41726304395511316,0.9190845741528205,0.9880371013831866,1.4977116755864777,0.00011576812771496779,0.4801058809857815,0.18687493991342105,0.4116201447944114,0.4425011431711555,0.6707634031758648,5.1847778575260415e-05,True,True,85,3.3375758876198743e-10
36.0,3.5,14.34692937819173,3162.2776601683795,1.1154487598930707,2.272145586532173,1.1106502674846825,0.43013308264256656,0.9489483086938025,1.0205249403006629,1.5313523221763135,0.00012058980181898331,0.48881122497955565,0.18930700796292305,0.41764414847295067,0.4491459290063465,0.6739675183021684,5.3073096430863665e-05,True,True,85,6.632782000961681e-10
36.0,3.5,14.364650897179072,3162.2776601683795,1.1619064002506572,2.310724729240784,1.150449188610899,0.4432329486022485,0.9794613809537581,1.053748407519503,1.5648644553066562,0.0001256122964366691,0.4978737510585662,0.191815555956714,0.42387627074713125,0.456025070483287,0.6772180327255211,5.436056266119612e-05,True,True,85,9.887581328276887e-10
36.0,3.5,14.382372416166413,3162.2776601683795,1.2102989679892218,2.3485204576279024,1.1914146539848907,0.4565545445139914,1.0106138470828316,1.0876990782970417,1.5981937598573053,0.00013084397570141404,0.5073043541584756,0.19440092294325995,0.4303193714154788,0.4631422625100998,0.6805108955582799,5.571336424872857e-05,True,False,85,1.3103608597888784e-09
36.0,3.5,14.400093935153755,3162.2776601683795,1.2150616977550928,2.516242719009212,1.2971935666148855,0.46478857538319324,1.0794101860495549,1.1623643003531525,1.709199412204483,0.0001652764303331085,0.5155279960931848,0.18471531854693532,0.42897697344339664,0.46194442673274444,0.679266510854522,6.568381860959234e-05,True,True,222,5.881585027497048e-20
36.0,3.5,14.417815454141095,3162.2776601683795,1.2656681454882814,2.555682735536888,1.3433063139601278,0.4783343320161135,1.1132574289247994,1.1993210041544755,1.7442919855220858,0.00017216010496726083,0.5256154432948154,0.18716498936462347,0.4356007940441522,0.4692761693295732,0.6825150717135676,6.736364517135345e-05,True,True,85,3.3895156749970817e-10
36.0,3.5,14.435536973128437,3162.2776601683795,1.3183823154522918,2.5941529789181077,1.3907415041828537,0.49206614809394156,1.147750422500426,1.2370209180390583,1.7790556380945102,0.00017933048224992416,0.5361062032520776,0.18968277973304332,0.4424374475321404,0.4768496415176557,0.6857944202028,6.912872282679104e-05,True,True,85,6.735016899451944e-10
36.0,3.5,14.45325849211578,3162.2776601683795,1.3732919927654446,2.631596716956309,1.4395122128375786,0.5059717749183626,1.1828708912053583,1.275446975901541,1.8134314494612982,0.00018679950336011005,0.547010947217821,0.19226797619035144,0.4494879035164098,0.4846665781589499,0.6890992976912904,7.098333196591055e-05,True,False,85,1.0037188158165105e-09
36.0,3.5,14.470980011103121,3162.2776601683795,1.3849573639728328,2.7963363502847347,1.5458283932402839,0.5225243601623197,1.257507967780265,1.3557147503695748,1.9259061193774802,0.00023000713068557115,0.5528048845350385,0.186860339640156,0.4496983947057085,0.4848181980080938,0.6887247734634556,8.225302748796685e-05,True,True,220,5.293955920339377e-23
36.0,3.5,14.488701530090463,3162.2776601683795,1.430459141631218,2.8693613618154497,1.6138047685329389,0.5385362504858423,1.3060862330995817,1.4083844836661048,1.9829767202322617,0.0002502661644588821,0.5624264653483317,0.18768505690935683,0.4551835995565295,0.49083552263874414,0.6910864370800718,8.722016257322789e-05,True,True,44,6.617444900424221e-23
36.0,3.5,14.506423049077805,3162.2776601683795,1.4900367383237776,2.907261730214876,1.6698684673086246,0.5529943999099651,1.3449281859216335,1.4509736517206977,2.0186213217080375,0.0002606896443226074,0.574378443452081,0.1902114261549796,0.4626099439014834,0.4990860081983248,0.6943376651399188,8.966844698338865e-05,True,True,85,3.4350644317835925e-10
36.0,3.5,14.524144568065147,3162.2776601683795,1.5520956991632455,2.943906538853822,1.7274389218997253,0.5675676651628121,1.384360261831252,1.4942615595911575,2.0536550071118107,0.0002715472609046697,0.5867845663919361,0.1927940502431128,0.47024599577479714,0.5075777847801282,0.6975951783820484,9.224044898191423e-05,True,True,85,6.819716598185288e-10
36.0,3.5,14.541866087052489,3162.2776601683795,1.6167393711856122,2.97925715022935,1.7865224408845002,0.5822383913191645,1.4243509361837736,1.538217091279343,2.0880195191887005,0.0002828570962265276,0.5996536555251599,0.19543072717786128,0.4780892901689013,0.516308936662593,0.7008523984000374,9.494215569970272e-05,True,False,85,1.0153771253105345e-09
36.0,3.5,14.55958760603983,3162.2776601683795,1.6254029357720707,3.173607880754768,1.9107216154246305,0.6098176994485969,1.5180432556984085,1.6377693218132483,2.2229067142709935,0.00035307079640188463,0.602066067144442,0.19215281860957759,0.47833359152655547,0.5160591299715778,0.7004352137360862,0.00011125218037898086,True,True,316,2.220446049250313e-16
36.0,3.5,14.577309125027172,3162.2776601683795,1.6930998015909045,3.2096097476354553,1.9757135777243926,0.6249889820728571,1.5610643712471195,1.685085454774568,2.2583316429226046,0.00036777610026909007,0.6155619321569908,0.1947242908684744,0.4863720184041589,0.5250125676543648,0.7036156481598224,0.00011458592451622307,True,True,85,3.458962851239577e-10
36.0,3.5,14.595030644014514,3162.2776601683795,1.731046576732916,3.3331122903583075,2.075010989124385,0.650223790904437,1.6352996797996278,1.7643334104370494,2.34986387302715,0.00042077370487388473,0.622544579469095,0.19508007359528184,0.49062243853291665,0.5293351248743512,0.7050059128894638,0.0001262404828337337,True,True,49,5.293955920339377e-23
36.0,3.5,14.612752163001856,3162.2776601683795,1.803143424383541,3.3679760928750846,2.1447769349961145,0.6657378460880364,1.6804468015776017,1.8140574444868678,2.384952218068931,0.0004382988615636254,0.6368147741705666,0.19766703436416824,0.4989485540388983,0.5386194540764365,0.7081262313928743,0.00013013716531148833,True,True,85,3.4651531344002636e-10
36.0,3.5,14.630473681989198,3162.2776601683795,1.878243053999148,3.4013258965288857,2.216241303337903,0.6812527470596724,1.7260409629022968,1.864345835820046,2.419089862277729,0.00045655394834112785,0.6515815804653171,0.20029034787725078,0.5074612123065751,0.5481232591451012,0.711219664292226,0.00013422822811746718,True,True,85,6.868030910835554e-10
36.0,3.5,14.64819520097654,3162.2776601683795,1.9004244308487344,3.5817992919065076,2.342604249525556,0.7174198053614186,1.8264238088958935,1.9700594838236527,2.5490012231462686,0.0005491009925022663,0.6540300163716439,0.20029592584445258,0.509917965817602,0.5500195078700337,0.7116538408240891,0.00015330311604645853,True,True,261,4.235164736271502e-22
36.0,3.5,14.665916719963882,3162.2776601683795,1.9795757445707611,3.6147647523199264,2.4198952794747237,0.7334177512128948,1.8747751008792035,2.023414286397179,2.5833064290785472,0.0005719710727064382,0.6694475146471578,0.20289501571082688,0.5186437373762672,0.5597637536712641,0.7146540939961867,0.00015823189388447804,True,True,85,3.466060178764681e-10
36.0,3.5,14.683638238951223,3162.2776601683795,2.062023653707068,3.6461338123668967,2.498956485002587,0.7493472715120193,1.9234647585864002,2.07722613057554,2.6165058184965226,0.0005957937108723137,0.6853715781156104,0.20551831339003399,0.5275354272688578,0.569706499396714,0.7176110239349694,0.0001634042362492321,True,True,85,6.86289545766277e-10
36.0,3.5,14.701359757938565,3162.2776601683795,2.083694775566724,3.842104231731118,2.637173370213542,0.7930607591190317,2.0370811954312376,2.19593672221129,2.7584757951209906,0.0007181146568780142,0.686387773770865,0.20641312970359116,0.5301993575831231,0.5715453277075405,0.7179596462634533,0.00018690660470563466,True,True,326,1.0587911840678754e-22
36.0,3.5,14.719081276925907,3162.2776601683795,2.1480353698503873,3.9315271021480074,2.7416972585771515,0.8202270420602084,2.111884829532451,2.2759158659403593,2.8305673336689283,0.0007854395686819796,0.6973619123925695,0.20862810321517908,0.5371665448722491,0.5788885099372462,0.7199663795074528,0.00019977976706630135,True,True,45,7.940933880509066e-22
36.0,3.5,14.736802795913249,3162.2776601683795,2.237499501486027,3.9616997319293703,2.8296455415874897,0.8367800060248536,2.164471765084165,2.3340677989675886,2.863339100862597,0.0008181534532523564,0.7142503806590703,0.21121742248177325,0.5463492721670895,0.5891581787877913,0.72275520473838,0.0002065157656089981,True,True,85,3.449986410286451e-10
36.0,3.5,14.75452431490059,3162.2776601683795,2.330689750001137,3.9902202963230455,2.919421006358709,0.8531606662324172,2.2172093377433244,2.3924866586803217,2.894828417894413,0.0008522299233320129,0.7316440671330681,0.2138129233161882,0.5556608841337568,0.5995876119634242,0.7254808514111296,0.000213579667297401,True,True,85,6.821331982238002e-10
36.0,3.5,14.772245833887931,3162.2776601683795,2.351329929534221,4.208021101701029,3.075462391992479,0.9076876051526468,2.350768756892567,2.5305123563168945,3.0535122091381264,0.0010272659306211447,0.7308571695967183,0.21570414767780696,0.5586399640301956,0.6013544835347838,0.7256408975477309,0.0002441209076175706,True,True,300,1.0587911840678754e-22
36.0,3.5,14.789967352875273,3162.2776601683795,2.4492611336881454,4.2359856097839845,3.1718233224882937,0.9245542692773697,2.4064448975167787,2.5921555088167154,3.084806824898074,0.00107005235210835,0.7487804762986534,0.21826190040445337,0.5680956261887529,0.6119368070631627,0.7282382682729143,0.00025261000642608835,True,True,85,3.424262707517266e-10
36.0,3.5,14.807688871862615,3162.2776601683795,2.5512711022156163,4.262296450742894,3.2700169594785815,0.9411637142212119,2.462097379455009,2.653885763919015,3.1147165485526638,0.0011146209276701033,0.7671960402727587,0.22081141588759565,0.5776457381386224,0.6226422292744227,0.7307601863333055,0.00026150713366636694,True,True,85,6.763023232817272e-10
36.0,3.5,14.825410390849957,3162.2776601683795,2.5708653946440614,4.497315825261529,3.4416673456933897,1.0040229698699983,2.612400450471883,2.8079421072441653,3.28620359122997,0.0013409934069441366,0.7652714373230057,0.22324938004806727,0.5808799185945466,0.6243595549754118,0.7307033170255215,0.00029817639210743104,True,True,220,6.981404369947554e-21
36.0,3.5,14.843131909837298,3162.2776601683795,2.677940093372121,4.523043865723083,3.5467681904000257,1.0210808431063825,2.6710336990993784,2.8729154672275037,3.3157866010865376,0.0013968473871556904,0.784155160925687,0.22575081591501345,0.5905389773778746,0.6351730278362492,0.7330874295105813,0.00030882906039037087,True,True,85,3.386629346824132e-10
36.0,3.5,14.86085342882464,3162.2776601683795,2.7894743764609924,4.54714808485431,3.653668796449843,1.0377928967769507,2.729440125958098,2.9377636162269996,3.343912785617501,0.0014550278638502238,0.8035077653660593,0.22822940388364357,0.6002531861782436,0.6460672846816082,0.7353868233927638,0.00031998690975045354,True,True,85,6.68150894753544e-10
36.0,3.5,14.878574947811982,3162.2776601683795,2.9056539823989205,4.569690408420169,3.7622975838159585,1.0541323394083146,2.787525010908795,3.0023842433424814,3.370593868507107,0.0015156317525035997,0.8233156401325353,0.2306791588038343,0.6100030334161076,0.6570213679706289,0.737597860523857,0.0003316705546859099,True,True,85,9.884702415727043e-10
36.0,3.5,14.896296466799324,3162.2776601683795,2.890848249657409,4.904092622436012,3.9864343945939615,1.145568382262586,2.998717258662666,3.2150355711382193,3.6108633153416436,0.0019035439269538352,0.8128790994599482,0.2335943609673398,0.6114723944942768,0.6555821471294343,0.736295904939091,0.0003881541548063762,True,True,303,2.220446049250313e-16
36.0,3.5,14.914017985786666,3162.2776601683795,3.0112500046639026,4.9268893507127975,4.10368488390191,1.1626362252001443,3.0609891267199236,3.2840809718970103,3.6378852332742246,0.0019828300185995595,0.8329159824358974,0.2359777422303872,0.6212822957505785,0.6665627616382102,0.7383736419304634,0.0004024506899698678,True,True,85,3.3186430960408375e-10
36.0,3.5,14.931739504774008,3162.2776601683795,3.1366664063611593,4.948142976013148,4.222623164550877,1.1792396969974615,3.1227201953863304,3.3526689443980944,3.663405791979622,0.002065418731740502,0.8533753339425851,0.23831964894991908,0.6310893218979678,0.677561048791567,0.740359728839389,0.0004174129045488223,True,True,85,6.538560223652242e-10
36.0,3.5,14.94946102376135,3162.2776601683795,3.267306311185133,4.967928359715115,4.343148052000618,1.195356053395327,3.1838061395998816,3.420685081065866,3.687457594008256,0.002151447653286424,0.8742372549530234,0.24061459160491483,0.6408719911135063,0.6885536250490586,0.7422525702886168,0.00043306736681883196,True,True,85,9.66040938199338e-10
36.0,3.5,14.967182542748692,3162.2776601683795,3.244831595702757,5.336437672835578,4.605799413724065,1.30043583466709,3.4299663815667114,3.6662849340289787,3.9507061832578243,0.002683613227110536,0.8630850196507065,0.24368987597977293,0.6427445782842169,0.6870285307915638,0.7403264922156527,0.0005028847691356184,True,True,343,1.1102230246251565e-16
36.0,3.5,14.984904061736033,3162.2776601683795,3.379976503039014,5.356455511995266,4.7358225131256875,1.3171785009112769,3.4953930927223316,3.7388245769682324,3.9749655192722777,0.0027953924000450846,0.8841336407107777,0.24590487085379176,0.6525571032737479,0.6980034779707393,0.7420887768732001,0.000521873540027556,True,True,85,3.2323850936054843e-10
36.0,3.5,15.002625580723375,3162.2776601683795,3.5207500987802764,5.375045181699289,4.867336775826,1.3333463332507716,3.559921052708944,3.810523604758318,3.997737599599731,0.00291182782727109,0.9055434161554751,0.24806234890647785,0.6623053262565313,0.7089286649593601,0.7437588828482871,0.0005417308559907831,True,True,85,6.36096235807948e-10
36.0,3.5,15.020347099710717,3162.2776601683795,3.667386813759234,5.3922885594183985,5.000207205444872,1.3489235468333391,3.6234407642043096,3.8812599699814756,4.0190732197712,0.0030331135006839882,0.9272885066047327,0.25015789343788963,0.671967147951579,0.7197797238061941,0.7453371931944031,0.0005624909474449813,True,True,85,9.38710712695308e-10
36.0,3.5,15.038068618698059,3162.2776601683795,3.6363686943285574,5.795975397137189,5.313820885339251,1.4663202740022594,3.9076715360545027,4.1628692513417,4.303922419132367,0.003759594053036284,0.9168121879820108,0.25298938893469425,0.6742043001053148,0.7182344585861888,0.7425708572293469,0.0006486559716753221,True,True,334,4.440892098500626e-16
36.0,3.5,15.0557901376854,3162.2776601683795,3.787820840839439,5.813436836306905,5.45738949065553,1.4823750513043208,3.975612240452678,4.23815094715369,4.325346161365791,0.003916192745568293,0.938754414010704,0.25499116839910957,0.6838660765390306,0.7290267472564568,0.7440256569663787,0.0006736450151329291,True,True,85,3.1313742101225204e-10
36.0,3.5,15.073511656672743,3162.2776601683795,3.945580860564199,5.829604884786651,5.602164085171197,1.49776308373654,4.042261987174135,4.312168046542773,4.345349541682735,0.004079314877083125,0.9609852118436021,0.25692360174275425,0.693402394684262,0.7397015975810147,0.7453934919367634,0.0006997583811775639,True,True,85,6.155937895514548e-10
36.0,3.5,15.091233175660083,3162.2776601683795,4.109911471895392,5.844562903072316,5.74797240268367,1.5124781092133508,4.1075120890463666,4.384797108676375,4.363996900939852,0.004249232247523516,0.9834734432684656,0.25878378491200515,0.7027920063769297,0.7502352496491081,0.746676350877467,0.000727040211217475,True,True,85,9.075832357361977e-10
36.0,3.5,15.108954694647425,3162.2776601683795,4.0695578309555245,6.284296940921109,6.1275112454895595,1.6408557090403801,4.4325679193237875,4.70529583582752,4.6682737514244845,0.005243036064374806,0.9750511955584694,0.2611041019331392,0.7053403047301091,0.7487386226434185,0.7428474171909898,0.0008343074990989076,True,True,275,5.999375546724599e-20
36.0,3.5,15.126676213634767,3162.2776601683795,4.184893951354784,6.411069564459998,6.349658398729405,1.6855855858294027,4.571196038294904,4.84807193429067,4.760805406454591,0.005694866894001101,0.9904210732525773,0.26291799970062857,0.713016134411565,0.7562032958066991,0.7425914441556355,0.0008882865544886312,True,True,123,1.0587911840678754e-22
36.0,3.5,15.144397732622108,3162.2776601683795,4.359191781176494,6.4257012671299485,6.511581164449761,1.7003036768089612,4.641149570362085,4.925477113749468,4.778759481216811,0.005932078529351047,1.0133650622320591,0.26460982328990296,0.7222790754533572,0.7665275600260579,0.7436946229763421,0.0009231799429730758,True,True,85,2.9912003101083583e-10
36.0,3.5,15.16211925160945,3162.2776601683795,4.540748990526979,6.439216533142084,6.674225843494882,1.714280681026129,4.709295859545077,5.0010542232419635,4.795434035161236,0.006179171943770459,1.0364965689759345,0.26622504029843946,0.7313460939396498,0.7766556998824274,0.74472321445933,0.0009596154923455053,True,True,85,5.874686052001778e-10
36.0,3.5,15.179840770596792,3162.2776601683795,4.7298679273539825,6.451694539316635,6.837369961344477,1.7275243527485287,4.775537634856354,5.074689263921715,4.810902172010475,0.006436558883519728,1.0597789339959502,0.2677628865131467,0.7401989672254664,0.7865668830098127,0.7456804011245155,0.0009976540030367728,True,True,85,8.653229475837568e-10
36.0,3.5,15.197562289584134,3162.2776601683795,4.6767027736153555,6.937792285480376,7.322725488500911,1.8679443683408892,5.155315332349859,5.447731113401254,5.135464679710768,0.007916967199541847,1.055483529512138,0.26924189878820387,0.7430772096101897,0.7852254563461682,0.740215974822196,0.0011411363837038936,True,True,373,3.1763735522036263e-22
36.0,3.5,15.215283808571476,3162.2776601683795,4.807678355430226,7.074539713379589,7.588801250526589,1.9142443358882701,5.308735671159272,5.604751234414072,5.230059163283663,0.00859472254597548,1.072691872260525,0.2705821740272363,0.7504001512804043,0.7922425290530483,0.7392790732932649,0.0012148808112167175,True,True,83,4.235164736271502e-22
36.0,3.5,15.233005327558818,3162.2776601683795,5.007914708745945,7.0867583392795686,7.771096866050465,1.9272222698109378,5.379235578886049,5.682606203671941,5.244795312468396,0.008952723296730062,1.0965658054089178,0.271946943517035,0.7590544676923322,0.8018625627707842,0.7400838382477672,0.0012633030319529966,True,True,85,2.844084567311787e-10
36.0,3.5,15.25072684654616,3162.2776601683795,5.216490762479413,7.098029826770972,7.953482932764281,1.9394402243942572,5.447418015721143,5.758070824497261,5.258430330972185,0.009325637644638686,1.1205197958970075,0.2732364151358526,0.767454934491206,0.8112209958290237,0.7408295624709068,0.0013138346657076663,True,True,85,5.581834866135191e-10
36.0,3.5,15.268448365533501,3162.2776601683795,5.433753859168116,7.10842513877694,8.135684105463021,1.9509196161175915,5.5132100035642075,5.831054761183725,5.271037181572816,0.009714086995862703,1.144512876851205,0.27445173551525404,0.7755881079044181,0.8203019160144104,0.7415196866629363,0.0013665596536807712,True,True,85,8.216552909074818e-10
36.0,3.5,15.286169884520843,3162.2776601683795,5.366264974565925,7.64281599988436,8.755241419386662,2.1013429934409618,5.9518556426572,6.260990616436791,5.611034969587821,0.011930788968322831,1.1455517730008329,0.2749435539822961,0.7787516594338074,0.8191994438347755,0.7341580602846802,0.0015610462123520114,True,True,299,2.117582368135751e-22
36.0,3.5,15.303891403508185,3162.2776601683795,5.589766059703889,7.653386090050798,8.955598425632553,2.1127654624349534,6.0216571994831805,6.337917677141017,5.6234596412959625,0.012427739809335536,1.17014852253104,0.27605630208326914,0.786796475263567,0.8281194235555611,0.734767536242071,0.001623822405286893,True,True,85,2.7262231886854124e-10
36.0,3.5,15.321612922495527,3162.2776601683795,5.822575804644268,7.663131730102436,9.155427342478955,2.1234530062931625,6.088766630424374,6.4120380018595045,5.634934112456835,0.012945391871261184,1.1947370428873694,0.2770998961105915,0.794553303384618,0.8367385851755144,0.7353304511681037,0.001689308278547384,True,True,85,5.348330384242476e-10
36.0,3.5,15.339334441482869,3162.2776601683795,6.065081908387554,7.672116177827,9.354409470672312,2.1334356586305754,6.153139427167513,6.4832904511956455,5.6455262888513795,0.013484607649080712,1.219273698918594,0.27807655791193137,0.8020133278156755,0.8450459170486558,0.7358499477845996,0.0017576125460733057,True,True,85,7.86971651660053e-10
36.0,3.5,15.35705596047021,3162.2776601683795,5.984894322031445,8.246770764428067,10.104626733026407,2.2898700213265,6.641690394639205,6.961682010762971,5.994847041467726,0.01654975191631496,1.2252828436328176,0.27766868835541203,0.80536862056209,0.8441706711179305,0.7269326640345244,0.0020068160482526426,True,True,457,3.1763735522036263e-22
36.0,3.5,15.374777479457553,3162.2776601683795,6.234160875537455,8.255916118857645,10.324887124445029,2.2997014318971765,6.709786896554683,7.036544968140767,6.005227839407431,0.01723906414003455,1.25060465438373,0.27855193763952407,0.8127246934145334,0.8523033503293878,0.7273847932745667,0.002088086154443619,True,True,85,2.61071309997698e-10
36.0,3.5,15.392498998444895,3162.2776601683795,6.493809202113049,8.264346058709203,10.543891778142315,2.308852845736412,6.7748710123758205,7.1082424352839695,6.014804040290694,0.01795708801345333,1.275828928658047,0.2793751410377204,0.8197709733169111,0.8601094853467688,0.7278015704524041,0.0021728383450895844,True,True,85,5.119864225251278e-10
36.0,3.5,15.410220517432236,3162.2776601683795,6.764271695156183,8.272116157336441,10.761278314659757,2.3173596224378645,6.836933346761087,7.176750282718749,6.023635905189893,0.0187050195508819,1.300909961850053,0.2801410882489393,0.8265035471845366,0.8675833542731112,0.7281856045804679,0.0022612133576355355,True,True,85,7.53085548599547e-10
36.0,3.5,15.427942036419577,3162.2776601683795,7.0459987569395155,8.279277809292582,10.976682078739769,2.3252572745552724,6.895979412772973,7.242060379354118,6.031779774035133,0.019484104596313147,1.3258018792918926,0.28085266953422267,0.8329204033995564,0.8747212675030301,0.7285393621246917,0.0023533579914958736,True,True,85,9.846916017903559e-10
36.0,3.5,15.44566355540692,3162.2776601683795,6.85307223837953,9.054723632653936,12.094515289800565,2.5239674747418688,7.568244734499464,7.898278267516085,6.477557120098304,0.024894530478001498,1.335713355864807,0.2787459426856184,0.8358338742892382,0.8722826436173738,0.7153787771874529,0.002749341833937887,False,True,418,6.352747104407253e-22
36.0,3.5,15.46338507439426,3162.2776601683795,7.138497779061188,9.062358945276992,12.342726207771243,2.531891721554565,7.632889472011233,7.969081405744221,6.485767643256554,0.025931281382402527,1.3619771940509895,0.27938550402200796,0.8422629823098375,0.8793606006852607,0.7156820517064959,0.002861427310371222,False,True,85,2.4707027499631836e-10
36.0,3.5,15.481106593381602,3162.2776601683795,7.435811088679145,9.069396152629947,12.588604095339594,2.539232510522315,7.694228589230442,8.036386899746208,6.4933368338210515,0.02701120469890866,1.3880311195458306,0.27997812288594176,0.8483727537912507,0.8860994452663548,0.7159613192040477,0.002978280388719809,False,True,85,4.843019467845759e-10
36.0,3.5,15.498828112368944,3162.2776601683795,7.745507284278418,9.075882013950455,12.831732177115663,2.5460267465227022,7.752302299847306,8.100224076981151,6.500314192433962,0.028136097888132604,1.4138275660031858,0.28052664662335053,0.8541651696145139,0.8924999316353354,0.7162184548501609,0.0031000951582319898,False,True,85,7.120131163013369e-10
36.0,3.5,15.516549631356286,3162.2776601683795,8.068102104173658,9.081859670100513,13.07169668696127,2.5523102334346834,7.807165158728954,8.160638106709369,6.506745595579398,0.029307833219282185,1.4393193863142568,0.2810338769974009,0.8596438881820498,0.898564655604181,0.7164552010202316,0.003227074000688432,False,True,85,9.364134512662443e-10
36.0,3.5,15.534271150343628,3162.2776601683795,7.841863353834508,9.923429191028575,14.488029204056458,2.751863549926396,8.563055785867636,8.898942965904219,6.965587381186792,0.03742343940505996,1.4599821216192663,0.27730973809076603,0.8629129730284361,0.8967608670951612,0.7019334997103759,0.0037712204808085076,False,True,376,8.66885281955573e-21
36.0,3.5,15.55199266933097,3162.2776601683795,8.168471334877676,9.929804148242924,14.768347930386726,2.758082225292918,8.622989629056494,8.964292840958507,6.972031971322718,0.038981569454556095,1.4872748454963214,0.27775796824562343,0.8683947337050277,0.9027663292376955,0.7021318716096144,0.003925713828047039,False,True,85,2.37484126372061e-10
36.0,3.5,15.569714188318311,3162.2776601683795,8.508682303943957,9.935679548015996,15.045048858044701,2.7638260368553027,8.679470045565367,9.025973056384549,6.977971877604648,0.04060454949052614,1.5142445753545835,0.2781718173878904,0.8735658193906349,0.9084404355801611,0.7023145064091809,0.004086741052214617,False,True,85,4.704212631517446e-10
36.0,3.5,15.587435707305653,3162.2776601683795,8.863062815722447,9.941094519979648,15.317661479194923,2.7691287478594333,8.732587352169165,9.08406798653434,6.983446498979703,0.04229507664082945,1.5408425549530216,0.2785537087786489,0.8784331880778701,0.9137895196828827,0.7024826577138308,0.004254569409417108,False,True,85,6.987694811495823e-10
36.0,3.5,15.605157226292995,3162.2776601683795,9.232203021498465,9.946085136437743,15.58572511313962,2.774022331177455,8.782443501151999,9.138675315622738,6.988492206114719,0.04405595344004093,1.567021084108853,0.27890595074586194,0.8830050598478478,0.9188213443038972,0.7026374810036761,0.004429476807778448,False,True,85,9.224876936939438e-10
36.0,3.5,15.622878745280337,3162.2776601683795,8.971852129050033,10.852065478769683,17.37295762277332,2.96912646556224,9.620550381146947,9.957919786999254,7.465132812838443,0.05623553950445957,1.6008894948856245,0.2736001244528848,0.8865179075787926,0.9176059439081269,0.6878997207898139,0.005182012550004913,False,True,390,4.1591964688146316e-19
36.0,5.0,14.222878745280337,100000.0,0.1895318658996882,5.064338555371563,1.860449684538329,0.8456816042314478,1.4783752944853452,1.6091337237302323,3.3532213090326666,0.0014617896800672523,0.3673628183023065,0.166987573003875,0.2919187329838534,0.3177381816275852,0.6621242384113567,0.00028864375161427233,True,True,173,1.4788877621704864e-17
36.0,5.0,14.240600264267679,100000.0,0.19722218636623337,5.245535112525462,1.9578222267320649,0.8683735211475212,1.5359198723985428,1.6740164034487979,3.4800873394175658,0.0015810685774933285,0.37323593965792207,0.1655452689800875,0.29280518373254666,0.31913167437417894,0.6634380029422924,0.0003014122570103478,True,True,44,8.470329472543003e-22
36.0,5.0,14.25832178325502,100000.0,0.2052186535248823,5.432178499019929,2.060222106421182,0.8916522940025218,1.5956398112055292,1.7414163630495179,3.6112370158894675,0.001710212388304935,0.3792625935971888,0.1641426720722438,0.2937384718660136,0.3205742159179238,0.6647861473147477,0.0003148299321558544,True,True,44,8.470329472543003e-22
36.0,5.0,14.276043302242362,100000.0,0.21353295786199733,5.624355715883735,2.1679030265517123,0.9155451635135952,1.6576138111439838,1.8114224255854157,3.74677521026409,0.0018501295423435317,0.38544913160974875,0.16278222960329577,0.29472065688568005,0.32206754286002576,0.6661696733872695,0.0003289495963277329,True,True,44,8.470329472543003e-22
36.0,5.0,14.293764821229704,100000.0,0.2221769295400073,5.822150731248996,2.2811315193145307,0.9400788848981073,1.7219239506281205,1.8841265155302287,3.886806304912945,0.0020018658512099457,0.391802209288589,0.16146591324962778,0.295753928421349,0.3236134896710303,0.6675894328965833,0.0003438361429678231,True,True,44,1.6940658945086007e-21
36.0,5.0,14.311486340217046,100000.0,0.23116321245156507,6.0256392694755885,2.400192781540739,0.9652821413146987,1.7886533445781339,1.9596216228979262,4.0314339117277544,0.0021665227005567534,0.3983299819654866,0.160195806311304,0.2968404288054569,0.32521389603006756,0.6690466739603896,0.00035955068062766825,True,True,46,1.6940658945086007e-21
36.0,5.0,14.329207859204388,100000.0,0.2405044654806261,6.234894036864393,2.5253846726915357,0.9911829565161488,1.8578892023212028,2.0380042452175138,4.180760555315466,0.0023453796869621554,0.40504051195737456,0.15897350470684618,0.2979824823543527,0.3268707107398495,0.6705423589553132,0.000376169935382202,True,True,44,8.470329472543003e-22
36.0,5.0,14.34692937819173,100000.0,0.25021420772779784,6.449978058554516,2.657025758689525,1.017811335466461,1.9297198038661802,2.1193717851585654,4.334887347607727,0.0025397956245949956,0.4119433794298802,0.15780074385160925,0.29918238269149144,0.3285858906679027,0.6720778440259074,0.00039376810301338934,True,True,84,5.082197683525802e-20
36.0,5.0,14.364650897179072,100000.0,0.26030613542470804,6.670949209829583,2.7954495896729026,1.04519734742516,2.0042371836941357,2.203824650347118,4.493913632124708,0.002751312382158225,0.419048249618485,0.15667895445599722,0.3004425788073623,0.33036147945779626,0.6736543017750708,0.00041243191869969433,True,True,44,8.470329472543003e-22
36.0,5.0,14.382372416166413,100000.0,0.2707945677170195,6.897856314271263,2.9410100082913377,1.0733722300785669,2.08153552515969,2.29146483613037,4.657936612439927,0.0029816203187311343,0.42636579747342074,0.15560953739465727,0.30176556749277517,0.3321995605199057,0.6752730703889739,0.0004322531787973512,True,True,44,1.6940658945086007e-21
36.0,5.0,14.400093935153755,100000.0,0.2816943755700508,7.130739140524421,3.0940805491778742,1.1023684698634546,2.161711611394801,2.3823961301794094,4.8270509559760395,0.0032325721825973387,0.43390740962518565,0.15459385740233128,0.30315393240367794,0.33410226951650895,0.6769355687888816,0.0004533291877452698,True,True,45,2.541098841762901e-21
36.0,5.0,14.417815454141095,100000.0,0.2930207048913751,7.369629968990346,3.255053508173222,1.132218588487469,2.24486585466533,2.476724924142183,5.001348379033722,0.003506260279368117,0.4416847958268888,0.1536330308647213,0.304610389410485,0.3360718156221756,0.6786430797853092,0.00047577155082706023,True,True,44,8.470329472543003e-22
36.0,5.0,14.435536973128437,100000.0,0.30478961981848635,7.614547955839014,3.4243463761327586,1.162957219846788,2.3311000809627362,2.574558149090868,5.180917208111702,0.0038049265233018655,0.4497110525788848,0.15272833352569604,0.30613768466389313,0.33811043860018464,0.6803972130924533,0.0004996917145139467,True,True,44,1.2705494208814505e-21
36.0,5.0,14.45325849211578,100000.0,0.317017235048451,7.865505486340674,3.6023950285096706,1.1946182192574097,2.420520751832305,2.6760059639999607,5.36584192179427,0.004131130852678396,0.4579991756112345,0.151880666961837,0.3077387405088978,0.340220468811209,0.6821992472210021,0.0005252212791476104,True,True,44,8.470329472543003e-22
36.0,5.0,14.470980011103121,100000.0,0.3297207263490447,8.12249938248861,3.789664913204021,1.2272374462454514,2.5132353009441486,2.7811784675013365,5.556202676239388,0.004487613486203989,0.46656389058941683,0.15109110982406065,0.30941649640041363,0.3424042694909047,0.6840508585593825,0.0005524916992765659,True,True,44,1.2705494208814505e-21
36.0,5.0,14.488701530090463,100000.0,0.3429173910285468,8.385518083068783,3.9866427900681844,1.2608498880497148,2.6093556657702037,2.890188651472566,5.752074795781465,0.004877464004589968,0.4754199741239153,0.15036040415862909,0.3111740550698661,0.3446642917994717,0.6859534185962214,0.0005816532689182396,True,True,44,1.6940658945086007e-21
36.0,5.0,14.506423049077805,100000.0,0.3566254175958638,8.65453461059037,4.193847239227817,1.2954912243803514,2.708995388481527,3.00314983476411,5.953528276985126,0.005304046304008901,0.4845837965794135,0.14968929961815466,0.31301456523919696,0.3470030417452164,0.6879085409976777,0.0006128632610144574,True,True,44,2.541098841762901e-21
36.0,5.0,14.524144568065147,100000.0,0.37086346825765837,8.929509604738401,4.4118251179213015,1.3311967312706592,2.812271239292747,3.120176938061999,6.160627222681206,0.005771082688727226,0.4940724981784204,0.14907836938371913,0.31494128611502126,0.3494231011752641,0.6899177553280305,0.0006462933513913047,True,True,44,2.541098841762901e-21
36.0,5.0,14.541866087052489,100000.0,0.38565072681550994,9.210390341879165,4.6411560224938455,1.3680002861243512,2.919302909924137,3.2413862825776985,6.3734293254303696,0.006282665423740109,0.5039043786657718,0.14852793805102105,0.31695756657024826,0.3519271347099464,0.6919825424174172,0.0006821280304671949,True,True,85,1.1102230246251565e-16
36.0,5.0,14.55958760603983,100000.0,0.4010073139448223,9.497106661937936,4.882458037595363,1.4059358158715103,3.0302114638398367,3.3668940666076708,6.591985269047162,0.006843275968659543,0.5140995264550468,0.14803833061138028,0.3190668033648793,0.35451787438603305,0.6941045840272821,0.0007205642952380126,True,True,44,3.3881317890172014e-21
36.0,5.0,14.577309125027172,100000.0,0.4169534961907447,9.789577497769761,5.136383538871824,1.4450336326898943,3.145122181999419,3.496819041661582,6.816338159531276,0.0074578641288764085,0.5246787759780218,0.14760939713885493,0.3212725148471355,0.35719815716850084,0.6962852238601879,0.0007618167515988756,True,True,45,2.541098841762901e-21
36.0,5.0,14.595030644014514,100000.0,0.4335108461683303,10.087700060490006,5.403635632868619,1.4853237802944457,3.2641600047020334,3.6312783860014957,7.0465229536430005,0.008131812069579096,0.5356657712329068,0.1472410729291942,0.32357821754500876,0.3599708917024549,0.698526216222642,0.0008061116033206183,True,True,44,2.541098841762901e-21
36.0,5.0,14.612752163001856,100000.0,0.4507009212885176,10.391361575283637,5.684956686912586,1.5268311686502976,3.3874545078716065,3.7703922830601075,7.282565787907255,0.008871054818417396,0.547084869073802,0.146932734232051,0.3259875506525375,0.36283910012602877,0.7008288312504873,0.0008536951345738593,True,True,45,1.6940658945086007e-21
36.0,5.0,14.630473681989198,100000.0,0.4685466371594965,10.700426254313728,5.981151943378582,1.5695786166677843,3.51513424101053,3.9142790135747103,7.524483485787867,0.009682033431442229,0.5589638955707361,0.1466837469241032,0.3285041322156164,0.3658058960031357,0.7031947426163959,0.0009048268920632066,True,True,44,4.235164736271502e-21
36.0,5.0,14.64819520097654,100000.0,0.4870711363285278,11.014745823989289,6.29307823816096,1.6135835069413744,3.64733109853491,4.063058873098998,7.772282789684581,0.010571822378069954,0.5713321340974667,0.14649303149847642,0.3311316626654513,0.36887450132984106,0.7056252512660922,0.0009597881373753826,True,True,44,3.3881317890172014e-21
36.0,5.0,14.665916719963882,100000.0,0.5062985582660321,11.334151973760557,6.621665523962355,1.658857743403805,3.7841767779259294,4.216851478660825,8.02595990544918,0.011548081136444153,0.5842224049308696,0.14635922892548023,0.3338738342918458,0.37204825631623467,0.7081217830879541,0.0010188747392110905,True,True,45,2.541098841762901e-21
36.0,5.0,14.683638238951223,100000.0,0.5262538998487483,11.658457878472731,6.9679175503555095,1.705408462631104,3.9258032638436964,4.375775997126783,8.285499768768375,0.012619200901566268,0.5976706030067429,0.14628079291517018,0.3367343524131667,0.3753306005596697,0.7106857403557204,0.0010824073846737092,True,True,45,1.6940658945086007e-21
36.0,5.0,14.701359757938565,100000.0,0.5469625173293069,11.987463010211044,7.332920113750327,1.7532332818646277,4.07234427637856,4.539953230556567,8.550875473711962,0.013794223430607596,0.6117157656715245,0.1462555738750731,0.33971694201764757,0.37872510861467423,0.7133181947196198,0.001150720833829271,True,True,44,2.541098841762901e-21
36.0,5.0,14.719081276925907,100000.0,0.5684514054664398,12.32094089252289,7.717864736801103,1.8023256025609757,4.223929896916557,4.709500455313363,8.822047768814716,0.015083053407848955,0.6264022207496167,0.14628149086038864,0.3428252707128803,0.38223545558694955,0.7160206225945359,0.0012241803235175234,True,True,44,3.3881317890172014e-21
36.0,5.0,14.736802795913249,100000.0,0.5907473566381675,12.658657811557203,8.124036657667656,1.8526663997893686,4.380693626400757,4.884538568683102,9.098964246509189,0.01649631865628971,0.6417770966405701,0.14635567430363006,0.34606304172320984,0.385865440190948,0.7187937601253384,0.0013031649090971373,True,True,44,1.6940658945086007e-21
36.0,5.0,14.75452431490059,100000.0,0.6138792957221182,13.000349694238816,8.552864040600282,1.9042312772987389,4.542762402519375,5.065182983991431,9.381559126458304,0.01804562038592215,0.6578949214258856,0.14647538889993172,0.3494338621162266,0.3896189797291451,0.7216389825741226,0.0013880873061375555,True,True,86,8.470329472543003e-22
36.0,5.0,14.772245833887931,100000.0,0.6378759397846424,13.345746865895519,9.005892209100955,1.9569833588318306,4.710265999340433,5.251552416767952,9.669752338056302,0.019743440275746166,0.67481365408744,0.14663723045975174,0.3529413562741337,0.393500076806347,0.7245568520984718,0.0014793806951486303,True,True,82,3.3881317890172014e-21
36.0,5.0,14.789967352875273,100000.0,0.6627679268745008,13.694552624350795,9.484843310915068,2.010877016144554,4.88332765232139,5.443760853119954,9.963449334588057,0.021603266389609712,0.6925997198367556,0.14683772966551228,0.3565890603566095,0.39751286533013136,0.7275483623226711,0.0015775080049855836,True,True,44,1.1858461261560205e-20
36.0,5.0,14.807688871862615,100000.0,0.6885864794344099,14.046458505009001,9.991601880800001,2.0658568422284294,5.062069483535516,5.64192200275226,10.26254050206063,0.023639749358833246,0.7113253406356465,0.1470731459813689,0.3603804817940671,0.4016615291847647,0.7306140902634628,0.0016829686536576642,True,True,44,1.3552527156068805e-20
36.0,5.0,14.825410390849957,100000.0,0.7153638894127744,14.401140023755188,10.528256209794643,2.1218547804596555,5.24660997275964,5.846147907743041,10.566900593099264,0.02586853317782174,0.7310710257957296,0.14733936181160529,0.3643190722474174,0.405950355187132,0.7337544510829552,0.0017962837063698208,True,True,45,3.3881317890172014e-21
36.0,5.0,14.843131909837298,100000.0,0.7431342615061572,14.758250344065704,11.097123571328998,2.1787965213539837,5.437060736269253,6.05654499044836,10.87638880567072,0.02830675124759543,0.7519267740156714,0.14763244087603367,0.36840821977623495,0.41038367348767046,0.7369700711198546,0.0019180289389099283,True,True,45,3.3881317890172014e-21
36.0,5.0,14.86085342882464,100000.0,0.771931866493851,15.117439367874777,11.7007532777343,2.236593517839858,5.633533034066839,6.273220840293298,11.19084779874497,0.03097263867880125,0.773990422121283,0.14794790727540258,0.3726512736038052,0.41496583433462736,0.740260802535515,0.002048801911825059,True,True,44,3.3881317890172014e-20
36.0,5.0,14.878574947811982,100000.0,0.8017937229626552,15.478327416630735,12.342000483151226,2.2951529208972365,5.836126934091856,6.496273292091148,11.510104162679824,0.0338861047544263,0.7973730074924198,0.14828171411022115,0.3770515235270971,0.41970124531098935,0.743627127974613,0.002189261400299445,True,True,45,1.6940658945086007e-21
36.0,5.0,14.896296466799324,100000.0,0.8327567931035301,15.84053792878928,13.023999814226103,2.3543702948792387,6.044942637632276,6.725800991745579,11.833967741963106,0.03706858076223843,0.8221942886520112,0.14862944083485347,0.3816122069090807,0.4245942291847184,0.7470685525430004,0.0023401087089895086,True,True,44,5.929230630780102e-20
36.0,5.0,14.914017985786666,100000.0,0.8648608277367464,16.203667889412888,13.750263144849898,2.4141367521369292,6.260068858473058,6.9618921394332025,12.162231584698759,0.04054314757798372,0.8485895439657839,0.14898705457387657,0.38633653202453294,0.42964915023850536,0.750585093924647,0.002502096923652311,True,True,44,7.115076756936123e-20
36.0,5.0,14.931739504774008,100000.0,0.8981462440759963,16.567313917022783,14.524665233010913,2.4743373634646098,6.4815910001708685,7.2046314874343045,12.4946725064662,0.044335038861595316,0.8767061037026005,0.14935054504654782,0.3912276324716154,0.434870222385996,0.7541761186542149,0.002676054735465682,True,True,45,1.6940658945086007e-21
36.0,5.0,14.94946102376135,100000.0,0.9326555758666486,16.9310581634168,15.351523004915315,2.534853002655274,6.709585717942396,7.45409492930064,12.831049985720105,0.04847124031304047,0.9067078298795044,0.14971615939116964,0.39628862255283615,0.44026161019320215,0.7578409962257618,0.002862859476661242,True,True,44,1.0333801956502464e-19
36.0,5.0,14.967182542748692,100000.0,0.9684330798611662,17.29447548922358,16.235630875602073,2.595563440694498,6.944121810917034,7.710349647282061,13.171107888144624,0.05298127916476249,0.9387755578779312,0.1500804949136404,0.4015225448868923,0.4458273193706559,0.7615789155532192,0.0030634799649041588,True,True,45,5.082197683525802e-21
36.0,5.0,14.984904061736033,100000.0,1.0055245663438521,17.657137985196176,17.182308837036523,2.656347257091649,7.185261185489974,7.973454353813046,13.51457323697338,0.05789711911045241,0.9731083741567998,0.15044042014729356,0.4069323800671507,0.4515711640526356,0.7653886631176615,0.003278963961146683,True,True,46,6.776263578034403e-21
36.0,5.0,15.002625580723375,100000.0,1.0439781456745645,18.01860933485716,18.197481106577776,2.7170844707201027,7.433055811991445,8.243456068618412,13.861157520287655,0.06325310732993536,1.0099270575434802,0.15079323937968278,0.41252105941450945,0.45749679763972534,0.7692689964409808,0.0035104322511489085,True,True,44,1.5415999640028266e-19
36.0,5.0,15.020347099710717,100000.0,1.083843529982754,18.378455816465603,19.287730132822226,2.7776584342032438,7.687549470546502,8.520391018069674,14.210557254255153,0.06908728628284713,1.0494750116896103,0.15113666033436213,0.4182913704675385,0.463607557846949,0.7732182396697141,0.003759145326069807,True,True,45,3.3881317890172014e-21
36.0,5.0,15.038068618698059,100000.0,1.1251727866612489,18.736240696485783,20.460380672110077,2.8379560909140404,7.94877619151164,8.804282568627643,14.562453262358458,0.07543979417696484,1.092021660244132,0.15146881046667673,0.42424605449280617,0.4699065683052949,0.7772345316363185,0.004026410388243706,True,True,45,1.9820570965750628e-19
36.0,5.0,15.0557901376854,100000.0,1.1680198565023758,19.09153299472248,21.723603106760635,2.8978699146125964,8.216759499711626,9.095140789462212,14.91651372441311,0.08235546288724689,1.1378658336533658,0.1517882254617092,0.4303876227217063,0.4763965676290324,0.7813156611643768,0.004313716604633719,True,True,45,2.202285662861181e-19
36.0,5.0,15.073511656672743,100000.0,1.2124412542987064,19.44390272332234,23.086498526319758,2.9573003691704773,8.49151181059886,9.392960081551779,15.272392088519666,0.08988188637641321,1.187338717685943,0.1520939706010404,0.4367184886403265,0.48307997706063527,0.7854591902581842,0.004622625799737353,True,True,45,3.3881317890172014e-21
36.0,5.0,15.091233175660083,100000.0,1.2584951369895436,19.792934874125496,24.559235743182697,3.016151519060185,8.773035560563537,9.697722214465925,15.62973056522255,0.0980710699258522,1.2408081923862637,0.1523852596010447,0.4432407632499297,0.48995877954124756,0.7896621023926403,0.00495485235259661,True,True,45,6.776263578034403e-21
36.0,5.0,15.108954694647425,100000.0,1.3062431157425274,20.13821206267359,26.153208757957202,3.0743411052104888,9.061316552433707,10.00938715803863,15.988159690285187,0.10697995987392904,1.2986857361797515,0.15266206829298495,0.44995635780541626,0.49703454938738806,0.793921508052814,0.005312286887286168,True,True,45,1.0164395367051604e-20
36.0,5.0,15.126676213634767,100000.0,1.3557477314226387,20.47934687153269,27.881137477557484,3.1317873725676186,9.356333951916804,10.327905269929492,16.347299189101893,0.11666848460578995,1.3614270832198097,0.15292418221212703,0.45686681370305676,0.5043083324246923,0.7982334247106997,0.005696885029471566,True,True,45,1.1858461261560205e-20
36.0,5.0,15.144397732622108,100000.0,1.407075882781571,20.815945904094697,29.757391387186434,3.188424297530886,9.658043752157193,10.653199449068362,16.70676119585814,0.12720424209927345,1.4295478823920689,0.15317220328208542,0.46397333066941543,0.5117807039925472,0.8025943799446442,0.006110903760287499,True,True,86,5.082197683525802e-21
36.0,5.0,15.16211925160945,100000.0,1.4602954227912242,21.14765228175437,31.79802988261266,3.244187822440788,9.96639557616068,10.98518217772901,17.066148266294164,0.13865691855402937,1.5036198561883463,0.1534065237700067,0.47127669035675507,0.519451617199453,0.8069996630793093,0.006556610478869035,True,True,45,1.5246593050577406e-20
36.0,5.0,15.179840770596792,100000.0,1.5154781345052137,21.474114721273757,34.021283585680884,3.2990244705404392,10.28131531867427,11.323739795141538,17.425058386300343,0.1511051281307226,1.5842927183385598,0.15362796154163205,0.47877714411616146,0.5273204479960913,0.8114447842191075,0.007036617345674665,True,True,45,3.3881317890172014e-20
36.0,5.0,15.197562289584134,100000.0,1.572698522730881,21.795004913482803,36.447673520706076,3.352889715662719,10.60271429504498,11.66873904992639,17.783083638377946,0.16463110878516976,1.6722948063277956,0.15383752969876863,0.486474508133097,0.5353859334396336,0.8159247363774161,0.007553616502436567,True,True,45,4.743384504624082e-20
36.0,5.0,15.215283808571476,100000.0,1.6320331215254256,22.11002813085683,39.10048626506821,3.405740673077823,10.93048742779879,12.020029297399196,18.139813026209787,0.1793246223418855,1.7684503173697659,0.15403601718284382,0.4943678661604308,0.5436460427033109,0.8204337379785511,0.008110556046358868,True,True,46,1.1102230246251565e-16
36.0,5.0,15.233005327558818,100000.0,1.6935637290791992,22.41889016095597,42.00622612545552,3.457550340828686,11.264501980298059,12.377427410195317,18.494834689555024,0.1952830700530647,1.8736978424833997,0.15422486644099118,0.5024558262886697,0.5520981333746597,0.8249665597525895,0.008710648415288794,True,True,45,8.809142651444724e-20
36.0,5.0,15.25072684654616,100000.0,1.7573725721688358,22.721354098671195,45.194937086167684,3.5082874955830294,11.604616569488906,12.740740802313773,18.847735552138115,0.21260847310022646,1.9890952312921704,0.15440485986652544,0.5107361347873002,0.5607386226624093,0.8295163866681863,0.009357209617742824,True,True,45,1.3213713977167085e-19
36.0,5.0,15.268448365533501,100000.0,1.8235484022842623,23.017175335335235,48.70114105483957,3.5579377993538164,11.95065378852328,13.109737550647631,19.198105761487668,0.2314148110622231,2.115860888459025,0.1545775164640547,0.5192059240291321,0.5695632656767392,0.8340774001063174,0.010054005658416411,True,True,45,2.0667603913004928e-19
36.0,5.0,15.286169884520843,100000.0,1.8921809572547028,23.306165326492923,52.56408338712073,3.6064847882136326,12.302426818612606,13.484174430317818,19.54553818833035,0.25181905089955686,2.255372458349865,0.154743808674266,0.5278614755481895,0.5785668402081526,0.8386423898792249,0.010804825563187155,True,True,45,3.015437292225309e-19
36.0,5.0,15.303891403508185,100000.0,1.9633652788150995,23.588146299450035,56.8290602302299,3.6539221460461184,12.65971594795876,13.863774350023947,19.88963158862222,0.2739519367006821,2.409221119319363,0.15490501456366287,0.5366982121971121,0.5877432746950185,0.8432045204453371,0.011613966321171636,True,True,45,4.37069000783219e-19
36.0,5.0,15.321612922495527,100000.0,2.0372002253957397,23.862969982445705,61.54799214530324,3.7002498598875415,13.022280639403276,14.248236074243573,20.22999229048606,0.2979490757455079,2.579225980277381,0.15506241941424528,0.5457108083772826,0.5970856135981812,0.8477566834877566,0.012485833740087169,True,True,45,5.827586677109586e-19
36.0,5.0,15.339334441482869,100000.0,2.113787362721116,24.130530701937264,66.78082030640742,3.7454687600801293,13.38985912554222,14.637237911072638,20.56623543964367,0.32395795794739163,2.7674824532991344,0.1552170072985354,0.5548928571416477,0.606585826556128,0.8522910537559192,0.013425231377997974,True,True,45,9.351243737687476e-19
36.0,5.0,15.35705596047021,100000.0,2.1932349653121728,24.390725093466365,72.59696423743364,3.7895933715036487,13.762155372925747,15.03042033952449,20.89798765355674,0.352136046921769,2.9764168125071633,0.15537026295781511,0.5642372385482,0.6162350763221363,0.8568005901208227,0.014437293092860818,True,True,45,2.220446049250313e-16
36.0,5.0,15.374777479457553,100000.0,2.275652558712213,24.643510075116776,79.07663144524345,3.832633687635143,14.13886145767892,15.427412910178335,21.22488842046457,0.3826485948446711,3.208821762979669,0.1555230434281786,0.5737356981445315,0.6260233571903304,0.8612769997361666,0.015527357656369003,True,True,45,1.1102230246251565e-16
36.0,5.0,15.392498998444895,100000.0,2.361157290564914,24.888838264264646,86.3134847884277,3.874614677675423,14.519629757064449,15.827803336592453,21.54659194250581,0.41567654757955386,3.467959567737497,0.15567679923568745,0.5833791679184845,0.6359398204342059,0.8657130442862965,0.016701323829018632,True,True,45,1.1102230246251565e-16
36.0,5.0,15.410220517432236,100000.0,2.4498684778124336,25.126714287250067,94.41620077108126,3.9155585994072797,14.90410065527199,16.23116712715897,21.862768859799402,0.4514055443347033,3.757602354677565,0.1558324958307077,0.5931575646894154,0.6459725271519116,0.8701005873614414,0.01796516405504551,True,True,45,2.220446049250313e-16
36.0,5.0,15.427942036419577,100000.0,2.5419115705443662,25.357155113298315,103.51228902276519,3.95549658433792,15.29188157385378,16.637047088676358,22.17310839473229,0.49003971314184464,4.082172805279689,0.15599133919654487,0.6030598269217552,0.6561085821473411,0.8744320210867746,0.019325500473231245,True,True,45,2.220446049250313e-16
36.0,5.0,15.44566355540692,100000.0,2.637417142281261,25.580200904200872,113.75088143943965,3.9944645880748886,15.682557986283902,17.04496259356552,22.477318805337617,0.5317888768519666,4.446832996560206,0.15615454323577668,0.6130740741644627,0.6663341956304313,0.8786998542160125,0.02078908132283802,True,True,45,4.440892098500626e-16
36.0,5.0,15.46338507439426,100000.0,2.7365191987131467,25.7959305761881,125.30733560436576,4.032498426153563,16.07569754024025,17.454417366503513,22.775130270832058,0.5768789527676688,4.857639666623828,0.1563230453828214,0.6231873470414564,0.6766345302004909,0.882896246117808,0.022363176667104946,True,True,45,3.3306690738754696e-16
36.0,5.0,15.481106593381602,100000.0,2.8393597979129392,26.004418354039192,138.38866653926954,4.069645374879559,16.470834924594026,17.864880635961246,23.066295577827425,0.6255471519857226,5.321736662407372,0.15649822731941368,0.6333860154205548,0.6869940481935964,0.8870144782240286,0.024055417947410396,True,True,45,2.220446049250313e-16
36.0,5.0,15.498828112368944,100000.0,2.9460828153790204,26.205790948763084,153.23898408173227,4.105946959645618,16.867499678531665,18.275819500400747,23.35059003906245,0.6780402636001303,5.847523716469438,0.15668090185384842,0.6436554314086754,0.6973962181158042,0.8910469477802424,0.02587368055121167,True,True,45,2.220446049250313e-16
36.0,5.0,15.516549631356286,100000.0,3.0568411714367967,26.40016111871206,170.14874874376258,4.1414568591668015,17.265186370238172,18.686665897678747,23.627816521692225,0.7346235271288822,6.4449890278572415,0.15687240848812076,0.6539803409760576,0.7078239338635666,0.8949875879713918,0.027826478930395297,True,True,45,2.220446049250313e-16
36.0,5.0,15.534271150343628,100000.0,3.1717905722524473,26.58768319829461,189.4623521087322,4.176224528276712,17.66338658011053,19.0968515120874,23.89780026659937,0.7955655179421766,7.125944396722943,0.15707365313216096,0.664344706094719,0.7182593296926418,0.898829735873046,0.029922333285256154,True,True,45,2.220446049250313e-16
36.0,5.0,15.55199266933097,100000.0,3.2910938670988417,26.76851349625517,211.59175773550515,4.210304923411638,18.061569282343623,19.50578789417022,24.16039609942191,0.8611563588507168,7.904501599056151,0.15728572018019027,0.6747318742548173,0.7286840151545589,0.9025677164629209,0.03217049609315026,True,True,45,2.220446049250313e-16
36.0,5.0,15.569714188318311,100000.0,3.4149204096392007,26.942816013881984,237.02948946708415,4.243756159291423,18.459190731444778,19.912875531789116,24.415484817592922,0.9316889000538168,8.79750243422801,0.1575097479456073,0.6851247739632668,0.7390792232530271,0.9061964720025226,0.03458023465601274,True,True,45,2.220446049250313e-16
36.0,5.0,15.587435707305653,100000.0,3.543442932501364,27.110786576990915,266.36679742032345,4.276632703047132,18.855707138638746,20.317520335714892,24.66297282797754,1.0074722798325384,9.825122434713515,0.15774653719109483,0.6955057200236933,0.7494257047104083,0.9097107071363674,0.03716130762091521,True,True,46,2.371692252312041e-20
36.0,5.0,15.605157226292995,100000.0,3.6768446699759956,27.27259497550692,300.317045665136,4.30899830112229,19.250551020694306,20.719105718218728,24.90279933693524,1.088824855338958,11.011678424251375,0.15799737080362658,0.7058569614656368,0.7597042282491353,0.9131070717436329,0.03992377169524257,True,True,46,5.421010862427522e-20
36.0,5.0,15.622878745280337,100000.0,3.815310105517053,27.428457337480456,339.74029959048715,4.340908302267119,19.643172423585067,21.117039671070398,25.134923806652466,1.1760690974834755,12.386416611416152,0.15826294015942893,0.7161603068628672,0.7698952737751814,0.9163812422037342,0.04287769753191332,True,True,46,3.503275330284583e-20
36.0,7.0,14.222878745280337,10000000.0,0.130053515432618,5.124143660661156,1.7153572820870444,0.8912187317242373,1.480777283675111,1.5612509750293664,3.7743905179322685,0.11974211695796023,0.3347597951353526,0.17392539919718905,0.2889804388279094,0.3046852466325899,0.7365895197101613,0.02336822011397514,True,True,90,3.865180744910823e-17
36.0,7.0,14.240600264267679,10000000.0,0.1352681332788445,5.305819562899272,1.7959299106798992,0.9174677225440974,1.5370962271549877,1.6213084686670676,3.925761751753346,0.12869862435043264,0.33848303535194946,0.17291724900700606,0.28970005650080355,0.3055717310863719,0.7398973344672473,0.024256125340249516,True,True,85,1.1102230246251565e-16
36.0,7.0,14.25832178325502,10000000.0,0.14068467054947517,5.493041289106877,1.8799640623497227,0.9445598427297298,1.5954627270397828,1.6835597213745126,4.082756960113699,0.13827783280655018,0.34224466254747365,0.17195571506132032,0.2904516174316235,0.30648954427361413,0.7432598346220552,0.02517327388031212,True,True,44,1.1102230246251565e-16
36.0,7.0,14.276043302242362,10000000.0,0.14631044905692986,5.685910576465026,1.9675764049914901,0.9725369269164023,1.6559438858300497,1.7480748870970664,4.245545752375982,0.1485225052234605,0.34604420497494837,0.1710433032383418,0.29123635758259897,0.30743974313149647,0.7466782488541124,0.026121146864008207,True,True,44,1.1102230246251565e-16
36.0,7.0,14.293764821229704,10000000.0,0.15215259932407518,5.884527423007705,2.0588855500870795,1.0014415398424668,1.7186088139938278,1.8149258833921798,4.414300014160113,0.1594798374792171,0.34988120575955106,0.17018215191367211,0.29205553657109323,0.3084233877976446,0.7501536991570127,0.027101553959230872,True,True,44,6.2341624917916505e-19
36.0,7.0,14.311486340217046,10000000.0,0.15821895548039325,6.088983143996691,2.1540132031203907,1.0313178695564307,1.783526817509664,1.884184708462771,4.589193010768323,0.17119910098612603,0.3537558163950735,0.1693744004815053,0.29291045406622546,0.30944160361495576,0.7536879150820026,0.028116205438163563,True,True,44,7.589415207398531e-19
36.0,7.0,14.329207859204388,10000000.0,0.16451720659440058,6.299366628311703,2.2530815210403072,1.0622115696687098,1.8507693283140745,1.9559251442491854,4.77039928616345,0.18373405098724843,0.3576679456810973,0.168621963499431,0.29380244674060196,0.31049552433708627,0.7572823694248079,0.029167067393962923,True,True,44,9.215718466126788e-19
36.0,7.0,14.34692937819173,10000000.0,0.17105535610041436,6.5157596210252935,2.3562153202541096,1.0941694048652848,1.9204085758645832,2.030221535050181,4.958094102583099,0.19714223730028094,0.361617901411063,0.1679266069507197,0.29473287652720304,0.3115863158148111,0.7609387686102075,0.0302562170440013,True,True,44,2.220446049250313e-16
36.0,7.0,14.364650897179072,10000000.0,0.17784193476607052,6.738235552014625,2.46353987148905,1.1272403829846414,1.9925176253014114,2.1071487389894092,5.15245264951273,0.21148402375240288,0.3656060778036308,0.1672901420977506,0.2957031718348998,0.3127152090074093,0.7646590282781416,0.03138566797196227,True,True,44,1.0570971181733668e-18
36.0,7.0,14.382372416166413,10000000.0,0.18488513842117826,6.966865214557135,2.575180764536047,1.1614747198573743,2.0671717920218335,2.1867834305621026,5.353649729724422,0.22682578323525632,0.36963263752472986,0.16671410800807435,0.29671476745416525,0.3138834128716685,0.7684445679439974,0.03255779697894945,True,True,44,2.220446049250313e-16
36.0,7.0,14.400093935153755,10000000.0,0.1921941057875342,7.201706327665986,2.691264819930536,1.1969248293216972,2.1444461716141814,2.269201749708451,5.561858837828221,0.24323605954711344,0.37369821782260215,0.1662001718569953,0.29776917775390305,0.3150922359873401,0.7722973674255299,0.03377478176424673,True,True,44,1.1655173354219173e-18
36.0,7.0,14.417815454141095,10000000.0,0.19977770646105655,7.4428134462137105,2.811916912760341,1.2336452403369598,2.2244183281425274,2.3544817621253284,5.777251247958227,0.2607892446011229,0.3778029549015248,0.16574985376860907,0.29886794076158496,0.31634297690520435,0.77621873632977,0.03503906775115947,True,True,44,1.0570971181733668e-18
36.0,7.0,14.435536973128437,10000000.0,0.20764523447384703,7.6902309266773,2.9372624556469327,1.2716921328469264,2.307166471999252,2.4427017421053177,5.999995738937745,0.27956409038337,0.3819472371704225,0.16536462233343927,0.30001263863165994,0.31763698195741047,0.7802100868159689,0.03635314635527604,True,True,44,1.1102230246251565e-16
36.0,7.0,14.45325849211578,10000000.0,0.21580654923047693,7.943992411791231,3.0674248040300207,1.3111244759729177,2.392769693295981,2.5339403232339426,6.230256817105899,0.29964286161917997,0.3861313864647021,0.16504603831529618,0.30120493188593733,0.31897567266968013,0.7842727553287133,0.037719429486667365,True,True,45,2.220446049250313e-16
36.0,7.0,14.470980011103121,10000000.0,0.22427117912398617,8.204127422866373,3.20252514216999,1.352002995903132,2.4813094747095645,2.628277915906714,6.468194554360074,0.3211147335696499,0.3903553634776538,0.16479546528432232,0.3024464817298803,0.3203604454729984,0.7884073736266037,0.03914063214994024,True,True,45,1.0842021724855044e-19
36.0,7.0,14.488701530090463,10000000.0,0.23304967516318373,8.470649496196746,3.3426833838275236,1.3943909192754456,2.5728670641757514,2.725794186047014,6.7139631817566405,0.34407145792521293,0.39461948996099555,0.16461440411405476,0.3037390539333434,0.32179281969710516,0.792614921060204,0.040619253350017405,True,True,47,1.1102230246251565e-16
36.0,7.0,14.506423049077805,10000000.0,0.24215236048256578,8.743567354031038,3.488015166106738,1.438354058089741,2.6675262439755376,2.8265706487748266,6.967709434438639,0.3686113950552145,0.3989235771711259,0.1645042577989198,0.3050844278960956,0.32327430376249067,0.7968954949750943,0.04215800944053733,True,True,45,1.0842021724855044e-19
36.0,7.0,14.524144568065147,10000000.0,0.25159002666900676,9.022877566747262,3.6386339314606593,1.4839599318028784,2.7653716429747655,2.930689052135638,7.229573067017238,0.3948375781110496,0.40326757229538507,0.1644663712685004,0.3064844471752795,0.3248064744817488,0.801249159543178,0.043759607197395245,True,True,45,1.0842021724855044e-19
36.0,7.0,14.541866087052489,10000000.0,0.2613741073676509,9.308563643686583,3.794649414715761,1.531279091048756,2.8664886924129576,3.0382313224579116,7.499682794188847,0.4228570959434383,0.4076514444083363,0.16450218848611803,0.30794103173555865,0.3263909920751903,0.8056756209939451,0.045426675062831615,True,True,45,1.0842021724855044e-19
36.0,7.0,14.55958760603983,10000000.0,0.2715157946945151,9.600603443199867,3.9561665181432883,1.5803838389393134,2.9709654232197344,3.1492812484965422,7.778158632407157,0.45278403004257456,0.412074776502247,0.16461296920442053,0.30945611292007663,0.3280295105540669,0.810173931089347,0.04716203858657267,True,True,45,1.0842021724855044e-19
36.0,7.0,14.577309125027172,10000000.0,0.28202732625713023,9.89895708862166,4.12328730723886,1.631348717262825,3.078889814165912,3.2639219720939066,8.065106519225589,0.48473528198470184,0.41653754737237575,0.16480005950707433,0.3110317366366742,0.3297238227091232,0.8147430529319105,0.04896831834354348,True,True,84,1.1102230246251565e-16
36.0,7.0,14.595030644014514,10000000.0,0.2929208966693206,10.203577591958783,4.296108499130171,1.6842510164357691,3.1903521958510552,3.382238285013115,8.360620674166958,0.5188343783546032,0.4210394305734334,0.16506475314727753,0.3126699598349996,0.33147572550225746,0.819381300217267,0.05084828077982033,True,True,46,1.6263032587282567e-19
36.0,7.0,14.612752163001856,10000000.0,0.3042091733959752,10.514405156739244,4.474722182096438,1.7391689743125904,3.305444322254462,3.50431571438345,8.664779146975755,0.555209145989374,0.4255801555476821,0.1654082136256528,0.31437292675904027,0.33328711060153,0.8240864811474414,0.052804617827905444,True,True,85,1.1102230246251565e-16
36.0,7.0,14.630473681989198,10000000.0,0.31590564669534366,10.83136439944861,4.659217542161658,1.7961838307443163,3.4242584356200965,3.6302397343777892,8.977644031934513,0.5939914154922536,0.4301597998493009,0.16583172391797235,0.316142852307177,0.33515996697171346,0.8288562456998988,0.054839943850701935,True,True,46,2.168404344971009e-19
36.0,7.0,14.64819520097654,10000000.0,0.32802368957325667,11.154373321246833,4.849677300467523,1.8553781697412088,3.546889677692226,3.7600980049584076,9.299259543371607,0.6353193435185721,0.43477810548351153,0.16633638809695273,0.31798197671366407,0.337096302648951,0.8336873148810962,0.056956973307358896,True,True,45,1.0842021724855044e-19
36.0,7.0,14.665916719963882,10000000.0,0.3405777657087275,11.483331322811086,5.046181194264355,1.9168356454198991,3.673433552395991,3.8939780432512667,9.629649325461937,0.6793330971455962,0.4394353043041054,0.1669233074911108,0.31989267305201685,0.33909829245421724,0.8385762854663177,0.05915819007992338,True,True,45,1.0842021724855044e-19
36.0,7.0,14.683638238951223,10000000.0,0.3535826006097913,11.818128029671078,5.248806302762872,1.9806430094668277,3.8039872951286884,4.031968650021114,9.96881678866972,0.7261790496591094,0.44413178547270793,0.16759363280666312,0.32187731302099976,0.34116813084934333,0.8435191058720636,0.061446199248809494,True,True,45,2.168404344971009e-19
36.0,7.0,14.701359757938565,10000000.0,0.36705336850761305,12.158640985155827,5.457623007850508,2.046886509561172,3.9386504919875245,4.174160379333544,10.316741090797906,0.7760065252192597,0.44886784752618153,0.16834829748326013,0.323938382323824,0.3433081365285536,0.84851103864267,0.06382345906640932,True,True,46,1.0842021724855044e-19
36.0,7.0,14.719081276925907,10000000.0,0.3810063668544197,12.504729429723298,5.672702675529618,2.11565459321931,4.077522792371436,4.32064368290452,10.673377059284396,0.828967477348032,0.4536445756311852,0.16918835430301066,0.32607845018056203,0.34552076533815307,0.8535472214148159,0.06629231619978963,True,True,85,1.0842021724855044e-19
36.0,7.0,14.736802795913249,10000000.0,0.39545794239360993,12.856245561464121,5.894113094564328,2.1870373639706706,4.22070655529489,4.47151139080232,11.038652983874055,0.8852197931052033,0.45846301444580395,0.17011477833981276,0.3283000884757695,0.34780849272243414,0.8586218216741132,0.06885523373624725,True,True,46,1.0842021724855044e-19
36.0,7.0,14.75452431490059,10000000.0,0.4104255780167752,13.213023203231634,6.1219181662032724,2.261123421127024,4.368305421279907,4.62685740371241,11.412467522467177,0.9449207799372543,0.4633245603251478,0.17112839252215947,0.3306060508704404,0.3501740163886775,0.8637287127200323,0.07151435106131851,True,True,84,1.0842021724855044e-19
36.0,7.0,14.772245833887931,10000000.0,0.42592747513457685,13.574883063791708,6.356187590535565,2.3380048097564625,4.5204235216702715,4.786776361264597,11.794690885602655,1.0082330070829544,0.4682314802025387,0.17223019887313976,0.33299907634030373,0.35262008068654144,0.8688613250056378,0.07427194785730529,True,True,45,2.710505431213761e-19
36.0,7.0,14.789967352875273,10000000.0,0.44198224725856194,13.941635747733551,6.59698576258559,2.4177725317847103,4.677167832394021,4.9513656323940625,12.185159017317027,1.0753214201482286,0.4731859217924297,0.17342100851958925,0.33548199917318694,0.3551495478713099,0.8740121487751485,0.07713021912246132,True,True,46,1.0842021724855044e-19
36.0,7.0,14.807688871862615,10000000.0,0.45860999083081183,14.31307109661601,6.8443798462662615,2.5005165719830114,4.83864562702822,5.12072328943348,12.583676564017258,1.1463494610855731,0.4781908648441252,0.17470161051419633,0.33805782102013066,0.35776551760747943,0.879173762155934,0.08009108970028106,True,True,45,3.2526065174565133e-19
36.0,7.0,14.825410390849957,10000000.0,0.47583117653934315,14.688970839384128,7.098446254434749,2.5863304707630803,5.0049652811968315,5.294949146692287,12.990010481722523,1.2214876359915459,0.48325007463438935,0.17607295290073016,0.3407294721953902,0.36047107755809876,0.8843376859931981,0.08315678813361711,True,True,45,2.981555974335137e-19
36.0,7.0,14.843131909837298,10000000.0,0.49366737390059257,15.069100115884462,7.359255152276312,2.675304096284104,5.176237353122808,5.4741454101268205,13.403894095733483,1.3009039603230892,0.48836726119556806,0.17753575699348126,0.3435000971070923,0.3632695627495685,0.8894953243826635,0.08632923998904192,True,True,45,3.083199928005653e-19
36.0,7.0,14.86085342882464,10000000.0,0.5121415235700965,15.45320597607009,7.626888645036124,2.7675279014719316,5.352572059597809,5.658414961861043,13.82502026037689,1.3847673727191503,0.4935473361868513,0.1790908569883531,0.3463729188549277,0.36616446908320033,0.8946376746537573,0.08961036142684685,True,True,46,1.0842021724855044e-19
36.0,7.0,14.878574947811982,10000000.0,0.531277006444735,15.84102775035689,7.901437965841541,2.863094339312092,5.534080906051118,5.847862761478991,14.253045445730846,1.4732528369971665,0.4987957909273611,0.18073917831799696,0.34935112754451414,0.3691593028960663,0.8997550960927856,0.09300235188111294,True,True,45,2.710505431213761e-19
36.0,7.0,14.896296466799324,10000000.0,0.5510989181619125,16.232282295953524,8.182990016096895,2.962090694871902,5.720876350640289,6.0425952536887175,14.687587717191386,1.566529354724357,0.5041182667293063,0.18248146753893682,0.3524381997759133,0.37225789593340486,0.9048381151461856,0.0965070300135718,True,True,86,2.168404344971009e-19
36.0,7.0,14.914017985786666,10000000.0,0.5716333812039063,16.626673545325506,8.471651354547275,3.064606708415763,5.913070120098372,6.242719363694268,15.128221356320672,1.6647707697049745,0.5095217231187552,0.18431869129212317,0.35563759064487066,0.3754641207500807,0.9098766097187182,0.10012650847848127,True,True,45,2.710505431213761e-19
36.0,7.0,14.931739504774008,10000000.0,0.5929074056498039,17.023893057847523,8.767534024963659,3.1707315265337987,6.110774517358238,6.4483432068583575,15.574491578490134,1.7681534271562034,0.5150134575664571,0.1862518470810167,0.35895282568997033,0.37878193812348093,0.9148607504504231,0.10386304831380128,True,True,83,1.0842021724855044e-19
36.0,7.0,14.94946102376135,10000000.0,0.6149499985207814,17.423607631944318,9.070749561557061,3.2805491369930544,6.314101372354909,6.659574953576608,16.025891129224636,1.8768467047311865,0.5206011150599382,0.1882818533504232,0.3623877158929291,0.38221561769831125,0.9197803042719397,0.1077186048020382,True,True,45,1.6263032587282567e-19
36.0,7.0,14.967182542748692,10000000.0,0.6377908987593148,17.82547559672351,9.381432646991094,3.394147146031649,6.523161146006969,6.876522382347924,16.48189156749149,1.9910279959576922,0.5262935396077448,0.19040990674355554,0.3659459805496571,0.38576936391037403,0.9246256279703986,0.11169564509816848,True,True,46,1.6263032587282567e-19
36.0,7.0,14.984904061736033,10000000.0,0.66146138614142,18.229135598447552,9.699717069569024,3.511610282440546,6.738063214931893,7.0992922846162445,16.94191289285961,2.1108721327422013,0.5320996718239938,0.19263723523673856,0.3696315263300651,0.38944755478262183,0.9293865198030801,0.11579661149275611,True,True,45,3.2526065174565133e-19
36.0,7.0,15.002625580723375,10000000.0,0.6859945673308655,18.63420507397501,10.025739935885753,3.6330194463014083,6.95891512194877,7.327989928772985,17.405353667516724,2.2365487671890465,0.5380288504975159,0.19496508876439128,0.3734484564446359,0.3932547645409053,0.9340539936326809,0.12002383564580738,True,True,45,2.710505431213761e-19
36.0,7.0,15.020347099710717,10000000.0,0.711424340771774,19.0402937441488,10.359658970356463,3.7584590436941894,7.185821701473427,7.562718348496228,17.871570092619347,2.3682358261670453,0.5440913417388873,0.19739501365881956,0.37740077952745205,0.397195466105679,0.9386184022560781,0.12438021482178124,True,True,45,1.6263032587282567e-19
36.0,7.0,15.038068618698059,10000000.0,0.7377866796867547,19.44698692017837,10.701624200081612,3.8880098011828745,7.418884430495359,7.803576811857298,18.339895494587555,2.506104281920466,0.5502972899610227,0.19992864792584603,0.38149274542872535,0.4012743384817231,0.9430713133024177,0.12886851275248762,True,True,45,3.2526065174565133e-19
36.0,7.0,15.0557901376854,10000000.0,0.7651190297360337,19.853856136735615,11.051790043017839,4.021750630588006,7.658201587621447,8.050661474642292,18.80963131697352,2.65032324514131,0.5566571031291345,0.20256773308367815,0.385728673305508,0.40549611215053294,0.9474044330446232,0.1334916112461102,True,True,86,2.168404344971009e-19
36.0,7.0,15.073511656672743,10000000.0,0.7934600428931832,20.260463223052298,11.41032262446587,4.159762758615537,7.903866743204974,8.304063704924339,19.280055099274517,2.8010673858447466,0.5631817248622054,0.20531429675717242,0.39011283484436704,0.4098654415500233,0.9516097873486784,0.13825287975931863,True,True,46,2.168404344971009e-19
36.0,7.0,15.091233175660083,10000000.0,0.8228507121345533,20.666346375002465,11.777375880398136,4.302124906202083,8.155967411122946,8.563868220149624,19.750427573455635,2.9585023663474415,0.5698818584906608,0.20817056039503112,0.3946497006838236,0.4143871424950218,0.9556806614518615,0.14315555892966053,True,True,85,1.6263032587282567e-19
36.0,7.0,15.108954694647425,10000000.0,0.8533332572296594,21.07103849314292,12.153102798220672,4.448915491758577,8.414586610830575,8.830154989039977,20.219981561968556,3.1227955971101333,0.5767680981730263,0.21113888113328505,0.3993437064608328,0.4190659606983085,0.9596101097982749,0.1482032125814005,True,True,46,2.168404344971009e-19
36.0,7.0,15.126676213634767,10000000.0,0.8849517347081391,21.474060157893998,12.537655392168128,4.6002139351085445,8.679799815439377,9.102996035474444,20.687950857163813,3.2941143559540285,0.5838511813779756,0.21422189848050124,0.4041992874947139,0.4239066095811474,0.9633926097370457,0.15339969860069017,True,True,84,1.6263032587282567e-19
36.0,7.0,15.144397732622108,10000000.0,0.9177525137127669,21.87491556937143,12.931170994228419,4.756100025497791,8.951673858059765,9.382453968017456,21.15354176869226,3.472619366891247,0.5911415270710456,0.21742255463409116,0.4092209558327904,0.4289138368677625,0.96702278468726,0.15874892663601864,True,True,84,6.7220534694101275e-18
36.0,7.0,15.16211925160945,10000000.0,0.9517832371691037,22.273110606377063,13.333772780674396,4.916652859373947,9.230269471434774,9.668584745021132,21.615973283318688,3.6584735809288533,0.5986488827858994,0.22074388019993263,0.4144131295604501,0.4340922521281288,0.9704963830750147,0.16425517053201305,True,True,46,1.0842021724855044e-19
36.0,7.0,15.179840770596792,10000000.0,0.9870940444517725,22.668138293334593,13.74557089877581,5.081952405377659,9.5156363270702,9.961432572874934,22.074446591772823,3.851833183112666,0.6063828763042971,0.22418922717054232,0.4197802309097525,0.43944643551976315,0.9738094194644851,0.1699227847151996,True,True,45,1.0842021724855044e-19
36.0,7.0,15.197562289584134,10000000.0,1.0237371541906573,23.059487926246106,14.16665765598269,5.252082321380104,9.807813227532176,10.261029857195588,22.528180797360793,4.052855090519074,0.6143526561081317,0.22776231363759947,0.42532658395978556,0.4449808204767884,0.9769592832857062,0.17575650870833737,True,True,45,1.0842021724855044e-19
36.0,7.0,15.215283808571476,10000000.0,1.0617664569002376,23.44665497180238,14.597091649755264,5.427122758965531,10.106830731773133,10.56739991155605,22.976394608923002,4.261690622897985,0.6225660618672533,0.2314668239666743,0.4310564020295389,0.4506996807973124,0.979943392204776,0.18176113513945663,True,True,45,3.2526065174565133e-19
36.0,7.0,15.233005327558818,10000000.0,1.1012388602510907,23.829125952692703,15.036912043079168,5.607156484869592,10.412704354627298,10.880550075324221,23.418323088371526,4.478484012429112,0.6310307844665192,0.23530684658771467,0.43697382670683554,0.456607183029922,0.9827604728290609,0.18794159808127756,True,True,45,2.168404344971009e-19
36.0,7.0,15.25072684654616,10000000.0,1.1422130591370185,24.206399489695425,15.486133504706963,5.792271827838525,10.725437005199526,11.200474112356947,23.85322538367694,4.703384257155778,0.639753694526084,0.23928679811734388,0.44308270669354627,0.462707149699192,0.9854098869115653,0.19430333946021142,True,True,45,1.6263032587282567e-19
36.0,7.0,15.268448365533501,10000000.0,1.1847502213609464,24.577981689080865,15.94471435049515,5.98254906942543,11.045020405246692,11.527153384587667,24.28037313670387,4.936522569198036,0.6487397766098437,0.24341091734490417,0.44938679444755253,0.4690032538232697,0.987891253393308,0.20085142188022542,True,True,45,1.6263032587282567e-19
36.0,7.0,15.286169884520843,10000000.0,1.2289146698530093,24.943381135432773,16.412598012395204,6.178074758795723,11.371427276327694,11.860549487550768,24.699082605659655,5.178030350280059,0.6579941156846875,0.24768393367567937,0.45588956904379985,0.4754988677418125,0.9902058775253173,0.20759135748940313,True,True,46,4.336808689942018e-19
36.0,7.0,15.303891403508185,10000000.0,1.274772501216217,25.30213242161254,16.889688618985982,6.378938895470105,11.704616496182759,12.200609045142063,25.108687927251605,5.428037219635028,0.6675203630093711,0.252110722889955,0.4625940731455869,0.4821968694907534,0.9923546169493722,0.21452884401942798,True,True,46,1.1102230246251565e-16
36.0,7.0,15.321612922495527,10000000.0,1.3223933132191075,25.65377754714668,17.375816832452436,6.585219471709558,12.044531455284089,12.547261936028491,25.508577765196346,5.686648977935088,0.677320008740196,0.25669589827880895,0.4695032313720102,0.4890999741838819,0.9943400233480825,0.22166906871645423,True,True,46,1.1102230246251565e-16
36.0,7.0,15.339334441482869,10000000.0,1.3718495153161885,25.997880756283184,17.870812167775497,6.797005355347949,12.391093803838986,12.900415886062483,25.898169817333542,5.953976251256422,0.6873949586624082,0.2614445930830437,0.4766193798640414,0.49621028756140834,0.9961646512696792,0.22901775368045957,True,True,45,2.2768245622195593e-18
36.0,7.0,15.35705596047021,10000000.0,1.4232160090986887,26.33403686086843,18.374438825621244,7.014380657677021,12.744209477886237,13.259961639622249,26.276943210517803,6.230118484593856,0.6977448585911679,0.26636176955080426,0.4839443927726759,0.5035293946643685,0.997831944617824,0.2365804573567534,True,True,45,1.0842021724855044e-19
36.0,7.0,15.374777479457553,10000000.0,1.4765718144292406,26.661854893604463,18.886390212878243,7.237417894757599,13.103764214665578,13.625768886137937,26.644417874155305,6.515146842474325,0.7083674518612969,0.2714521522841864,0.4914798414047649,0.5110585493962174,0.9993459937607964,0.24436209965410738,True,True,44,1.951563910473908e-18
36.0,7.0,15.392498998444895,10000000.0,1.5319985214813874,26.980984140376123,19.406365741462817,7.466202100059279,13.46962029882469,13.997683600846939,27.000174029935597,6.8091435345096425,0.719260855738092,0.27672089576919334,0.4992264266101348,0.5187981108479984,1.0007112375686384,0.2523682419841755,True,True,47,1.0842021724855044e-19
36.0,7.0,15.410220517432236,10000000.0,1.5895814131711712,27.29110287372326,19.933971805213265,7.700801952296654,13.841621541784253,14.375532289120017,27.343854253848896,7.112161900598386,0.7304201628438521,0.28217261823124157,0.5071843965350116,0.5267479425670714,1.0019329149272462,0.26060368221491703,True,True,44,1.1102230246251565e-16
36.0,7.0,15.427942036419577,10000000.0,1.6494098994042163,27.591918054765056,20.46876928648491,7.9412798837723715,14.219587454415606,14.759116719982016,27.675146816239664,7.424232340769656,0.7418393040258398,0.28781181025582714,0.515353351883412,0.5349072395289008,1.0030164181159646,0.26907271636694025,True,True,44,1.3010426069826053e-18
36.0,7.0,15.44566355540692,10000000.0,1.7115763341839334,27.883184990307356,21.010312985103617,8.187706045624463,14.603312738615266,15.148213795362208,27.99382529744259,7.74539685148506,0.7535119460853249,0.29364314186025164,0.523731874378469,0.5432741561133698,1.0039679938706318,0.2777802053164832,True,True,44,1.4094628242311558e-18
36.0,7.0,15.46338507439426,10000000.0,1.7761778485635458,28.164687069730597,21.558049079210207,8.440124964530975,14.992570542451135,15.542578115793537,28.299700882009873,8.075645020608377,0.7654283190094189,0.29967046832918026,0.5323180231093029,0.5518462916812449,1.004793726695596,0.2867294424615676,True,True,44,1.0842021724855044e-18
36.0,7.0,15.481106593381602,10000000.0,1.8433155096400435,28.436251474241043,22.111414543567,8.698582113485456,15.387106580668288,15.941937094319341,28.59267020888016,8.414967526734888,0.7775783866448294,0.30589763638027534,0.5411088235243202,0.5606202037128675,1.0055006805232682,0.29592393829958846,True,True,47,3.2526065174565133e-19
36.0,7.0,15.498828112368944,10000000.0,1.9130942565349311,28.697752086519166,22.669809223137104,8.963118719806353,15.78664095798188,16.34599245563233,28.872680454435912,8.76333879165673,0.7899506956081866,0.31232825110426676,0.5501002625706594,0.569591388424841,1.0060955425145972,0.30536673274048276,True,True,46,7.589415207398531e-19
36.0,7.0,15.516549631356286,10000000.0,1.9856245540417503,28.949092266591574,23.232531096784474,9.23374855149345,16.19086892118782,16.75442069669917,29.139743714916715,9.120686942924955,0.8025305554604818,0.3189650461734709,0.5592876202157379,0.5787546131812379,1.0065857487540346,0.31505951409228117,True,True,45,2.168404344971009e-19
36.0,7.0,15.534271150343628,10000000.0,2.0610205800466694,29.190230804442816,23.79889816547373,9.510490722670301,16.599457270417204,17.16687072667416,29.393938479927876,9.486943804593238,0.815303528256155,0.3258107408052006,0.5686648174049631,0.5881032884488643,1.0069786250355395,0.3250040696200766,True,True,44,5.421010862427522e-19
36.0,7.0,15.55199266933097,10000000.0,2.1394020760803505,29.421159953999204,24.368149106314426,9.793343599737995,17.012045974820992,17.582964404100924,29.635389621908782,9.862006217892292,0.8282524939334377,0.3328673517648576,0.5782248559003043,0.5976298837840648,1.0072814827234728,0.3352011352819471,True,True,44,5.421010862427522e-19
36.0,7.0,15.569714188318311,10000000.0,2.220893960413038,29.64191307347579,24.93946171604108,10.08228581452971,17.428249228947518,18.002298221073655,29.864291320169944,10.2457308079414,0.841358034288193,0.3401361372843223,0.5879596632561035,0.6073257881989571,1.0075021556855297,0.3456501199009822,True,True,45,2.168404344971009e-19
36.0,7.0,15.587435707305653,10000000.0,2.3056258910779515,29.852570914969686,25.512025943477955,10.377296749144957,17.84765191330403,18.424440129846722,30.080873159933716,10.63798225717683,0.8546006310861773,0.34761819270785893,0.5978597945262483,0.6171810187580098,1.0076476577382334,0.35635062345140844,True,True,85,1.1102230246251565e-16
36.0,7.0,15.605157226292995,10000000.0,2.3937340190645466,30.053241849579308,26.08493235989565,10.678323182966441,18.269813327338504,18.848932658246582,30.285426701278702,11.038558395285275,0.8679573568287373,0.35531352113069686,0.6079148938001925,0.6271846728744983,1.0077257838891895,0.36730008864051367,True,True,44,4.336808689942018e-19
36.0,7.0,15.622878745280337,10000000.0,2.4853596128767945,30.244079088541195,26.657261693188282,10.985302684606875,18.69426686812012,19.275293421407394,30.478272048271428,11.447253762520148,0.8814043110768125,0.3632215962815995,0.61811327808632,0.6373245277192247,1.007743431666232,0.3784956959346551,True,True,44,4.336808689942018e-19
