log_n_H2,T_cloud,log_N_dv,converged,any_maser,tau_main,n_iter,T_B_main,T_B_outer_01,T_B_outer_10,T_B_inner_12,T_B_inner_21,T_B_22_main,T_B_21_main,R_01,R_10,R_12,R_21,R_2211,R_21_11
3.5,9.0,14.0,True,True,0.9186957494094077,130,0.9189475326598133,0.28386194246294805,0.27936171512501284,0.36940285165342357,0.3757053753056116,0.03987871970671011,1.712427488321641e-06,0.30889896579985854,0.30400181206910126,0.4019847037232031,0.40884311884288455,0.04339607898101063,1.8634660059047867e-06
3.5,9.0,14.225,True,True,1.4573875547175281,48,1.304013283138628,0.46893102319238383,0.4590614491645237,0.61554175121265,0.6286536302278292,0.06651788310419118,4.357914044239431e-06,0.35960601725138436,0.3520374026095879,0.4720364118769583,0.4820914313961001,0.05101012693988007,3.341924580515294e-06
3.5,9.0,14.45,True,True,2.268742123688322,48,1.765387589252624,0.7591970798497285,0.7416209064960133,0.9989116912891648,1.0224246471242915,0.11040955883148784,1.2062205519218935e-05,0.4300455517369612,0.42008956617281884,0.5658313774099055,0.5791502406319365,0.06254125694756338,6.8326103529058245e-06
3.5,9.0,14.675,True,True,3.4764491027122517,48,2.294633878019778,1.1905709130772895,1.1622657644015562,1.548231414204939,1.5837855127330398,0.18173697688969534,3.654228196266616e-05,0.518850054678321,0.5065146886982108,0.6747182759896454,0.690212729753565,0.0792008601592384,1.5925103482827248e-05
3.5,9.0,14.9,True,True,5.273333076651524,49,2.890695265989268,1.789695172713025,1.7437742801453329,2.257022986333318,2.3023766613139998,0.2950985520204366,0.00010915738791903035,0.6191227396985918,0.6032369792353639,0.7807889724276795,0.7964785110360185,0.10208566620371398,3.7761637901902456e-05
3.5,9.0,15.125,True,True,7.96030911508184,47,3.5555954036570427,2.562943421586825,2.48333913639806,3.0800994515763342,3.1308145672323584,0.46918594990563645,0.0003078615116307921,0.7208197588934772,0.6984313045977804,0.8662682622461358,0.8805317286697514,0.13195706953132627,8.658507976305368e-05
3.5,9.0,15.35,True,True,12.048872196863554,50,4.262078078107355,3.4740895360513857,3.336106887366289,3.9392891850807135,3.99241120270116,0.7234330820956367,0.0008536936965716134,0.8151163522546522,0.7827418517982058,0.9242649038541356,0.9367287810161504,0.16973717253365966,0.00020029987272094038
3.5,9.0,15.575,True,True,18.52033960486544,86,4.918673308103127,4.406048656436973,4.185998422821174,4.716333618836524,4.771374409454792,1.0703580948716742,0.002367892711718136,0.8957798943829742,0.8510421734911874,0.9588629541764312,0.9700531242020746,0.21761113776520663,0.0004814088196947781
3.5,9.0,15.8,True,True,30.613879618423166,126,5.043202131186862,4.650141371955934,4.404238429130972,4.900286949928125,4.95598070602751,1.3410131962656981,0.0047274170235026124,0.9220612719842689,0.8733019844466323,0.9716618177219275,0.9827051498451786,0.26590510580033117,0.0009373840073291028
3.75,9.0,14.0,True,True,0.7971724577592842,75,1.24897791983485,0.38481867795679425,0.3782253984694328,0.4862447718424311,0.4926441954936645,0.054862408480060215,2.763976030295402e-06,0.3081068703021412,0.30282793031236677,0.38931414568700007,0.3944378740969303,0.043925843370645465,2.2129903070351132e-06
3.75,9.0,14.225,True,True,1.2670203636775108,104,1.7510974499912384,0.6287723910573959,0.6138394440089162,0.7939404016559907,0.8072796626023542,0.09145113245624137,7.0507537615455136e-06,0.35907332916311535,0.3505455644470201,0.45339589847496103,0.46101355615953493,0.052225038907285797,4.026477088171645e-06
3.75,9.0,14.45,True,True,1.9806589471626823,83,2.324566148335071,1.0025668574782278,0.9745384642048398,1.2600512666773929,1.2841270261090423,0.1516415884944606,1.9507254202745945e-05,0.43129203193305493,0.4192345590607674,0.5420586837590671,0.552415781770192,0.06523436151863056,8.391782792121303e-06
3.75,9.0,14.675,True,True,3.057153436283004,49,2.93718611031324,1.5409076721864206,1.4938189307727063,1.910101636640586,1.9470703032468526,0.24922666588310044,5.9152216867014397e-05,0.5246203728037133,0.5085884498525686,0.6503168559641871,0.6629032788934185,0.08485218727134773,2.01390768733773e-05
3.75,9.0,14.9,True,True,4.691477914578346,49,3.5688013671112735,2.256833029906892,2.180961783484133,2.720004729958266,2.768235985703815,0.4037600707161388,0.0001780935435660289,0.6323784368345667,0.6111188489174695,0.7621619838595679,0.7756766771092481,0.11313604462188319,4.990290163169959e-05
3.75,9.0,15.125,True,True,7.203700530226807,90,4.209701991459502,3.1267827735528435,3.0035749361329196,3.6067456985157205,3.6620525134800412,0.639701863376168,0.0005091908951759305,0.7427563233445865,0.7134887320353005,0.8567698392506077,0.8699077799116154,0.15195894262206042,0.00012095651811196124
3.75,9.0,15.35,True,True,11.138112224037515,51,4.832888495987496,4.07477127033974,3.880081293230807,4.455550793572692,4.514554868199184,0.981008464607496,0.00143351145358833,0.8431337229739145,0.8028493304681544,0.9219229446886497,0.934131807913092,0.20298595041494916,0.0002966158757394263
3.75,9.0,15.575,False,True,18.69870755601417,85,4.845506563756832,4.26869453311328,4.0514176136125055,4.604344519315734,4.66674913263704,1.3199478016935349,0.002406647561487817,0.8809593954617747,0.8361184863345534,0.9502297559052072,0.9631086185174421,0.27240656561409116,0.0004966761534261318
3.75,9.0,15.8,False,True,30.5680659814752,126,5.054740028398751,4.626924993007461,4.370839053654586,4.8795631207838355,4.942767779946719,1.7095919622221596,0.005765634732208524,0.915363592788606,0.8647010586297527,0.9653440322092276,0.9778480697675954,0.33821560606821693,0.0011406392217632945
4.0,9.0,14.0,True,True,0.6866742170981228,98,1.5895865789261465,0.482721735595386,0.4739311723349204,0.5986777947973239,0.6044709911649716,0.06958719653078409,4.459512272840872e-06,0.30367753603046344,0.2981474419940605,0.37662484241768307,0.380269309755575,0.04377691498741395,2.8054541551637403e-06
4.0,9.0,14.225,True,True,1.099596781608944,89,2.215385787345074,0.7829410049348106,0.7627153901188379,0.9642119162390114,0.9765106234809777,0.11596308344292675,1.1443807469267316e-05,0.3534106833253136,0.344281070356093,0.4352343152812794,0.4407858121412034,0.05234441969671445,5.165604805554709e-06
4.0,9.0,14.45,True,True,1.7369914224634504,49,2.901344422789129,1.2362935306685856,1.1972899489393363,1.5069773256075467,1.5296751634184245,0.19222083838926204,3.175350120244512e-05,0.42611057169148786,0.4126672929745976,0.5194065598591893,0.5272297736881278,0.06625233353180307,1.0944409410007155e-05
4.0,9.0,14.675,True,True,2.717463658683228,49,3.5814080253449414,1.8759724424644122,1.8090789121668736,2.2478775110151585,2.283785174576536,0.3158046531930034,9.6683184795989e-05,0.5238086331377249,0.5051306355948183,0.6276518886168116,0.637678018928484,0.0881789092329369,2.6995858643243256e-05
4.0,9.0,14.9,True,True,4.240379838145268,87,4.21400112992246,2.699417475302674,2.5921071399348143,3.143163949980583,3.1916998514896124,0.511416570112416,0.00029409343503057053,0.6405829975067768,0.6151178084716153,0.7458858821042649,0.7574036534604207,0.12136127977778363,6.978959567483126e-05
4.0,9.0,15.125,True,True,6.642490751039438,49,4.788383217908651,3.647140391276001,3.479298997020906,4.070083784230247,4.127766405981137,0.8097736945728787,0.0008527090726213675,0.7616642664763383,0.7266124783012889,0.8499912390069473,0.8620376060427257,0.16911213194973798,0.00017807870293927566
4.0,9.0,15.35,True,True,10.496420447988557,96,5.293713528133008,4.597753007641271,4.34868980126751,4.880153642304357,4.94313352974367,1.240133600828208,0.002431788657993846,0.8685307550563302,0.8214818913333247,0.9218771692818623,0.9337742783914903,0.2342653402451076,0.0004593729231984889
4.0,9.0,15.575,True,True,16.830191809044095,46,5.687308386769939,5.3893548069689485,5.055574386698533,5.469859633405491,5.53471338549427,1.813480287485077,0.006891208755234725,0.9476107923927418,0.8889221478580318,0.9617659640419206,0.9731692057299649,0.3188644195387176,0.0012116819216741175
4.0,9.0,15.8,True,True,28.254593634796727,85,5.69379699103562,5.51396748736628,5.161907038016234,5.550522870786261,5.617433298141842,2.3019974469402773,0.011569519353294887,0.9684165937155003,0.9065843137967863,0.9748368056544813,0.9865882656136132,0.4042991786613694,0.0020319515029267946
4.25,9.0,14.0,True,True,0.597079643642016,47,1.8983921866499405,0.5653692539967325,0.554706660269626,0.6938863594462373,0.6988729004248418,0.08199189538689912,7.2720011525262725e-06,0.29781478135686484,0.29219813701851943,0.365512650297369,0.36813936832416627,0.04319017743724956,3.83061055753661e-06
4.25,9.0,14.225,True,True,0.9663567411880647,105,2.6425730502664475,0.9133578647600027,0.8885655202141252,1.108565845205095,1.1194131192770889,0.1366441232062308,1.879905144587621e-05,0.3456320212861892,0.33625012565860085,0.4195024410368976,0.42360725625511836,0.051708740158556116,7.113919308297163e-06
4.25,9.0,14.45,True,True,1.5478046787357853,68,3.432800165325842,1.4347775183858542,1.3861124954788733,1.7161627552611194,1.736723849740066,0.2265558458632396,5.2392929063138795e-05,0.4179612704748471,0.40378479046924165,0.49993086477791543,0.5059204632073933,0.0659973884153361,1.526244655670647e-05
4.25,9.0,14.675,True,True,2.4619345621945374,96,4.161856828413771,2.161514686709245,2.0768380161284887,2.532168735506627,2.565794222476474,0.37242830705940483,0.00016034568269141623,0.5193630573623249,0.4990171699202936,0.6084228362251772,0.6165022796938423,0.0894860929661894,3.852743842524962e-05
4.25,9.0,14.9,True,True,3.913374819046069,57,4.767094991028691,3.0754047514420635,2.939626741630093,3.4932301934353647,3.5404699738085563,0.6037671860220197,0.0004924464535229283,0.645131837571884,0.6166494997817845,0.7327796488237296,0.7426892018034988,0.1266530637963505,0.00010330116233254738
4.25,9.0,15.125,True,True,6.251633326166061,45,5.250647347045909,4.079823105361514,3.872382483761815,4.440256390091441,4.498586337646975,0.9575528623654962,0.001443518930636147,0.7770133539166142,0.7375057260207113,0.8456588486350343,0.8567679450378524,0.1823685345968301,0.0002749220877399606
4.25,9.0,15.35,True,True,10.069743060168907,172,5.631945266324425,5.009635744023599,4.715802969151323,5.199256419597207,5.26436639908098,1.4690819140193427,0.004146887013557451,0.8895036274550012,0.837331107841003,0.9231723984758106,0.9347332316169085,0.2608480453110137,0.0007363152192464103
4.25,9.0,15.575,False,True,16.905125110873314,85,5.64995153667625,5.322206088110108,4.985526056869852,5.413578157357779,5.484299459607497,2.068584780413809,0.00696206877743807,0.94199145843312,0.8824015612358216,0.9581636448057881,0.9706807968186215,0.36612434053385084,0.001232235131973134
4.25,9.0,15.8,False,True,28.380391962998807,85,5.656340402862524,5.443079832890686,5.088391010335063,5.492302769910407,5.565177548857764,2.6755983333470783,0.01168867673427052,0.9622970764164207,0.8995906624997256,0.9709993350348749,0.9838830679358291,0.47302639918789696,0.0020664733558742663
4.5,9.0,14.0,True,True,0.5315732874651804,46,2.144983055153418,0.6271694679905643,0.6151440072304417,0.7656370954487918,0.7699488141419744,0.09115772559975793,1.2070388842490876e-05,0.2923890081479951,0.2867826884471328,0.35694319058106977,0.35895333172545946,0.04249810989450355,5.627265359272291e-06
4.5,9.0,14.225,True,True,0.8697084876499689,58,2.98999198417551,1.0114710694631375,0.9832862145304563,1.218049470998852,1.2276303772278405,0.15195987669868877,3.140999287511169e-05,0.33828554551862805,0.3288591473604226,0.40737549714024707,0.41057982219519545,0.050822837486834166,1.0505042502237005e-05
4.5,9.0,14.45,True,True,1.4124448901819855,56,3.8677584625625445,1.5852151245895991,1.5291953324038075,1.8754549545153194,1.8940219090459323,0.2520830573742732,8.789001752652208e-05,0.40985370206890603,0.3953699144363463,0.48489453844352925,0.4896949815710744,0.06517549113117527,2.2723760642563867e-05
4.5,9.0,14.675,True,True,2.2830782835267946,54,4.629107451085524,2.379306937895344,2.2808011014996237,2.748066078601887,2.779289082889411,0.4148150245390294,0.00027005052122463195,0.5139882716132238,0.49270861080677153,0.5936492310104978,0.6003941607010372,0.08961015248020554,5.8337492503291365e-05
4.5,9.0,14.9,True,True,3.691181606925702,57,5.1934372337869705,3.3619818872782297,3.2039473529162867,3.755403544022887,3.8007617998566814,0.6736860864766961,0.0008344732082025462,0.6473519821143052,0.6169223211310518,0.7231055994267803,0.7318393635586941,0.12971873080392562,0.0001606784044242818
4.5,9.0,15.125,True,True,5.994860653417312,54,5.585673879864487,4.403714000343895,4.1662916191599,4.709425777031285,4.7673032479412045,1.0713477088534045,0.002458085630739312,0.7883943987884112,0.7458888056781751,0.8431258033176723,0.8534875738318012,0.19180276756139517,0.00044006966457535955
4.5,9.0,15.35,True,True,9.799752161641875,61,5.860476906731034,5.303364242122157,4.979200022933517,5.4199863257970815,5.4856104117058155,1.6493308570317444,0.007052519820784102,0.9049373159428362,0.8496236914123271,0.9248370758993986,0.9360348140618614,0.2814328736859982,0.0012034037388124422
4.5,9.0,15.575,False,True,16.451863305569614,85,5.8802659642659005,5.661187743059044,5.286234319865755,5.6569058972503425,5.728925638168571,2.3596306396308537,0.011840250023976515,0.9627434843018692,0.8989787795296933,0.9620153121690572,0.9742630134390149,0.40127957714331597,0.002013556886019979
4.5,9.0,15.8,False,True,27.61945422299347,85,5.887287387529251,5.801533245726127,5.404731024309631,5.744386828099077,5.818893240322072,3.11492217474014,0.019878731564803135,0.9854340146559223,0.9180341757662798,0.9757272662223228,0.9883827401814874,0.5290929369845823,0.003376551925579727
4.75,9.0,14.0,True,True,0.487601861523727,46,2.321281768625055,0.6691272658591134,0.656214753357934,0.8147534497107377,0.8186052501396466,0.09729906782935431,2.041602602987622e-05,0.2882576664768499,0.2826950016268917,0.3509929129341905,0.35265225497571717,0.04191609529892902,8.795152017227565e-06
4.75,9.0,14.225,True,True,0.8049495854269356,95,3.2426954186190446,1.078531427912704,1.0481016898775857,1.2935785482549493,1.30225974462557,0.16225247978742488,5.33684702295461e-05,0.33260337117076955,0.3232192835193683,0.39892076845312874,0.40159792287249685,0.050036299695554745,1.6458058294070042e-05
4.75,9.0,14.45,True,True,1.3223481541284259,93,4.18659793406055,1.6888060049560019,1.6278344160986915,1.9859474931371544,2.0030088022176673,0.2693230208329245,0.00014966582423876863,0.4033838528454156,0.3888203361625097,0.47435830342824414,0.47843352377403103,0.06432980311813943,3.5748793315246506e-05
4.75,9.0,14.675,True,True,2.165729679416374,52,4.9677099543019345,2.5301325096035194,2.4222340465084455,2.8976932492597163,2.926924133381744,0.4436910179016581,0.0004603616201565648,0.5093156671541335,0.48759570683285175,0.5833056430257917,0.5891898199183485,0.08931500067096929,9.267079285856879e-05
4.75,9.0,14.9,True,True,3.5485624445818136,44,5.492041003413005,3.5602379740767054,3.3873569881318075,3.9351916404822385,3.978661655803223,0.7220237537634735,0.001423218380347417,0.6482540774666851,0.6167756187593554,0.7165262673816037,0.724441360385092,0.13146729117913994,0.00025914198008772404
4.75,9.0,15.125,True,True,5.834125257349675,53,5.809325325985094,4.6240985513425095,4.368258178016848,4.889949610021258,4.946643002881195,1.1517530274755974,0.004176960947508869,0.7959785847521623,0.751938983082535,0.8417413960530887,0.851500428243341,0.19825934387317054,0.0007190096462364287
4.75,9.0,15.35,True,True,9.634935764550114,44,6.00532606817254,5.494396584848189,5.156216912487605,5.5628801344935574,5.6274933841191075,1.7802891139935542,0.011832323945856375,0.9149206092185048,0.8586073185625832,0.9263244112548877,0.9370837353768521,0.2964516986727596,0.001970304994522475
4.75,9.0,15.575,False,True,16.17516887587948,85,6.0263077212702045,5.883914606960023,5.490201031559431,5.815280977730536,5.886717676110643,2.5742766944477133,0.019864562684354277,0.9763714166457852,0.9110389454858813,0.9649824148881682,0.9768365553808561,0.4271731238286511,0.0032963073913801553
4.75,9.0,15.8,False,True,27.15493850263754,85,6.0337522937179795,6.038197663189298,5.620206542323118,5.908817000056847,5.982930826761899,3.4463622740104713,0.03334986234502396,1.0007367504091853,0.9314612646884056,0.9792939306124303,0.991577137329785,0.5711806030881711,0.005527217678416473
5.0,9.0,14.0,True,True,0.459916889156942,47,2.436986701465275,0.6956794077114321,0.682237429469495,0.846049202956436,0.8496134101341914,0.10116055548527997,3.506236602723782e-05,0.28546705129459443,0.2799512320109459,0.347170217403212,0.3486327642343508,0.041510507802301776,1.4387590217934324e-05
5.0,9.0,14.225,True,True,0.7641442915040851,50,3.410812241247765,1.1211924061275451,1.0894230425653408,1.3420303716935755,1.350124068920982,0.16875699781208822,9.183917258624706e-05,0.32871712859731717,0.31940281830547235,0.3934635731231648,0.39583652614870146,0.049477070526272204,2.6925895091970785e-05
5.0,9.0,14.45,True,True,1.2657307311281283,44,4.400175236133677,1.7550529168677271,1.69114079376866,2.0571820500061597,2.07319602953395,0.28030676160132745,0.000257456311096614,0.39885977777781595,0.38433487372985237,0.46752275525593695,0.47116215111369414,0.06370354509963243,5.85104677155618e-05
5.0,9.0,14.675,True,True,2.09262284086863,50,5.192843873341766,2.6268642607544477,2.5135507551764946,2.9941595373564067,3.0218538723926534,0.46235599493502844,0.0007893855334606416,0.505862360746073,0.4840412722747511,0.5765934063081251,0.5819265793654588,0.08903714538936969,0.00015201410878402667
5.0,9.0,14.9,True,True,3.4609597695117733,44,5.685835147578311,3.6868689451957075,3.506259509443628,4.050299581335039,4.091965464290103,0.7540372903527713,0.002422841268071507,0.6484305030837914,0.6166656996619047,0.7123491054889494,0.7196771200855053,0.13261680488114888,0.00042611880316358345
5.0,9.0,15.125,True,True,5.73682965880076,52,5.9496977088137974,4.762050251081629,4.4994479259745965,5.003950814711368,5.058719872405089,1.2068288166007646,0.00700592678189871,0.8003852437792252,0.7562481568280651,0.8410428663121131,0.8502482176382126,0.20283867780593046,0.001177526510551995
5.0,9.0,15.35,True,False,9.536081512162475,52,6.093160915801081,5.607527076979424,5.2720280723149395,5.651453888246289,5.713358619277461,1.8734450685407709,0.019310111070833302,0.9202985370758405,0.865236967342067,0.9275077363525168,0.9376674435860214,0.3074668623443806,0.003169145101807074
5.0,9.0,15.575,False,False,16.00921195976261,85,6.1148955581174995,6.016807115163219,5.624586500986875,5.913861673356826,5.982637641048313,2.7260031506746065,0.03241613693495854,0.9839590975803229,0.9198172638484821,0.9671239054126114,0.9783711895301932,0.4457971726198738,0.005301175895298203
5.0,9.0,15.8,False,False,26.87632936502531,85,6.122607301472181,6.1799090709604645,5.7626331695329265,6.011337212794619,6.082824877353407,3.6802875929187513,0.05441539433491034,1.009359046998573,0.9412057454913533,0.9818263554726421,0.993502372084323,0.601098096236521,0.00888761791431996
5.25,9.0,14.0,True,True,0.44323242824014647,46,2.508507803762711,0.7116982305758794,0.697972432452647,0.8650366406933145,0.8684199969682617,0.10351614865895639,6.079553214117558e-05,0.2837137797651442,0.27824208137032796,0.34484112004586037,0.34618987258706124,0.041266026162519516,2.4235735703107448e-05
5.25,9.0,14.225,True,False,0.7395148857220719,49,3.5157155880792694,1.1469938552786194,1.1145423229185545,1.371574562835202,1.3792771233986039,0.17277185852183374,0.00015912993198930055,0.32624762343339986,0.31701720318265536,0.3901267120371732,0.3923176061440568,0.049142729038620464,4.526245880891564e-05
5.25,9.0,14.45,True,True,1.2315758651329876,49,4.534130543867645,1.7951755122269777,1.7298790818026748,2.10078908485575,2.116046331715597,0.28721064839838156,0.00044441375321854727,0.3959249727943828,0.38152388094390327,0.46332787830668903,0.46669285571795527,0.06334415068547825,9.801520907235706e-05
5.25,9.0,14.675,True,True,2.048696576658817,49,5.333423686433667,2.6852963529611356,2.5698932651561766,3.0532600595096553,3.079675219609451,0.47446027334819624,0.0013501579162915913,0.5034845365448041,0.4818468241503241,0.5724765627145023,0.5774293213275086,0.08895979416656029,0.0002531503206328634
5.25,9.0,14.9,True,True,3.4086348428621736,49,5.804989113246673,3.7623731453069995,3.580530603107954,4.120630446086696,4.160346740899399,0.7758240886193145,0.004072045477642641,0.6481275109924782,0.6168022942433045,0.7098429240260999,0.7166846758430109,0.13364781113007182,0.0007014734047218887
5.25,9.0,15.125,True,False,5.678811110905842,50,6.034214961753673,4.841220704686953,4.583305424094803,5.073357692809897,5.12515192052763,1.2464686247645995,0.011436123299235745,0.8022950351241697,0.7595528918251855,0.840765157516939,0.8493485818805087,0.206566824792458,0.0018952131091982446
5.25,9.0,15.35,True,False,9.476399384968955,51,6.144955581016027,5.665796652858824,5.349933467172783,5.705469412722914,5.762594474406264,1.9436328414490864,0.030139457091271585,0.922024020867214,0.8706219917521695,0.928480171662942,0.9377764246513004,0.3162972971608885,0.004904747755115299
5.25,9.0,15.575,False,False,15.909017364820029,85,6.167153493106481,6.0857688268003765,5.715562193275284,5.974237806611677,6.037897802658068,2.8364659462033504,0.05058464846665685,0.9868035283381427,0.926774759159801,0.968718844648436,0.9790412723482734,0.459931141550781,0.00820226844089406
5.25,9.0,15.8,False,False,26.70812227644154,85,6.175029610959851,6.2536910955300105,5.859325053560035,6.074229496687304,6.140477922027497,3.8447055998602377,0.08488345205211828,1.0127386408691135,0.948874001051026,0.9836761731322485,0.9944046116198326,0.6226214029866999,0.01374624210731905
5.5,9.0,14.0,True,True,0.4334493081687581,45,2.5510203676707293,0.7210556439155492,0.7072179935817874,0.8762002971607888,0.8794559382591608,0.10496955592084663,0.00010578819073144097,0.2826538169014803,0.2772294578845444,0.34347052193896227,0.3447467332697815,0.04114806657411819,4.146897142496492e-05
5.5,9.0,14.225,True,False,0.7250457282225643,43,3.5784439459058888,1.162030660377909,1.1293944211217033,1.3890074057397657,1.3964082689219892,0.1753246967135695,0.00027581262843780614,0.32473071478663024,0.3156104827110252,0.38815960980161063,0.3902277889582776,0.04899467460267448,7.70761349366292e-05
5.5,9.0,14.45,True,True,1.2114835812207212,48,4.614514327465771,1.8184160507157414,1.7530091424147203,2.1266057953087683,2.1412105878225764,0.291794017742063,0.0007637665615668282,0.3940644500532716,0.37989028053954477,0.46085148823812877,0.4640164567434555,0.06323396072373066,0.0001655139647136557
5.5,9.0,14.675,True,True,2.02282487506072,49,5.4176055469908615,2.7186169484627567,2.6041063953645893,3.088336410153955,3.1134450849582445,0.48304578124996483,0.0022795886428257435,0.501811533689967,0.48067478755647064,0.5700556054453487,0.5746902497705036,0.0891622280470874,0.00042077420053069595
5.5,9.0,14.9,True,True,3.377667389867479,48,5.875735821071586,3.8037756721670317,3.6270667812361173,4.162522500137605,4.199749363418081,0.7926222263033876,0.006663136508939203,0.6473700976354173,0.6172957552360875,0.7084257405191621,0.7147614343648542,0.13489752610402986,0.0011340088649057088
5.5,9.0,15.125,True,False,5.643898137234587,44,6.0838076194814255,4.880489519902169,4.638990133455321,5.1151519214861025,5.16246040564028,1.2791933810819573,0.017862184989817117,0.802209705690558,0.7625142712600669,0.8407813398152966,0.8485574706716844,0.21026197097123098,0.0029360206809661846
5.5,9.0,15.35,True,False,9.439041750800321,50,6.1749519714176,5.686482449163154,5.406917441044228,5.738911150659618,5.788877518704727,2.002926766969338,0.04421988277473943,0.920895008655054,0.8756209709924185,0.9293855526688609,0.9374773351274762,0.32436313290215285,0.007161170318315489
5.5,9.0,15.575,False,False,15.846301218470156,85,6.197436155952109,6.110719106466029,5.7825572850728175,6.011844242699216,6.067633573042507,2.9245710263397897,0.07418119705298042,0.986007592929732,0.9330563703377831,0.9700534368434522,0.9790554384678997,0.47190014592259877,0.011969658934160332
5.5,9.0,15.8,False,False,26.60283415794824,85,6.205413847226617,6.280586808619836,5.930735459685194,6.113490553420269,6.171591638377638,3.967027754281655,0.12437999815470717,1.0121140931521944,0.9557356859181625,0.9851865973697418,0.9945495643511199,0.6392849618006763,0.020043787766112695
5.75,9.0,14.0,True,False,0.42779776080484,45,2.5756579009070952,0.7263802847581514,0.7125705001153556,0.8826359212220214,0.885776218036095,0.10594452278053218,0.00018357814754352064,0.2820173768039361,0.27665572351996065,0.34268367740575123,0.34390289864354356,0.04113299469747929,7.127427422673954e-05
5.75,9.0,14.225,True,False,0.7166610723613719,43,3.614921118104055,1.1704698641677178,1.1380969169034936,1.399088168321542,1.4061860054022304,0.17715587817282524,0.00047467263181749273,0.32378849383623703,0.31483312628973764,0.3870314517555316,0.3889949350097419,0.049006844792712806,0.00013130926410544967
5.75,9.0,14.45,True,False,1.1997839910469912,43,4.661377689694147,1.8311280892634885,1.7668552363012757,2.141598306902711,2.1554743756361043,0.29536455623818475,0.0012943571199236536,0.39282980508357745,0.37904142378499406,0.45943462415362235,0.4624114412358494,0.06336421888558978,0.0002776769457633419
5.75,9.0,14.675,True,True,2.0076105000439264,45,5.46668576306759,2.7358866335124157,2.6253945937582075,3.108846360145349,3.1323056002173257,0.49044098932443936,0.0037495474278213424,0.5004653188584217,0.4802534309718558,0.5686894207727139,0.5729807301855331,0.08971450172567301,0.0006858904261797759
5.75,9.0,14.9,True,False,3.3590582399046616,44,5.91684496768464,3.822688704296418,3.6579665304078266,4.187389157140877,4.2211422337036675,0.8083978141973309,0.01043852466462597,0.6460687621822715,0.6182292337193431,0.7077064178647006,0.7134109912897499,0.13662649919213118,0.0017642045248163294
5.75,9.0,15.125,True,False,5.622063492844849,44,6.112416070873588,4.892815941984654,4.679558040911801,5.1407734322699925,5.181731417887321,1.3107641554476197,0.0262366455822101,0.8004716768708731,0.7655823796437008,0.8410378764571358,0.8477386614073781,0.2144428880902875,0.004292352692944273
5.75,9.0,15.35,True,False,9.414272962057863,44,6.192024360440631,5.682392816546833,5.452761640602044,5.760544358522206,5.80118613436797,2.0575923905584954,0.060220234421970685,0.9176954879005785,0.8806104955656247,0.9303168113040627,0.9368803797721414,0.3322972053701796,0.009725451793552916
5.75,9.0,15.575,False,False,15.804719276405326,85,6.214690176756681,6.106611491761057,5.836824897634764,6.036387068002557,6.081823978608146,3.0011275422309276,0.10093860669348999,0.9826091596006112,0.9391980503653816,0.9713094130708255,0.9786206239780926,0.4829086337168226,0.016241937059228873
5.75,9.0,15.8,False,False,26.533026226528396,85,6.2227323135072945,6.276497326582466,5.9887455938167875,6.139194475526655,6.186538017669106,4.0648701600074,0.16900833521212993,1.008640097366629,0.9623980740449647,0.986575376575446,0.9941835364250485,0.6532291532425462,0.027159827339073246
6.0,9.0,14.0,True,False,0.42454465696569815,45,2.5896640839818224,0.7293005536652185,0.7156644537536696,0.8862958193833493,0.88929761556223,0.10674053217956943,0.00031539134090570323,0.2816197506758709,0.2763541643027602,0.34224354612842156,0.34340269113006405,0.04121790653846002,0.00012178851413839087
6.0,9.0,14.225,True,False,0.7118009404522728,43,3.6356864593650307,1.1748810543557924,1.143279682006535,1.4048466946807556,1.411553934384456,0.178810896908863,0.000803622155188791,0.3231524685880048,0.31446047253651455,0.38640479875872213,0.3882496332290939,0.049182155531666,0.0002210372550467795
6.0,9.0,14.45,True,False,1.1929150324699784,43,4.688120582216225,1.8371970932763728,1.7755242116965042,2.15023744593771,2.16312597546657,0.2989163423311384,0.0021365184018742244,0.3918834981006122,0.3787283583173445,0.4586565998524773,0.4614057888511031,0.06376037840516274,0.0004557302578732358
6.0,9.0,14.675,True,False,1.9984461647688694,44,5.494763921431251,2.7426007180464786,2.6397846909698806,3.1208715971992165,3.1420229578457186,0.49838908543004534,0.00591223669704827,0.49912985476036587,0.48041821790994826,0.567971916869234,0.5718212834569422,0.090702547471817,0.001075976471707683
6.0,9.0,14.9,True,False,3.3473496513704135,44,5.940346831148225,3.826348974238878,3.680906413304499,4.202481020588617,4.231449534196051,0.8256722513387909,0.015387499822796817,0.6441288838852652,0.6196450338562146,0.7074470801187729,0.7123236495230268,0.13899394678596477,0.002590336938259635
6.0,9.0,15.125,True,False,5.607564286985958,44,6.128623582332834,4.887374005232998,4.712260536803338,5.1571931269976155,5.1900753621101545,1.3433700548377812,0.035781868871376576,0.7974668275144157,0.7688937774523324,0.8414928829801867,0.8468582369900707,0.219196045701086,0.005838483697143032
6.0,9.0,15.35,True,False,9.397058822375822,44,6.201500568751572,5.664471164022277,5.49108422753391,5.775241866238865,5.805464054368373,2.1077582047110153,0.0758838465812861,0.9134033128312032,0.8854444447207916,0.9312652320535838,0.9361385990386314,0.33987874085373654,0.012236368559514994
6.0,9.0,15.575,True,False,15.754528361609857,45,6.230016463547127,6.060065973877249,5.9212913520365715,6.065724146384967,6.088454121465542,3.116230228739764,0.1489639111947774,0.9727206997502676,0.9504455384159965,0.9736289112358752,0.9772773727148412,0.5001961466672441,0.023910676972748027
6.0,9.0,15.8,False,False,26.448765517096554,85,6.238129986785598,6.227399564342621,6.0793241484589675,6.1700672082471595,6.193771777092452,4.195234081371255,0.24842420914432853,0.9982798655260939,0.9745427173426919,0.9890892336833926,0.9928891815676956,0.6725146943488087,0.03982350635055255
6.5,9.0,14.0,True,False,0.4214986845598773,46,2.601525302556939,0.7312679813067383,0.7186198241299252,0.8894666481327068,0.8919709484034066,0.10870652110245317,0.0008664963458419001,0.2810920119008657,0.27623018827594004,0.34190197852716797,0.3428646062087971,0.04178568664913992,0.00033307242677603564
6.5,9.0,14.225,True,False,0.7071173925593472,43,3.6532414151198758,1.1767545429423234,1.1489055929306509,1.4099356080768422,1.4152444450800787,0.18327471550807503,0.0020813434228686657,0.3221124500757117,0.31448937050138837,0.38594098989501824,0.38739417527205483,0.050167698950730616,0.0005697251252694367
6.5,9.0,14.45,True,False,1.1859837434693157,43,4.710894675967381,1.8370807207376645,1.786486300397299,2.158172845275209,2.1676644420738964,0.30880272976671513,0.005050927373454469,0.38996429491610746,0.379224419834953,0.4581237734490484,0.4601385917482366,0.0655507607380975,0.001072180067880049
6.5,9.0,14.675,True,False,1.9885557387307435,44,5.518919218808101,2.735992274250709,2.6606365897915767,3.1326330841923187,3.1465618674620224,0.5195029825952658,0.012135875758195696,0.4957478386214883,0.4820937731294034,0.5676171293677426,0.570140953819138,0.09413128947871442,0.0021989587593232852
6.5,9.0,14.9,True,False,3.33386127937379,44,5.960546760876066,3.8072411338112495,3.716348427285574,4.218470698599093,4.234790548781191,0.8653288781892741,0.026688569038326063,0.6387402509449772,0.6234911957538866,0.7077321708619686,0.7104701495805014,0.14517609086957153,0.004477537063127317
6.5,9.0,15.125,True,False,5.590353784319974,44,6.142301794325414,4.853788379660977,4.7618776005805925,5.175781488947829,5.19142472555483,1.404004087390639,0.05312494500772462,0.7902230372570045,0.7752594646163217,0.8426452594253007,0.8451920630716884,0.22857946978244098,0.00864902878214227
6.5,9.0,15.35,True,False,9.376926312858936,44,6.209259250918839,5.622447231747894,5.544793081072031,5.792264795964226,5.804587803272477,2.182133787096215,0.09900582521326247,0.9054940379427531,0.8929878520133492,0.9328431237763335,0.934827741717101,0.35143222386362843,0.015944868979115616
6.5,9.0,15.575,True,False,15.732931757907613,44,6.233769606598204,6.020674938515429,5.965986727745411,6.07797865830487,6.086129326154124,3.1891124475050057,0.17633859440970268,0.9658160821572194,0.9570431864261785,0.9750085488997804,0.9763160511598297,0.5115865116557169,0.028287634214625944
6.5,9.0,15.8,True,False,26.403678271646527,47,6.242668524969329,6.173993660582929,6.140045835598,6.186074358525192,6.190910982535305,4.292255437837372,0.30422329900952017,0.9889991172666441,0.9835610862628923,0.9909342989752264,0.9917090676483936,0.6875674113833331,0.04873289327996393
7.0,9.0,14.0,True,False,0.4201683222467728,44,2.60374752216997,0.7303123407818282,0.7200326129401554,0.8902393526278177,0.89175207695932,0.11234008021055408,0.0019642505111967744,0.28048508335139344,0.27653703241552324,0.3419069418396949,0.34248792149253066,0.04314553513887919,0.0007543936170738101
7.0,9.0,14.225,True,False,0.7049125210052589,43,3.6566652960415986,1.1729632768936422,1.152685191751777,1.4114021027905854,1.4142538618634135,0.19080228738378494,0.004252252802933523,0.3207740336976957,0.3152285206413554,0.38598066503884065,0.38676054474943794,0.05217931419381796,0.0011628772279313226
7.0,9.0,14.45,True,False,1.1824774029651475,43,4.71592089912693,1.8273843884644716,1.795125213187624,2.160960931815505,2.1654066607683897,0.3231084282748568,0.009027412648096386,0.38749258682493587,0.3806521041351563,0.4582267128813736,0.45916941931092964,0.068514386730845,0.0019142417443362234
7.0,9.0,14.675,True,False,1.9833841148764992,43,5.524911871809827,2.7174117634546358,2.676767036589282,3.1374901452167614,3.1429843213321367,0.5434885570036104,0.01844936953999447,0.4918470785606355,0.4844904495666531,0.5678805776478377,0.5688750145262627,0.09837053868256124,0.0033393056700379373
7.0,9.0,14.9,True,False,3.32709051226058,43,5.965886976035387,3.7811448064453725,3.7400279662246447,4.225553693590042,4.230913701124206,0.8983384037936454,0.03511307243770617,0.6337942407615174,0.6269022496148711,0.7082859113093894,0.7091843539979109,0.15057918586158558,0.005885641578319082
7.0,9.0,15.125,True,False,5.5824696694296625,44,6.145984367218746,4.825638488494491,4.789545464014682,5.183891367304059,5.188301968723539,1.4411347413495057,0.06311022839573618,0.7851693398755334,0.7792967208899856,0.8434599012248928,0.8441775407690161,0.23448395818189577,0.010268530576216805
7.0,9.0,15.35,True,False,9.368633331964997,43,6.211317094938692,5.597743546690124,5.570164262443254,5.799234209198052,5.802316680154455,2.2169914351424094,0.10985579567470372,0.9012168371264542,0.8967766702785335,0.93365611842995,0.934152385310112,0.35692774998541466,0.017686393078244225
7.0,9.0,15.575,True,False,15.724935497028962,43,6.234702729325185,6.002502508171712,5.984420367074388,6.082601843671019,6.084430472260402,3.2161299313182394,0.18739555626934543,0.9627568095490248,0.9598565684497541,0.9756041479028739,0.9758974463436771,0.5158433482627869,0.030056855058689904
7.0,9.0,15.8,True,False,26.396343637659378,43,6.243024220522455,6.1621825856521655,6.151576883840046,6.188741572581345,6.189695305800024,4.309202486811977,0.3149727837143621,0.9870508855941097,0.9853520772221582,0.9913050717050451,0.9914578395279767,0.6902427949336639,0.050451956069458154
7.5,9.0,14.0,True,False,0.4193029269384454,43,2.6021879576882996,0.727665800675737,0.721070220248402,0.8900023029360506,0.8903451383430805,0.11750449305429532,0.0033453347610795914,0.2796361417805392,0.27710151302405445,0.34202075999410136,0.34215250889641136,0.04515603598391968,0.0012855853671890325
7.5,9.0,14.225,True,False,0.7035314992451573,43,3.65530913830202,1.166953007010601,1.1557828386115132,1.4114166513498143,1.411934141139865,0.19938817092032757,0.006462101624093512,0.3192487865889994,0.316192911428663,0.38612784800068967,0.3862694201004686,0.05454755353823459,0.0017678673347708465
7.5,9.0,14.45,True,False,1.1804549285311083,43,4.7155815259814275,1.8166868938573384,1.8014421146628523,2.1615990185903238,2.1622524994767063,0.3358658087695331,0.012178201059097891,0.38525193209956043,0.38201907966969745,0.4583950052990426,0.45853358436565017,0.07122468499781291,0.002582544908194183
7.5,9.0,14.675,True,False,1.9807898911406594,43,5.525728570453171,2.702835848002212,2.6863346492828195,3.139067296350614,3.1397031877909956,0.5595249648739515,0.02224113820300782,0.48913655702428926,0.48615030851262214,0.5680820648946888,0.5681971431929211,0.10125813415190321,0.00402501460566381
7.5,9.0,14.9,True,False,3.324197284018722,43,5.967092186553902,3.7661029231745515,3.7513411915819823,4.2279528443266585,4.228418943667715,0.9149317108236107,0.03913158620937758,0.6311454231695959,0.6286715663678134,0.7085449180513455,0.70862302968872,0.1533295753139687,0.006557898719506249
7.5,9.0,15.125,True,False,5.579524115563643,43,6.146910693235996,4.812711825091138,4.8007940718082205,5.186523142122546,5.1867869167808465,1.4559008521747887,0.06718137899084103,0.782948063713859,0.7810092437313219,0.8437609395935667,0.8438038513376059,0.23685082228001925,0.010929291532536304
7.5,9.0,15.35,True,False,9.365849572436941,43,6.2118173168369255,5.587973643151595,5.5794247988669525,5.801353091059425,5.801433673993005,2.2283363008915824,0.11384351168795818,0.8995714712996432,0.8981952485537696,0.9339220384564512,0.9339350109779324,0.3587253435241488,0.01832692525895588
7.5,9.0,15.575,True,False,15.722482696842162,43,6.234892668623652,5.995945927134942,5.990689397539231,6.0839111718254255,6.08385118309215,3.22335738752325,0.19120329300312297,0.9616758853458407,0.9608328027339837,0.9757844272832438,0.9757748058292005,0.5169868286176614,0.030666653487931007
7.5,9.0,15.8,True,False,26.394226725186,43,6.243072312893994,6.158146296832,6.155329407492938,6.189455628558475,6.189307428849523,4.313111851096608,0.31853760894812283,0.9863967591907283,0.9859455567702078,0.9914118111006367,0.9913880728350001,0.6908636701498101,0.05102257237838461
3.5,12.0,14.0,True,True,0.8266889867314218,143,1.0888006885232824,0.3284903333030589,0.31360011371123686,0.42263740323254556,0.4313269039862853,0.1230896952438486,3.366659203103696e-06,0.3016992336297872,0.2880234344235823,0.3881678324485263,0.3961486326494567,0.11305071400238786,3.0920803399470895e-06
3.5,12.0,14.225,True,True,1.302257578454427,49,1.5627233569212693,0.5434291862308395,0.5096474132481936,0.7037282494883863,0.7212695006233166,0.2026206190021127,8.547560848205192e-06,0.3477449695904287,0.32612772503269744,0.4503217068917467,0.46154650305111844,0.1296586616592823,5.469657063963511e-06
3.5,12.0,14.45,True,True,2.0073169486750038,50,2.1444884257462182,0.8803738780137105,0.8168938260867951,1.1463294819271193,1.1779088192711065,0.32932610729673406,2.3661610603814705e-05,0.4105286218587851,0.3809271322145468,0.5345468262568173,0.5492726400988754,0.15356861027689547,1.1033685386099096e-05
3.5,12.0,14.675,True,True,3.0354820459801735,50,2.828401123020127,1.3837798981026679,1.2779757101538116,1.7969740145808049,1.8467699004802476,0.5248243768145634,7.196968588604582e-05,0.48924457243359004,0.45183679915570363,0.635332096270002,0.6529377624162066,0.18555514369693196,2.5445360384101956e-05
3.5,12.0,14.9,True,True,4.530870807488196,87,3.6153774894835213,2.0958196758175824,1.9281596302618955,2.671848927703125,2.7408587134552467,0.8127356247127754,0.00021578490146685196,0.57969594652673,0.5333217999698684,0.7390235004436051,0.7581113511460168,0.2247996584248467,5.9685303151477596e-05
3.5,12.0,15.125,True,True,6.716083988189608,49,4.512927743370524,3.0526963955752384,2.781637954983769,3.7426861748154736,3.8296410428116814,1.2112505355778784,0.0006084712095924029,0.6764336965198788,0.616371037420217,0.8293255260542267,0.8485934764715459,0.2683957298800544,0.00013482848478711966
3.5,12.0,15.35,True,True,9.947311513154695,48,5.513565594397077,4.268010266050211,3.8214377852563017,4.941036808617074,5.045574295725461,1.7232043079808705,0.0016847827727000423,0.774092589083803,0.6930973650045394,0.8961599756132745,0.9151200270207737,0.3125390055632969,0.0003055704595973484
3.5,12.0,15.575,True,False,14.879925687640222,48,6.54194346978628,5.685163791138642,4.965136358011391,6.146662495532615,6.268693655522787,2.327574718409186,0.00465657306241924,0.8690328519950313,0.7589696213277731,0.9395774396279554,0.9582310951591853,0.3557925453130255,0.0007118027057135923
3.5,12.0,15.8,True,False,22.785267126070746,93,7.446262464229761,7.12146118076604,6.037320311047269,7.188445998625862,7.320902544914742,2.973402134262928,0.012944564179353364,0.9563806292050547,0.8107853221732719,0.9653763929431182,0.9831647192242792,0.3993147097012106,0.0017383975170813892
3.75,12.0,14.0,True,True,0.6971805580634358,53,1.4733442329274071,0.44120920701804417,0.42119755918178203,0.5506541278266243,0.5602446590027358,0.16856471302379386,5.3913513607946045e-06,0.2994610472946976,0.28587858137191674,0.37374438065469756,0.38025374279952096,0.11440959231154718,3.6592611830315153e-06
3.75,12.0,14.225,True,True,1.1011629536188257,99,2.1002853315030205,0.7245826535582401,0.6783549806426683,0.9006686160810169,0.9201575136441741,0.2772775039038964,1.3747329187277015e-05,0.34499248396869453,0.3229822969611559,0.42883155091907166,0.4381107175498315,0.13201896892050813,6.54545788663822e-06
3.75,12.0,14.45,True,True,1.7055311523885464,50,2.844549666726631,1.1620886920940035,1.0727594478469948,1.4393019148885586,1.4748147857207459,0.45015540419120326,3.8031538606016363e-05,0.4085316933246866,0.377128042584496,0.5059858619184656,0.5184703937400013,0.15825190519848442,1.3369968206525008e-05
3.75,12.0,14.675,True,True,2.5983634988168234,95,3.6727176686197223,1.802073481276348,1.6488452025883358,2.2156693680543498,2.2729127184635036,0.7160907493093418,0.00011564085664910525,0.49066485471332233,0.4489441746846834,0.60327789064359,0.6188639921558979,0.1949757138774194,3.1486454196345915e-05
3.75,12.0,14.9,True,True,3.9215111923318275,94,4.558141192923634,2.6805068415613706,2.433806083810429,3.23717345435588,3.31895935738353,1.1056581775231582,0.0003494432403608297,0.5880701645931394,0.5339470588556654,0.7101959586906799,0.7281387778281432,0.24256777724210396,7.66635401517024e-05
3.75,12.0,15.125,True,True,5.908468295371566,96,5.485116694257815,3.8120609972433894,3.4164818666161327,4.440587213483774,4.546987476223273,1.6396258436804947,0.001000083932206738,0.694982661213773,0.6228640258816613,0.8095702354213312,0.8289682297886865,0.29892269117938075,0.00018232682875346886
3.75,12.0,15.35,True,True,8.942952923974966,166,6.4332686592135,5.171345131403971,4.54073825712034,5.702321581206665,5.832396899139207,2.313992871767521,0.0028157288061568513,0.8038441118105263,0.7058213324601725,0.8863801409941122,0.9065993055934722,0.3596916271254275,0.00043768245277993545
3.75,12.0,15.575,True,False,13.708733806973829,131,7.332460490038457,6.650570114185051,5.68617900084405,6.866507629149841,7.016247578342081,3.090597620593956,0.007907658665483092,0.9070038799691057,0.7754803464088257,0.9364534099404097,0.9568749245732768,0.4214952981734712,0.0010784454517315262
3.75,12.0,15.8,True,False,21.494169103476843,182,8.056751541294362,8.021597463272187,6.663617757129608,7.776482652980564,7.932228673183873,3.897174991925944,0.022266226298465138,0.9956366932948105,0.8270849265954974,0.965213164775245,0.984544283453169,0.48371542450468086,0.002763672949865839
4.0,12.0,14.0,True,True,0.5812474584717763,52,1.8682154176380883,0.5492689565333201,0.5241753904056181,0.6722922819483469,0.6819827520475473,0.21313629615735935,8.640995221431467e-06,0.29400729238587453,0.28057545476651324,0.3598580097354617,0.3650450293948176,0.1140855032803547,4.625267054243637e-06
4.0,12.0,14.225,True,True,0.9259788053862086,93,2.6622049594323953,0.8988555287345319,0.8400206160124911,1.087667500522155,1.1077024231961512,0.35076693803572756,2.2204256571356256e-05,0.3376357352013105,0.315535666416755,0.40855888900231596,0.4160845765355056,0.13175805145765865,8.340551125744425e-06
4.0,12.0,14.45,True,True,1.4508738705648239,90,3.582582606711395,1.4350810316312372,1.3187244960611706,1.7173956704290125,1.7548022433320463,0.5699198440794313,6.156193788790558e-05,0.40057165156299335,0.3680932558514496,0.47937364157681855,0.4898148726688689,0.15908072657188077,1.7183675757421237e-05
4.0,12.0,14.675,True,True,2.242392469762464,94,4.553751581145086,2.2115604901515113,2.0070401753905607,2.6121248530928236,2.6744844406777557,0.9076512140415931,0.0001876463111801211,0.4856568152089211,0.4407443268756155,0.5736204108955761,0.5873145236449702,0.1993194397779062,4.120697140289229e-05
4.0,12.0,14.9,True,True,3.4430258754188947,94,5.508782269969345,3.2577907490585623,2.923193737944595,3.7680865381832396,3.860808598415352,1.4031671175656488,0.0005728981223898722,0.5913812870801102,0.5306424532115084,0.6840144252432413,0.7008461052204259,0.254714571896387,0.00010399723465437675
4.0,12.0,15.125,True,True,5.295891349050966,94,6.411339077915765,4.560071952966748,4.024510798806255,5.082813822747027,5.208023902111061,2.081561826706406,0.0016655958485859072,0.7112510970873751,0.6277176655137332,0.7927850580006099,0.8123145319283465,0.3246688096526463,0.00025978907500355894
4.0,12.0,15.35,True,False,8.209419803263916,165,7.2440379931781065,6.037433997194981,5.2043887442360734,6.372039547491638,6.527613394220969,2.93070469679814,0.004763154801001493,0.8334348885083961,0.7184375274035252,0.8796253627455224,0.9011014851617548,0.4045678252320127,0.00065752758413016
4.0,12.0,15.575,True,False,12.894990749232363,142,7.964719806090634,7.51714906983745,6.303500553482305,7.451739655964157,7.627589376518094,3.8864761355376105,0.013553615761358696,0.943805840362278,0.791427784899854,0.9355934467733314,0.9576720289250181,0.4879614387144688,0.0017017065372461973
4.0,12.0,15.8,True,False,20.648533980060066,96,8.496285988208557,8.746716688900262,7.147588114202577,8.208863428017802,8.383765054227736,4.841084687605163,0.03847274292425078,1.0294753143949322,0.8412603017509356,0.9661707997365377,0.9867564563931838,0.5697883397903261,0.004528183606065591
4.25,12.0,14.0,True,True,0.4882945738916271,92,2.2249898237697683,0.6395383590428542,0.6101809447797636,0.7743014212346282,0.7837602685355765,0.25071207829242426,1.401900164566144e-05,0.28743428496193907,0.27423988112716075,0.34800223037548117,0.352253417144921,0.112680101101607,6.300703713740698e-06
4.25,12.0,14.225,True,False,0.7871951867899593,96,3.183620107838305,1.0459796467938725,0.9762566679635181,1.2459018246294704,1.2658178729965717,0.41315417076979954,3.6339588349421366e-05,0.3285503958900732,0.3066498623877588,0.3913475171117211,0.3976033038238563,0.12977495956649596,1.1414549198238398e-05
4.25,12.0,14.45,True,True,1.2524917726050826,90,4.279603451844318,1.6691219253450358,1.5284985934268296,1.9548521069254423,1.9929765415177751,0.6726991855260896,0.00010110040386371263,0.39001789397700354,0.3571589308743348,0.4567834681231945,0.4656918716753748,0.1571872705253068,2.3623778464834835e-05
4.25,12.0,14.675,True,True,1.9714648894252966,45,5.383427710443598,2.5691793360017137,2.3166360005140345,2.952379280674143,3.0180873857725796,1.0746879059217997,0.00030925771891688486,0.4772385688429745,0.43032731655704576,0.548419973197869,0.5606255991731125,0.19962892857963996,5.744624717760012e-05
4.25,12.0,14.9,True,True,3.089413191321878,91,6.376315715188061,3.7701128448469765,3.3502326924098353,4.221948181293488,4.323459589815272,1.6681885064203752,0.0009538720018809184,0.5912682202775434,0.5254182575103286,0.6621297266126616,0.6780497991209893,0.2616226330272252,0.0001495961060411177
4.25,12.0,15.125,True,False,4.8576639740805865,93,7.209071606428364,5.2262308111212485,4.552707414654232,5.621600059771898,5.763418247835249,2.484990676411517,0.002811886897901941,0.7249519905532625,0.6315247875460913,0.7797952866439958,0.7994674713309798,0.34470328664729016,0.00039004840725878875
4.25,12.0,15.35,True,False,7.70323527233034,165,7.890753801227218,6.790422348028462,5.762557104140165,6.910308690900469,7.088605230590824,3.505735416678878,0.008138785832248153,0.8605543296728347,0.7302923458648446,0.875747598388602,0.898343226662117,0.44428396893255556,0.0010314332492521005
4.25,12.0,15.575,True,False,12.35806422103093,144,8.42556022904274,8.221596604022432,6.78835616536575,7.8887949654893275,8.086166125281249,4.634085211813674,0.023345706404027316,0.9757922773707974,0.8056860292762991,0.9362932257367061,0.959718511940416,0.550003214722752,0.00277081947898908
4.25,12.0,15.8,True,False,20.116479935873414,175,8.788978834181536,9.272946306359433,7.496581125185612,8.50424181021395,8.69258737776566,5.712782145015235,0.06634159199924171,1.0550652676845325,0.8529524608741105,0.9676029457642786,0.9890326898910033,0.649993844881893,0.00754827076624991
4.5,12.0,14.0,True,False,0.420827953491814,50,2.509303542172985,0.7064260650770773,0.6739546339212331,0.8506339453721743,0.8598609754014069,0.2785454949899182,2.318966048795172e-05,0.28152276247349994,0.26858234669274317,0.3389920474250595,0.3426691753110076,0.11100510173779367,9.241472822323497e-06
4.5,12.0,14.225,True,False,0.686618612931072,65,3.6115027624373104,1.1564403462454562,1.0785179523738233,1.3659220781912804,1.3856120896824553,0.45972612265055385,6.0569395765263744e-05,0.32021028981990984,0.2986341208405886,0.378214324629079,0.383666351883763,0.127294966359183,1.6771244478956735e-05
4.5,12.0,14.45,True,False,1.1095615818309752,89,4.864271719464995,1.8480045238197182,1.6883937461305958,2.137421016649485,2.175822804355486,0.7503478917633601,0.00016905226622696275,0.37991391731360236,0.3471010345442414,0.4394123395895682,0.44730700294735953,0.15425698543129257,3.475386984458102e-05
4.5,12.0,14.675,True,False,1.7788841115664344,88,6.081019668387926,2.848205334643382,2.5565409204078575,3.216334020803966,3.28422892571932,1.2031297204745655,0.0005187264463094196,0.4683762740399817,0.42041319709883374,0.5289136026847638,0.540078655359779,0.19784999656044763,8.530254375035325e-05
4.5,12.0,14.9,True,False,2.843693120006708,89,7.086485360238168,4.177050897000514,3.6853577529222368,4.573595360987287,4.681639542534989,1.8769194570764096,0.0016127168793460649,0.5894390074433357,0.5200543803562414,0.645396854504131,0.6606433661464087,0.26485900438145105,0.0002275764073958185
4.5,12.0,15.125,True,False,4.5617796414949074,91,7.828058138392578,5.758116549750984,4.967131163212488,6.032243041597745,6.18709565937643,2.8118554678811276,0.004800627641826903,0.7355740654901883,0.6345291610509736,0.7705925192370138,0.7903742601286934,0.35920216970418634,0.0006132590684632638
4.5,12.0,15.35,True,False,7.371968744925633,164,8.359391672049334,7.378131778223733,6.189947649726059,7.305544199695099,7.501397791871392,3.984090054667959,0.013986513881973679,0.8826158729819341,0.740478242026022,0.8739325164200757,0.8973616844576441,0.4766004765620996,0.001673149725564281
4.5,12.0,15.575,True,False,12.018410861527617,182,8.735444749015562,8.735319325462381,7.141244300388327,8.19066785971588,8.402969040864212,5.264386227820488,0.04015737248991683,0.99998564199571,0.8175020855341232,0.9376360443054631,0.9619394641367496,0.6026466172101606,0.004597061013343637
4.5,12.0,15.8,True,False,19.78836002688995,214,8.972650984740538,9.611946257308183,7.739612620434228,8.694619351439483,8.890230774546716,6.4386921303107245,0.11320280062939642,1.0712493190312284,0.8625781425797913,0.9690134349620984,0.9908142855067035,0.7175908370068974,0.012616427499734061
4.75,12.0,14.0,True,False,0.3757411158767834,129,2.7123443311333375,0.7515101742882467,0.7169877867721628,0.9026294205655886,0.911714118716853,0.29723820599877787,3.915618665050917e-05,0.27707034304683303,0.2643424651296296,0.3327857050466856,0.3361350947414182,0.10958719458549666,1.4436289006915278e-05
4.75,12.0,14.225,True,False,0.6191609009697752,96,3.9252431902687093,1.2317929632618017,1.148335833672294,1.448794135276492,1.4683347800927602,0.49123182885298555,0.000102828910525115,0.3138131584599927,0.29255151286401765,0.3690966559392495,0.374074855726899,0.12514685206532578,2.6196825404358108e-05
4.75,12.0,14.45,True,False,1.0136595437709528,89,5.302162963283626,1.9719707163805098,1.7991564844202985,2.2652200910065505,2.3037659655889664,0.803467527693496,0.0002876004633893938,0.3719181643483982,0.33932500696019385,0.4272256636947464,0.43449550335251214,0.15153580402136663,5.424210183296272e-05
4.75,12.0,14.675,True,False,1.650534412432607,87,6.606035280572529,3.0450246912155317,2.725341006272332,3.4028458932266195,3.472104965331916,1.2924859293281663,0.0008838874340812096,0.46094587175011675,0.41255320181035016,0.5151116742040323,0.525595885862571,0.19565228982793892,0.0001337999869120598
4.75,12.0,14.9,True,False,2.6825491551353156,83,7.609919011221468,4.468354901504763,3.9242170917014523,4.822069877391271,4.934414500139591,2.025596467971357,0.0027596886783234687,0.5871750927855863,0.5156713344668797,0.6336558733779849,0.6484187930073081,0.2661784527515265,0.00036264363316535625
4.75,12.0,15.125,True,False,4.372009498439105,91,8.264566270703925,6.139802390147956,5.263671235813214,6.318675248565697,6.482244647841808,3.0514914715746624,0.008248801058244578,0.7429067889396941,0.6368962463852185,0.7645501338605045,0.7843417834060988,0.3692258458125662,0.000998092433172781
4.75,12.0,15.35,True,False,7.164039095537319,164,8.672437923322379,7.789212980196491,6.492474673959992,7.573522578877907,7.780460331331918,4.344893054340872,0.02401965729911401,0.8981572481769315,0.7486331676701987,0.8732864559930478,0.8971479992273329,0.5010001908063655,0.0027696545667417324
4.75,12.0,15.575,True,False,11.808352696128011,139,8.931295080657375,9.067704352431054,7.387060415891937,8.386629981996448,8.606479241234737,5.747967074002927,0.06840399867858463,1.015273179370045,0.8270984609936572,0.9390161120260694,0.9636317200933048,0.6435759900544968,0.007658911508447199
4.75,12.0,15.8,True,False,19.582731695526274,215,9.083377136799198,9.794650931373418,7.914120071307928,8.812985657910946,9.00969866524421,6.991088135907339,0.1890528192778407,1.0783049942617333,0.8712750722686283,0.9702322743164739,0.9918886477523324,0.7696573675868379,0.020813054047039068
5.0,12.0,14.0,True,False,0.34742597785957735,51,2.8455087950041436,0.7798876915123792,0.7441136976544215,0.9356485278292411,0.9446547197330998,0.3089977261559167,6.725458190695977e-05,0.27407671094941866,0.26150462053073287,0.32881589734389793,0.3319809523666309,0.1085913797555023,2.363534494254193e-05
5.0,12.0,14.225,True,False,0.5765878981210424,44,4.135242340971105,1.2796367316475683,1.1927634530323286,1.5020013324738146,1.5214500362016912,0.5111956060871815,0.00017718372949387113,0.3094466118633964,0.2884385858634404,0.3632196637165139,0.36792282307798174,0.12361926192870577,4.284724204392382e-05
5.0,12.0,14.45,True,False,0.9529595200062213,44,5.600346249989509,2.0515571157636336,1.8704807066996059,2.348196046703181,2.386784475085384,0.8374996050824239,0.0004958570922652183,0.36632683483944883,0.3339937609577461,0.4192947974792772,0.42618516222811315,0.1495442545331894,8.854043484653242e-05
5.0,12.0,14.675,True,False,1.5694959328236857,87,6.965367848881987,3.172858360275968,2.8355010993031,3.524889702941481,3.5948155717246992,1.3507258521366492,0.0015229375198923837,0.45551913827282564,0.4070856214375278,0.5060593753863641,0.5160984530489232,0.19392024677540248,0.00021864423429364624
5.0,12.0,14.9,True,False,2.581777809157415,89,7.962873416305892,4.658948925873572,4.082170216616802,4.984740723309075,5.099282126964377,2.124974197463691,0.00475303119542962,0.58508388646908,0.5126503968099732,0.6259977350765897,0.6403821661314337,0.2668602257461857,0.0005968990020231452
5.0,12.0,15.125,True,False,4.254819219522082,89,8.549494464454447,6.387850651116156,5.462048905308343,6.504629078332701,6.6724742887230954,3.2167629171461236,0.014169008814909309,0.747161212592676,0.6388739039503996,0.7608203157948671,0.7804524953451588,0.37625182758117487,0.001657292004084998
5.0,12.0,15.35,True,False,7.036290938789767,132,8.86910241418419,8.045412835360118,6.697770306429708,7.744620787065497,7.9558022606811605,4.601569246820992,0.040874488239942816,0.9071281917427448,0.755180174232523,0.8732135931455328,0.8970245115173767,0.5188314478657713,0.004608638657117433
5.0,12.0,15.575,True,False,11.676899072195805,177,9.04990195530734,9.24919810506291,7.561526792203833,8.509154073471343,8.728940983400856,6.098563021409313,0.1141348582146121,1.0220219125842234,0.8355368742718097,0.9402482055047157,0.9645343150134068,0.6738816676166082,0.012611723174269021
5.0,12.0,15.8,True,False,19.443978277101625,179,9.148532316317613,9.85307511673857,8.055290578235383,8.886265228172164,9.077681965449335,7.388221144411147,0.3047219934086803,1.0770115660152735,0.8805008606536493,0.9713323318891641,0.9922555500250124,0.8075854015658097,0.033308292835689986
5.25,12.0,14.0,True,False,0.33038436713383196,50,2.927760232898275,0.7969357795191814,0.7604520949076921,0.9556305661282817,0.9645807433119831,0.31614355218153856,0.00011688458964537007,0.2721998101361844,0.25973851491073036,0.326403287875208,0.3294602927088454,0.10798136699485765,3.9922869479534746e-05
5.25,12.0,14.225,True,False,0.5508509261045469,45,4.266770752249631,1.3084984584494432,1.2197195467596786,1.5344467976107043,1.5537992304850705,0.5234546915578469,0.000308314926195815,0.3066718449214889,0.28586479508339846,0.35962719506354446,0.36416281087186103,0.12268170050660873,7.225954805124172e-05
5.25,12.0,14.45,True,False,0.9161319270595628,44,5.789402809884311,2.099785359841434,1.9141883460899702,2.3991956732087942,2.437669518473522,0.8587248301995808,0.000861845197790456,0.36269463860010703,0.33063658013601255,0.41441159856982507,0.4210571622882523,0.148327013752346,0.00014886599293436936
5.25,12.0,14.675,True,False,1.520288028080346,59,7.194139181777336,3.2504953222530215,2.9038995648245516,3.6003223146391226,3.670229529604755,1.3879662322801773,0.002637372828918453,0.4518254707229581,0.4036479544599432,0.500452135226782,0.5101693805009222,0.19293013343359805,0.0003666001952810262
5.25,12.0,14.9,True,False,2.5206967055863623,94,8.18543491481108,4.773889944421337,4.1820583681147125,5.085394979407462,5.200122125235792,2.190900339557298,0.008180884297427858,0.5832176291308914,0.510914619887517,0.6212736442636333,0.6352896552663887,0.2676583910762015,0.0009994440591818783
5.25,12.0,15.125,True,False,4.183599763234872,45,8.725367371209604,6.532702577636537,5.591350594175413,6.61943268920422,6.787144242746086,3.3311701684833093,0.024121064617075822,0.7487022952399658,0.6408154930673458,0.7586422906439254,0.777863435887076,0.381779932782533,0.002764475533335842
5.25,12.0,15.35,True,False,6.956781090155338,133,8.987604020387913,8.180199381194427,6.840058917462201,7.850191269360509,8.058580127462381,4.78587092775688,0.06817581634844375,0.910164640391151,0.7610547707649206,0.8734464993732209,0.8966327520863081,0.5324968608875492,0.007585538503230722
5.25,12.0,15.575,True,False,11.58891590162028,47,9.119832632117442,9.311891174434603,7.699152569336419,8.585550466499983,8.79721450707991,6.354019160575763,0.18399714150731802,1.0210594371700183,0.8442208185073711,0.9414153540783337,0.9646245563869931,0.6967254133808033,0.020175495420752868
5.25,12.0,15.8,True,False,19.337008283363,178,9.186331768763614,9.813265253219345,8.189934833109133,8.933615629694978,9.112603403679058,7.670863336139986,0.4664343030699329,1.0682463359953427,0.8915348410295239,0.9724899834417097,0.9919741234106899,0.8350300782977714,0.05077481576007897
5.5,12.0,14.0,True,False,0.32039549335576856,90,2.976569007325092,0.8068468946603611,0.7700134936835334,0.9673440671244888,0.9762292675627745,0.32048897731621284,0.00020448422521927027,0.2710660806703211,0.25869163180446797,0.3249862726998549,0.32797132038946664,0.1076706021353833,6.86979622229659e-05
5.5,12.0,14.225,True,False,0.535704656506488,83,4.345485515294475,1.325224748625556,1.2356068688252233,1.5535526949501532,1.5727472729092822,0.5310810455032806,0.0005390593959062199,0.30496586490997685,0.2843426504302803,0.3575095784998551,0.3619267093110317,0.12221443234227225,0.00012405044131638077
5.5,12.0,14.45,True,False,0.8943592204586315,44,5.9034310301278845,2.127547225689999,1.9402496383512249,2.429373572339557,2.467492267768447,0.8723565494538977,0.0015017559680512902,0.36039164594829026,0.32866474232514137,0.4115189217831736,0.41797596265217896,0.14777110886904019,0.0002543869760461584
5.5,12.0,14.675,True,False,1.4910288343952771,44,7.332539669169173,3.2944433878907837,2.9454992926353207,3.6451219587818677,3.714228419403743,1.4130784070584892,0.004559508673964991,0.44929090554297224,0.4017024694759089,0.49711588661543304,0.5065405148806499,0.19271336682977683,0.0006218184803194681
5.5,12.0,14.9,True,False,2.483961974485695,60,8.319373677159403,4.836172560131632,4.245079792319626,5.145345927382018,5.258111274743973,2.238332714524235,0.013951598682916417,0.5813145012838169,0.5102643488625074,0.6184775593754629,0.6320321070779599,0.2690506282545659,0.0016770010849759187
5.5,12.0,15.125,True,False,4.139459782368268,85,8.829936570005334,6.6025082895149145,5.678947270175956,6.688390439983826,6.851249831667856,3.418629568423135,0.04025713891038597,0.7477413045007781,0.6431470062273081,0.7574675522249857,0.7759115569347422,0.38716354770157424,0.004559165130034638
5.5,12.0,15.35,True,False,6.903824038189301,130,9.057128136414438,8.222635293733097,6.949816310437935,7.91529616617297,8.113239458894448,4.931547050165486,0.10994901339914699,0.90786341651431,0.767331123703109,0.8739300192021464,0.8957849924055884,0.5444934614911832,0.012139500705206311
5.5,12.0,15.575,True,False,11.522108455398094,48,9.160351149149317,9.281729251681261,7.826372634758517,8.635460091897874,8.83012471649194,6.55338825797473,0.28208213876781824,1.0132503766019074,0.8543747403706591,0.9426996794440367,0.9639504613654418,0.7154079741346285,0.030793812832602383
5.5,12.0,15.8,True,False,19.24313755624887,49,9.207972082261538,9.700343288532153,8.332322506848698,8.96742000827889,9.126134155819136,7.877161320284672,0.6675903576406188,1.0534722740112485,0.9049031027038285,0.9738756729675523,0.9911122746994361,0.855471894344622,0.07250134466922213
5.75,12.0,14.0,True,False,0.31461925450477746,49,3.004717299979549,0.8124309062080571,0.7755078707154218,0.9740543591666134,0.9828382357318204,0.32329644647536043,0.00035846886623202385,0.27038513946506276,0.2580967835878271,0.3241750427480293,0.3270984048111647,0.1075962941597071,0.00011930202759323272
5.75,12.0,14.225,True,False,0.5268998663454305,44,4.391058921555962,1.3344564693264667,1.244844608948503,1.5645150158571168,1.58342768586069,0.5362755288089639,0.0009424535247937936,0.30390311156508115,0.28349530971618003,0.3562956097393324,0.3606026961031089,0.12212897580953794,0.00021463012490386652
5.75,12.0,14.45,True,False,0.8815930294776101,84,5.96973396929981,2.1423262256799283,1.9557492631000863,2.446725848531594,2.484120051331772,0.8822773972065409,0.0026081622073729025,0.3588646054744047,0.3276107902224454,0.40985508920736224,0.4161190538986672,0.1477917444468674,0.00043689756039142456
5.75,12.0,14.675,True,False,1.4735749989839382,123,7.413204601287273,3.3161649641281596,2.9713253141326907,3.670945266715007,3.73821519266417,1.4330169371992203,0.007807329990769772,0.44733217852267576,0.4008152309214199,0.49519006477678523,0.5042644030106823,0.19330600115237379,0.0010531653192755615
5.75,12.0,14.9,True,False,2.4611993181446437,45,8.397334173605554,4.8617478639887635,4.287440733475046,5.180191691854392,5.2883561434028,2.2795698944625706,0.02332627472188326,0.5789632475589905,0.5105716462911887,0.6168852620081189,0.6297660702875356,0.27146352012853076,0.0027778190363320606
5.75,12.0,15.125,True,False,4.109939487226969,45,8.89050945101706,6.616624798028617,5.746089576955486,6.729747472140855,6.882228439223269,3.498891333315148,0.06499134429494119,0.7442346059563196,0.6463172452168241,0.7569585870437361,0.7741095689894298,0.3935535249799302,0.007310193488125282
5.75,12.0,15.35,True,False,6.86379771500991,46,9.097119634599014,8.19365829594395,7.049264761459771,7.957314267200527,8.136285545711235,5.06436774482118,0.16879285501540242,0.9006870993298872,0.7748897502292208,0.8747070047244984,0.8943804052841687,0.5567001367729522,0.018554538336885633
5.75,12.0,15.575,True,False,11.464463429521441,47,9.183406805413307,9.18289311946588,7.957500121313934,8.67148647448004,8.839957697609517,6.72216858019682,0.4050082414581421,0.9999440636837383,0.8665085071286679,0.9442559453392061,0.9626011223197323,0.7319907222485592,0.044102177986866865
5.75,12.0,15.8,True,False,19.157060604020437,167,9.220071789748852,9.546110799684984,8.481446128026908,8.994702857743492,9.125894907614327,8.03064717789943,0.8846934864880042,1.0353618732446999,0.9198893806289915,0.9755567052898729,0.9897856671529138,0.8709961658680512,0.09595299328055477
6.0,12.0,14.0,True,False,0.31127946345397456,49,3.0204773354710204,0.8154027008867127,0.7786228540645417,0.9778026835146963,0.98641476333799,0.32543980639924247,0.0006269406622838083,0.26995822524838015,0.25778139266955347,0.3237245557289426,0.32657578712940954,0.10774449540721107,0.0002075634387059692
6.0,12.0,14.225,True,False,0.5217523387678888,45,4.416540896084945,1.3389989126518809,1.2502383360916203,1.5706220530096424,1.589039717833087,0.5406348729340663,0.0016391309532677591,0.30317819853968525,0.28308089192605407,0.35562266714249713,0.35979282321187056,0.1224113815889973,0.0003711345579797011
6.0,12.0,14.45,True,False,0.8739731943197072,85,6.0068537021238875,2.1485712309863834,1.965316374059605,2.456383245924304,2.4924745091235203,0.8914518908519322,0.0044836860746901895,0.3576866255668416,0.32717899777794046,0.40893009347901754,0.4149384407751162,0.1484057936248281,0.0007464283794867285
6.0,12.0,14.675,True,False,1.4626925267190463,44,7.45848905790484,3.3222770213129964,2.98884954920938,3.685358962584865,3.7493061035618807,1.4533317622928943,0.013111825030796706,0.4454356633790189,0.40073123738670147,0.4941160245692064,0.5026897638990565,0.19485605610061038,0.001757973354790969
6.0,12.0,14.9,True,False,2.445767841348431,45,8.441250497745308,4.85960148119909,4.320443746302837,5.200127830134451,5.300241492864468,2.324302565421392,0.03774079381089689,0.5756968689055145,0.5118250841456304,0.6160376156972744,0.6278976668540027,0.27535050239798264,0.004470995597272894
6.0,12.0,15.125,True,False,4.087348590605663,47,8.924678485231086,6.587009389221049,5.807168414476812,6.755386560332823,6.891049029138752,3.585420404401082,0.09994985503742417,0.7380668558673005,0.6506865680468765,0.7569333249944977,0.7721341492068688,0.40174224879186166,0.011199266752614694
6.0,12.0,15.35,True,False,6.829380988211934,46,9.119563567411191,8.11161979817997,7.150198851563272,7.987093098837863,8.138539855115466,5.196680445841582,0.24296173281570796,0.8894745607308321,0.7840505522780219,0.8758196639343337,0.8924264626213673,0.5698387217138271,0.026641815808371903
6.0,12.0,15.575,True,False,11.412267086823375,47,9.196140695857828,9.0449940061537,8.092504642651738,8.700500636192503,8.835327058358349,6.8682357241286,0.5390951131466044,0.983564117307143,0.8799892161607319,0.9461034714389946,0.9607646675455934,0.7468606615840736,0.05862188617769042
6.0,12.0,15.8,True,False,19.082023632903596,125,9.226558184183887,9.386872140931997,8.62384701655097,9.018269157536556,9.117770057816813,8.142345697889859,1.085807981519022,1.017375271856294,0.93467648980244,0.9774250568316604,0.988209240737943,0.8824900396604468,0.11768288454304747
6.5,12.0,14.0,True,False,0.30805115475005906,47,3.032437705052671,0.8168548995229945,0.7812935619915404,0.9806750184230917,0.9885045727076409,0.3303792202994597,0.0018623844123626377,0.26937235945917193,0.2576453790591454,0.3233949428834378,0.3259768769728021,0.10894839480098117,0.0006141542196430015
6.5,12.0,14.225,True,False,0.516517957455736,44,4.435389953363135,1.339098519915984,1.255671542182237,1.575176554241116,1.591374156194783,0.5520327489931133,0.0047423706595048016,0.30191224086184626,0.28310285124538465,0.35513823379762544,0.35879013410943117,0.12446092785472772,0.0010692116610646373
6.5,12.0,14.45,True,False,0.865541084896869,44,6.034248707667059,2.142765082447619,1.9773602405144592,2.4635116051026875,2.4939428580515144,0.9174958197432221,0.012357252406799666,0.3551005578747595,0.32768954948808193,0.40825490039424017,0.41329798933920875,0.1520480616878553,0.0020478526831515347
6.5,12.0,14.675,True,False,1.4488791873713056,45,7.492537880182547,3.2978624068069853,3.0168302819294213,3.696313745443713,3.746767452058151,1.512473768582502,0.033132737207359556,0.44015291741529866,0.40264464860548954,0.49333267372865874,0.5000665344606661,0.20186401360518078,0.00442209805772144
6.5,12.0,14.9,True,False,2.422676848968094,45,8.475487202685557,4.7902205457807625,4.3836536253314575,5.217729026060233,5.288982358459785,2.446059361793811,0.08437438086452365,0.5651852726841385,0.5172155323345242,0.6156258515034906,0.624032841060029,0.28860398267355636,0.009955106868403818
6.5,12.0,15.125,True,False,4.049502961330494,46,8.95222707630026,6.441041121854407,5.933071469435934,6.784962860083699,6.869787774815956,3.7858876680124727,0.1933540261539097,0.7194903644598272,0.6627480981959106,0.7579078146985254,0.767383101016588,0.42289897650553,0.021598427352874774
6.5,12.0,15.35,True,False,6.771313492458048,46,9.137765697622818,7.88232258641437,7.349158738483606,8.029433056065349,8.112075398078696,5.4412664245627,0.4017057928282044,0.8626094000708454,0.8042621119510083,0.8787085729451565,0.8877526155205583,0.59547011869414,0.04396105198152627
6.5,12.0,15.575,True,False,11.3315683891535,48,9.206193669987025,8.778662137774543,8.326398568054827,8.744806573301991,8.80960641960794,7.077393253644285,0.7668983338123523,0.9535604455502309,0.9044344347436004,0.9498829686595455,0.9569216915703183,0.7687643240351536,0.08330243326430402
6.5,12.0,15.8,True,False,18.98073904853304,47,9.231366369858046,9.15075019023248,8.833152997213737,9.053475772835503,9.09646546599442,8.267299450805137,1.3620517200226476,0.9912671454695168,0.9568630084984449,0.9807297652486867,0.9853866807513891,0.8955661729339712,0.14754605823791958
7.0,12.0,14.0,True,False,0.3062795462591027,46,3.030345041828678,0.8138838534780194,0.7818830084239476,0.9802526353731015,0.986132992403178,0.34054617519225494,0.005010449853477536,0.2685779481358588,0.25801781567161614,0.3234788850254368,0.32541937594277737,0.11237867981751364,0.0016534255288810126
7.0,12.0,14.225,True,False,0.5131574085688333,44,4.431311121415629,1.3288776286421198,1.2590165957260313,1.574263060040584,1.5853874590245223,0.5749744701600487,0.01197931891804245,0.2998836218517638,0.2841183029648853,0.3552589779653452,0.35776938598661373,0.1297526746387347,0.0027033351055286616
7.0,12.0,14.45,True,False,0.8591812817139639,44,6.029558954985731,2.1150479684830876,1.9889371361936676,2.462249533505358,2.481153277584658,0.965771363372336,0.02831596497316322,0.35077988029857365,0.32986444797078435,0.4083631243823181,0.4114983029617843,0.1601728037792478,0.004696191742142146
7.0,12.0,14.675,True,False,1.4371552425529994,45,7.490509913052173,3.2349963918033495,3.0477040104704067,3.696060734182185,3.7235075495264938,1.604893663384908,0.0657960542320263,0.4318793285576441,0.40687537241754385,0.4934324601509197,0.49709667202206115,0.2142569307048629,0.0087839219219745
7.0,12.0,14.9,True,False,2.4030793231030803,45,8.478356161890954,4.6770647195245685,4.448870224854196,5.223010405564985,5.255932562589181,2.5914935435159436,0.1420120655217128,0.551647587128662,0.5247326415527642,0.6160404571161682,0.6199235396849541,0.30565990553267286,0.016749952798637727
7.0,12.0,15.125,True,False,4.021030177492167,45,8.957416985530282,6.282726510082049,6.041900473143383,6.801334803974889,6.834765851933773,3.960055081103571,0.2789864578068715,0.7013993565590505,0.6745136999766123,0.7592964372387369,0.76302865691913,0.44209788240299663,0.031145860269488772
7.0,12.0,15.35,True,False,6.734981103136398,45,9.141901941373817,7.707948165062331,7.487688777647322,8.054795071125866,8.083350523162249,5.595356387262857,0.5107085456395488,0.843144918255818,0.8190515305967169,0.8810852624301302,0.8842088413330222,0.612056049511947,0.05586458364076492
7.0,12.0,15.575,True,False,11.28994899276157,45,9.208420978199317,8.626877628239555,8.458120728200246,8.76926709357659,8.789483988358176,7.174836790556543,0.8885245614759898,0.9368465721390724,0.9185202053885909,0.9523095343205515,0.9545050133097778,0.7791603802153236,0.09649043669696979
7.0,12.0,15.8,True,False,18.93670501977886,47,9.232205255370635,9.04180912345886,8.93133065882794,9.070861853367802,9.083264419478732,8.311358288477818,1.4832082502295887,0.9793769606886701,0.9674103219956394,0.9825238502026398,0.9838672525391201,0.9002570955236145,0.1606559006437562
7.5,12.0,14.0,True,False,0.30435195012711763,45,3.0184990376526466,0.8061516685823759,0.781623488467138,0.9773505181922362,0.9799027950598569,0.35983320585454553,0.010986142098382255,0.2670703745558536,0.2589444219518361,0.3237869238985342,0.3246324689312752,0.11920931607596998,0.0036396043070882314
7.5,12.0,14.225,True,False,0.5095262693245858,44,4.41439816541838,1.3094725080225595,1.2625004110210094,1.5697934059591676,1.5736547440074733,0.6116849500233972,0.02358103980718658,0.2966367008487674,0.28599604378943794,0.35560757030406853,0.35648228479596794,0.1385658762762339,0.0053418470476714825
7.5,12.0,14.45,True,False,0.8528405688373344,44,6.011628420456611,2.0748473589587912,2.001574109082061,2.456659492884233,2.4620713207282936,1.0282880672505477,0.04884872070338731,0.3451389896119356,0.3329504036329032,0.40865125404700886,0.4095514806521072,0.17104983796926765,0.008125705264344503
7.5,12.0,14.675,True,False,1.4273259328759726,45,7.47828581890696,3.167832035498182,3.07576718097653,3.691525866151156,3.698069214071113,1.6953126097593725,0.09746576021557345,0.42360403335870334,0.4112930764427629,0.49363262591783585,0.4945076055693777,0.22669802289091467,0.013033168639951666
7.5,12.0,14.9,True,False,2.3901176171465357,45,8.474327469105663,4.590319058340046,4.494762446584981,5.223261358560623,5.22990799523934,2.6948002045081325,0.1832449075664284,0.5416735516859232,0.5303975404504088,0.6163629358911072,0.6171472620459494,0.3179957600567597,0.02162353393050636
7.5,12.0,15.125,True,False,4.006049786786621,45,8.957497415431817,6.191818222992193,6.102187269669956,6.80807483980601,6.813963565875363,4.052510205290712,0.32605684575340266,0.6912442098308663,0.6812379604103728,0.7600420657757802,0.760699473285517,0.4524154479027948,0.03640043983620668
7.5,12.0,15.35,True,False,6.7191070223333735,45,9.142550521223205,7.6272284000417,7.551274217099493,8.06502623403875,8.069528665238979,5.659545484058427,0.5597387395669979,0.8342560844849708,0.8259483171102224,0.8821418285102033,0.8826342984385648,0.6190335476867808,0.061223477876074024
7.5,12.0,15.575,True,False,11.274160517030634,44,9.20866421917096,8.566200914004027,8.510811498426564,8.778206355184754,8.781095400519696,7.207782227656154,0.9361051047806038,0.9302327362714098,0.9242178122542922,0.9532551243327928,0.9535688555392069,0.7827174556599327,0.10165482012383331
7.5,12.0,15.8,True,False,18.921665963442965,44,9.232087484929167,9.002054284811047,8.967010515524546,9.076624646389499,9.078210787564664,8.323621309405114,1.5265171311539916,0.975083295030118,0.9712874287816983,0.983160597341235,0.9833324047659106,0.9015968840192351,0.16534907556345624
3.5,15.0,14.0,True,True,0.7579859915304821,101,1.1890542980207028,0.35799019940384424,0.3280013886248061,0.4492712181153355,0.4610666015285782,0.2312148753272965,5.596774112404446e-06,0.3010713640241274,0.27585063959719625,0.37783911034440676,0.3877590807216026,0.19445274762656026,4.706912141624503e-06
3.5,15.0,14.225,True,True,1.1902910188767033,102,1.7202310360044464,0.5972357713421559,0.5276834066641827,0.7473971230288634,0.7705308627379447,0.37526132685810804,1.4206738856706566e-05,0.34718346480327783,0.30675147443556455,0.43447485098561583,0.4479228932688278,0.2181458879673056,8.258622568340782e-06
3.5,15.0,14.45,True,True,1.826096290872091,135,2.382598157163187,0.974149699326813,0.8401566239680108,1.2198969385339256,1.2614844521303974,0.5969931610643063,3.9236741519508565e-05,0.40886025887247096,0.3526220405409587,0.5120028045293133,0.5294574951037355,0.2505639313408642,1.646804829490229e-05
3.5,15.0,14.675,True,True,2.742197074316233,48,3.174096123499941,1.5399887171348545,1.3121950707956624,1.9259385197637764,1.9932766221197433,0.9228236520200448,0.00011956906434762688,0.48517393841140966,0.4134074771966139,0.6067675473041837,0.6279824380119409,0.2907358870412804,3.76702720066912e-05
3.5,15.0,14.9,True,True,4.054243451536646,122,4.100007286919126,2.3483393681750377,1.9857013372415642,2.9020321942415643,3.000185058039898,1.3734852998414446,0.0003609231234887981,0.5727646815817377,0.48431653855271123,0.707811472311368,0.7317511526410799,0.33499581920829324,8.802987366395805e-05
3.5,15.0,15.125,True,True,5.939438247755516,166,5.174658821824626,3.4609801040166577,2.8809245321012185,4.14153948287241,4.2731163900385,1.95425659476413,0.00102294760153646,0.6688325207875808,0.5567370973233327,0.80035025022424,0.8257774158976853,0.37765902295275255,0.00019768406705811774
3.5,15.0,15.35,True,True,8.670278631423816,166,6.408139637334647,4.939841930729441,3.99226755485387,5.594350381322909,5.761162740727143,2.646912809494199,0.002840902779714723,0.7708698952109729,0.6229994633066991,0.8730069408490263,0.8990382648907754,0.413054795821387,0.00044332722763456303
3.5,15.0,15.575,True,False,12.719385207362674,308,7.756077185084114,6.806539850039557,5.261078384089446,7.160249612062005,7.359845694511286,3.4022117787948023,0.007852646241633288,0.8775750534212535,0.6783169195643313,0.9231792620413889,0.9489134157490298,0.43865109869428226,0.0010124507601258646
3.5,15.0,15.8,False,False,21.35335499416918,85,7.77159067564068,7.060167422009546,5.3912751454009715,7.339470015601986,7.550727263714105,3.497613579034155,0.013181879454689007,0.9084584760928001,0.6937157874641309,0.9443973984125109,0.9715806684699889,0.45005118321492354,0.001696162343702219
3.75,15.0,14.0,True,True,0.6263385950693301,52,1.6034978473784562,0.47726066060050604,0.4378614565718743,0.5813828241945879,0.5951581576420528,0.3155993222100924,8.929599244564979e-06,0.2976372318683028,0.27306644488967036,0.3625716274861767,0.3711624300681609,0.19681929896324016,5.5688252149286625e-06
3.75,15.0,14.225,True,True,0.986688725303903,97,2.3124276714807372,0.7921299719253133,0.6993767973621253,0.9517010163452821,0.9790158259325484,0.5119882723954694,2.2803153274799206e-05,0.34255340467279644,0.3024426692292119,0.4115592578668076,0.4233714368699137,0.22140725900742375,9.86113146630764e-06
3.75,15.0,14.45,True,True,1.521666298553928,98,3.1757210192793703,1.2835032863453233,1.1006470962737718,1.5269717683034825,1.5768030364202144,0.8138605106527845,6.293710416857982e-05,0.40416122151579104,0.3465817965721463,0.4808267977676391,0.4965181219784917,0.25627582073864424,1.9818209403942356e-05
3.75,15.0,14.675,True,True,2.3021955538324534,181,4.16316795364193,2.0114539616250853,1.6922567731416966,2.3731315340124204,2.4556303326281883,1.2561526845046735,0.00019149438691937233,0.48315465146330927,0.40648294567633625,0.570030217478113,0.5898465687602173,0.3017300042881513,4.599727636543067e-05
3.75,15.0,14.9,True,True,3.4392774540056865,47,5.248240575199601,3.031005200715344,2.5117186683676898,3.526188817479849,3.649913748844647,1.8640283067856196,0.0005821602514197695,0.5775278700138605,0.47858299031426627,0.6718801790723439,0.6954547331713797,0.3551720391008804,0.00011092484101638744
3.75,15.0,15.125,True,True,5.114882214832307,154,6.41486701008831,4.394365758048772,3.557180524269552,4.95405554551288,5.124676655074926,2.6378461598443503,0.001674845850442144,0.6850283491673317,0.5545213203446571,0.7722772019625517,0.7988749645184581,0.4112082379410133,0.0002610881640738936
3.75,15.0,15.35,True,False,7.623126462275366,48,7.648902547946123,6.136867822064215,4.784728200964557,6.548043005975589,6.766891522103939,3.5440433796776185,0.004730211601393657,0.8023200431167844,0.6255444060075454,0.8560761449018414,0.8846878986477582,0.46334011414869736,0.0006184170306449792
3.75,15.0,15.575,True,False,11.4631329698493,344,8.899189630151584,8.232345411848124,6.094538709214087,8.147492751288523,8.404738645519418,4.513176765490091,0.01329169511204682,0.9250668604651251,0.6848419870237415,0.9155319854836875,0.9444386505759015,0.5071446899163577,0.0014935848840677438
3.75,15.0,15.8,False,False,19.24435369005627,85,8.92112044785979,8.64546186193325,6.281996051717897,8.398014111994778,8.674821644517245,4.693750234362629,0.022308587366226866,0.9691004523997125,0.704171195583955,0.9413631573609672,0.972391494456099,0.5261390945000275,0.0025006486008804845
4.0,15.0,14.0,True,True,0.509616332099807,51,2.0267707856657338,0.5903179478093271,0.5418701795734822,0.7056336743427846,0.7205846158111598,0.39842421827464164,1.427237874606858e-05,0.29126033983928046,0.26735641909082186,0.348156623991896,0.3555333542931789,0.1965807979335814,7.041930368746917e-06
4.0,15.0,14.225,True,False,0.8102403017762285,91,2.932821527167718,0.9784936976061901,0.8627219709733001,1.144561986491293,1.1747380978390636,0.6474424467741897,3.67797221288667e-05,0.3336356094436951,0.29416108787446305,0.39025967856851435,0.40054878449202147,0.22075753358215333,1.2540729733522375e-05
4.0,15.0,14.45,True,True,1.2648141350689142,91,4.0225614517233295,1.5837127569181273,1.350204296292248,1.8183074161508703,1.8746815726261512,1.0316658720777718,0.00010168168564481236,0.3937075358387973,0.33565784202346965,0.4520272562577953,0.4660417485537748,0.2564698847884076,2.527784519022085e-05
4.0,15.0,14.675,True,True,1.942020951612994,99,5.22249877212375,2.478268605546373,2.0596429394611735,2.7990414803493193,2.89532622954954,1.5970979101762086,0.00030959857793740904,0.4745369436513195,0.39437882694295234,0.5359582840478253,0.5543948128822909,0.3058110647533465,5.928169473010897e-05
4.0,15.0,14.9,True,True,2.9514214348302055,170,6.454127963068874,3.7216208045381545,3.0241732148374267,4.120371277064937,4.269969627315402,2.37639060015698,0.0009500077845887225,0.5766264359544183,0.4685641859197756,0.6384086743619104,0.661587382795719,0.36819700721072,0.00014719382541293825
4.0,15.0,15.125,True,False,4.479296625507935,190,7.662861929344491,5.3534409609327405,4.214616304444314,5.720686140614642,5.933641893005946,3.3648364307692376,0.002776625879458572,0.6986216129553431,0.550005512732088,0.7465469420384051,0.7743375709646294,0.4391096253325131,0.0003623484156520741
4.0,15.0,15.35,True,False,6.8386722168576695,222,8.819626359063978,7.364723275051059,5.535848773886394,7.423233835823607,7.699496739509797,4.5042780651713,0.007967525348529967,0.8350380135415025,0.6276738433706063,0.841672145010396,0.8729957966526533,0.5107107582332248,0.0009033858152439414
4.0,15.0,15.575,True,False,10.557186823994819,304,9.888515467345407,9.647778501874663,6.838288039621335,9.000725254580754,9.318735866899985,5.687562632747569,0.022708959716554695,0.9756548931671571,0.69153838735483,0.9102200713851963,0.9423796623136212,0.5751685024440183,0.0022964983764798583
4.0,15.0,15.8,False,False,17.723447660193113,85,9.917265789538963,10.275067874635857,7.089657208459711,9.326857214856304,9.674738404171967,6.000952383969689,0.038102532271039484,1.036078702808824,0.7148802259528124,0.9404665976276001,0.9755449344089556,0.6051014978644293,0.0038420400420478
4.25,15.0,14.0,True,False,0.4167402933795761,50,2.407275115896773,0.6837961486745597,0.6278595700933214,0.8089250880363382,0.8245955017672992,0.46860011991660955,2.3114370246735922e-05,0.2840540095143333,0.26081753844716965,0.3360335022343271,0.3425431087298536,0.19465997750823913,9.601881436025734e-06
4.25,15.0,14.225,True,False,0.6708844177499641,91,3.5099781126232923,1.1349618013232914,0.9994345870145745,1.3070493669968344,1.3392236637913508,0.7637620430279386,6.014342753321217e-05,0.32335295688640125,0.2847409741445982,0.3723810591001008,0.3815475825831974,0.21759738053099056,1.7134986488067326e-05
4.25,15.0,14.45,True,False,1.064224070414945,91,4.833432583998988,1.8415069964358273,1.5623979853059193,2.0674215189630343,2.128936614434258,1.2223805427465015,0.00016670941417222285,0.3809936239789732,0.32324811780311496,0.4277335998865909,0.4404605996744577,0.25290112596029074,3.449089467475187e-05
4.25,15.0,14.675,True,False,1.6654705221553363,99,6.24917180120051,2.8907174236993516,2.3777087758485607,3.167729495238515,3.275979172742548,1.9034666881331503,0.0005084504557331633,0.46257608458516447,0.38048382273500403,0.5069038899890658,0.5242261337915545,0.30459503253974884,8.136285445624752e-05
4.25,15.0,14.9,True,False,2.5853795830774913,207,7.605839338227652,4.350214631180872,3.474942956467232,4.637183095691368,4.811021535528838,2.8508825614817166,0.001574685358803309,0.5719572078411242,0.4568783012549118,0.6096872270736061,0.632543145021247,0.3748281333202658,0.00020703636887105869
4.25,15.0,15.125,True,False,4.014808650353486,150,8.804159782954013,6.246473141121993,4.795572327035042,6.38240015573814,6.6369716999527,4.057289865944992,0.004668102313762372,0.7094911150086087,0.5446939225614563,0.7249300686358837,0.7538449850493095,0.46083782734161954,0.0005302155377507368
4.25,15.0,15.35,True,False,6.281176137740423,218,9.821742211967475,8.511578137163148,6.1865722984527896,8.158069576049623,8.491028622830779,5.433397140095633,0.01357003720169212,0.866605735873628,0.6298854281590339,0.830613286317908,0.8645134885015344,0.5532009518102822,0.0013816323936050234
4.25,15.0,15.575,True,False,9.935254655876529,307,10.667408114272122,10.92644440307959,7.448417386508967,9.676827785339919,10.051660287765523,6.815363824914296,0.039072008393932184,1.024282964149548,0.6982405947836187,0.9071395489587684,0.9422776535864622,0.6388959484727967,0.0036627461868321155
4.25,15.0,15.8,False,False,16.679345437356446,85,10.702447919100491,11.801587727177557,7.762332423876558,10.073110876547881,10.489160378805135,7.304212866742164,0.06551995985336835,1.1026998511355004,0.7252856993607271,0.9411969067908809,0.9800711442926338,0.6824805803265298,0.006121960167303025
4.5,15.0,14.0,True,False,0.34970833983701965,88,2.709187567818811,0.7524606724900252,0.6910723154533929,0.8856770558635514,0.9018633753078683,0.5209138559339115,3.820004507171818e-05,0.277744029770459,0.255084706449388,0.32691610812927846,0.33289071086132505,0.19227677777707486,1.4100184692074807e-05
4.5,15.0,14.225,True,False,0.570039669373458,44,3.9848260843150727,1.2518617839297768,1.1014431931360575,1.4299196320757197,1.463582234628102,0.851717826283285,0.00010020829161493827,0.3141571946784101,0.2764093513319234,0.3588411644121979,0.36728886121002896,0.21374027580169325,2.5147469298440524e-05
4.5,15.0,14.45,True,False,0.9191063942267202,91,5.522800065845988,2.0387839922822684,1.7237424346932682,2.259448508943858,2.3249526849492046,1.3696042086245752,0.0002784249430136315,0.36915766784506354,0.31211385785142004,0.4091128561608999,0.4209735382830785,0.2479909090127053,5.0413728488101995e-05
4.5,15.0,14.675,True,False,1.4667354309252871,95,7.137451077112322,3.21589255419915,2.6247495618520222,3.456632105695467,3.5745847614640827,2.146653150051341,0.0008504936477730243,0.45056596808229743,0.3677432648566673,0.4842950331078073,0.5008209125140921,0.30075907027020016,0.00011915929630681516
4.5,15.0,14.9,True,False,2.3264168141374175,205,8.592728133793745,4.861416283720029,3.8318608201294753,5.045293519235297,5.239619206842214,3.24031600529569,0.0026536172673294225,0.5657593500021142,0.445942285205023,0.5871585183049154,0.6097736510754574,0.37709979355125595,0.0003088212760849718
4.5,15.0,15.125,True,False,3.693629717840902,148,9.743381555522253,6.990299935184746,5.259654739329625,6.901614367028158,7.192316108104205,4.644708934799408,0.007951265035558255,0.717440848985623,0.5398182047328951,0.7083387146135657,0.7381745307949905,0.47670399730645135,0.0008160683218909475
4.5,15.0,15.35,True,False,5.9052875000252465,214,10.596898700838295,9.46980094255084,6.699900862017773,8.720122619537785,9.101953184350542,6.239083510737113,0.023312152722044076,0.8936389041636972,0.6322511001721438,0.8228938358019745,0.8589261293618394,0.5887650421951806,0.002199903328338876
4.5,15.0,15.575,True,False,9.52693704585122,339,11.227403822171826,11.954923262154736,7.911377745534274,10.168353785996146,10.589255173989043,7.791255933681098,0.067425434610161,1.0647985457284619,0.7046488993217578,0.9056727581059948,0.9431615128225307,0.6939499155000519,0.006005434174996855
4.5,15.0,15.8,False,False,15.993860192975758,85,11.267529937971059,13.07115320691095,8.279576768549521,10.62201013580734,11.0945696494229,8.472330536917243,0.11295118309805731,1.1600726404872255,0.7348173747156178,0.9427097326816637,0.9846496712677646,0.7519243865832455,0.01002448484449258
4.75,15.0,14.0,True,False,0.3050866046140156,50,2.9240629687534225,0.7984283025871021,0.7334420808436286,0.9376853098801075,0.9542571690147267,0.5562466974202271,6.44853861634666e-05,0.27305441473700054,0.25082978331219297,0.3206789046269611,0.32634631306231504,0.1902307519927878,2.2053350715274717e-05
4.75,15.0,14.225,True,False,0.5024325097646763,90,4.333769234814131,1.331272730762821,1.1707585675079433,1.5145828152483152,1.5493364999246169,0.9118745574531185,0.0001701422545867301,0.3071858833803174,0.27014787914939714,0.3494839556941184,0.3575032300932068,0.2104114243388475,3.9259647980316896e-05
4.75,15.0,14.45,True,False,0.8212917331992631,46,6.045142372383168,2.1755568958958382,1.8353064201775549,2.394248272694922,2.4626614470767603,1.4721659883537916,0.0004734536983307846,0.3598851378314472,0.30360019783190395,0.3960615193502946,0.40737856867147837,0.2435287537774601,7.831969359294604e-05
4.75,15.0,14.675,True,False,1.3328139777493349,93,7.823098222427916,3.447081858300018,2.7990110794732157,3.6627561506194226,3.787840669840447,2.3204247765949924,0.0014472536840588802,0.4406287330533105,0.3577880527498396,0.4681976432455782,0.484186771294926,0.29661199573624214,0.00018499750903162274
4.75,15.0,14.9,True,False,2.1535409542255675,167,9.350207440873898,5.234347264898674,4.088474719905084,5.3388276801905805,5.5484288697098245,3.527556405617491,0.004536121739415905,0.5598108168185685,0.4372603223787902,0.5709849448742923,0.5934016870529721,0.3772703897666462,0.0004851359467798017
4.75,15.0,15.125,True,False,3.4829082518802705,142,10.440203838973579,7.5428545086377685,5.59740953011893,7.273183986792172,7.591015016797128,5.092590639262338,0.013675751178789514,0.7224815362780636,0.536139870107099,0.6966515308485806,0.72709452170461,0.48778651430650727,0.0013099122765915302
4.75,15.0,15.35,True,False,5.663013233785843,47,11.142976891267589,10.178317528951602,7.073361623466503,9.114029942516403,9.531742638257915,6.868668940774978,0.04021386959165611,0.9134289362951151,0.6347820418625907,0.8179169742027187,0.8554036081442161,0.6164123831359414,0.00360889823106162
4.75,15.0,15.575,True,False,9.266418612547612,336,11.599914746663366,12.674389123606803,8.246273773793511,10.499616641651842,10.951741428978139,8.555669415665799,0.11598781499987275,1.0926277822216324,0.7108908947943341,0.9051460179629323,0.9441225791877764,0.7375631289123721,0.009999023056030289
4.75,15.0,15.8,False,False,15.556500800350664,85,11.64374989527934,13.98445157594419,8.658121136739126,10.995697477275499,11.507499914499402,9.41056827033877,0.19396570130598903,1.2010264478124721,0.7435852894993339,0.9443433237717879,0.9882984449163429,0.808207695542657,0.016658353455756333
5.0,15.0,14.0,True,False,0.2771342547523664,50,3.0646243571840777,0.8272134374584204,0.7600195641960061,0.9705879658842941,0.9874207432016842,0.5785580459614416,0.00011079405259777233,0.2699232731474155,0.24799762568432634,0.3167069933413035,0.3221996003807048,0.18878595825461889,3.615257195814209e-05
5.0,15.0,14.225,True,False,0.459762952909466,91,4.567671175282276,1.3815032116101793,1.214707970859224,1.5688536934064825,1.6043266243269891,0.9502694635724999,0.00029337282932125416,0.30245242238235426,0.2659359494686386,0.343469053091268,0.35123513991303107,0.20804244156515372,6.422809744029442e-05
5.0,15.0,14.45,True,False,0.7591281485877349,44,6.403947605366737,2.2632800846937213,1.9070477730972735,2.48195534220446,2.552255777986887,1.5386584524483038,0.0008167827672260214,0.353419519359748,0.29779253214050333,0.3875664660536093,0.39854413797014915,0.2402671831916384,0.00012754363676266311
5.0,15.0,14.675,True,False,1.2474460540507302,94,8.301641300759076,3.597821716535816,2.912984875588485,3.798643656613162,3.928312833852424,2.4356335895149397,0.0024952605642395626,0.4333867949952068,0.3508926452076568,0.4575774258357592,0.47319712952343906,0.29339181268796,0.0003005743652175629
5.0,15.0,14.9,True,False,2.0437692970792516,207,9.87728410654606,5.481068652632477,4.2594386640964075,5.533604292724754,5.75293341642184,3.7236712248152646,0.00782966896676811,0.5549165735751146,0.431235815245358,0.5602354081378929,0.582440816156047,0.37699343105332395,0.0007926945182815065
5.0,15.0,15.125,True,False,3.3502685333009374,142,10.912757086240138,7.909548300442372,5.8267307418693335,7.518852581643039,7.853579531141303,5.408371332175299,0.023626643404254574,0.7247983472861773,0.5339375462884848,0.688996604819834,0.7196696003655995,0.4956008174134745,0.0021650480458366783
5.0,15.0,15.35,True,False,5.510878870780691,181,11.499243780877991,10.634899520072384,7.333194929355205,9.370822512862823,9.809470345789155,7.324045559432995,0.06920745473162886,0.9248346867606269,0.6377110590132475,0.8149077184054047,0.8530535166235237,0.6369154093082274,0.006018435303259979
5.0,15.0,15.575,True,False,9.099156363474421,48,11.833272179187643,13.086106742853095,8.493106461656826,10.710484724696563,11.17780160699017,9.111623143790968,0.19717539597663838,1.1058738905599532,0.7177310158211775,0.9051160627855888,0.9446078343950953,0.7700003013381614,0.016662795631746764
5.0,15.0,15.8,False,False,15.275700264526375,85,11.879658343082372,14.520196491935222,8.940412314130441,11.236254078066015,11.768236062402043,10.096748168804481,0.3287946270456739,1.2222739133226384,0.7525816025960478,0.9458398342414437,0.9906207504069162,0.8499190698261037,0.027677111373925485
5.25,15.0,14.0,True,False,0.260335857401015,53,3.1512447988845884,0.844428123728931,0.7759664326420246,0.9904383241839285,1.0074138125195269,0.5921287791963169,0.00019273324344383356,0.26796652676041666,0.24624124184724872,0.3143006612924845,0.31968757643839985,0.18790313574048778,6.116098740156691e-05
5.25,15.0,14.225,True,False,0.4339591818378994,85,4.714204592558363,1.411660961422294,1.2412925908288854,1.60188491009917,1.637738495560331,0.9738957481971654,0.0005112802276743557,0.29944838704087645,0.26330901989029826,0.3397996159580845,0.3474050528366107,0.20658750147045266,0.00010845524788666159
5.25,15.0,14.45,True,False,0.7212872361160633,87,6.632614861923399,2.3162035389715827,1.9509481912999698,2.5358797966199655,2.60715779064154,1.5802561793405938,0.0014226596529746183,0.3492142370980221,0.2941446521341075,0.3823348482327803,0.3930814384548009,0.23825538075677347,0.00021449453685933753
5.25,15.0,14.675,True,False,1.1952136415162697,45,8.61019213863964,3.6890451209163455,2.9838523702025257,3.882922316118774,4.014892443456309,2.5094932325657173,0.004335936658947119,0.4284509638711957,0.34654887163458314,0.4509681379459034,0.46629533682980484,0.2914561245740333,0.0005035818700826544
5.25,15.0,14.9,True,False,1.9764084806202522,164,10.21655750068778,5.629432442232581,4.368220875037265,5.654879687308157,5.878776901124719,3.853658376941445,0.013566211498893014,0.5510106943413774,0.42756289236792294,0.5535014790380685,0.5754166117822916,0.3771973462374206,0.0013278652322937286
5.25,15.0,15.125,True,False,3.268354431391684,140,11.211577970680032,8.122859488022465,5.9783469150543205,7.671532397325552,8.01319090283475,5.625345740188756,0.04072191962024184,0.7245063548828691,0.5332297497005862,0.6842509071771847,0.7147246287534594,0.501744335623396,0.0036321309744922438
5.25,15.0,15.35,True,False,5.414250343297229,47,11.71872110745339,10.872784598967575,7.518500382641011,9.529703782625031,9.974313170452568,7.645666206365252,0.1177882010455102,0.9278132399662811,0.6415802811331573,0.8132033944014513,0.851143489037269,0.6524317915119956,0.010051284603965364
5.25,15.0,15.575,True,False,8.984066548345515,49,11.97336919439845,13.22374655816961,8.69805885168937,10.84065744060892,11.307040981850475,9.506112391457966,0.32726345094297266,1.1044298679402729,0.7264504009246301,0.9053974085824189,0.9443491466996854,0.7939379665921644,0.027332611700980343
5.25,15.0,15.8,True,False,14.925322962128535,132,12.1072579050224,14.546265527975724,9.467081581873025,11.555703266319503,11.950226036930582,10.795485406588044,0.8557394331336073,1.201450042783144,0.7819344112547431,0.9544442975420472,0.9870299394525429,0.8916540385341755,0.07067987151563235
5.5,15.0,14.0,True,False,0.2504953821301178,51,3.2024743766490715,0.8543702297396478,0.7852573802126739,1.0020285416976573,1.0190377115271612,0.6003484798009059,0.0003377981222791363,0.266784407697158,0.24520332963111252,0.3128919778418761,0.3182032365215791,0.1874639448104138,0.00010548035130029468
5.5,15.0,14.225,True,False,0.418762237090173,82,4.801698043497296,1.4289617817043663,1.2568979654692014,1.6212560628781911,1.6571819162867705,0.9884997400020317,0.0008965182797689618,0.29759509422703895,0.2617611424298862,0.3376422357656952,0.34512414176710066,0.20586461935912617,0.00018670859176225639
5.5,15.0,14.45,True,False,0.6988464596429608,44,6.770583530468252,2.346213357692916,1.9770572404838769,2.5676642884143046,2.639101156912694,1.6066737976356964,0.0024898955640924193,0.3465304500173048,0.2920069195789309,0.37923825573668474,0.3897893209701195,0.23730211589673414,0.0003677519896014367
5.5,15.0,14.675,True,False,1.1639462668163025,45,8.797704677610799,3.7395086496973944,3.026972891254424,3.9327687293377545,4.0649724238759415,2.5582800848593554,0.00755090545915309,0.42505503273075723,0.34406393510317984,0.4470221351423881,0.4620492017901958,0.29078949323792375,0.0008582813058466628
5.5,15.0,14.9,True,False,1.9354219836157087,45,10.422486956747223,5.706704302888758,4.437323519325023,5.726630038694115,5.950276929125904,3.943999150255431,0.023434829505895132,0.5475376775784209,0.4257451736557392,0.5494494800002466,0.5709075918079094,0.37841248126505905,0.0022484872951291234
5.5,15.0,15.125,True,False,3.216651903964436,46,11.390947950886396,8.217684960499513,6.083249809689889,7.762000521136801,8.100895143703323,5.783445657258314,0.06941346359982398,0.7214223957418792,0.5340424551072166,0.6814183116807934,0.7111695337939758,0.5077229465180965,0.006093738984596318
5.5,15.0,15.35,True,False,5.347985180570486,47,11.848466104938655,10.93020840181574,7.668325242273684,9.625133623950084,10.060580544292938,7.8861349538006476,0.19591139637677338,0.9224998666502351,0.647199829442681,0.81235271626748,0.8491040490126823,0.6655827753529686,0.016534747590248325
5.5,15.0,15.575,True,False,8.89259844987116,50,12.055155999452312,13.127692401450497,8.903217915805845,10.921798473492704,11.37033639069068,9.7976173537968,0.5220190967942803,1.0889691018554146,0.7385402491855215,0.9059856607404252,0.9431928040754723,0.8127325232657233,0.043302558408866425
5.5,15.0,15.8,True,False,14.78440663936245,50,12.153586276974469,14.202794194035615,9.739312760507651,11.612514398537742,11.984538787455179,11.067086089499538,1.2797850801458834,1.1686093199456251,0.8013529947912765,0.9554804757948844,0.986090731931565,0.9106025034328052,0.10530102399244044
5.75,15.0,14.0,True,False,0.2448016175280941,88,3.2317807827907443,0.8598806223272732,0.7905475340180098,1.0086087710620797,1.0255391373694982,0.6055842777480308,0.000594136818653818,0.26607021952297744,0.24461669498985855,0.3120907137120589,0.3173294249506345,0.18738408278580385,0.00018384193068341788
5.75,15.0,14.225,True,False,0.40990994086375865,45,4.851893756803115,1.4382236071204555,1.2658914422655274,1.63223987373521,1.6679182424111705,0.9982307852770235,0.0015754702501468946,0.29642520615869644,0.26090666979064603,0.3364129462741335,0.3437664396654374,0.20574044596037322,0.00032471243788836853
5.75,15.0,14.45,True,False,0.685627178266217,47,6.8500832959943025,2.36135663489633,1.992489376588024,2.5856579208705033,2.6564082570411043,1.6252544533300395,0.004358721566489078,0.34471940454755806,0.29087082455671226,0.37746371965761477,0.38779211029367805,0.23726053875584746,0.0006363019803040806
5.75,15.0,14.675,True,False,1.1451180924755373,46,8.906062109403788,3.762081898391961,3.0537447221987772,3.960852462034386,4.091144515725324,2.5950802173098677,0.013098389184446368,0.4224181071474486,0.34288383403191974,0.44473667636476244,0.45936626821921,0.29138357507857016,0.0014707273566637224
5.75,15.0,14.9,True,False,1.9095638749372585,45,10.541338820644608,5.731693694073601,4.484451134118652,5.766828626303118,5.9851339840938005,4.017454473646106,0.04002432470532222,0.5437348890492361,0.42541570956206354,0.5470679507055702,0.5677774034140957,0.3811142533221826,0.0037968919684980497
5.75,15.0,15.125,True,False,3.1809118811042816,46,11.493991588125647,8.218307078340409,6.1672081306291995,7.813318931663536,8.13903680028826,5.918348631316844,0.11567367387503413,0.7150089692801479,0.5365593043412781,0.6797741995683566,0.7081122983156378,0.5149080357280793,0.010063838396622431
5.75,15.0,15.35,True,False,5.2950874827933765,48,11.922727929286232,10.836823146733952,7.815240435995099,9.682520670778242,10.09239149541509,8.091106012658836,0.31355507924697157,0.9089214491018509,0.6554909650163397,0.8121061495494427,0.8464834184989477,0.6786287551512734,0.026298937718504403
5.75,15.0,15.575,True,False,8.807532780795631,51,12.102084691381481,12.843434252278273,9.138703522079958,10.976399166587985,11.388453833476223,10.031612481272624,0.7861380566325761,1.0612580046993676,0.7551346528411009,0.9069841640097631,0.9410324025898222,0.8289160700070669,0.06495889565145958
5.75,15.0,15.8,True,False,14.642679561932269,51,12.18056179844337,13.70915451899104,10.063618772213424,11.656383678431688,11.989969324424605,11.263474815545656,1.7769740380679124,1.1254944349728615,0.8262031701607981,0.9569660144839404,0.9843527353522297,0.9247089749985987,0.14588604922106327
6.0,15.0,14.0,True,False,0.24149863574151875,53,3.247790268523162,0.8626583062548233,0.793469460778649,1.012186571702674,1.028896451040088,0.609462412311504,0.0010451094060598294,0.2656139205217497,0.24431056046591829,0.3116539209789973,0.31679892048815966,0.18765448564159878,0.0003217909161773129
6.0,15.0,14.225,True,False,0.40470259108202217,44,4.87911293611054,1.4422666922020622,1.2710168727125335,1.6381314349283471,1.6731581577458547,1.0060753393855029,0.002764185511972055,0.2956001861583854,0.26050162997984305,0.3357437010331244,0.34292261311738326,0.2062004615510112,0.0005665344393883959
6.0,15.0,14.45,True,False,0.6776474548560709,44,6.893049048232845,2.3661886505731053,2.001877724743471,2.595155692742768,2.6641609188564552,1.6415653255416103,0.007593669056615181,0.34327169791135026,0.29041977080617,0.3764887895884162,0.3864996317615729,0.2381479246781879,0.001101641523726275
6.0,15.0,14.675,True,False,1.1331294896519783,84,8.964498059145814,3.7636529823022533,3.0719921637103997,3.9753229900742735,4.101051756693514,2.6303448187699776,0.022463963246594353,0.41983978996598437,0.3426842354632754,0.4434518211556246,0.4574770087109913,0.2934179695745967,0.0025058807641411703
6.0,15.0,14.9,True,False,1.8913414754538407,45,10.605459109786018,5.713845714899063,4.522547483403557,5.787207726764641,5.994011061260776,4.092516965144295,0.06684706686200827,0.538764579236999,0.4264358041068159,0.5456819612292492,0.5651816672160754,0.38588776994745944,0.006303080910502611
6.0,15.0,15.125,True,False,3.151748387624468,47,11.55006840937735,8.13817667106499,6.249699017337176,7.8408693332257435,8.141317032183066,6.057000006901791,0.18565045204716626,0.7045998675174695,0.5410962771669063,0.6788591249260346,0.7048717586445841,0.5244124789758121,0.01607353701008724
6.0,15.0,15.35,True,False,5.24548521028629,49,11.96384740803365,10.619940451531798,7.981161952058769,9.719065165544627,10.085302772294115,8.288781620301311,0.47450654797454433,0.8876693332280862,0.6671066321607769,0.8123695358249332,0.8429815617275339,0.6928190687834621,0.03966170177462445
6.0,15.0,15.575,True,False,8.722593695657316,49,12.12866755269933,12.4351901573932,9.413683610263739,11.019169011725094,11.375283400509474,10.23027032806285,1.1010487894225698,1.025272570409076,0.7761515079344927,0.9085226356354941,0.9378840133166826,0.8434785011306558,0.09078068836815655
6.0,15.0,15.8,True,False,14.505743704975412,48,12.196235863389477,13.17092674246302,10.419587417745692,11.696331550802007,11.975634984282292,11.405914153984426,2.2783810888850398,1.0799173523692962,0.8543281332417564,0.9590115902818773,0.9819123800508498,0.9351995387546227,0.18681018589713064
6.5,15.0,14.0,True,False,0.23823110459973312,49,3.257648045830337,0.8630789055820509,0.7955517904003749,1.0143659093285131,1.029895089053951,0.6179723763118516,0.0031849569056475644,0.2649392731933575,0.24421047921940198,0.31137983448729584,0.31614682573587927,0.18969893850344954,0.0009776860056211983
6.5,15.0,14.225,True,False,0.3992047178053535,44,4.894402679984098,1.4390611210595379,1.2755653209127225,1.64122560976588,1.672891847834535,1.025666955772837,0.008297151631245602,0.2940218071848991,0.26061715888829706,0.3353270495044785,0.3417969376888234,0.2095591684695975,0.0016952327329292326
6.5,15.0,14.45,True,False,0.6682828047421238,45,6.916093870325444,2.350434019615931,2.0132931881239347,2.5992857815884416,2.659655117692188,1.6860484805254699,0.022050561851431415,0.33984993027651444,0.2911026405761027,0.375831478045877,0.3845602976998106,0.24378623427303642,0.003188297074168226
6.5,15.0,14.675,True,False,1.1164919028630347,45,8.995759062877617,3.7098296949852614,3.1026657732872316,3.980102622754148,4.0847894247885455,2.730533020128521,0.061089100425155266,0.41239762748809533,0.3449031651026381,0.44244211021376206,0.45407946080337536,0.303535588385919,0.006790877790096539
6.5,15.0,14.9,True,False,1.8604450595456021,46,10.64256215115192,5.561531585609078,4.604899624475213,5.794044549657663,5.953618846641507,4.297306231303748,0.16430062157244846,0.5225744991310306,0.43268712543781507,0.5444219603669904,0.5594159340659434,0.40378493169885976,0.015438070197660537
6.5,15.0,15.125,True,False,3.0948673042280084,47,11.588184568692075,7.788669600062765,6.450276724156521,7.860732469995372,8.071306209017031,6.387155959461375,0.39958776749117497,0.672121638544272,0.5566253010487341,0.6783402890589781,0.6965117064862228,0.5511783076632749,0.034482344074044664
6.5,15.0,15.35,True,False,5.147279085241229,48,11.996117796335772,9.990395553055947,8.375516871633886,9.768688913525018,10.000880024024895,8.66849236902202,0.8711340149609409,0.8328023884616675,0.6981856141986366,0.8143208560780284,0.8336763771259127,0.7226081400826042,0.07261799440040759
6.5,15.0,15.575,True,False,8.569631171190833,47,12.151267464771015,11.580772009611906,9.993841466883127,11.09490776507735,11.300427829719059,10.524121786480489,1.7114241174433975,0.9530505392286779,0.8224525956536878,0.9130658836408411,0.9299793509180245,0.8660925139695961,0.1408432595533892
6.5,15.0,15.8,True,False,14.293665780364329,46,12.209830951833336,12.30743191943816,11.05322036870194,11.771408906617697,11.91984165850199,11.56976985547587,3.0447418265208834,1.0079936379127485,0.9052721870029062,0.9640927014513818,0.9762495242992858,0.9475782180046187,0.24936805747205762
7.0,15.0,14.0,True,False,0.23616911940329824,48,3.247938324503683,0.8571459192924806,0.7947709732645198,1.0120734961057265,1.0244377729201521,0.6356512869805421,0.00908996035562534,0.263904616915243,0.2447001432473225,0.31160489978219685,0.3154117075411819,0.19570916177346928,0.0027986862580016434
7.0,15.0,14.225,True,False,0.394997132095947,44,4.875058803173325,1.419628250079334,1.277151742685429,1.6362271237867663,1.6595460710619032,1.0663209193227627,0.022599541277162023,0.29120228235098505,0.2619766846410328,0.33563228462427896,0.34041560072704224,0.2187298579103624,0.00463574742164162
7.0,15.0,14.45,True,False,0.6596399783615591,46,6.886254002238644,2.297001890269103,2.02473411457547,2.589737550837306,2.6306314431548943,1.7730329046635178,0.05543847478769176,0.3335633407542582,0.29402547653880495,0.3760734863970181,0.3820119679436317,0.25747422387950325,0.008050599755639182
7.0,15.0,14.675,True,False,1.098927816576792,46,8.962323898139983,3.581202584992863,3.1427435788530356,3.964745398595315,4.028449662908637,2.9006227093251717,0.13516309758344075,0.39958415090712085,0.3506616826809029,0.4423791690253627,0.44948717639458335,0.32364627102209054,0.015081255611783027
7.0,15.0,14.9,True,False,1.8275928462831361,47,10.621457914171346,5.303170790826458,4.710522016784423,5.779066674978885,5.86383342626733,4.570715118191976,0.30907138279409235,0.49928840594951374,0.44349109649999713,0.5440935436243971,0.5520742513552396,0.43032841208113654,0.029098772060446015
7.0,15.0,15.125,True,False,3.0415310089762455,47,11.585730841495595,7.371585678283164,6.669807503531931,7.865281358855486,7.962405526157313,6.710919783812243,0.6363094708694176,0.6362641924910774,0.5756915635950446,0.6788765824496025,0.6872596675247334,0.5792400907309473,0.05492182405881585
7.0,15.0,15.35,True,False,5.072120820281031,46,12.001971186991822,9.45358628697711,8.72369951662461,9.806738679874694,9.901412548016282,8.93438543094585,1.195221066467262,0.7876694702636226,0.7268555623662616,0.8170940029004234,0.8249821961535616,0.7444098383296626,0.09958539708566261
7.0,15.0,15.575,True,False,8.475859832846734,45,12.156876833782627,11.039480157221593,10.402403324795921,11.152374568367438,11.228224358244736,10.6717634336532,2.08735549588244,0.9080852186101029,0.8556805721588611,0.9173716836034904,0.923610933282036,0.8778375876933737,0.17170162406202127
7.0,15.0,15.8,True,False,14.187331556122736,45,12.212975297515243,11.874815040250597,11.41336402229996,11.82242793378852,11.873165594366373,11.631436607893987,3.4167921884696906,0.9723113943140911,0.9345277251663675,0.9680219312483027,0.9721763374713446,0.9523835367341182,0.2797673871628025
7.5,15.0,14.0,True,False,0.23334909165211754,48,3.2185846860704235,0.8423844613619704,0.791764603735169,1.0048331103982053,1.0111571946450328,0.6721456435648967,0.02197068403708425,0.26172511943143534,0.24599775396987797,0.3121971948561677,0.31416205980882755,0.20883267309194858,0.006826194175399592
7.5,15.0,14.225,True,False,0.389271740935743,44,4.8273374623445156,1.3813360336130711,1.2781825677484375,1.6234100225324697,1.6330712272936265,1.1387478711720709,0.04944306537646678,0.28614863667355694,0.2647800319987691,0.3362951182087072,0.3382964708873875,0.23589564227792972,0.010242305569508194
7.5,15.0,14.45,True,False,0.6488438649448105,45,6.8249385940594784,2.212732962093543,2.039639995811506,2.569958013243824,2.5841064705849908,1.9012129102323612,0.10670838193718651,0.32421287482638106,0.29885103985944095,0.3765540125856592,0.37862706528000606,0.27856850051181464,0.015635068428317724
7.5,15.0,14.675,True,False,1.0805833016753785,46,8.906002020908737,3.426233802426727,3.1878924839181053,3.9403552950179748,3.9589859207504494,3.0936053614270542,0.22216362927925168,0.3847106473121063,0.3579487716748602,0.4424381766102401,0.44453009458743514,0.3473618526207558,0.02494538276071297
7.5,15.0,14.9,True,False,1.8008832541390385,46,10.590416240586638,5.075904156142492,4.803264395207128,5.760497972765641,5.781678263190729,4.796301766278215,0.43391680017834716,0.4792922242932844,0.4535482162447148,0.5439349919684128,0.5459349407847697,0.452890770043287,0.04097259166409413
7.5,15.0,15.125,True,False,3.0079861855714634,48,11.577305036837123,7.099957271025632,6.818726993150384,7.865250967338096,7.886491841730971,6.905794920929226,0.7889657916726811,0.6132651120821909,0.5889735971760519,0.6793680344702099,0.681202733851913,0.5964941667301757,0.06814762063902773
7.5,15.0,15.35,True,False,5.0341496178870875,46,12.001694184583204,9.179456457095263,8.913464975962778,9.826325935228676,9.84500030244058,9.055854593368291,1.359907723020642,0.7648467221308429,0.7426838943632295,0.8187449025197708,0.8203008801113255,0.754548020812012,0.1133096462970631
7.5,15.0,15.575,True,False,8.435804848543494,44,12.157513373743162,10.807977213136265,10.589776819663358,11.178712128987533,11.192566102113819,10.725257805196257,2.24708373376931,0.8889957083229274,0.8710479268346373,0.9194900129108994,0.9206295529385672,0.8821917340728428,0.18483086669864449
7.5,15.0,15.8,True,False,14.146896418926994,44,12.213013032437704,11.710176394819925,11.558360374803758,11.843300988077598,11.85206228532616,11.649941097379488,3.556236635275134,0.9588277981623169,0.9463971211776168,0.9697280234305693,0.9704453973681301,0.9538957394409798,0.2911842168537597
3.5,18.0,14.0,True,True,0.705515651294475,101,1.2465342909905113,0.3784516195789003,0.33010716836293985,0.4609124350416307,0.47601602860935954,0.34271405639973024,8.263958127939047e-06,0.30360305553903216,0.2648199658435651,0.36975511895094687,0.3818715875285801,0.2749335167726557,6.6295473679848835e-06
3.5,18.0,14.225,True,True,1.1064188966040618,105,1.8144936431898786,0.6390006964626129,0.5249076733979712,0.7661356220202812,0.795202860705481,0.5492747184127705,2.1004409153651817e-05,0.35216474792342073,0.28928603600681885,0.4222310862844442,0.4382505630096972,0.3027151516756741,1.1575906717824638e-05
3.5,18.0,14.45,True,True,1.693667074135112,133,2.5308492104716196,1.0528517835892686,0.8292888965515319,1.2520173117341986,1.3041566765438026,0.8582199690506687,5.7799672058560516e-05,0.4160073145539443,0.32767218731178194,0.4947024526604994,0.5153039822158252,0.3391035568218388,2.2838054444100856e-05
3.5,18.0,14.675,True,True,2.5337731483359365,180,3.396849478036052,1.677735675673466,1.2922208521038192,1.9864957173575417,2.072070473992375,1.2956540506445806,0.0001760653228112017,0.49390933761465294,0.3804174604907543,0.5848053410085362,0.6099977309534419,0.38142816130719037,5.183194720567864e-05
3.5,18.0,14.9,True,True,3.724407568814531,180,4.422191469218482,2.5773014548327007,1.9591073569338824,3.02267372503265,3.150347347550025,1.875799992427142,0.000534648842958248,0.5828109146273981,0.4430173072718872,0.6835239374126052,0.7123950578527924,0.4241788275075854,0.00012090133289790245
3.5,18.0,15.125,True,True,5.413769911330953,307,5.628162347425098,3.8382147790234677,2.8497468183394283,4.375170141248881,4.550078007999174,2.592639944573991,0.0015236424647270558,0.6819658961649291,0.5063369964164585,0.7773709909506314,0.8084482513339099,0.46065479005951776,0.00027071757541324783
3.5,18.0,15.35,False,True,9.088658680333413,85,5.691161612438887,4.398296370059324,3.141635783656521,4.874534805390607,5.085973448668555,2.8059995032663543,0.0025579348860881998,0.772829286809601,0.5520201318461955,0.8565096437845976,0.8936617504504524,0.49304512757701724,0.00044945743246817125
3.5,18.0,15.575,False,True,15.258076711888208,85,5.713522718769829,4.679138794692696,3.2689917916593143,5.100713543566307,5.331547678523456,2.893423793973841,0.004294377883154892,0.8189586398809586,0.5721499594147333,0.8927440730759071,0.9331454412543904,0.5064167828489567,0.0007516164885539318
3.5,18.0,15.8,False,True,25.61532049274027,85,5.721456741702159,4.788179629396591,3.315707449238491,5.1847251817704905,5.423158963549157,2.9249647324389625,0.007209719054930435,0.8368812079792264,0.5795215447617023,0.906189702349827,0.9478633167006595,0.5112272738373921,0.0012601194731371003
3.75,18.0,14.0,True,True,0.5741220134359427,99,1.6769364900581185,0.5019011284184485,0.4390613302803414,0.5937421112586567,0.6120249986760508,0.4667726393326597,1.3145939403360976e-05,0.2992964440776489,0.2618234696921197,0.3540635645885904,0.36496611666840134,0.27834843006873955,7.839258958999319e-06
3.75,18.0,14.225,True,True,0.903530969240682,101,2.439415054680354,0.844360489432736,0.6939517324998028,0.9722795721826889,1.0079841195471257,0.7481354483778083,3.36587622036037e-05,0.3461323598100758,0.2844746453328476,0.39857078454822054,0.41320730460081784,0.30668641113057304,1.3797882463267055e-05
3.75,18.0,14.45,True,True,1.3907038052112108,46,3.385117671294315,1.3856299002115093,1.084439265113462,1.5640181082251159,1.629073417151607,1.1686795146634654,9.258317533439604e-05,0.4093299065972225,0.3203549685464322,0.46202769300693364,0.4812457277234689,0.34524044011049565,2.7350061157252606e-05
3.75,18.0,14.675,True,True,2.0961681070513314,176,4.488433131532972,2.1974336869600437,1.6641602810495082,2.446607906145305,2.5555209578643576,1.7625957393199259,0.00028131623422791976,0.4895770133060969,0.37076641943446614,0.5450917579582376,0.5693570301651234,0.3926973372816923,6.267582160276932e-05
3.75,18.0,14.9,True,True,3.111703617002001,176,5.72550797956467,3.3531281685863608,2.4762802196093228,3.6793324100853946,3.84569581136019,2.544982735744127,0.0008596504552323176,0.5856472789059515,0.43249965390801937,0.642621130425033,0.6716776616303993,0.44449902870236346,0.00015014396247469376
3.75,18.0,15.125,True,False,4.586150433749865,267,7.0834921818511996,4.944835817364755,3.520058679552264,5.262026630684999,5.495333861261092,3.500017888285502,0.0024866085499556816,0.698078813446572,0.4969383164664314,0.7428576887777154,0.7757944415243135,0.4941090917348634,0.0003510427464473931
3.75,18.0,15.35,False,False,7.69924777589379,85,7.1945969955303175,5.90492307012787,3.9726090759785277,6.018756412337598,6.319195278378753,3.894694136605831,0.004174506179627378,0.8207441047492077,0.5521656151757399,0.8365661643142462,0.8783251212409239,0.5413359690647622,0.0005802279380236048
3.75,18.0,15.575,False,False,12.92552810269167,85,7.234082861101587,6.464077999099935,4.187291256297525,6.395662949372617,6.7375795738574915,4.072672303883837,0.00700811505165387,0.8935587445172838,0.5788282131537397,0.884101422692123,0.9313661044838393,0.5629839168394127,0.0009687634474491896
3.75,18.0,15.8,False,False,21.69942851515492,85,7.248093048014603,6.702158593959119,4.2685053399932755,6.541507119954617,6.901094005222683,4.138676147792394,0.01176507500573642,0.9246788844405045,0.588914258097515,0.9025142305183935,0.952125470728198,0.5710020719071839,0.0016231959120556693
4.0,18.0,14.0,True,True,0.4583042653810281,49,2.11453668971221,0.6179249502467822,0.5413899670608661,0.7177263242723643,0.738401732559142,0.588960161800733,2.0957682833392476e-05,0.29222711209181346,0.25603243003295895,0.33942486208174866,0.34920261074289466,0.2785291759968898,9.911241046493655e-06
4.0,18.0,14.225,True,False,0.7281787170438079,139,3.0945262903216357,1.039767361334648,0.8537721701854447,1.1659325211204563,1.2070910941705113,0.9467872272462307,5.420763155944265e-05,0.33600210946231057,0.27589753328503996,0.37677253696858165,0.3900729807808645,0.3059554640745432,1.751726321698449e-05
4.0,18.0,14.45,True,False,1.1348577244947464,129,4.304654146496313,1.708806323174365,1.3276453389658476,1.859584115718233,1.9363211792045387,1.4849387335237572,0.0001493367744619779,0.39696715810844263,0.30842090764631064,0.4319938495481232,0.44982038354476594,0.3449612170892738,3.469193328424016e-05
4.0,18.0,14.675,True,False,1.7362553541169352,123,5.678733492875751,2.7164712091697973,2.0222165535191396,2.885964372127348,3.018051027679498,2.249819641170569,0.0004535039199700024,0.47835863623072705,0.3561034438499551,0.5082056370047884,0.5314655162926365,0.39618334686652895,7.986004635345985e-05
4.0,18.0,14.9,True,False,2.621576642460603,174,7.135098271408034,4.153233794099961,2.9788350396418077,4.309318543688379,4.517222763382062,3.260418392090685,0.0013973261122421882,0.5820850163680178,0.4174904011593896,0.6039606435354649,0.6330988854748649,0.4569549385403597,0.0001958383835919391
4.0,18.0,15.125,True,False,3.9404379321749676,266,8.60925135040245,6.12131504249899,4.172036005749663,6.111857725657235,6.411400356598442,4.486633491502169,0.00410566353284574,0.7110159517195234,0.48459916384653307,0.7099174454200978,0.7447105556162827,0.5211409574297579,0.00047688972777566946
4.0,18.0,15.35,False,False,6.615223033697882,85,8.79309118706481,7.650793418866186,4.8229766347407335,7.178160438604577,7.5897784864953435,5.1594361615952815,0.0068922316008097895,0.8700914452156466,0.5484961468198618,0.8163409529022173,0.8631524824467173,0.5867602247984345,0.0007838235103200903
4.0,18.0,15.575,False,False,11.105663009748909,85,8.858657579084554,8.697623386365532,5.1599852692782955,7.762930306294538,8.25480966745489,5.501147794363072,0.011569655312937124,0.9818218289530429,0.5824793681450237,0.8763100093882117,0.9318352802059581,0.6209911315853746,0.0013060280533083572
4.0,18.0,15.8,False,False,18.644231684681618,85,8.88192233373296,9.207534736303195,5.29307827977755,8.001937327486909,8.53179794394806,5.634704988908388,0.019420224631385964,1.0366601272039477,0.5959383656930645,0.900924037254421,0.9605801113059556,0.6344015154814118,0.002186488904280239
4.25,18.0,14.0,True,False,0.36660466404001935,48,2.506141748610299,0.7131115268612565,0.6253441486707848,0.8201017771576038,0.8425747377681533,0.6931782191333004,3.387626382045286e-05,0.2845455678062463,0.2495246523934847,0.32723678842681786,0.33620394306721724,0.276591784769429,1.3517297590704062e-05
4.25,18.0,14.225,True,False,0.5899421316076296,100,3.7043142837854965,1.2030770555356398,0.986708904009724,1.3284182319436535,1.3739618306052799,1.119550737891879,8.853544213019554e-05,0.3247772633120634,0.26636749163772105,0.35861380276462995,0.37090854753317715,0.30222887479941163,2.3900629198157502e-05
4.25,18.0,14.45,True,False,0.9346256648989467,131,5.192607345489679,1.9865104803273668,1.533420332851071,2.112190360942161,2.1990200579434025,1.7674314262358144,0.0002444563872805289,0.38256512540907955,0.2953083549024762,0.40676874263886303,0.4234905340673372,0.3403745572580243,4.707777249763834e-05
4.25,18.0,14.675,True,False,1.458007057149444,173,6.855291174173587,3.1789779881870963,2.3310780634727974,3.2679128402757156,3.4214775432565605,2.6996338948068375,0.0007425811336331835,0.463726179883282,0.34004070786297586,0.4766993490498478,0.49910025064238406,0.3938029510660838,0.000108322333036817
4.25,18.0,14.9,True,False,2.2494398105406983,173,8.527251977497405,4.895927834057928,3.420184140920033,4.862957695806274,5.111751500322831,3.944294172800281,0.0023068102941085924,0.5741507166643848,0.40108866841809865,0.570284273132675,0.599460589860866,0.46255161489409397,0.00027052212133475614
4.25,18.0,15.125,True,False,3.4605392799897556,269,10.071933801312246,7.256905425739984,4.749288833666915,6.859097425726808,7.2266321334745065,5.45622741232039,0.006874038256627506,0.7205076571089557,0.4715369389191321,0.6810109717791387,0.7175019490828035,0.5417259008999357,0.0006824943841203469
4.25,18.0,15.35,False,False,5.809567248117748,85,10.35156718901329,9.485760325606895,5.612789576506916,8.251548653424216,8.787184304663576,6.492326764327525,0.011538377561669314,0.9163598276862537,0.542216407817368,0.7971303767589951,0.8488747784963341,0.6271829806812443,0.0011146503085943985
4.25,18.0,15.575,False,False,9.753124839693292,85,10.451977588353204,11.262602698708955,6.097176807568324,9.084303169196557,9.756795292522693,7.088017505905213,0.019365617847228386,1.0775571037636975,0.5833515003287513,0.8691468281867858,0.9334879653200593,0.6781508519309779,0.001852818539221495
4.25,18.0,15.8,False,False,16.37358517012811,85,10.487610804471784,12.276211997584557,6.29810509713448,9.44591660890778,10.190665768844053,7.339330468698485,0.03249686053868043,1.1705441998620063,0.6005281102202084,0.9006738317253498,0.9716861121981074,0.6998095758443942,0.003098595203859413
4.5,18.0,14.0,True,False,0.30068296982150644,48,2.8155853096472168,0.7825737034865407,0.6866572893251088,0.8957503215389496,0.9195779172121021,0.7714605476256253,5.591695728944671e-05,0.277943524142266,0.24387728085253602,0.31814000395220987,0.32660275434073854,0.2739965097069947,1.985979863506708e-05
4.5,18.0,14.225,True,False,0.4900210401585496,95,4.206203087401759,1.3245869071529062,1.0853631374263613,1.45088956487123,1.499846318121735,1.2519720746014482,0.00014739439266407955,0.31491273236907,0.2580386906845261,0.344940445033877,0.3565796246534103,0.2976489837952195,3.504214837023656e-05
4.5,18.0,14.45,True,False,0.7893557708458385,106,5.9535999719261365,2.1990779353890866,1.689229784408984,2.306971038582832,2.4019641247272148,1.990128999539747,0.0004077596987208847,0.36936944802450855,0.28373249670358297,0.38749177799335244,0.40344734883995237,0.3342732143449489,6.848960303743154e-05
4.5,18.0,14.675,True,False,1.256437395386387,209,7.893450300205417,3.5462883668778136,2.570348578372834,3.568821333098145,3.740515404221497,3.067068127506793,0.001239038841390153,0.44926974035492767,0.3256305519914332,0.4521243812740888,0.47387584161062685,0.38855861643000106,0.0001569705001319776
4.5,18.0,14.9,True,False,1.9824335598081309,171,9.762054745005825,5.510869451316039,3.769602039461863,5.305422970476001,5.590165348303519,4.525214581401569,0.003874374324111615,0.5645194167893135,0.38614842243026304,0.5434740030719665,0.5726422863140974,0.4635514448140773,0.00039688102815585094
4.5,18.0,15.125,True,False,3.1220437177308487,48,11.335813519789992,8.235775636904654,5.2122166621586885,7.457337100887021,7.886429134755839,6.308366916295938,0.011671009887392768,0.7265270924337885,0.4598008473815517,0.6578563671560095,0.6957091452667037,0.5564988260686214,0.0010295696790545816
4.5,18.0,15.35,True,False,4.943874659449197,85,12.552424015096815,11.772554775504915,6.694401497395985,9.752647636708204,10.32016105179337,8.224467018676798,0.03435583636492957,0.9378710248591069,0.5333154368705695,0.7769533298890066,0.8221647897952858,0.6552094646249379,0.0027369881963523355
4.5,18.0,15.575,False,False,8.29979664337761,85,12.721408653997873,14.810107454056675,7.439488509301755,11.031844063023982,11.793922635809716,9.290513396028693,0.05760788991768382,1.1641876978303343,0.5848006861224284,0.867187303157428,0.9270925065443376,0.7303053968877122,0.004528420671368007
4.5,18.0,15.8,False,False,13.933731954502516,85,12.781417966612945,16.93652150184357,7.773912801710116,11.643752096934689,12.52561702701973,9.797941736850868,0.09651881950225467,1.3250894029194884,0.6082199034580347,0.9109906371382254,0.97998649756534,0.7665770544742859,0.007551495440832689
4.75,18.0,14.0,True,False,0.2569281327549134,51,3.0350761128414,0.8288369631429444,0.727545439183883,0.9467928635424748,0.9715892050696833,0.8246809089557079,9.433301534265929e-05,0.2730860552841285,0.23971241976622595,0.31195028669514957,0.32012021081082337,0.27171671427496824,3.108093894038984e-05
4.75,18.0,14.225,True,False,0.42307649097169375,100,4.575081149350071,1.406833093531693,1.1521118088968572,1.5350713174470119,1.5864981902648698,1.3435934214395073,0.0002501625553835351,0.3074990470347276,0.2518232510609182,0.3355287627335488,0.3467694098694283,0.2936764130687335,5.467937009577914e-05
4.75,18.0,14.45,True,False,0.6911527295680974,96,6.5341461128864795,2.346382444178691,1.7966238715408205,2.4437943483155773,2.5448020752370004,2.148079350941077,0.0006928784017969543,0.359095496739997,0.2749592434117082,0.3740036274205725,0.389462070677943,0.3287467580047971,0.00010603962473849136
4.75,18.0,14.675,True,False,1.1195145620336469,169,8.70889705040003,3.8087473387538706,2.7388815601131484,3.7846784342939253,3.9700420330084314,3.3362589451574847,0.002105113428264604,0.4373398051110183,0.314492356984211,0.43457609067959785,0.45586048497680587,0.3830862766949621,0.00024171986602688212
4.75,18.0,14.9,True,False,1.8016407292885308,84,10.740095559745727,5.965723076551014,4.021145544060183,5.627405994853257,5.939907913248072,4.967076630540732,0.0066098942895246576,0.555462755742208,0.37440500614646155,0.5239623766426234,0.5530591306385638,0.46247974265308384,0.000615440919752966
4.75,18.0,15.125,True,False,2.895490886217929,262,12.31605761656141,8.983420343164322,5.551056046649982,7.893530734376688,8.370940684628811,6.979665642898591,0.020046016220411318,0.729407138456734,0.45071695988052807,0.6409137550446542,0.679676966870665,0.5667126494693424,0.0016276325464290966
4.75,18.0,15.35,False,False,4.860961734219908,85,12.803340182127723,12.574265562691902,6.77133248056287,9.826439835655748,10.581485394869908,8.775967834853827,0.03362988707306003,0.9821082142489983,0.5288723398926026,0.7674903342311054,0.8264628795570613,0.6854436194005268,0.0026266494988553247
4.75,18.0,15.575,False,False,8.160602091348384,85,12.981735773306227,16.143384073737753,7.538155674081228,11.131100842040976,12.15478096584655,10.031184493595534,0.0563919978875603,1.2435458828959287,0.5806739411213103,0.8574431829778395,0.9362985950491992,0.7727151953148067,0.0043439489812692605
4.75,18.0,15.8,False,False,13.700051581255082,85,13.045095858168512,18.821847915931684,7.884485987188343,11.758409248891846,12.950627571309656,10.654821723060701,0.0944855372413294,1.4428294065885239,0.6044023035868514,0.9013662587637503,0.9927583294223398,0.8167683732572129,0.0072429929429889866
5.0,18.0,14.0,True,False,0.22957315119836688,49,3.1782700926737304,0.8576894947948447,0.7530968860973346,0.9789813745298288,1.0044079528363974,0.8584424021881216,0.00016204930381232978,0.26986048063439144,0.23695182100266038,0.30802334162426626,0.3160234730055418,0.2700973728340231,5.098663709729127e-05
5.0,18.0,14.225,True,False,0.3808389954975515,45,4.822291655442584,1.4586725680652028,1.194295605119857,1.5889248520755208,1.6419619791209035,1.4025440913379121,0.0004313762541348078,0.3024853476912582,0.24766142126056168,0.3294958010849909,0.34049412529159984,0.29084596941683494,8.945461721460657e-05
5.0,18.0,14.45,True,False,0.6285845431494229,47,6.934867806821213,2.4406695669566383,1.865522564333882,2.5328434467160377,2.637800488558483,2.2517764580404975,0.0011952724475555094,0.35194175793170396,0.26900621847455164,0.36523312588953816,0.38036781118796714,0.3247035878356074,0.00017235691881247196
5.0,18.0,14.675,True,False,1.0316293856632832,207,9.285724295397007,3.980059337129387,2.8490349225170055,3.9275522569571177,4.121973753384834,3.5178870923565992,0.003628305506556031,0.42862131272865034,0.3068188147616326,0.422966710190182,0.4439043872353741,0.37884897079061874,0.00039074017180917224
5.0,18.0,14.9,True,False,1.6854126262621594,144,11.437759566144457,6.268531907486876,4.18910527822595,5.842931399498986,6.173939174998923,5.275345674620586,0.011408837028261447,0.548055925746298,0.3662522589323891,0.5108457968284232,0.5397857105926287,0.4612219415973304,0.0009974713109052737
5.0,18.0,15.125,True,False,2.7504099429774476,220,13.004366846795751,9.486905773790012,5.782832579027502,8.185732999008184,8.695256849941472,7.463831767564578,0.034676757883858725,0.7295169296248795,0.44468390096611127,0.6294603263230099,0.6686413073685294,0.5739481095462676,0.002666547190830979
5.0,18.0,15.35,True,False,4.500604525262781,47,13.947517549603823,13.63051566093187,7.357171189138995,10.598987137035262,11.275376865148996,9.7925529798637,0.10230592437335582,0.9772718057142035,0.5274896527624713,0.7599192544006746,0.8084146031756935,0.7021000651217575,0.007335063319297405
5.0,18.0,15.575,False,False,7.555632960991728,85,14.174829591164523,18.00567496775539,8.303079260770065,12.191733451869046,13.140672870083616,11.418675333902002,0.17106228820229083,1.2702568910584093,0.5857621925801177,0.8600973559123714,0.9270427404837714,0.805559972376635,0.012068031372237283
5.0,18.0,15.8,False,False,12.684426974372215,85,14.25563659755349,21.61752504961133,8.751810851269928,13.001488885398365,14.135307679652852,12.287471378695502,0.2852521521523539,1.5164194809315823,0.6139193287777753,0.9120244330323096,0.9915592041732258,0.8619377531554249,0.02000978000528633
5.25,18.0,14.0,True,False,0.2131539119731622,49,3.2662855067608354,0.8748714686554796,0.768378743930285,0.9983447489913256,1.0241265512785667,0.8790233328945766,0.0002819707381524801,0.26784904958387634,0.23524543165005918,0.3056514033830989,0.31354471284238394,0.2691201767497359,8.63276457519813e-05
5.25,18.0,14.225,True,False,0.35529882221003695,45,4.976978801916642,1.4896296851522854,1.219738089961603,1.6216213648376425,1.6755543941899655,1.4389598903124694,0.0007522285930955394,0.29930400438487437,0.2450760066512399,0.3258244467935354,0.33666094650527884,0.2891231704178293,0.00015114161081133297
5.25,18.0,14.45,True,False,0.5904207861148938,46,7.190789976636585,2.4971891530409684,1.907597429921658,2.5875207942458194,2.6946637977481305,2.3170220340180276,0.0020836335633986286,0.3472760518878347,0.26528343007090804,0.35983818226549075,0.3747382146472495,0.32222079097654166,0.00028976420812852415
5.25,18.0,14.675,True,False,0.9775655049598563,46,9.660639528241676,4.082958319678821,2.9175069065960217,4.016208495796068,4.215589455952442,3.6351536443653423,0.006312580346948993,0.4226385124652256,0.30199935501858377,0.4157290502409476,0.4363675348437017,0.3762849895949873,0.0006534329666783395
5.25,18.0,14.9,True,False,1.6133910638883453,85,11.894006815276795,6.448909525082868,4.2963310573936875,5.977410839527704,6.318247229071794,5.481079403487269,0.019815967617269784,0.5421982369137217,0.3612181432312139,0.5025565339217942,0.5312126793938412,0.46082699367948143,0.0016660464320415501
5.25,18.0,15.125,True,False,2.659598611657903,217,13.44935292733547,9.77586086386737,5.93784594188082,8.367627334195191,8.893249490308888,7.798002202919703,0.06004782651842641,0.7268647730998403,0.4414967748977944,0.6221583580566319,0.6612399524614736,0.5798050095830604,0.004464737213965195
5.25,18.0,15.35,True,False,4.388992243715871,47,14.302907156746944,14.008679780828487,7.55878745491554,10.807050563971865,11.502792819416376,10.262041629537759,0.17541218877038764,0.9794288410954507,0.5284790967373315,0.7555841931669102,0.8042276086501965,0.717479426879798,0.012264093365637383
5.25,18.0,15.575,False,False,7.36825781425895,85,14.548231264329631,18.710413832690048,8.576215620901504,12.490518099575768,13.478231764711383,12.060144871579514,0.29247685520021527,1.2860954361211967,0.5895022882904857,0.8585592208862456,0.9264515747531628,0.8289767087459916,0.02010394596333717
5.25,18.0,15.8,True,False,11.990605062805038,134,14.966541408457152,21.75815223693894,9.800804208446706,13.987721040041059,14.623538643078826,13.648013018859556,1.2904158385445585,1.453786258503521,0.6548476325270821,0.9345994280373293,0.9770820287722248,0.9119015974624215,0.08622004264895713
5.5,18.0,14.0,True,False,0.2035413341216562,92,3.318126656999545,0.8847178135339465,0.777242467093556,1.0096007705444077,1.03551786711414,0.8914753164581929,0.0004945902183354579,0.2666317187343183,0.23424134984539338,0.3042683040488126,0.31207906573720706,0.2686682603202133,0.0001490570642600777
5.5,18.0,14.225,True,False,0.3402537642968119,87,5.0689732088859785,1.5071568529104644,1.2346101657601145,1.6406957907288806,1.694939161807357,1.461424646938401,0.001320749694077624,0.29732981233130173,0.24356218012670222,0.3236741886606776,0.33437524562885945,0.288307826203639,0.0002605556667299665
5.5,18.0,14.45,True,False,0.5677478320763095,46,7.344806371508865,2.528578069066883,1.932547976041558,2.619554685514966,2.727406484834143,2.3582855627170813,0.003654102139626262,0.34426749204382767,0.2631176205731002,0.3566540155063099,0.37133810571426185,0.32108206036105646,0.0004975083010766409
5.5,18.0,14.675,True,False,0.9450573433690576,46,9.888551541491834,4.138016428197868,2.959167360275603,4.068237280940725,4.26903741257235,3.711929473979087,0.011029202727989872,0.4184653749171425,0.29925185178628994,0.4114088159292712,0.4317151399433675,0.37537646018266974,0.0011153506842444948
5.5,18.0,14.9,True,False,1.5692163939421693,46,12.17203447013159,6.537501158615023,4.364910767367054,6.055972375348945,6.398806770559913,5.621776624080515,0.03442170348993367,0.5370919031372368,0.3586015779102428,0.49753164848566805,0.5256973915298759,0.46186006438574756,0.002827933454707144
5.5,18.0,15.125,True,False,2.6016265897088293,47,13.718189578497398,9.889484944314434,6.047644131996605,8.472906896812182,8.999513908480896,8.035821691804792,0.10325460007245714,0.7209030672542772,0.44084856076606466,0.617640312399025,0.6560278130714275,0.5857785858565882,0.007526838689727962
5.5,18.0,15.35,True,False,4.311436036889763,51,14.514323715698508,14.06484397551017,7.730238365148933,10.926846150936065,11.618963064151398,10.603006095318175,0.29522527524221076,0.969031988744871,0.5325937685121358,0.7528319172816662,0.8005170128308821,0.7305201608429126,0.020340270826597236
5.5,18.0,15.575,True,False,7.140388467973286,51,14.878044065526145,18.210300046070994,9.132696554235878,12.882295005883986,13.61553998376508,12.722193663465543,0.7951213934146828,1.2239713745885459,0.6138371760436717,0.8658594469237726,0.9151431413833214,0.8550985336133051,0.053442602395368306
5.5,18.0,15.8,True,False,11.810635896782253,54,15.053690771148087,20.862214718999443,10.195368014145718,14.071460111780619,14.691317505879937,13.994415093305237,1.9549430577051943,1.3858538106139378,0.6772670017698361,0.934751505507871,0.975927945460214,0.9296334902884376,0.12986470144929768
5.75,18.0,14.0,True,False,0.1979787142601544,52,3.347473685128111,0.8900565327386383,0.7822360326795514,1.0159204052276176,1.0417749264594371,0.8993493180062069,0.000871249812722099,0.2658890304927296,0.23367951663214181,0.3034886905134065,0.31121228259022665,0.2686650897367063,0.0002602708474133249
5.75,18.0,14.225,True,False,0.3314811114170424,46,5.121082049729702,1.5161453874342987,1.243095958669014,1.6513477384516715,1.7053588397217012,1.4762129858922444,0.002326618304272841,0.2960595773923058,0.24274087909500033,0.32246070701773505,0.33300752129361266,0.28826192815445345,0.00045432162220397225
5.75,18.0,14.45,True,False,0.5543564990813673,46,7.43231170473398,2.543214211781622,1.9472023546891748,2.637315702912465,2.744482928937165,2.3867280230304027,0.006420896975796299,0.34218347034096164,0.2619914815263887,0.3548446038979552,0.36926370125045727,0.3211286229438125,0.0008639165351079848
5.75,18.0,14.675,True,False,0.9253745223584149,45,10.018258880280277,4.159023769730945,2.985066458667427,4.09663497530217,4.295438239592239,3.7680106275758876,0.019247862481587136,0.41514436983830366,0.29796259952347276,0.4089168611290228,0.4287609544655795,0.37611432012330587,0.0019212782092778826
5.75,18.0,14.9,True,False,1.541075399999972,46,12.329833728448039,6.555057096278055,4.412525063811813,6.097670253916112,6.43470972477455,5.731186576618224,0.05934566982792999,0.5316419702525172,0.3578738498014782,0.49454602456213564,0.5218813056601121,0.4648226977623332,0.004813176814461378
5.75,18.0,15.125,True,False,2.5609587234037163,48,13.870049953074147,9.855803677365511,6.139733936938135,8.52746487176048,9.039616510705786,8.228489319744668,0.17434675887333392,0.7105817001892685,0.4426612707027294,0.6148114030310655,0.6517364062342293,0.5932559253631896,0.012570016651936558
5.75,18.0,15.35,True,False,4.248358662432041,50,14.633783084391103,13.839538464122226,7.910746609273444,10.98999494351516,11.654542686833985,10.878989985529314,0.48006433125729603,0.9457252703768688,0.5405811035774692,0.7510016295948426,0.7964135192946191,0.7434161025068917,0.032805210278765796
5.75,18.0,15.575,True,False,7.033883456607078,51,14.960180704351247,17.53240605248792,9.46036312120796,12.946557552299543,13.641745667096458,13.019231492082609,1.217454651366098,1.1719381201985435,0.6323695754862348,0.865401147763808,0.9118703802239959,0.8702589727606631,0.08137967551501533
5.75,18.0,15.8,True,False,11.625459351815376,52,15.10524785069255,19.550958954963217,10.705293771488606,14.127547850874477,14.708650974279015,14.240209576957312,2.755779324827147,1.2943156675225849,0.7087135462658288,0.9352741504487629,0.9737444310524603,0.9427325998033473,0.1824385373922083
6.0,18.0,14.0,True,False,0.19474639542811265,52,3.362978261987634,0.8925381985864669,0.7849057936120291,1.019235926252852,1.0448043425022888,0.9050796859477108,0.0015367482353370895,0.26540112039229974,0.23339603543798204,0.30307538344016804,0.3106782920103605,0.26913040032937297,0.0004569605021558538
6.0,18.0,14.225,True,False,0.32630275387728175,44,5.1481467929472915,1.5193398655660295,1.2477953652377443,1.6567742123850995,1.709926616496432,1.4878313054370056,0.004099095295153055,0.29512364869771207,0.24237758079221103,0.3218195360425229,0.33214410646544645,0.28900327929173686,0.0007962273532620738
6.0,18.0,14.45,True,False,0.5462202335132624,45,7.477243233014416,2.545526451070062,1.9559881945737314,2.646015880506073,2.75088269295762,2.410792508935238,0.011257219446384395,0.34043649133022047,0.2615921581816971,0.3538758601329255,0.36790065632900565,0.32241729121380186,0.0015055307277794811
6.0,18.0,14.675,True,False,0.9126962577501769,45,10.084092392355624,4.152608222818562,3.0028668892294537,4.10959578086593,4.3024381577201645,3.8192022524680826,0.03333081298229277,0.41179791509709884,0.2977825641012389,0.4075325394659476,0.4266559637019672,0.3787353490893517,0.0033052863545319777
6.0,18.0,14.9,True,False,1.5208706053097392,46,12.409273212754236,6.510560544340929,4.452600583918062,6.114734847670437,6.436982825665351,5.837016284210859,0.10049351626625662,0.5246528489395642,0.3588123581114875,0.49275527606127006,0.5187235960805043,0.47037535431257815,0.008098259627563805
6.0,18.0,15.125,True,False,2.5269049485584136,48,13.94760359455229,9.68962732126619,6.2365989918713005,8.54864577428888,9.028858043194795,8.41619940715887,0.28468320225306165,0.6947162826631238,0.44714484101822455,0.6129114378923018,0.6473411709751575,0.6034154433845613,0.020410904305041645
6.0,18.0,15.35,True,False,4.187420049790648,50,14.697575369773405,13.378150803716776,8.130667360996434,11.019015710443643,11.62944907414066,11.13312104455256,0.7403733267803798,0.9102284197997639,0.5531978681135203,0.74971656434605,0.7912494939850717,0.7574801124985965,0.05037384113729462
6.0,18.0,15.575,True,False,6.924153899527923,51,15.00683195806249,16.571413940175304,9.874174634191357,12.987587680283907,13.61462502519948,13.263340554678331,1.7371078759680778,1.104257979731174,0.6579786234553264,0.8654449997560122,0.9072284585611662,0.88382015549608,0.1157544697523456
6.0,18.0,15.8,True,False,11.43981474489401,50,15.136543646727254,18.123648697293124,11.317654785111412,14.174467120841276,14.690342314869449,14.417288618322901,3.590645180495865,1.197343932689133,0.7477040366185881,0.9364401445706535,0.9705215839050363,0.952482214883986,0.23721698059333482
6.5,18.0,14.0,True,False,0.1915057492909232,50,3.3694349345747034,0.8915852230008835,0.7863079203158951,1.0205418075474555,1.0444476200660173,0.9172252405509348,0.004739672175158285,0.2646097165587265,0.23336492188864436,0.3028821827290368,0.3099770852817639,0.2722193063112847,0.0014066667756433575
6.5,18.0,14.225,True,False,0.32070940549383853,45,5.1564378258031445,1.5116161685187415,1.251272040614123,1.6579243658380864,1.7063390807977727,1.515731073833952,0.012514827653310618,0.2931512450231665,0.2426621018007194,0.32152513456900944,0.33091431302810304,0.2939492581970322,0.0024270296813597987
6.5,18.0,14.45,True,False,0.536331724476887,45,7.488021960070338,2.5159505871515346,1.9662829517909002,2.6458524163821573,2.738597800521144,2.473569196896054,0.03347184844871618,0.3359966891881152,0.262590436069238,0.3533446390102873,0.3657304712946407,0.33033679790020526,0.004470052121535414
6.5,18.0,14.675,True,False,0.8942355308417933,46,10.097539262887995,4.057560739257301,3.0344628883933344,4.104546682273161,4.268134985498702,3.9582078309935365,0.0935897491162645,0.401836589452072,0.3005150868336855,0.4064897967130281,0.4226906055404605,0.39199727061635115,0.009268569963400856
6.5,18.0,14.9,True,False,1.4845874817689866,47,12.42892678437962,6.2396546123674055,4.548223565380738,6.100397523953459,6.357557042804489,6.114963911927659,0.25684397771261785,0.5020268218338252,0.3659385596427229,0.4908225488640173,0.5115129530567768,0.4919945235829051,0.020665016551180693
6.5,18.0,15.125,True,False,2.456289970714402,49,13.981606217866226,9.030231235643638,6.499530378632248,8.534100615337708,8.890059623866078,8.851218552921306,0.6393684402828002,0.6458650812311154,0.46486292614412944,0.6103805587395611,0.6358396514204515,0.63306163934233,0.0457292553029988
6.5,18.0,15.35,True,False,4.058959552938468,49,14.741910790914606,12.067011101930149,8.716483063504986,11.036095700866404,11.457516253304947,11.612933316321355,1.4177983280922066,0.818551358306076,0.591272270408591,0.7486204371598773,0.7772069995408044,0.7877495313211615,0.09617466475010766
6.5,18.0,15.575,True,False,6.713275581834914,49,15.0480637136331,14.555520724492013,10.8659053245469,13.058744225329846,13.465770147251929,13.622167166867172,2.803118695188915,0.9672686799767563,0.7220799653248884,0.8678022949556633,0.8948506866735512,0.9052438523719096,0.18627769981126358
6.5,18.0,15.8,True,False,11.131900036331109,47,15.167080450701674,15.832305826477976,12.575645775551934,14.274331066403171,14.59151688342156,14.624698437227275,4.936809028078156,1.0438598171835718,0.8291408367237972,0.9411390091059219,0.962051789126398,0.9642395241960159,0.32549501165530936
7.0,18.0,14.0,True,False,0.18928533319714977,50,3.3499474153107474,0.8819226851673013,0.7840068128818906,1.0160302956832528,1.0353724578513646,0.9421891573585041,0.013889383794934668,0.26326463547950724,0.23403555808029441,0.3032973864125577,0.3090712567962269,0.28125490957030586,0.004146149796696514
7.0,18.0,14.225,True,False,0.31596882135680615,45,5.116178008818725,1.4805050438665992,1.250850230520456,1.6479410809604211,1.6842787728838495,1.5733476869259684,0.035213662319216035,0.28937715640751,0.24448919258954108,0.32210393737666576,0.3292064447289888,0.3075240314574666,0.006882806317238857
7.0,18.0,14.45,True,False,0.5261601635390315,46,7.419929840583767,2.4298083857402553,1.976893609119073,2.6256604385002547,2.690152418389457,2.596430438802791,0.08749707809912134,0.3274705338115554,0.26643022934075883,0.3538659387503965,0.3625576624290302,0.3499265484427431,0.011792170543251048
7.0,18.0,14.675,True,False,0.8726253744134491,47,10.007396665415206,3.844529818959825,3.0811131187742546,4.067626553640051,4.171356954296469,4.196609762599768,0.21654322693329325,0.3841688250697831,0.3078835806941025,0.4064620090155371,0.4168273821614724,0.4193507965066408,0.021638317553819966
7.0,18.0,14.9,True,False,1.4420766395575355,48,12.35024507528616,5.786535615898996,4.688178174122214,6.048657812853006,6.19420309991975,6.494791540191454,0.5063322677573598,0.4685360962980663,0.37960203587406033,0.48976014451380073,0.5015449541414244,0.5258836161225705,0.04099775062525453
7.0,18.0,15.125,True,False,2.3833896052299486,50,13.948172343723112,8.230588741277991,6.829856946440926,8.496075311059933,8.674899262182244,9.292146183778547,1.0643764677408523,0.5900836710683375,0.48965963268402435,0.6091174601010214,0.6219380610167238,0.6661909499533932,0.0763093860264666
7.0,18.0,15.35,True,False,3.9505186542486306,48,14.743635429125073,10.916007085330119,9.318270775260522,11.05288776147288,11.243577241089657,11.960606637552388,2.019575973114835,0.7403877515694854,0.6320198854654868,0.7496718034439888,0.7626054845929462,0.8112386320896815,0.13697951111333753
7.0,18.0,15.575,True,False,6.570753740248853,86,15.059392044726525,13.243852419210883,11.689622698899468,13.133917477568886,13.303060409445727,13.80843861230938,3.51342878596691,0.8794413731893377,0.7762347021832745,0.8721412815710645,0.8833730053600785,0.9169320096919051,0.23330482236812722
7.0,18.0,15.8,True,False,10.962322201871903,46,15.17618969226659,14.666768254736208,13.41977799738647,14.36468616162433,14.487942559420299,14.706716869246595,5.6329478216230475,0.966432849887876,0.8842653043685172,0.9465278474309147,0.9546495433437416,0.96906517165773,0.3711700984136656
7.5,18.0,14.0,True,False,0.1858621176966207,50,3.2988717937091425,0.8587741313088179,0.7778728709797859,1.0036845210779215,1.0140312140572822,0.9949557214182622,0.03498630204637998,0.2603235848530023,0.23579966716595896,0.30425084205816066,0.307387275853221,0.301604846637452,0.010605535538876621
7.5,18.0,14.225,True,False,0.3087462809559822,45,5.02747180410123,1.4195716726947478,1.2486623881496974,1.6249056430941615,1.6406298423701617,1.6793453870276966,0.08048225758790808,0.28236293071533736,0.2483678550183183,0.323205321960955,0.32633297734893213,0.3340337753177944,0.01600849506948076
7.5,18.0,14.45,True,False,0.5120741894249093,46,7.294023574943676,2.291964826278767,1.9924053979620586,2.587306866702996,2.6106860699500536,2.785177016286863,0.1763650208930952,0.3142250368030193,0.2731558758332425,0.3547160000402076,0.3579212547267114,0.38184370912296783,0.02417938728618067
7.5,18.0,14.675,True,False,0.8476947964559822,47,9.872096766416322,3.578339810589148,3.1405655033205995,4.013587156713502,4.045740740813028,4.482158263342905,0.3730552460956435,0.3624700907270507,0.31812547806504726,0.40655873333487164,0.4098157500416881,0.4540229263747358,0.037788856300997
7.5,18.0,14.9,True,False,1.4037866233419336,47,12.255232142517478,5.364892734104661,4.828600301572612,5.99317673177808,6.032212468246059,6.82869459298817,0.7418308045954356,0.4377634525169101,0.3940031690481481,0.4890300454599922,0.4922152757366633,0.5572064660690642,0.060531762758028684
7.5,18.0,15.125,True,False,2.3325909735888333,46,13.911037075303652,7.67761920940852,7.086548489483152,8.46673671302267,8.508946569061065,9.57353735279748,1.3641508661246302,0.5519084715142226,0.509419136123499,0.6086344725551568,0.6116687435307788,0.6881972423029077,0.09806248511452935
7.5,18.0,15.35,True,False,3.8901310270496707,45,14.737757017670294,10.298449730546132,9.692457910540949,11.066640329651886,11.107289223535398,12.12629905860721,2.349806539132279,0.6987799919756096,0.6576616712380231,0.7509039751695724,0.7536621217338545,0.8228049250688557,0.15944125936632725
7.5,18.0,15.575,True,False,6.504106057896769,44,15.060920481921272,12.664274742538987,12.115711442366077,13.177665518906727,13.211164549814088,13.87791314453386,3.8322049177486317,0.8408699028549315,0.8044469431273775,0.8749575123728225,0.8771817476675757,0.9214518568896594,0.25444692589332163
7.5,18.0,15.8,True,False,10.892032945168758,45,15.177559688332458,14.21567089961568,13.795932118904265,14.409951470871771,14.433203043538843,14.732386429621721,5.901155783312887,0.9366242789704714,0.9089690570948438,0.949424793364458,0.9509567637961042,0.9706689831664469,0.3888079443923597
3.5,21.0,14.0,True,True,0.6651153520416526,104,1.2770632390044954,0.39349349963439834,0.3246411577929689,0.46407281520531546,0.48227568136891036,0.44692732207801694,1.1262021699754188e-05,0.30812373860290343,0.2542091478931265,0.3633906301829442,0.37764432225365524,0.3499649104506435,8.818687560479176e-06
3.5,21.0,14.225,True,True,1.0425782038001012,46,1.8680303243691911,0.6738023503027513,0.5089525280226971,0.7708307538994933,0.8054629678683893,0.7089014747007503,2.8693678229470332e-05,0.360702040814185,0.2724541038671648,0.41264359782799165,0.43118302597169206,0.37949141695017014,1.5360392095968678e-05
3.5,21.0,14.45,True,True,1.5944690754111488,46,2.619903399793403,1.1235650314780923,0.7962944978787844,1.260673225683491,1.3226547376906463,1.0920712012108338,7.865711686073298e-05,0.4288574271733427,0.3039404040399266,0.48119072855239753,0.5048486664794383,0.4168364380522392,3.0022907282358432e-05
3.5,21.0,14.675,True,True,2.3806850826619,178,3.5366792272779346,1.8072089658876076,1.2365939124944691,2.0076193702279133,2.1098766647344767,1.6204174319122948,0.00023916508002661587,0.5109903527435697,0.3496483093396725,0.5676566183168135,0.5965699825025916,0.45817483797066794,6.762419339078521e-05
3.5,21.0,14.9,True,True,3.486997528381809,256,4.631812852512611,2.7982417856461033,1.8769052242175834,3.0779531402729696,3.231578270998649,2.3024497630748044,0.0007294881673911177,0.604135329891005,0.40522043614076986,0.6645245043964326,0.6976918916846179,0.49709473080843475,0.00015749517319021074
3.5,21.0,15.125,True,True,5.041986600782598,273,5.932974522933917,4.208999076751006,2.7327433382058968,4.50520228849832,4.715844976089763,3.1240324513303497,0.002088813157224433,0.7094247683823884,0.46060257424711254,0.7593496771448213,0.7948534007453869,0.5265541659170118,0.00035206845219882947
3.5,21.0,15.35,True,False,7.235640942750049,49,7.4761969262005845,6.207183449602881,3.79059691300248,6.278222611462866,6.544873782659049,4.039365034469151,0.0058334553293874335,0.8302594903365369,0.5070220795974762,0.8397615356359358,0.8754282220312198,0.5402967677741419,0.0007802704218429417
3.5,21.0,15.575,False,False,12.147223088380882,85,7.522706696449332,6.880352428101314,3.9950468815477036,6.725631632288143,7.034763863996632,4.153886876492654,0.009792977180845224,0.9146112836419363,0.5310650863781967,0.8940441125349997,0.9351373312636254,0.5521798262390399,0.0013017890469486793
3.5,21.0,15.8,True,False,14.982685504204548,337,11.23694821160315,12.825146978585762,6.221494845709797,10.564928921576954,10.88873627909306,5.89709369761323,0.04468455855489902,1.1413371973488902,0.5536641024371324,0.9401955693510916,0.9690118770725907,0.5247949520247817,0.003976574218679609
3.75,21.0,14.0,True,True,0.5348983283860895,56,1.7154267199021918,0.5200867490736577,0.43116713447759664,0.5960461053530726,0.6186194084874624,0.6078415491007766,1.7864119847245247e-05,0.3031821429849894,0.25134686866844447,0.3474622952049256,0.3606212969113214,0.3543383940850786,1.0413805288204794e-05
3.75,21.0,14.225,True,True,0.8415730394774975,134,2.512132336610959,0.8883452057422265,0.672472882708561,0.9761172111614962,1.0198193676877276,0.9647147976844077,4.589671133904724e-05,0.35362197794908606,0.26769007066553413,0.38856122224768863,0.40595766107749515,0.38402228402739125,1.8270021316219785e-05
3.75,21.0,14.45,True,True,1.294331236886082,185,3.5140126478868114,1.478530027914092,1.0407345661197807,1.5728797765107638,1.6523303465733665,1.4867722564449437,0.00012582019176174484,0.4207526198869038,0.2961669949439816,0.4476021955859014,0.47021183818647116,0.42309815172094783,3.5805275725859476e-05
3.75,21.0,14.675,True,True,1.9470312966097623,193,4.700238397052376,2.3747179212475875,1.5906140118520367,2.472175916161158,2.6054608690108703,2.2051134687226823,0.00038139767851890735,0.5052335053338627,0.33841134799663486,0.5259681972113404,0.5543252594687139,0.4691492818971817,8.114432637248578e-05
3.75,21.0,14.9,True,True,2.878888742106211,230,6.050377982140181,3.6693725254754614,2.3679337047569238,3.7516772593854206,3.955606100567911,3.126406020352119,0.0011698095902987695,0.6064699653983446,0.3913695494309138,0.6200732037667425,0.6537783444677794,0.5167290423145142,0.00019334487758481767
3.75,21.0,15.125,True,False,4.216443364234324,394,7.556295561059511,5.498645209506501,3.3679576502105046,5.439717999824586,5.724721814566391,4.224924329145641,0.0033996958141931546,0.7276905945610609,0.4457154465432615,0.7198921688370077,0.757609567850691,0.5591263993058049,0.00044991567451557757
3.75,21.0,15.35,False,False,7.078582062062783,85,7.696917753808064,6.769552781396205,3.8024576888811596,6.30676896033035,6.685596234178245,4.595445806069893,0.005707337013609634,0.8795147613532646,0.4940234273647899,0.8193888985250056,0.8686069473550675,0.5970501378680171,0.0007415094192458947
3.75,21.0,15.575,False,False,11.883552008401269,85,7.746970493472187,7.594654489595148,4.008872432617764,6.7604461408055885,7.201838708181431,4.749806306845969,0.009581257987634902,0.9803386363733559,0.5174761458038019,0.8726567561477262,0.9296329080186766,0.6131179034240918,0.0012367748135491592
3.75,21.0,15.8,True,False,13.396502329593593,299,12.876087018381446,16.289255175270494,6.96397403962968,12.01294536792134,12.433679668233694,7.813392189843759,0.07627615210102455,1.2650780591973734,0.5408455247070136,0.932965531436071,0.9656411649349537,0.6068141803243203,0.005923861184856503
4.0,21.0,14.0,True,False,0.42049382139696684,55,2.1597130809581992,0.6383954110693625,0.5307206083754737,0.7185907651074322,0.7447684580809998,0.7669829880238047,2.8398764375946478e-05,0.2955926954825526,0.24573662726532594,0.33272510660935356,0.34484601896774575,0.3551318898728518,1.314932276251566e-05
4.0,21.0,14.225,True,False,0.6680321831463758,105,3.1876188551966407,1.091905078835346,0.8264300410881,1.1682854280928279,1.2200162271127968,1.2223934114820587,7.37675412887049e-05,0.34254568329436846,0.25926250239761445,0.36650725232981396,0.382735917477667,0.3834816730015391,2.314189513857492e-05
4.0,21.0,14.45,True,False,1.0404771713517817,177,4.481996517965602,1.823886714079898,1.2727146677080625,1.8682489536931013,1.9644090587132652,1.894093983146367,0.00020257973732949782,0.4069362184394932,0.2839615476287236,0.41683409306643276,0.4382888408857844,0.42260050304682184,4.519854857483238e-05
4.0,21.0,14.675,True,False,1.5888070684201283,188,5.985830651162888,2.946451656217112,1.9295827149620044,2.9164350854976737,3.0817760594899433,2.825558608646689,0.0006132470434317252,0.49223772403997007,0.32235838723354754,0.48722311997434936,0.5148451800739194,0.47204118748293655,0.0001024497816877909
4.0,21.0,14.9,True,False,2.389013477548939,263,7.618892233566015,4.584045091847364,2.842025478623606,4.401352244406272,4.660817416865445,4.023557611527449,0.0018949335791510842,0.6016681889332626,0.37302345163811285,0.5776892636721577,0.6117447620969898,0.5281027068214912,0.00024871510464509645
4.0,21.0,15.125,True,False,3.5661628640544487,272,9.312630288976244,6.912793613049863,3.9816298763820654,6.344746991813057,6.715976866696269,5.441857357696229,0.0055933560994454075,0.742303022727406,0.4275515888454511,0.6813055812302141,0.721168634241419,0.5843523460968902,0.0006006204397555115
4.0,21.0,15.35,False,False,5.986888545454061,85,9.555992879586078,9.009063701826406,4.600546254038351,7.577405900630319,8.10691544985728,6.1028736642392944,0.009389294029515764,0.9427658449884317,0.48143048158462265,0.7929480480063457,0.8483593020643223,0.6386435968654304,0.000982555569874228
4.0,21.0,15.575,False,False,10.050812546160202,85,9.64320447095485,10.663671417129718,4.9203880111905605,8.295567736454396,8.94895892698991,6.409393046804193,0.01576037564567688,1.105822390186633,0.5102440818309595,0.8602501130656817,0.9280067589507208,0.664653857139415,0.0016343504582057588
4.0,21.0,15.8,True,False,12.235780190774111,413,14.33333890911264,20.336005319328308,7.5830354850304555,13.285094252773494,13.81107271875185,9.850826422588367,0.13080890193384473,1.4187905168696862,0.5290487815235726,0.9268666803327514,0.9635628381026593,0.6872666923633232,0.0091261989103377
4.25,21.0,14.0,True,False,0.33018180542564324,53,2.555979269282433,0.7349583914305213,0.6119931519795765,0.8192994243223051,0.8483415051898274,0.9036420479589293,4.579137572894724e-05,0.2875447388260132,0.23943588249500466,0.3205422806704984,0.33190468928489836,0.3535404448771677,1.7915394025008165e-05
4.25,21.0,14.225,True,False,0.5313309087689437,105,3.816463517400757,1.2615726414379609,0.9539353877043102,1.329028347773018,1.3875044199392454,1.4491618070061052,0.0001202530919635937,0.33056064487082226,0.24995270709517958,0.3482355698445578,0.36355762700549016,0.3797132608234841,3.150903746762221e-05
4.25,21.0,14.45,True,False,0.8413897539073019,183,5.422225158659366,2.121158667357173,1.4681378682385253,2.120511595995885,2.231607159254138,2.2643492356718236,0.0003309781947959783,0.3911970833541751,0.27076298480410566,0.3910777464874176,0.4115666712383258,0.4176051656681257,6.10410274585152e-05
4.25,21.0,14.675,True,False,1.31030623067422,183,7.274963674750787,3.4602735506078472,2.220554168636444,3.3036625862836706,3.499528829879124,3.41134472622796,0.0010013316427546584,0.47564135098260585,0.30523233763260155,0.45411396317340946,0.48103729260187744,0.468915705801764,0.00013764077561376418
4.25,21.0,14.9,True,False,2.013507839640267,229,9.207882420628186,5.448831891584281,3.256150640910527,4.9763649311499405,5.291777633589788,4.9026924289894165,0.0031167318982667906,0.5917573273283118,0.353626435717278,0.5404461855422389,0.5747008260807884,0.5324451600300671,0.00033848519734401203
4.25,21.0,15.125,True,False,3.076322833388568,350,11.06029092331967,8.32368364716615,4.522177578064852,7.151213741610584,7.6130084492187935,6.666276628098789,0.009328847457455207,0.7525736623813738,0.40886606052379965,0.6465665135925915,0.688319005530625,0.6027216349294682,0.0008434540756777144
4.25,21.0,15.35,True,False,4.715363815013691,324,12.741457979030047,12.371773324973697,5.864540158257867,9.66509341133245,10.266798464741322,8.542266024444022,0.02729142200198752,0.9709856866722176,0.4602722991285421,0.758554745244956,0.8057789368876364,0.6704308124315855,0.0021419387048879236
4.25,21.0,15.575,False,False,7.916171719554703,85,12.930322450969596,15.986035607306675,6.434442844534987,10.999488483054149,11.815320879568757,9.261674297135794,0.04577556350761183,1.2363214968477405,0.4976243143922905,0.8506739506893998,0.9137684635763101,0.7162755864948516,0.0035401718465404007
4.25,21.0,15.8,True,False,11.413186155990086,298,15.527604602325777,24.754381736371258,8.071439711747924,14.318566017604375,14.94814258756549,11.802322549291231,0.22472000246660082,1.5942176768632725,0.5198122903347859,0.9221361816142389,0.9626818154119218,0.760086494443801,0.014472290364280754
4.5,21.0,14.0,True,False,0.26541982185586294,133,2.8681306767937973,0.8051202733649907,0.6710917610999205,0.893422777169558,0.9246405542767149,1.0070539379264323,7.544501657196058e-05,0.2807125490756969,0.23398228209396482,0.31150002487623407,0.3223843884652929,0.3511185686463176,2.6304595248183894e-05
4.5,21.0,14.225,True,False,0.4325757861841589,104,4.3339956542258085,1.3875010867140933,1.0481956015786282,1.4498836379973317,1.5136602646025954,1.6251596862548257,0.0001998957868280548,0.3201436266695902,0.24185432686269498,0.3345374000510685,0.34925283395859424,0.37497953757065583,4.612274740819107e-05
4.5,21.0,14.45,True,False,0.696617909977304,179,6.232416190175684,2.348968216679304,1.615570292838403,2.3150080017936996,2.4383340395716293,2.5616509273128765,0.0005511696287363575,0.37689527544422374,0.25922054040374704,0.37144631089350316,0.3912341482289384,0.4110205174280357,8.843594713799443e-05
4.5,21.0,14.675,True,False,1.1072874263676562,179,8.42884532034036,3.87131646762687,2.4451564791942246,3.609815182050237,3.831853691269423,3.901478662198134,0.0016665953926375072,0.4592938084039422,0.29009388430626565,0.4282692403120848,0.4546119362307495,0.4628722575775766,0.00019772523154692434
4.5,21.0,14.9,True,False,1.741063213361731,227,10.65514833864941,6.177024148328617,3.582929942512878,5.4399024950649855,5.805451849454227,5.670393529172314,0.005217362608392791,0.5797220228199642,0.3362627932186096,0.5105421644232612,0.5448494629019961,0.5321740579250409,0.000489656496800505
4.5,21.0,15.125,True,False,2.7251342017259508,279,12.631872716849788,9.57948390989762,4.954729499385654,7.80689378373912,8.352672635981644,7.772470615014558,0.015784592549732218,0.75835817258667,0.39224029646661085,0.6180313844775702,0.6612378721042627,0.6153062803306099,0.001249584515578358
4.5,21.0,15.35,True,False,4.280634877428352,358,14.223044478966013,14.444144234244774,6.35692647312237,10.494752880626645,11.21214716746533,9.969570165043063,0.046605799334616574,1.0155451777997135,0.4469455525167918,0.7378696520387731,0.788308521712535,0.700944877152478,0.003276780818870414
4.5,21.0,15.575,False,False,7.186347032342285,85,14.479725135502381,19.722519469542448,7.0511424775430775,12.145250799701737,13.159889910024607,11.042509949692377,0.07809952686417283,1.3620783050076983,0.4869665971942108,0.8387763362940627,0.908849428208985,0.7626187545934553,0.0053937161191467
4.5,21.0,15.8,True,False,10.844224682735824,331,16.43042770284575,29.0438925058344,8.449799377870216,15.094910453519697,15.81593170194174,13.481415431965363,0.38501679607531747,1.767689376753351,0.514277505777084,0.9187168299280035,0.9626001214321657,0.8205151853490935,0.02343315725181229
4.75,21.0,14.0,True,False,0.2225175241034114,93,3.0889582164350373,0.8516880895685476,0.7103697581288858,0.9432828542667588,0.9760337125157243,1.0778057033216144,0.0001271242204621605,0.27572017162196505,0.22997065947648934,0.30537248747747725,0.315975045347866,0.3489220726868583,4.115439949488031e-05
4.75,21.0,14.225,True,False,0.3664387390537884,99,4.714261664291919,1.4725382931446527,1.1117774126096704,1.5327921809006095,1.6003775195620327,1.7482357268399724,0.00033892897299291996,0.3123582011364292,0.23583277547591522,0.3251393940456707,0.3394757511412785,0.3708397732951374,7.189439134448788e-05
4.75,21.0,14.45,True,False,0.5985393116867663,45,6.8532628803333875,2.506863225034641,1.716917324181013,2.451653335989668,2.584002101201777,2.7759072335155497,0.0009354899698116246,0.36579119593216175,0.2505255312922552,0.3577351954534106,0.3770469842353507,0.4050489937401192,0.00013650285800303582
4.75,21.0,14.675,True,False,0.9685389285080633,48,9.34675788269255,4.166459966465269,2.6030176725409975,3.8302396174647373,4.072200940627933,4.268356284536482,0.002826442724059883,0.44576526093398966,0.27849418003659016,0.40979339205493015,0.4356805848334269,0.45666704306529904,0.00030239819620166093
4.75,21.0,14.9,True,False,1.5544935469884273,84,11.829949587265176,6.7225893840757935,3.8179209065181743,5.7801596755835,6.185097855985495,6.269535484494201,0.008880315917636172,0.5682686417626491,0.3227334891289924,0.4886039144076983,0.5228338303861998,0.5299714456301059,0.0007506638850934533
4.75,21.0,15.125,True,False,2.4860835114176734,323,13.897499430642581,10.564224887162895,5.271753511859816,8.292190735236256,8.905621187738578,8.667627115590395,0.02704940004440289,0.7601529282217381,0.37933108313256214,0.596667823346178,0.6408074511665447,0.6236824947428423,0.0019463501458947137
4.75,21.0,15.35,True,False,3.9872564892142797,395,15.374261700403984,16.13680004576456,6.722477417298804,11.10529963175422,11.916918734395987,11.144381567412367,0.08021317336346206,1.0495983716304593,0.4372553003388878,0.7223305969523343,0.7751213662561013,0.7248726335339751,0.005217367502034542
4.75,21.0,15.575,False,False,6.693822215378181,85,15.69478320052986,23.055453275723295,7.520478026372005,13.01824766252801,14.203259469955798,12.573178726724361,0.13420177817022297,1.4689883244099182,0.4791705581583383,0.829463363475356,0.9049669108826105,0.8011056008916317,0.008550725196745138
4.75,21.0,15.8,True,False,10.451460155247538,333,17.063437139428355,32.4415924359143,8.760548370586083,15.63588467137898,16.42839548162776,14.786546082944414,0.6531812275289691,1.9012343275758763,0.5134105338216501,0.9163385163033337,0.9627834853780304,0.8665631643918477,0.03827958119994876
5.0,21.0,14.0,True,False,0.19573199563684437,53,3.23270473204025,0.8806434310770958,0.7348510125176486,0.9746495769723272,1.0083837785985448,1.1228912965723317,0.00021823691047075187,0.27241690908198013,0.2273177024905283,0.3014966282915664,0.3119319152795392,0.3473534979681375,6.750907631858369e-05
5.0,21.0,14.225,True,False,0.3247218086286741,45,4.968937635280973,1.5259847584075794,1.151865060679982,1.585738147473275,1.655788499351749,1.8280295382549228,0.0005841544782724342,0.30710483214211065,0.23181314502749817,0.3191302173354019,0.3332278689905757,0.36789142316364676,0.00011756124168771191
5.0,21.0,14.45,True,False,0.5359394452983527,46,7.2830599871646715,2.607743637180082,1.7818127062795954,2.540564802232812,2.6788433531658398,2.918205608177266,0.001612935043149535,0.3580560426216246,0.2446516587011201,0.3488320577765645,0.3678183837407504,0.4006840000384696,0.00022146392395395577
5.0,21.0,14.675,True,False,0.8790213914564367,46,10.002310500421883,4.359213801700441,2.706090220672413,3.976491169400903,4.231786589611424,4.519856089945606,0.004867450252875751,0.4358206837826695,0.27054651228416415,0.3975572613180905,0.423080906099939,0.45188120182381514,0.000486632588807401
5.0,21.0,14.9,True,False,1.4333615716188746,47,12.68446297105242,7.08761806202972,3.9749558361897797,6.009330564777759,6.4410640260156145,6.6957366918545995,0.015312807780614009,0.5587637472871007,0.3133720241259832,0.4737552215250914,0.5077916219799729,0.5278691504035397,0.0012072097822004612
5.0,21.0,15.125,True,False,2.330707678083538,47,14.813612110509656,11.236347131136062,5.489735415687572,8.620674720584132,9.28060176839297,9.326736323502566,0.0467634507978457,0.7585150095272395,0.3705872257714125,0.5819427872333793,0.6264914795364974,0.6296058148360469,0.0031567892050223816
5.0,21.0,15.35,True,False,3.795803621917221,321,16.184589014874962,17.294330696724398,6.9853664622858505,11.515662000029934,12.39209988203162,12.025899493635183,0.13846164627715857,1.068567801186023,0.4316060454711409,0.7115201992121084,0.7656728181755041,0.7430463314565725,0.008555153680448789
5.0,21.0,15.575,False,False,6.372410372478793,85,16.557411328679223,25.50006038212186,7.866234056416286,13.624157246128354,14.932562161266473,13.75326115882086,0.23104271210033828,1.5400994682032816,0.47508840000798436,0.8228434370371559,0.9018657485063298,0.830640785917949,0.013954035900536418
5.0,21.0,15.8,False,False,10.698028138443314,85,16.69057745146914,35.05600505322094,8.280817109800916,14.81158095855393,16.46094267787738,14.613140018950013,0.38395488728915883,2.1003470464190106,0.49613724473457455,0.8874217205259237,0.98624165195845,0.8755323212417515,0.023004290199400042
5.25,21.0,14.0,True,False,0.17966891634371523,51,3.32084704733777,0.8978196366314652,0.7494560133786563,0.9934711365613365,1.0277600565405296,1.1504428680077015,0.0003796640001661913,0.2703586235178227,0.22568218370053333,0.29916196753408875,0.30948732112322247,0.34643054967857656,0.00011432745764986597
5.25,21.0,14.225,True,False,0.2995006398899125,45,5.128027394196003,1.5577254501036097,1.1759882115653182,1.617803752606533,1.6892343711929296,1.877523943877722,0.001018640911170558,0.30376699076660013,0.22932564925380927,0.31548266579807926,0.3294121191912579,0.36612985843303775,0.000198641862234097
5.25,21.0,14.45,True,False,0.49770674427484424,46,7.557694351022545,2.667777145326602,1.8213790963054468,2.5950492605496267,2.7366541692588715,3.0082884285720444,0.0028121275404889303,0.3529882291370589,0.24099666005400402,0.34336520372757867,0.3621017260229115,0.39804314501882804,0.0003720880218063401
5.25,21.0,14.675,True,False,0.8237395511294412,46,10.430519259498723,4.473924089563712,2.7701454732573536,4.067144895550629,4.32992071226376,4.683542771826017,0.008470664796820243,0.4289263054175812,0.2655807831172619,0.38992736549015206,0.4151203410434861,0.44902297338273667,0.0008121038450800321
5.25,21.0,14.9,True,False,1.3577351256172752,47,13.249917385417447,7.302399952057508,4.075511285809789,6.152258599610807,6.5988474741080765,6.982773841590197,0.02661419975251102,0.551127961001052,0.3075876752480889,0.4643242988353905,0.4980293297051509,0.5270050852751186,0.002008631373188937
5.25,21.0,15.125,True,False,2.2323742259996853,47,15.417325505592537,11.61566977575166,5.637270747144452,8.824875012158461,9.50994980905318,9.785576751097453,0.08109095389945911,0.7534166526832524,0.3656451791913953,0.5723998633198277,0.6168352484744197,0.634712988809103,0.005259728989314255
5.25,21.0,15.35,True,False,3.6708362253547993,49,16.707633776197973,17.874340463245076,7.184413863652181,11.767607653529343,12.677938081017066,12.65159576070556,0.23783955916389807,1.069830755370591,0.430007861070503,0.7043252091324691,0.758811106996989,0.7572344432596598,0.014235382601139428
5.25,21.0,15.575,False,False,6.162614604995484,85,17.119476843718342,26.811435759937815,8.135861883853908,14.012348520237945,15.391846878011721,14.59113998365275,0.3952444493909801,1.5661363956793894,0.47524009980709214,0.8185033133988263,0.89908395090119,0.85231225912179,0.023087414002140334
5.25,21.0,15.8,True,False,9.939305149895707,134,17.73396722631765,33.845873705134736,9.417499821120076,16.196433113021317,17.059544864774274,16.35991998749692,1.7365061588059858,1.9085336785164808,0.5310430374058813,0.9133000476613833,0.961970023236396,0.9225189027764973,0.09791977940666133
5.5,21.0,14.0,True,False,0.17027014187703177,54,3.3725321891226256,0.9075771281033717,0.7578917085936427,1.004362105276594,1.0388764813240854,1.167110457715481,0.000666103295347414,0.2691085146735043,0.22472482576684036,0.297806529027639,0.3080404939276064,0.3460635487719713,0.0001975083581102017
5.5,21.0,14.225,True,False,0.28464476235039554,83,5.222174552570243,1.5754190015379144,1.1900363358002475,1.6364006476341266,1.7083504143877086,1.9080462718118647,0.001789476800826133,0.3016787328111288,0.2278813784986442,0.3133561758920381,0.3271339165687013,0.36537389790480385,0.00034266889833190097
5.5,21.0,14.45,True,False,0.47497174732112724,45,7.7222465168361545,2.7002861026603293,1.8447903456656267,2.626734818081414,2.7695341328274976,3.0651895825480766,0.004936347316101185,0.3496762369309405,0.23889296225438905,0.34015164011593885,0.3586435795321114,0.39692977631124643,0.0006392372097081967
5.5,21.0,14.675,True,False,0.7904080758360132,46,10.690132862465328,4.532832413488947,2.8091513912798276,4.119794483830357,4.385067006090827,4.790342076831413,0.014822650637063983,0.4240202130138538,0.2627798388870528,0.3853829074749462,0.4101976151753417,0.44810875023368774,0.0013865730976186975
5.5,21.0,14.9,True,False,1.3111097685565978,47,13.594539131139172,7.40040139701564,4.140367175021912,6.234315985984388,6.685089815552574,7.177692380376414,0.04634518467207145,0.5443657431581879,0.3045610546324541,0.45858972678994936,0.49174817557734957,0.5279835021354601,0.003409103039463457
5.5,21.0,15.125,True,False,2.169170946697198,47,15.783282316128155,11.742642625086274,5.744658655256013,8.939476384559084,9.629710994735278,10.108581177505458,0.1399201716759064,0.7439924338860143,0.363971101840194,0.5663889301038654,0.610120936941941,0.6404612789049589,0.008865087050551513
5.5,21.0,15.35,True,False,3.5835655956679604,49,17.020584382289506,17.905220486363998,7.363057293271363,11.905384223533357,12.819658369064726,13.09968741641838,0.40174154301254933,1.051974484788841,0.43259720864419166,0.6994697688477319,0.7531855593867867,0.7696379349964652,0.023603275539150995
5.5,21.0,15.575,True,False,5.9109820430910105,51,17.603690037491507,25.341676523045923,8.756243557489638,14.528167223404383,15.518469769393672,15.446715885596342,1.0809555631812937,1.4395661630643586,0.4974095509998758,0.8252910152623103,0.8815464108004156,0.8774703401786021,0.06140505546729837
5.5,21.0,15.8,True,False,9.726091100979348,51,17.886168087526897,31.700004518091937,9.898701118896154,16.314039816038175,17.174473845027094,16.795843982738177,2.630668275227941,1.7723195020289595,0.5534277141116165,0.9121036846016749,0.9602097979278127,0.939040933784522,0.14707836034832214
5.75,21.0,14.0,True,False,0.16483308277852707,55,3.401434098370074,0.912725833663355,0.7625919138075401,1.0103996496679515,1.0448551376054365,1.1776026001725168,0.0011742429477108844,0.2683355923610933,0.22419717441327613,0.29705107329644365,0.3071807676962251,0.3462076777371079,0.00034521996127267834
5.75,21.0,14.225,True,False,0.2759817585935891,87,5.2746794536146835,1.5840025522296326,1.1979761309895474,1.646601988634136,1.7183004553615582,1.9279843633079148,0.0031562090210088363,0.3003030925688066,0.22711828112485333,0.31217100548275717,0.32576395788070583,0.36551687742592337,0.0005983698248897227
5.75,21.0,14.45,True,False,0.46153109702261597,45,7.81406739370163,2.713892915079958,1.858478664741451,2.643864324264208,2.7859062147686107,3.1039041445078994,0.00869120852586618,0.3473086138554981,0.23783755259641604,0.33834675221706445,0.35652446727220877,0.3972200376733042,0.001112251544294531
5.75,21.0,14.675,True,False,0.7701781907170413,47,10.834862868602293,4.5504253739702,2.8335096883318007,4.14739889140742,4.410486482849832,4.866744851666817,0.025948041748099414,0.41997996921184927,0.26151781731754636,0.3827827764600437,0.4070643566362726,0.44917456830670816,0.0023948657276773393
5.75,21.0,14.9,True,False,1.2812856855467574,47,13.78558000269797,7.403807297854911,4.186433049450798,6.27483472498963,6.719453086173024,7.324891288850277,0.08025386686390071,0.537068973260894,0.3036820393941694,0.4551737920175709,0.4874262152813275,0.5313444401625993,0.005821580727702009
5.75,21.0,15.125,True,False,2.124636266086739,53,15.985130663711173,11.648485021151913,5.8394588663208085,8.991706199841374,9.667239690667092,10.361365376245521,0.23748278412594429,0.7287075261509032,0.36530566994846797,0.5625043916753211,0.6047645085950587,0.6481877185882186,0.014856480633284314
5.75,21.0,15.35,True,False,3.5125156957684007,52,17.19427438310409,17.444025584410632,7.563884107263891,11.964922377931464,12.852868749085614,13.449973312310846,0.6563913498410926,1.0145252539154521,0.4399071422692034,0.6958666653411535,0.7475086451868799,0.7822355868374083,0.0381749956535586
5.75,21.0,15.575,True,False,5.788236386676304,54,17.73404341783785,23.887873403654645,9.148921236355628,14.591800278331846,15.548549960873322,15.814010370921563,1.6606231895540162,1.347006592959333,0.5158959533815708,0.8228129329859784,0.876762822472497,0.8917317950747198,0.09364041524132463
5.75,21.0,15.8,True,False,9.509071295258588,91,17.976464089130364,28.493131084670065,10.555699827200247,16.37828347662266,17.207204633113104,17.101723100068106,3.716322113582343,1.5850242263103733,0.5871955560817351,0.9110959416388199,0.9572074100778029,0.9513396525186966,0.20673265304879684
6.0,21.0,14.0,True,False,0.1616738663360229,56,3.4160814167953317,0.9148603045928597,0.7650156282622108,1.013432271283593,1.0475190165369392,1.1851467913701121,0.002074147857897725,0.2678098654484358,0.22394537334531137,0.29666513985908055,0.30664345743832705,0.34693165846202606,0.0006071716697676101
6.0,21.0,14.225,True,False,0.27086414841852946,47,5.30047952555408,1.5861060110932743,1.2022494629312876,1.651470373917377,1.722055281316223,1.9433645924972245,0.005572925970407532,0.2992382110800574,0.22681899951412635,0.31156999398931595,0.3248866961968332,0.36663939236593446,0.0010514003390712035
6.0,21.0,14.45,True,False,0.45334592552092123,45,7.858131851381166,2.712771179569346,1.8666096872620532,2.651456287216114,2.790540907299881,3.1357867024493644,0.0152884263389667,0.34521833317069406,0.23753860619352843,0.3374156017438276,0.3551150527983834,0.3990498965601106,0.0019455548250032946
6.0,21.0,14.675,True,False,0.7570873812656183,48,10.902530660628301,4.532740198585989,2.850536258441487,4.157912734720057,4.413531879143571,4.933956026268117,0.04515137096540665,0.4157511993939921,0.2614563854184303,0.3813713406682078,0.40481719488136014,0.4525514469852248,0.004141366107637676
6.0,21.0,14.9,True,False,1.2597271145048445,47,13.872916881906086,7.320667633950962,4.227067704112578,6.285920373478606,6.712765711707632,7.461147642083253,0.13672792795834282,0.5276949106138615,0.30469927413936865,0.4531073333018445,0.4838755806619756,0.537821116178858,0.009855744766745616
6.0,21.0,15.125,True,False,2.087099173647318,49,16.07920412250113,11.351187242990147,5.945726006676026,8.99981327498942,9.63867673570004,10.59674874770702,0.3902025661912297,0.705954545791565,0.369777382100375,0.5597175834340669,0.5994498646989461,0.6590344066145661,0.0242675298614552
6.0,21.0,15.35,True,False,3.4436294549949302,51,17.281947599748072,16.576685594515077,7.823099447136158,11.973030353326665,12.801577003520784,13.759661891367278,1.0178408374069259,0.9591908260823985,0.45267464225213827,0.6928056160464925,0.7407485139989314,0.7961869929271085,0.05889618814847948
6.0,21.0,15.575,True,False,5.661619074081975,52,17.80702764793348,21.883620411820054,9.67170425595258,14.61335409896367,15.498407784623872,16.107471663825855,2.380421069532877,1.2289316804851294,0.5431397337710647,0.8206509467996227,0.8703534408462871,0.9045570087434069,0.1336787428310152
6.0,21.0,15.8,True,False,9.290506359260256,51,18.031850227540026,25.107323387086222,11.39535138880643,16.419886810371526,17.18245857288717,17.32075938550656,4.864432064790534,1.3923875293030015,0.6319568566182033,0.91060465804521,0.9528949251499671,0.9605647322343317,0.26976888136310556
6.5,21.0,14.0,True,False,0.15849485189196527,53,3.4184282957957417,0.9122700660700928,0.7657686010568024,1.013801076534658,1.0456786901022121,1.2007110774026062,0.0064373973682950196,0.2668682760413831,0.22401189517375758,0.2965693555080597,0.3058945806727238,0.3512465301317969,0.001883145355487564
6.5,21.0,14.225,True,False,0.26528266988171145,45,5.29959095353909,1.5728094174471117,1.2047824496119226,1.6504684244528292,1.7147640478988058,1.9790988218860637,0.017161356688437976,0.29677939886979066,0.22733498871405608,0.31143317265847453,0.3235653587101244,0.37344369390705767,0.0032382417508991985
6.5,21.0,14.45,True,False,0.4432244604290575,45,7.8508056927889,2.6657253262254494,1.8760550921604655,2.646344641570307,2.76949644873221,3.2156469164866404,0.045982582535828355,0.33954799424904425,0.23896338357777142,0.3370793705926285,0.3527658888916382,0.4095945107188511,0.005857052681620199
6.5,21.0,14.675,True,False,0.7375750087123989,47,10.884874149426071,4.384578092357292,2.8830616369217257,4.1409301249400565,4.358947884688032,5.108151931738121,0.1285845535362512,0.402813852706646,0.2648686238667942,0.38042976593885525,0.40045918995929475,0.4692890208572103,0.011813141040590818
6.5,21.0,14.9,True,False,1.2200849323674927,48,13.852078579230165,6.8931641915885065,4.333250025764623,6.243635058308106,6.589472235070844,7.802522968979305,0.3546373305913922,0.4976267028923826,0.31282309012178916,0.4507363297570247,0.4757027761126848,0.5632745240615675,0.025601741180066372
6.5,21.0,15.125,True,False,2.0077166542229663,52,16.08494632033465,10.259754004385819,6.258210025930312,8.931976486656566,9.42028098122492,11.119585240942282,0.8886817857568777,0.6378481966965223,0.38907248437743674,0.5553003602731783,0.585658216920237,0.6913038451912555,0.055249285142680446
6.5,21.0,15.35,True,False,3.2957108938954534,51,17.328185564668757,14.222227224670812,8.567150056734986,11.918774778767341,12.520923692528216,14.325145603109119,1.976024610927654,0.8207568629498735,0.4944054889510732,0.687825896963447,0.7225755775640877,0.8266962256173735,0.11403528681944995
6.5,21.0,15.575,True,False,5.4125883120109375,50,17.87081818060164,17.84365938690848,11.040347922185264,14.630057828567674,15.24957232308624,16.53175455458002,3.8949172707882758,0.9984802713888815,0.6177863716485744,0.8186562965789818,0.8533225602193916,0.9250698198320241,0.21794845828693613
6.5,21.0,15.8,True,False,8.916005201585572,49,18.08916483115632,19.950781841942923,13.326742099438738,16.51082287022251,17.02796447579909,17.58042823785597,6.777221161169972,1.1029133753914497,0.7367251182589201,0.9127465543232092,0.9413350276111452,0.9718761701798351,0.3746563881985893
7.0,21.0,14.0,True,False,0.15622321889084245,52,3.3879915670946503,0.8982599028287246,0.762058636270186,1.0069490671042152,1.0327452660543603,1.2321670611906823,0.01910261644936037,0.26513050137223965,0.2249293190902728,0.2972112082226101,0.3048252174192937,0.3636865785493436,0.005638330577588094
7.0,21.0,14.225,True,False,0.2602695695574213,45,5.235094245989591,1.5279040176801233,1.2027811210644834,1.6351830581489546,1.6834089331671642,2.051660698540963,0.048972960950098815,0.29185797731351126,0.22975347998479473,0.3123502617744861,0.321562297461361,0.39190520784084515,0.009354742942329103
7.0,21.0,14.45,True,False,0.4321642878658126,46,7.73588160870169,2.5406888579111264,1.8866890140694872,2.6146222752568837,2.7004490128863243,3.369135616668874,0.12207657131024097,0.3284291288860003,0.24388804140270826,0.3379863353022145,0.34908096445642733,0.4355205763334213,0.015780563545973014
7.0,21.0,14.675,True,False,0.7135396955907353,47,10.7185176972743,4.070800304070344,2.936539310443118,4.079695645892679,4.2196085705954935,5.401618318691798,0.3024050935943856,0.37979134979695384,0.2739687887243844,0.38062125390063384,0.3936746376477535,0.5039519895615249,0.028213331557150542
7.0,21.0,14.9,True,False,1.1716949767841645,49,13.681829186107123,6.202894144480528,4.5031105755299174,6.146003492219791,6.347630062276986,8.262809968130314,0.7108685735804071,0.45336731369070915,0.3291307408005423,0.4492091962718405,0.46394601013748443,0.6039258242253588,0.051957129701797555
7.0,21.0,15.125,True,False,1.9223587077807067,49,15.985868768801595,8.965131888126834,6.686236050360774,8.82700162909723,9.084753634578082,11.646372761617284,1.5054412745354546,0.5608160568428662,0.4182591604536247,0.5521752841061862,0.5682990249681084,0.7285417470926964,0.09417325365972665
7.0,21.0,15.35,True,False,3.1645810540105552,48,17.310634099366705,12.192902638225751,9.414721235839437,11.87223002850905,12.163958492892093,14.735547203465819,2.863697019397883,0.7043590990506707,0.5438692298500992,0.6858344968971058,0.7026870548512778,0.8512424859124545,0.16542993185342927
7.0,21.0,15.575,True,False,5.2339352598813855,46,17.888412799303435,15.280455307183031,12.333063904617614,14.682156258028229,14.962440495166359,16.755237861481778,4.953897067867085,0.8542096763206428,0.6894442812219682,0.8207634977318918,0.8364319776737815,0.9366531312456193,0.27693329326903654
7.0,21.0,15.8,True,False,8.695145051322491,46,18.109501283188973,17.429456958487858,14.829318071870608,16.623668500282314,16.84516174789174,17.687615836727385,7.812438490413158,0.9624482025171837,0.8188694895555542,0.9179528602322166,0.9301836358977529,0.9767036408201245,0.4313999799467385
7.5,21.0,14.0,True,False,0.15245613431885688,51,3.313609079770149,0.8658485993957502,0.75310213995946,0.9893739909877541,1.0031672370669917,1.298613605956276,0.0489249214516253,0.26130076860358264,0.22727549382852952,0.298578971499071,0.30274157660642853,0.39190308050651385,0.01476484409410751
7.5,21.0,14.225,True,False,0.2521262222134512,85,5.1010003212986135,1.4419038373099016,1.1981312979013208,1.6016175575746723,1.6222597902144122,2.185287238882216,0.1137245015677535,0.28267079915470805,0.23488163545073062,0.31398107365085054,0.31802777652078584,0.4284036661902984,0.022294548991285204
7.5,21.0,14.45,True,False,0.41602529659486803,47,7.534049088043797,2.34338630317634,1.903771826829353,2.5567393862511123,2.5873942177351115,3.6058136861702774,0.25017270421179433,0.3110394259170929,0.252689065943379,0.3393579410450809,0.3434267798760685,0.47860236162949144,0.03320561112467496
7.5,21.0,14.675,True,False,0.6844624329885735,48,10.479411588366329,3.6794369445335144,3.0099972687679597,3.9926609247412226,4.035718811145923,5.756596147841999,0.5307135039096982,0.3511110250329536,0.28722960668034975,0.3810004875821136,0.3851092952228499,0.5493243680048466,0.05064344495246922
7.5,21.0,14.9,True,False,1.1256845733884706,47,13.484422640478183,5.551649589201585,4.6885847359242625,6.043122848392634,6.097567782952604,8.674704362523588,1.0622236010807822,0.41170836432672897,0.34770378094274834,0.44815584689937704,0.45219346393435,0.6433129985471864,0.07877412547810157
7.5,21.0,15.125,True,False,1.8588801922027485,48,15.887730735309972,8.050811618127279,7.052373559892763,8.746778298410304,8.808519739361438,11.989424976908015,1.9636772390528001,0.5067313735519577,0.4438880339417566,0.5505366653131192,0.554422773529563,0.7546342002298606,0.12359708707100571
7.5,21.0,15.35,True,False,3.0860279801014454,47,17.287406498359555,11.085976146156097,10.00022703114274,11.853705317549808,11.916945996009506,14.93423986142398,3.375743742636012,0.6412746843899386,0.57846890058909,0.6856844211232399,0.6893426146449634,0.8638797186171985,0.19527184386832952
7.5,21.0,15.575,True,False,5.143816001905448,45,17.890661808220145,14.142481757145505,13.078246818468392,14.726992268072454,14.783465086256774,16.840326352565842,5.446983720253272,0.7904951705390529,0.7310096718981847,0.8231664331895149,0.8263229859649059,0.9412914140956089,0.3044595990155361
7.5,21.0,15.8,True,False,8.596786438908914,44,18.114563854545487,16.461243003045716,15.57073715550241,16.693458604189587,16.73599076096277,17.723025507705977,8.218567520986065,0.9087297455916995,0.8595700829747135,0.921549022004231,0.9238969756792245,0.9783854389217733,0.4536994424474526
3.5,24.0,14.0,True,True,0.6335363342117425,135,1.2909661864523823,0.40543790219221737,0.31461001476171274,0.4626059707467323,0.48354533329673216,0.5402904815241131,1.452429757881783e-05,0.3140577239334007,0.2437012046196744,0.3583408888640134,0.37456080443557604,0.4185163695176627,1.1250718826905203e-05
3.5,24.0,14.225,False,True,1.06358334350131,85,1.6972873333426557,0.6366655995954325,0.48789090049846523,0.7131507530439501,0.7468040192167551,0.7989050379057695,2.4383458096285003e-05,0.37510773048755186,0.2874533326879944,0.42017090390904144,0.4399985815872386,0.47069522184696766,1.4366134488415678e-05
3.5,24.0,14.45,True,True,1.5183669363079964,217,2.670443934184831,1.1908421414828079,0.7492538058223231,1.2563806238273887,1.3270073289432098,1.2949552291072497,0.00010143295874998413,0.44593414834088985,0.2805727528037533,0.4704763158455549,0.49692386795916266,0.4849213318168923,3.798355676055306e-05
3.5,24.0,14.675,True,True,2.2650361159177153,255,3.6210826653448165,1.93487326112413,1.1581277627500317,2.0063991435340025,2.12293370602827,1.8972901654088794,0.00030769852685754524,0.5343355675476915,0.3198291422158818,0.5540881910087363,0.5862704340736485,0.5239566010372234,8.497417907697634e-05
3.5,24.0,14.9,True,True,3.3106986209764,235,4.764071991635145,3.020787136717839,1.7590410370316063,3.094609655603883,3.2692856520243097,2.6611362548630857,0.0009414904515141945,0.6340767188283046,0.3692305742063022,0.6495723954292592,0.6862376676432658,0.558584391574175,0.00019762305296126565
3.5,24.0,15.125,True,True,4.77017685990253,317,6.132529478509547,4.588129909148416,2.5610903236447085,4.570444318079604,4.807691735834506,3.566451911034637,0.0027069719764090745,0.7481627157646402,0.41762380965629814,0.7452788175084983,0.783965532115627,0.5815629461762374,0.0004414119794931631
3.5,24.0,15.35,True,False,6.811733232432882,329,7.771274690964861,6.865600596836808,3.539403340081498,6.438059316456494,6.7332966753311965,4.55900019208025,0.0075789019680940544,0.8834587464549388,0.4554469480015324,0.8284431541123611,0.8664340076872521,0.5866476702182066,0.0009752456668280603
3.5,24.0,15.575,True,False,9.689236421788866,526,9.714429770677098,10.1633254338804,4.634354792522412,8.663402605599924,8.999007694772988,5.565548401575777,0.021044833275534865,1.0462091624315706,0.4770588600589982,0.8918076315452206,0.9263547019441528,0.5729156042051304,0.002166347770515411
3.5,24.0,15.8,False,False,16.26632903743866,85,9.747989054459765,11.04248260866753,4.749552596241457,9.028440112941729,9.399789506873109,5.621601524562096,0.03531769764126036,1.1327959589383747,0.48723409204778567,0.9261848841337343,0.9642798585799239,0.5766934588411523,0.0036230752254591725
3.75,24.0,14.0,True,True,0.5048064290738998,53,1.7326691257308355,0.5347858435081431,0.41799718558355553,0.5930160992130611,0.6194448002807226,0.7341359005455973,2.2976308750241e-05,0.30864856744219515,0.241244666610681,0.3422558239230634,0.3575089964273717,0.42370230394446523,1.3260644175528695e-05
3.75,24.0,14.225,True,True,0.7942685402271105,48,2.550634456949876,0.9283222927641624,0.6413606981965392,0.9710011858524655,1.0219125614773072,1.1560791395242704,5.9269335886778214e-05,0.36395740292565393,0.251451436503958,0.3806900605481577,0.40065033964111835,0.4532515964309304,2.3237095274582875e-05
3.75,24.0,14.45,True,True,1.2213922150296495,182,3.5901594501501193,1.5682425108790994,0.9801703040728338,1.5663668859085313,1.6586595601514476,1.7633804032315417,0.00016203700440196034,0.43681695274384674,0.27301581383296186,0.43629451773876926,0.462001641760533,0.49117049749915914,4.513365120738159e-05
3.75,24.0,14.675,False,False,1.8553626609458418,334,4.778263005564855,2.5294035743447916,1.662261567270374,2.4215755824404117,2.5649060533642736,2.583422165811701,-0.0001943571796339394,0.5293562893877964,0.3478798813155477,0.5067899317430202,0.5367862862251692,0.5406613580715416,-4.0675278737814845e-05
3.75,24.0,14.9,True,True,2.70762505880169,268,6.2673207220440394,3.993267024970699,2.2143486347696633,3.776285736502772,4.010682338994183,3.6184183670777457,0.001506587621899311,0.6371569610160823,0.35331662970129124,0.6025359007431114,0.639935710468337,0.5773469282257547,0.00024038782898092197
3.75,24.0,15.125,True,False,3.9485212032884496,301,7.884512310813652,6.077117405727862,3.144786655101347,5.535005932339918,5.858311859463235,4.835428396263433,0.004396213104260361,0.770766429953196,0.39885620456045895,0.7020099296120861,0.7430151198354435,0.6132818626754653,0.0005575757803346861
3.75,24.0,15.35,False,False,6.62879326172278,85,8.05217757397778,7.726816038103229,3.539702320820859,6.487757313227472,6.927952749143927,5.189253065618054,0.007380208664795351,0.9595933481489503,0.4395956607142041,0.8057146347832611,0.8603825096372676,0.644453381454001,0.0009165481755700433
3.75,24.0,15.575,True,False,8.340890987601524,345,11.697585113978636,13.453252691334395,5.335380975907445,10.20265137703003,10.659176271134529,7.498857054384924,0.03536120137507391,1.1500880361415564,0.4561096092843689,0.8722015080563801,0.9112287850247649,0.641060268535578,0.00302294884204922
3.75,24.0,15.8,True,False,12.240327750615357,399,13.817991263582936,19.71431805998127,6.362090504605775,12.789241836975657,13.244405459202001,8.757968696163053,0.09926288251790291,1.4267137447060048,0.46042079367736677,0.9255500016620701,0.9584899285692408,0.6338091064831195,0.007183597139731043
4.0,24.0,14.0,True,False,0.3918915876467456,134,2.1794240486126983,0.6552627259021525,0.5143816873729259,0.713689853478707,0.7448615876918974,0.9266386134649927,3.641786367575271e-05,0.3006586654484504,0.23601725772474294,0.32746718287017285,0.3417699222719119,0.42517591473528976,1.6709856761897402e-05
4.0,24.0,14.225,False,False,0.6579091720097855,85,3.0921955469885907,1.060421915581519,0.8178240789586061,1.133805507635074,1.187291733945579,1.4319022284997516,6.113844484544125e-05,0.34293494685814313,0.26448006490244896,0.3666668198714851,0.38396398801552245,0.46306975310608806,1.9771855924500768e-05
4.0,24.0,14.45,True,False,0.9697371118736602,183,4.590288089266991,1.9365956492211984,1.19865744337922,1.8593711216963091,1.9730040352292577,2.2522347186585447,0.00026038939185466084,0.42188978372606833,0.26112902285630396,0.40506632384226376,0.4298213961434217,0.4906521496820033,5.672615460966451e-05
4.0,24.0,14.675,True,False,1.4794375323461306,244,6.189348595727176,3.1798810333880203,1.8040635695290717,2.915337034576398,3.1095387319657024,3.322606240812907,0.0007859371051134526,0.513766672567652,0.2914787463699345,0.47102485657198306,0.5024016152705272,0.5368264833405364,0.00012698220062383063
4.0,24.0,14.9,True,False,2.218868218176341,85,7.95815576073609,5.0327975526462785,2.6504839388290393,4.436152503881004,4.737465749751415,4.675892178048255,0.002433330835603247,0.632407520530959,0.33305253359151177,0.5574347420753024,0.5952969371528389,0.5875597712120878,0.0003057656709370785
4.0,24.0,15.125,True,False,3.296215770856228,313,9.827358033834386,7.7589621314155,3.702825505560666,6.476439703361196,6.9007446112533355,6.256503369815062,0.007211153386860067,0.7895267583314199,0.3767874837583298,0.6590214461571066,0.7021973339624872,0.6366414399754938,0.0007337835216782529
4.0,24.0,15.35,False,False,5.533700280712383,85,10.12816412119017,10.573820366295816,4.257519648203526,7.839243273268808,8.461760263733174,6.910053014037637,0.012104563823072453,1.044001680835053,0.42036440141169634,0.7740043683600588,0.8354683200709058,0.6822611611891642,0.0011951389884912365
4.0,24.0,15.575,True,False,7.30454143286652,372,13.700684370453986,17.563980280404454,5.959700489714538,11.680185436263928,12.280549222209624,9.626009259400158,0.059823465274918504,1.2819783162278962,0.4349929046294099,0.8525256929101048,0.8963456780810939,0.7025933157148697,0.0043664581751791855
4.0,24.0,15.8,True,False,11.026597662680915,397,15.605226499463042,25.873261611967273,6.894825045688995,14.304258562840271,14.883324078112693,11.11522131979265,0.1696632551569306,1.6579869323176786,0.441827937962082,0.9166325502121013,0.9537397024403851,0.7122755520514304,0.010872207152056942
4.25,24.0,14.0,True,False,0.3028990136036403,91,2.5769952621579324,0.7532952290557297,0.5928502861954486,0.8125468023707698,0.8475790855810035,1.0929874814900347,5.85600380890613e-05,0.2923153333331831,0.23005486075244302,0.3153078371166103,0.3289020736775647,0.42413251492545834,2.272415434711514e-05
4.25,24.0,14.225,True,False,0.48749694513427455,137,3.8774655970460143,1.3164147514901705,0.9099850065127474,1.319034039592286,1.3893391968859374,1.7433278150014624,0.0001545658247826498,0.3395039152618298,0.23468551396200782,0.34017943075940404,0.3583111602445637,0.449604972982762,3.9862590889369415e-05
4.25,24.0,14.45,True,False,0.7719682771349621,183,5.566049437658756,2.25463103103097,1.3821465468209015,2.1095076905820758,2.242518995667156,2.703240313653003,0.0004245196511752293,0.40506845228082167,0.24831733212241697,0.37899550016742156,0.4028923962648857,0.4856658827647901,7.626947189922817e-05
4.25,24.0,14.675,True,False,1.2012195171221496,47,7.562639499228734,3.749359500787595,2.07332315897292,3.3036388033476562,3.5363283746347083,4.032946380746432,0.0012798951244768926,0.49577392934966275,0.27415337716208277,0.4368367424739172,0.4676050438468416,0.5332723292122713,0.0001692392086926028
4.25,24.0,14.9,True,False,1.8412752980319167,272,9.705302693725644,6.0340518736395445,3.028993158677174,5.023418242725467,5.3930091733535885,5.732760450118169,0.003988897909057308,0.6217273241297753,0.31209672220067697,0.5175952158579292,0.5556765557492711,0.5906833234397034,0.0004110019063739331
4.25,24.0,15.125,True,False,2.7994365996977897,315,11.818967941945946,9.49189587453769,4.19034126818865,7.324101205247042,7.855972260699819,7.713153061203717,0.011985043189643526,0.8031069989495958,0.35454375447766273,0.6196904197746016,0.6646919002816386,0.6526080025845113,0.0010140515862732966
4.25,24.0,15.35,False,False,4.699705412052003,85,12.318373392871495,13.882061626917478,4.911721203520837,9.132472222196242,9.967220809550591,8.802132205502895,0.020113597460795486,1.1269395060674872,0.39873131353228786,0.7413699788870746,0.8091344929776614,0.7145531252199735,0.0016328127764364572
4.25,24.0,15.575,True,False,6.536110813903826,473,15.571105429506279,22.403773221010862,6.478779502771595,12.991229346252243,13.747055386632496,11.767687445936087,0.10183784479364658,1.4388042854399472,0.41607704296284004,0.8343164462578662,0.882856740574287,0.7557387302533479,0.006540180801850469
4.25,24.0,15.8,True,False,10.142823145552113,321,17.149811148586906,33.46087120469028,7.3177839697569045,15.587873527371631,16.294703462622262,13.416205245457961,0.29011047971042775,1.9510926922042144,0.426697641528249,0.908923917139229,0.9501389444725692,0.7822946345717292,0.016916249234285707
4.5,24.0,14.0,True,False,0.23917612594190024,53,2.889494263246779,0.8243401436854254,0.6497662685792092,0.8851137639346249,0.9230818489891115,1.2197137584227842,9.626889172394267e-05,0.28528872826317914,0.2248719704496314,0.3063213432166732,0.3194613883579374,0.4221201522830688,3.331686549734491e-05
4.5,24.0,14.225,True,False,0.38985988595298815,139,4.4039466284102,1.4471631027181728,0.999619930703931,1.4378793383829596,1.5152325122574737,1.9602159458532271,0.0002564281314942326,0.328605958433377,0.22698275320942937,0.32649790283721625,0.3440624149444936,0.44510438278423325,5.822689354135105e-05
4.5,24.0,14.45,True,False,0.6278648266145936,178,6.410260812740997,2.498930197133842,1.5202312583539723,2.302371594522604,2.4513236673149343,3.071082717777314,0.0007055746968324986,0.3898328430205184,0.23715591342748013,0.3591697220722164,0.3824062294692749,0.4790885749411706,0.00011006957711144958
4.5,24.0,14.675,True,False,0.9973758238074502,189,8.805329385134204,4.208649050620364,2.280517818175014,3.611515472374992,3.877455072531584,4.639215056061157,0.002124875074296364,0.47796611194644356,0.25899290286915894,0.4101510930950765,0.44035321144008366,0.5268644536902182,0.00024131693220741203
4.5,24.0,14.9,True,False,1.5648333695084677,259,11.330121272404883,6.891847111377675,3.3264994471311358,5.500138796459048,5.931606410466376,6.676568418623181,0.006655976205132687,0.6082765528876675,0.29359786776801794,0.48544394752904635,0.5235254122930811,0.589275989029731,0.0005874585139122627
4.5,24.0,15.125,True,False,2.438447713350612,232,13.66929838550228,11.08451055855918,4.578809979173923,8.022048025390603,8.655290876800144,9.058879692446947,0.02020910501868127,0.8109055963190811,0.33497037302442895,0.5868661140573845,0.6331920361018665,0.6627172395369492,0.0014784303077409692
4.5,24.0,15.35,True,False,3.8060923890830156,312,15.618938402185547,17.63150484860795,5.832714734192542,11.019560252377714,11.841875562701434,11.518102289144975,0.05982746907414666,1.1288542405763498,0.3734386156088799,0.7055255593322369,0.7581741638115692,0.7374446324427053,0.0038304440118526266
4.5,24.0,15.575,True,False,5.987156188712033,48,17.16801131453045,27.563350925899222,6.887164295567697,14.0586250400285,14.964379623699154,13.724774880983212,0.17413887484932714,1.6055063350622616,0.4011626139679104,0.8188848890220461,0.8716431594516592,0.7994388301321194,0.010143217619034396
4.5,24.0,15.8,True,False,9.511571398391174,357,18.38685739786706,41.97379912699653,7.6538884583940066,16.59785491026102,17.424618591667468,15.432392095906259,0.49404769892077066,2.2828152858718336,0.41626952843403703,0.9027021067877771,0.9476670327409393,0.8393164618602236,0.0268696106262336
4.75,24.0,14.0,True,False,0.19701206215417816,52,3.1101468350536803,0.871391611910453,0.6875166151786618,0.933824123073303,0.973843106337856,1.3069146687531883,0.00016195982580691028,0.2801770006770156,0.22105599884540353,0.3002508153468534,0.31311804811332894,0.42020995729953414,5.207465576271253e-05
4.75,24.0,14.225,True,False,0.3244795423387898,85,4.790673720642642,1.5353472659605636,1.0599722262761906,1.519297042565152,1.6016872674658582,2.1133144462199813,0.0004341654721322267,0.32048671136689416,0.2212574447950509,0.31713640526563486,0.33433445082354735,0.4411309493096708,9.062722645072681e-05
4.75,24.0,14.45,True,False,0.5300661935508483,208,7.059260502918339,2.6684405215174394,1.6149909903997288,2.4378934632973155,2.5985939823124324,3.3398408722441406,0.0011958190879981245,0.3780056735991384,0.22877622801029687,0.34534686208130105,0.3681113597151088,0.4731148355926844,0.00016939721766943803
4.75,24.0,14.675,True,False,0.857391585879536,47,9.803441875028774,4.540277374621154,2.425912331557947,3.833827037315483,4.125188644218175,5.101334053013151,0.003596608809047975,0.4631309526285969,0.24745516549011282,0.39106949234645516,0.4207898304294345,0.520361534045223,0.0003668720491125897
4.75,24.0,14.9,True,False,1.3737928070664591,52,12.674957419330417,7.543135225096615,3.5401851249407663,5.852557901534252,6.333154419625722,7.429154055193386,0.011300321665471742,0.595121149171884,0.2793054846513074,0.46174181955109295,0.4996588319868522,0.5861285217308326,0.00089154711070175
4.75,24.0,15.125,True,False,2.189199232615256,47,15.207263144823,12.367639749864834,4.863669340384668,8.545285943931166,9.261701965238856,10.172729456553718,0.03453510302392475,0.8132718972562228,0.31982542118634966,0.5619213570878618,0.6090314790397912,0.6689388721478667,0.002270961098985225
4.75,24.0,15.35,True,False,3.4930481243277556,260,17.105160351031174,20.14427785457728,6.157940254992602,11.717760365055696,12.657215940939846,12.962612234845276,0.10264290315521397,1.1776725526786946,0.36000482477917106,0.6850424155391971,0.7399647639185571,0.7578188084079454,0.0060006980962926905
4.75,24.0,15.575,True,False,5.607148477463792,52,18.409071256110824,32.274098034638776,7.203368682237582,14.85308674968756,15.886065650393503,15.341209731680387,0.298018642816832,1.7531627525166706,0.3912945189913614,0.8068352033108206,0.8629476973272175,0.8333505540964175,0.016188684299752808
4.75,24.0,15.8,True,False,9.060562183207947,91,19.308484512852136,49.95668488271112,7.9437225342956275,17.336899910206707,18.265637813616895,17.025307225167793,0.832066242303537,2.587291863815562,0.41141097992481584,0.8978902460556601,0.9459902356116504,0.8817526416345824,0.04309329620093675
5.0,24.0,14.0,True,False,0.1707104325611313,54,3.2535314144806713,0.9005831954107134,0.7110064229232532,0.9644129466947151,1.0057359372781425,1.3627107660394582,0.0002777729946635078,0.27680175190638645,0.21853375066819328,0.2964203580154012,0.30912132361834843,0.4188405127961471,8.537584528220881e-05
5.0,24.0,14.225,True,False,0.2832452527189904,46,5.0494922003227725,1.5906497165034963,1.0979689345477777,1.5712183485648699,1.6568491457536412,2.213248758171589,0.0007476556092873413,0.3150118177035345,0.21744145569283058,0.31116363512046513,0.32812193385460275,0.4383111549375429,0.00014806550433715888
5.0,24.0,14.45,True,True,0.4675523870889996,46,7.509444899986097,2.7768313454568028,1.6756181881198535,2.526061275265378,2.694485197496636,3.5201648299658466,0.0020599423128341856,0.3697785099218111,0.22313476034999014,0.3363845542391628,0.3588128328235852,0.46876498554138984,0.0002743135265348307
5.0,24.0,14.675,True,True,0.766638092289162,47,10.521899868146654,4.759837501947449,2.5209514044313415,3.9817793417095038,4.290405418968806,5.422569280633196,0.0061852361075820485,0.4523743393868521,0.2395908948024789,0.3784277926616366,0.40775957505139476,0.5153602817537872,0.000587844038157676
5.0,24.0,14.9,True,True,1.2485838085402265,47,13.669809737898847,7.989163132624015,3.6834575111912176,6.0915710330802915,6.606430839962208,7.97375000976902,0.01945085398262361,0.584438502496086,0.2694593108329094,0.4456222251719951,0.48328623196899495,0.5833109723292057,0.0014229059771546867
5.0,24.0,15.125,True,True,2.02483345738182,48,16.35195770281282,13.271465632449292,5.061048937837299,8.903419495479447,9.678943460198001,11.008246888154344,0.05959124419484065,0.811613255956892,0.30950721802360776,0.5444864558295613,0.5919134354495704,0.6732066635825957,0.0036442880588291844
5.0,24.0,15.35,True,True,3.284962482781021,303,18.190798129434295,21.942268715059605,6.396225508445915,12.194405825461777,13.218191150518818,14.065591963459392,0.1767641955526099,1.206229026287478,0.35161873948214867,0.6703612309198334,0.726641627072461,0.7732256640625371,0.009717231442780404
5.0,24.0,15.575,True,False,5.346968627554952,51,19.288364775169494,35.597116386586485,7.464651025055743,15.390970214947341,16.516840944199462,16.55977485629026,0.5069382463976422,1.8455227698934722,0.3870027922048228,0.7979406442354622,0.8563111044779752,0.8585370014159089,0.02628207483146728
5.0,24.0,15.8,True,False,8.726449098776834,53,19.949269399700512,55.066329524067434,8.24201623994612,17.83729160966603,18.84300403730338,18.179856101789383,1.3710130824261224,2.76031810592994,0.4131487762689621,0.8941325745961308,0.9445460713256126,0.9113043559410906,0.06872497708846945
5.25,24.0,14.0,True,False,0.15494750408446156,54,3.341259414476633,0.9178360167186173,0.7249936894796289,0.9827275785240677,1.0247828445760625,1.3968875776413912,0.0004830053682475177,0.27469762232226586,0.21698216137856816,0.2941189104522134,0.30670556142273736,0.41807217110683287,0.00014455787723479548
5.25,24.0,14.225,True,False,0.2583199765754091,45,5.210865739302074,1.6233079301949607,1.1207991809615432,1.6025882692085176,1.6900286512101872,2.275477105415673,0.0013032780511479344,0.3115236529606655,0.2150888618196598,0.307547411387184,0.3243278057355099,0.436679281189932,0.00025010777792990903
5.25,24.0,14.45,True,True,0.4293299647622062,46,7.797051716222285,2.841119029250761,1.712573638261632,2.5799880380005216,2.7527683211366933,3.634987381541752,0.003590325629126073,0.3643837610233652,0.21964374491687783,0.33089276971610754,0.3530524641011904,0.46620024001879057,0.0004604722092141779
5.25,24.0,14.675,True,True,0.710465642880328,88,10.99236023815862,4.888168901656046,2.580001990792557,4.07322253297645,4.391549115703242,5.633283401685667,0.010760182500668845,0.44468783734792205,0.2347086462683782,0.3705503135565701,0.3995092064449018,0.5124725972981145,0.0009788782634066343
5.25,24.0,14.9,True,True,1.1700135567697147,48,14.33347594278128,8.246253590764423,3.775500969415792,6.240171724479436,6.774323482656905,8.343986121328287,0.033791915742344275,0.5753142938728311,0.2634044236364896,0.43535648640915686,0.47262251736422906,0.5821327746763715,0.0023575520604520762
5.25,24.0,15.125,True,True,1.9198036751375864,47,17.11922935334158,13.778217288127582,5.196660989690048,9.12559030454317,9.93464805373794,11.595705761100412,0.10327255484022668,0.804838641024349,0.3035569465441905,0.5330608122708459,0.5803209857573846,0.6773497522443668,0.006032546951073381
5.25,24.0,15.35,True,True,3.1470839196396305,49,18.911716289148142,22.879339169108682,6.5837236354793225,12.48762728230988,13.560270797078527,14.855412571864548,0.30316438621470876,1.2097970813065353,0.34812935721001553,0.6603116867544956,0.717030151560577,0.785513717778689,0.016030506252289196
5.25,24.0,15.575,True,True,5.161304734033267,53,19.862692728986243,36.88488470641357,7.722123961146868,15.71865771356577,16.899514894251414,17.424410487284234,0.8470565399980768,1.856993168533807,0.38877528170577463,0.7913659002853649,0.8508169121294128,0.8772431172867238,0.042645604579178785
5.25,24.0,15.8,True,False,8.456723388661167,52,20.365397711080544,55.25560096152188,8.616427556237607,18.14449270424074,19.198011908104963,18.973488542697286,2.1774337579311105,2.7132100116786835,0.4230915437290735,0.8909471330564078,0.9426779766574153,0.9316532292602399,0.10691830274183144
5.5,24.0,14.0,True,False,0.14572940485227598,55,3.392462356104034,0.9275430429229263,0.7330428591291751,0.9932758610382179,1.035630951572446,1.4175692231572448,0.0008473348520935476,0.2734129212234307,0.21607988009364826,0.29278905902994723,0.3052741174000184,0.41785849756199134,0.00024976986128348453
5.5,24.0,14.225,True,True,0.24364246442611753,45,5.305837902686327,1.6412052566427102,1.134058480183189,1.6206689344079368,1.7087972578901172,2.3138665133858223,0.002289704437919566,0.3093206552374647,0.21373786779445697,0.3054501407944253,0.32205983093169116,0.43609822912500207,0.0004315443630044365
5.5,24.0,14.45,True,True,0.4066057595480208,46,7.968327023064218,2.8745966221038954,1.73440246874037,2.6110593889961837,2.7854125695465544,3.707524123139527,0.006304509803990242,0.36075284231977595,0.2176620592654098,0.32767974776116826,0.34956052399508886,0.46528262612818816,0.0007911961677453651
5.5,24.0,14.675,True,True,0.6765820356667203,87,11.275927869370507,4.949797793829727,2.615997792366897,4.125573531057534,4.447203079083939,5.770655589185307,0.01884113840876671,0.43897033141504616,0.23199845038676523,0.36587441662021286,0.39439797155532974,0.5117676927377739,0.0016709168972201432
5.5,24.0,14.9,True,True,1.1215265813269342,48,14.73590152072754,8.349869960556429,3.8353698168251067,6.323387053263242,6.863406644013895,8.59476645504967,0.05889612661253491,0.5666344844128803,0.2602738496474254,0.42911436700148664,0.46576089249509556,0.5832535215412684,0.00399677797314888
5.5,24.0,15.125,True,True,1.852329636984018,49,17.582353416664017,13.905686774287124,5.2981438538204975,9.244974203228262,10.062726205400987,12.007421064044758,0.17831288962154906,0.7908888215787848,0.301333031379012,0.5258098267133089,0.5723196415710676,0.682924565301053,0.01014158260819337
5.5,24.0,15.35,True,True,3.051552578289525,51,19.34083901957725,22.828115214038604,6.760645342827181,12.637059968937281,13.720911675476321,15.417620439616076,0.5117432466074566,1.180306355423953,0.3495528470085449,0.6533873714654134,0.7094269106726804,0.7971536510908344,0.026459206143511053
5.5,24.0,15.575,True,True,5.015248790441517,51,20.202907587213755,35.74891326303472,8.034090367176912,15.882053147456704,17.076364006596197,18.031987766578535,1.3679887485351174,1.7694934805156413,0.39767000529476354,0.786127099720454,0.8452428905532231,0.8925441889359937,0.06771246874390029
5.5,24.0,15.8,True,False,8.211847368241285,52,20.61990105007638,50.515286518960764,9.142581116176057,18.308718187251216,19.378239332131248,19.513705981612894,3.2778952701150486,2.449831664869878,0.44338627493763805,0.8879149392030374,0.939783332862282,0.94635303701133,0.1589675557683099
5.75,24.0,14.0,True,False,0.14040095858001136,56,3.420705154598049,0.9325018784944784,0.7374809297482355,0.9990429801195453,1.0413291315509705,1.430548299358421,0.0014941530122005334,0.2726051607344838,0.2155932465436044,0.2920576123834146,0.3044194353176669,0.41820274905468086,0.0004367967844852458
5.75,24.0,14.225,True,True,0.23508939182675437,45,5.357865750065339,1.6493095581222341,1.1414980567699542,1.630390779268591,1.7182130147706394,2.3388126617745995,0.004040749514017223,0.3078295789890071,0.21305088817427603,0.3042985500800778,0.3206898222020001,0.43651945959005745,0.0007541714747085527
5.75,24.0,14.45,True,True,0.39318067060187645,46,8.06185241377266,2.886561922458887,1.7471521479028138,2.6273602742435562,2.800788705389151,3.756445711856577,0.01111112305865894,0.3580519431895775,0.2167184485935297,0.32590031910718703,0.34741255007401967,0.4659531729257611,0.0013782344910801124
5.75,24.0,14.675,True,True,0.656024976621817,46,11.42996529406079,4.96126643734193,2.638683358824651,4.1516710915991695,4.470739083703553,5.867564302306725,0.033033021294563675,0.43405787416694,0.23085663787586105,0.36322692018640257,0.39114196488651004,0.5133492667169878,0.0028900368850400806
5.75,24.0,14.9,True,True,1.0905284640621988,47,14.952168632052178,8.32852227006576,3.8791104873576137,6.360699299658927,6.894013607785368,8.780446987118538,0.1021661745083417,0.557010991182399,0.259434640072355,0.42540312754524656,0.46107115144535177,0.5872356848822822,0.006832866657839415
5.75,24.0,15.125,True,True,1.8049237791216568,49,17.8294009753757,13.707308982193082,5.392685161601655,9.290198202325904,10.093112391975334,12.322162773036744,0.302961398907234,0.7688036743985024,0.3024602547808267,0.5210605906029403,0.5660937462742015,0.6911147934838059,0.016992236549374592
5.75,24.0,15.35,True,True,2.9745318417322224,51,19.572341142985042,21.943695881337753,6.971450937653187,12.6843678746645,13.743853718182818,15.846875274870005,0.8354440890677957,1.1211584613730603,0.3561889140764255,0.6480761694270145,0.7022079585562904,0.80965660464945,0.04268493395677546
5.75,24.0,15.575,True,False,4.879795587086075,51,20.396216221787476,32.82947407021279,8.463116211524198,15.93641686429332,17.104489277729357,18.478444748594825,2.095114819033824,1.6095864896325212,0.4149355997944265,0.7813418278665752,0.8386109017347121,0.905974154601084,0.10272075939241113
5.75,24.0,15.8,True,False,7.969994812909147,51,20.771127973648902,43.053145383358554,9.887911243740328,18.38043035822885,19.4304588118203,19.889672966087943,4.613945270434101,2.0727398838415287,0.47604113056760977,0.884902850800737,0.9354551585484704,0.9575634501564283,0.22213262930581043
6.0,24.0,14.0,True,False,0.13730976205805048,55,3.43432569132197,0.9342500772844159,0.7396879040810981,1.0017959543373034,1.043615244236323,1.4397980754916806,0.002641122759527111,0.27203304556848723,0.21538082597995273,0.29170091726265,0.303877773407858,0.41923748790915083,0.0007690367766227981
6.0,24.0,14.225,True,True,0.23004480117840484,45,5.3817353828552115,1.650098730022867,1.1454127475171654,1.6346714948132905,1.721083545627996,2.3577955291365793,0.007142725080256119,0.3066109001344894,0.21283334575797763,0.30374430894928844,0.31980084920394153,0.43811063930194216,0.001327215957702223
6.0,24.0,14.45,True,True,0.3850140920294584,47,8.10301687744243,2.880961460619225,1.7547449974492138,2.6336785272598258,2.803401427918103,3.7959253440276712,0.01957844323759607,0.3555418314182937,0.21655452826886706,0.3250244405378924,0.34597008377488975,0.46845827935950024,0.0024161918374006456
6.0,24.0,14.675,True,True,0.6427268805563161,46,11.494592024608163,4.928130196491632,2.655023280496616,4.159115551500555,4.469106038066953,5.950442460206707,0.05760922479808837,0.4287346767889856,0.23098021006857986,0.3618323767034554,0.38880075330201197,0.5176732194990236,0.005011854676943368
6.0,24.0,14.9,True,True,1.0681256603822136,48,15.038870006257573,8.19056804978541,3.9198554451746683,6.36385970264102,6.8766493528208885,8.946471254307147,0.17441158570442356,0.5446265607972787,0.260648269686728,0.42316076274301595,0.4572583811123815,0.5948898587849074,0.011597386348299578
6.0,24.0,15.125,True,True,1.7650740710393689,52,17.93075441002928,13.214250681589911,5.505125086885437,9.280186533630554,10.042960959926802,12.604659034131462,0.49809813186691915,0.7369601066087176,0.3070213868863339,0.5175569483256003,0.5600969557817062,0.7029631183326702,0.02777898355399458
6.0,24.0,15.35,True,False,2.9003555494003,53,19.680621311651,20.42135269961946,7.256068951744034,12.661166719116565,13.658838614395801,16.213825024023972,1.2939921198198563,1.037637601793087,0.36869105079769077,0.6433316569950517,0.6940247667033621,0.8238472133207161,0.06574955634423027
6.0,24.0,15.575,True,False,4.7419570193377405,52,20.502042106149553,28.946862335789152,9.055505776227088,15.923867063143746,17.02149268090948,18.826820222090525,2.9976764120784147,1.411901418693633,0.4416879903641845,0.7766966324963018,0.8302340124354691,0.9182899988505756,0.14621355260895044
6.0,24.0,15.8,True,False,7.730013788487051,53,20.862818317493968,35.49094444286299,10.883391926606478,18.40541463107696,19.393575019356323,20.156937223410644,6.037330011634426,1.7011577200527597,0.5216645115238575,0.8822113269156729,0.9295759913268453,0.9661655926183556,0.28938228381982223
6.5,24.0,14.0,True,False,0.13421372129416845,55,3.4321786688818627,0.9297831584438061,0.7398856058483436,1.001215713503004,1.0402290192206565,1.4584674001835936,0.008223146196046275,0.2709017356449894,0.21557316131487525,0.291714333691486,0.3030812552539821,0.42493924148148554,0.002395896889227278
6.5,24.0,14.225,True,True,0.2245480339486159,45,5.370332533112772,1.6301977010669155,1.1473031605463626,1.631445337971995,1.7098908058377675,2.4006887207027785,0.022084398801046862,0.3035561934042871,0.21363726612313866,0.3037885136372311,0.31839570367287373,0.4470279458302524,0.004112296336377185
6.5,24.0,14.45,True,True,0.37486724540345273,47,8.073575979147241,2.8125896517780506,1.7640151380379785,2.623302032924843,2.773091969781704,3.8913513244747326,0.05917363813863497,0.34836975078236965,0.2184924180554129,0.3249244250255913,0.3434775342356544,0.481986090739156,0.007329297239720174
6.5,24.0,14.675,True,True,0.622725861130537,47,11.435502166715827,4.713568418211823,2.689391649358243,4.129030251559336,4.393259480867411,6.156115823449339,0.1648264966405152,0.4121872699155386,0.23517914737369264,0.3610711791544487,0.3841772242984163,0.5383336677043645,0.014413577492054457
6.5,24.0,14.9,True,True,1.0266283124137021,49,14.956265642083247,7.562345456899264,4.035753773684576,6.289751780659324,6.707941041226373,9.343054288055857,0.4533909686727558,0.5056305924134356,0.26983699475950457,0.4205429303797274,0.44850373761427986,0.624691651756091,0.030314450112267684
6.5,24.0,15.125,True,False,1.6806476245731294,50,17.879313377540296,11.543238107477519,5.8561759090972005,9.14775206279468,9.741163940314102,13.203722203371353,1.1341751250519845,0.6456197653528434,0.3275391949029561,0.5116388906906201,0.5448287489916025,0.7384915698137298,0.06343504927189861
6.5,24.0,15.35,True,False,2.7411322916649996,50,19.710568337674356,16.554909674256706,8.116213586866543,12.508993290064518,13.257636668701533,16.85850478423099,2.5118855893146654,0.8399001688152242,0.4117696378827082,0.6346338205862435,0.6726156466711907,0.8553028251350828,0.12743851655020527
6.5,24.0,15.575,True,False,4.470476476719966,50,20.5892741927599,21.602559031406898,10.709371880597969,15.84236572745821,16.648577694838764,19.320000945104923,4.918213979723451,1.0492142087749414,0.5201432445036774,0.7694475084036274,0.8086043995029772,0.9383526958856419,0.23887262531347092
6.5,24.0,15.8,True,False,7.314079120645658,48,20.958904266681607,24.938650515383426,13.391407618035192,18.448012163303247,19.162467048881783,20.475864069550667,8.465386224733106,1.1898833163252922,0.6389364371172556,0.8801992665537421,0.9142876366559094,0.9769529842312019,0.4039040456036883
7.0,24.0,14.0,True,False,0.13197078649779032,55,3.3902677227370734,0.9108829813727144,0.7350264846594634,0.9920231981935895,1.0233642125764615,1.4954855307319936,0.024528202796090155,0.26867582617850866,0.21680484987364143,0.2926091032694896,0.30185351018540396,0.44111133781630657,0.0072348866821313265
7.0,24.0,14.225,True,False,0.21945533694452324,46,5.280020480988069,1.5695606680268888,1.1445233165603772,1.6108643877680229,1.6691277215882099,2.4859076178105903,0.06330021125692574,0.2972641249552826,0.21676493882580516,0.3050867688048392,0.31612144831602246,0.4708140104307689,0.011988629870822044
7.0,24.0,14.45,True,True,0.36338630781561254,49,7.907304448265023,2.642821325046205,1.7762937796566045,2.5800053810018806,2.6834747074998764,4.06998034858605,0.1576224370685987,0.3342253156353526,0.22463960901952484,0.32628127548168084,0.33936655974953256,0.5147114766118639,0.019933776181234975
7.0,24.0,14.675,True,False,0.5974406186127601,50,11.181080494636563,4.2834642308557065,2.7514015128006997,4.043077346893975,4.212366582747157,6.49203591608209,0.3883853456245091,0.3830993107428603,0.24607653205971602,0.36159987836894597,0.37674056498992037,0.5806268829918759,0.03473594039599421
7.0,24.0,14.9,True,False,0.9751680484726013,52,14.668261847109202,6.595277548261759,4.232864070290896,6.14336061107186,6.390312484806928,9.860922790261995,0.9101865085338181,0.44962911195654354,0.288572982566786,0.4188199443877929,0.43565574104244126,0.672262527969895,0.062051422180822075
7.0,24.0,15.125,True,False,1.588468029001435,51,17.677298989041027,9.64673352182431,6.3649984832989945,8.963035694090774,9.285530040832404,13.790990976243155,1.928111893785126,0.5457130938275562,0.3600662345104278,0.5070364935077114,0.5252799110649727,0.7801526118211174,0.10907276586657563
7.0,24.0,15.35,True,False,2.596501640459024,48,19.64905513633798,13.37191193521086,9.172074313881405,12.366623122440558,12.745787996548271,17.318206297231697,3.663618244362694,0.6805371475843393,0.4667946753795315,0.6293749514484461,0.6486718016774683,0.8813760344742618,0.1864526420706806
7.0,24.0,15.575,True,False,4.267995709785686,47,20.609991754995637,17.21269013878403,12.443043380252671,15.82459533473477,16.211194310163435,19.580975637734912,6.303550602378716,0.8351623980932386,0.6037383968014745,0.7678118226757205,0.7865696649895078,0.9500719782184628,0.30584925395959
7.0,24.0,15.8,True,False,7.055763463959195,47,20.99700766574855,20.18919021663892,15.61865692683327,18.54929205617664,18.877234067358067,20.61340683881009,9.826646162933535,0.9615270203274067,0.7438515609208098,0.8834255028841678,0.8990440146455548,0.9817306907229352,0.46800221819051335
7.5,24.0,14.0,True,False,0.1280529201500457,52,3.292630948127023,0.868608619749684,0.7238899962084687,0.9694249123171849,0.9858158135233163,1.5727014734351943,0.06307124203678939,0.2638038193268463,0.21985154352638445,0.2944225841249022,0.2994006401124568,0.47764280243123153,0.019155272191275118
7.5,24.0,14.225,True,False,0.21082535227022098,46,5.100190838198636,1.4568267906305825,1.1389101450550252,1.5672868462829446,1.5912892082629857,2.640557643149492,0.14726356444162814,0.28564162339170956,0.22330735872175383,0.3072996474062337,0.31200581679116574,0.5177370272838898,0.028874128265686808
7.5,24.0,14.45,True,False,0.346130790082245,47,7.6265764788871895,2.38213038230784,1.797217624371193,2.5035544777171057,2.538803897209788,4.341009666099646,0.32354997668253305,0.3123459639987013,0.23565195069458333,0.3282671438026941,0.3328890629023405,0.5691950612593939,0.04242401260620977
7.5,24.0,14.675,True,False,0.5661124186130307,48,10.826446692927039,3.7580342927996564,2.8402454734651252,3.9239365964672537,3.9738231221495486,6.8921091120004725,0.684190920916803,0.34711613139468883,0.2623432742083946,0.3624399313794042,0.3670477705991628,0.6365993670391519,0.06319625822974657
7.5,24.0,14.9,True,False,0.9247017221052288,88,14.339782627296104,5.691245860825713,4.4602000095295935,5.990260373398301,6.054845606361462,10.319174948962415,1.3693642608798038,0.396885085970013,0.31103679361495346,0.41773718117565484,0.42224110111933805,0.7196186453565642,0.09549407382739454
7.5,24.0,15.125,True,False,1.5167473178605153,47,17.481329060655515,8.310539303219079,6.832276702983147,8.818254224353604,8.893577072527789,14.170669070377553,2.5353593103763257,0.475395164428502,0.39083279533706977,0.5044384322128272,0.5087471920281041,0.8106173747550395,0.1450324115277111
7.5,24.0,15.35,True,False,2.5047096125459927,46,19.587917179400407,11.64600537437346,9.967854093199053,12.289436139956733,12.369587765974167,17.540210354566103,4.349230926657888,0.5945504704615026,0.5088776924011975,0.6273988207832987,0.6314907119876236,0.8954607166203576,0.22203641596114912
7.5,24.0,15.575,True,False,4.1592691615098465,45,20.610539764761242,15.297004929514097,13.54597226056666,15.843143906499687,15.918923796192386,19.68259955901543,6.965203118446009,0.7421933197338222,0.6572352017547262,0.7686913631241922,0.7723681173750567,0.9549773942683271,0.3379437510100889
7.5,24.0,15.8,True,False,6.934074577377016,45,21.009264721149027,18.419964982746073,16.83461303487421,18.631172467998812,18.692349879955618,20.66215270266335,10.369927682563265,0.8767543856117711,0.801294726793918,0.8868074497268673,0.889719375144953,0.9834781453281296,0.4935883202101953
3.5,27.0,14.0,True,True,0.6081729519823839,140,1.2954105650755374,0.4158490924824452,0.3019962513298493,0.4589213529443043,0.4822190956345502,0.6224410430128205,1.8004875112501445e-05,0.3210172154634206,0.23312782794251755,0.3542671067512437,0.37225193975967863,0.48049711789754085,1.3898971953692189e-05
3.5,27.0,14.225,True,True,0.9534312032303658,178,1.9083497934446951,0.7345293095066396,0.45581903099599524,0.7612166248700979,0.805023110242177,0.9724763781034698,4.6200632126916564e-05,0.3849028684519973,0.23885507392919425,0.3988873672347314,0.42184253275132444,0.5095902132009493,2.420972941418744e-05
3.5,27.0,14.45,False,True,1.600624134986564,85,2.3268144950136347,1.1238463824922924,0.6735276891475965,1.1280319826954404,1.197052962645927,1.326401093480108,7.756186589123827e-05,0.48299784314593885,0.2894634233158539,0.48479669742165254,0.5144599903478393,0.5700502108451647,3.333392758960949e-05
3.5,27.0,14.675,True,True,2.1746377661204126,263,3.6703734335428426,2.0651208718165193,1.0658853128601251,1.993464336952019,2.121809919407305,2.1325144728684493,0.0003811084503982632,0.562645983905554,0.29040241603734446,0.5431230290449819,0.5780910192996954,0.5810074945998155,0.00010383369902238986
3.5,27.0,14.9,True,True,3.1751364619137217,391,4.845529245659944,3.251460593963075,1.619850391055153,3.089585114567044,3.280527186733552,2.9634637918726994,0.0011688429057006113,0.6710227983610565,0.3342979288600981,0.637615615948316,0.6770214398503245,0.6115872264163965,0.00024122089589027318
3.5,27.0,15.125,True,True,4.564517644886058,335,6.260378803189695,4.985598736106259,2.3573243384233202,4.596322738686677,4.8519202655486176,3.937660001065096,0.003373100397296457,0.7963733334420707,0.37654659766310805,0.7341924319890718,0.7750202372860472,0.6289811087883114,0.0005388013255009178
3.5,27.0,15.35,True,False,6.496223486375957,380,7.965850190177802,7.563655660819328,3.240832299533352,6.529099041609892,6.841031902091767,4.995048316300681,0.00946938905139586,0.9495101565110532,0.4068407291326445,0.8196361826714392,0.8587949482814804,0.6270577775188099,0.001188748071495492
3.5,27.0,15.575,False,False,10.905886091550098,85,8.027469983517141,8.762421733432406,3.400765217749916,7.085532699351661,7.458250840082308,5.092060604858389,0.015896677610319394,1.0915545933431512,0.4236409758906269,0.8826607528773615,0.9290910903929115,0.6343294481715848,0.001980284902087476
3.5,27.0,15.8,True,False,13.067069855157992,388,12.354042306724697,17.197340090896965,5.1268889926037895,11.50329152259349,11.85497675298318,7.175004051261525,0.07322232082813357,1.392041541053806,0.4149968783750288,0.9311358369180817,0.9596030561211646,0.5807818909083663,0.005926992882991532
3.75,27.0,14.0,True,True,0.4810054982076978,59,1.7377906540140482,0.5478633465434984,0.40193171015374834,0.5874729730989641,0.617278263032435,0.8452570572926466,2.8410901947490982e-05,0.3152642956607071,0.23128891228948867,0.3380573901361395,0.35520864472749375,0.4863975159149484,1.6348863358118456e-05
3.75,27.0,14.225,True,True,0.7569701233260252,137,2.5687274390244377,0.9669578907871651,0.6047246537509016,0.9615866436584234,1.0188327249087068,1.3227973964013298,7.36167607571996e-05,0.3764346018565522,0.23541799124494364,0.3743435870423134,0.39662936185072384,0.5149621467444235,2.86588447021682e-05
3.75,27.0,14.45,True,True,1.164294034618615,183,3.633365027421985,1.6585866873114095,0.9097751808514002,1.552169757436849,1.655598587261993,2.0016948954490674,0.00020089981288477353,0.456487766792934,0.2503946545378958,0.4271989590151844,0.45566536110925937,0.5509203948245598,5.529304415287991e-05
3.75,27.0,14.675,True,True,1.7493961797533446,262,4.918845612862789,2.7353260076975654,1.3710160200344352,2.455061286974246,2.6269083076409747,2.9070647847057973,0.0006061146478525294,0.5560910471645387,0.2787271908777186,0.49911330425867745,0.5340497576853409,0.5910054946843256,0.00012322294610498419
3.75,27.0,14.9,True,True,2.5771356967237193,48,6.410638771113392,4.333680899785181,2.034921500720739,3.7737038337082804,4.031529646448393,4.035978621893276,0.0018675266447373113,0.6760138972910046,0.317428820024953,0.5886626853337531,0.628881113160616,0.6295751119341749,0.0002913167800301687
3.75,27.0,15.125,True,False,3.7476180501621226,342,8.109564032613289,6.694697834396802,2.881889915471148,5.57904842485771,5.928438065414524,5.353429429980123,0.005469303222080177,0.8255311638792808,0.3553692780378066,0.6879591063614642,0.7310427590894918,0.6601377593728663,0.0006744262946916651
3.75,27.0,15.35,True,False,5.420403196077647,448,10.027010535081367,10.233618648658819,3.836184901112322,7.857839224817692,8.287783058478087,6.784196759305299,0.015623676301466447,1.020605155729576,0.382585107265093,0.7836671954542758,0.8265457615190223,0.6765921642915923,0.0015581589594230606
3.75,27.0,15.575,True,False,7.840380599713441,400,12.17670330686168,15.543806490637458,4.801820509835551,10.508616484137423,10.98410115041018,8.215403795700334,0.04424785552475749,1.2765200973467412,0.3943448722389156,0.8630099805598224,0.9020586996006169,0.6746821030837534,0.0036338124046944157
3.75,27.0,15.8,True,False,11.423542787487445,430,14.4958946073831,23.564803820433998,5.659348948335372,13.32858676330628,13.796938167570664,9.584620255467225,0.12452483267406508,1.6256191465707739,0.39041046459132867,0.9194732111612979,0.9517824557405073,0.6611954981092062,0.00859035168554838
4.0,27.0,14.0,True,False,0.3695461111400424,58,2.184581269185123,0.670589392409786,0.4950320673690768,0.7061339205202042,0.7417172307491197,1.0673904136969983,4.4903071836234356e-05,0.30696472677343994,0.22660272444509702,0.32323536344500525,0.3395237527719853,0.4886018335656373,2.055454400787011e-05
4.0,27.0,14.225,True,False,0.5872859168250458,45,3.2618569156079147,1.1873072206532411,0.744581265520649,1.1483714539898948,1.2182607549826554,1.6807864918345046,0.00011776065950482687,0.3639973338413472,0.22826913772883284,0.3520606463437934,0.3734868777208786,0.515285168945326,3.6102337579967e-05
4.0,27.0,14.45,True,False,0.9148727649143994,184,4.654570684161022,2.0514272156021875,1.1138438223790106,1.8417130828763628,1.9705958471761893,2.5626642372484785,0.00032223346822944963,0.44073392688674007,0.23930108660059568,0.39567840040403823,0.42336790670768076,0.5505694104010356,6.922947143674791e-05
4.0,27.0,14.675,True,False,1.395439820615847,294,6.323198449493514,3.4238483648036038,1.6603488458170186,2.8974076631209034,3.1156910210916053,3.749980124975604,0.0009704104801298158,0.5414741277142509,0.26258053722005387,0.4582186825645152,0.49273971803639516,0.5930511520282866,0.00015346829423130715
4.0,27.0,14.9,True,False,2.089970449025185,304,8.194851704603627,5.511589275849303,2.4292539152257326,4.4379485601120106,4.771321125077552,5.234638468907247,0.0030090930497672494,0.6725672988997536,0.2964365924841629,0.5415532483179533,0.582233980194805,0.6387715919211303,0.00036719310589559896
4.0,27.0,15.125,True,False,3.0948517574442143,339,10.200467404132349,8.681636359384317,3.377358052778461,6.543921410320974,7.00410870766554,6.9559354716659145,0.008949439174571477,0.851101818713451,0.33109836235643936,0.6415315250818744,0.6866458594660162,0.6819232096019414,0.0008773557936125493
4.0,27.0,15.35,True,False,4.572468074211605,373,12.289836949992953,13.560277157662807,4.384912056717078,9.171185270300935,9.744193524688534,8.801964694715437,0.0259868648757186,1.1033732353683163,0.3567917194149262,0.7462414113074294,0.7928659724565443,0.7161986550782095,0.00211450037795119
4.0,27.0,15.575,True,False,6.785846593122611,329,14.434680494703855,21.034494813087758,5.326431022523267,12.115642404414132,12.745729339364509,10.611946554545819,0.07468399335556662,1.457219286620539,0.36900234989458597,0.8393426102406224,0.8829935199494696,0.7351701728652316,0.005173927707161132
4.0,27.0,15.8,True,False,10.174450050876773,441,16.564569076733658,32.46821364465759,6.09649726896549,15.039269526296794,15.64203951165255,12.240946681031092,0.2122285633199269,1.9601001085058076,0.36804442305284824,0.9079179456241167,0.944307059193174,0.7389837081982736,0.012812199480517723
4.25,27.0,14.0,True,False,0.28177940002204027,55,2.581523611632104,0.7702800683332466,0.5707303688799914,0.8031233208568684,0.8434671632344166,1.2604284497069649,7.200445985789763e-05,0.2983819574078024,0.22108276147788605,0.31110438705192156,0.3267323062372285,0.4882498242617624,2.7892233692325057e-05
4.25,27.0,14.225,True,False,0.45359867182472685,136,3.9073110024592292,1.370838761255873,0.8600017324797224,1.3040452675955458,1.3848724506178438,2.0020376353582114,0.00019104658820414872,0.350839429058265,0.22010066051523527,0.3337449378293129,0.3544310779833539,0.5123824630540403,4.8894645981316964e-05
4.25,27.0,14.45,True,False,0.7184921404735635,180,5.654221901695643,2.391992721745975,1.2849079945969553,2.088836777354503,2.24101947283819,3.086701608875825,0.0005242011052077667,0.4230454275288773,0.2272475359008504,0.3694295720385651,0.3963444505363561,0.5459109427506117,9.270968036301585e-05
4.25,27.0,14.675,True,False,1.1178359708470058,127,7.759099497823796,4.054862887315846,1.9066612120634157,3.2844420293984378,3.5478706302891636,4.572806537289939,0.0015764422532654168,0.5225945212396255,0.2457322802212008,0.4233019605328723,0.45725288498803746,0.5893475832565982,0.00020317335197306898
4.25,27.0,14.9,True,False,1.711150282417194,339,10.067490077743544,6.667924058395399,2.769308823664964,5.031813947045203,5.4428460128716685,6.451940599127747,0.004918140990194871,0.6623223869012146,0.27507440308157294,0.49980818537573346,0.540635845761031,0.6408688311887405,0.0004885170933585055
4.25,27.0,15.125,True,False,2.5932041404698465,338,12.395566591536758,10.795385251598983,3.8062770091973457,7.420019374315625,7.999272499553767,8.623819874568262,0.014827817246313258,0.8709069627337309,0.3070676101079666,0.5986026793952076,0.6453333488616309,0.6957180868566584,0.001196219401252473
4.25,27.0,15.35,True,False,3.9278143198323203,346,14.601596595532598,17.42641770617035,4.853318132066576,10.372962530827456,11.103899019688834,10.90500989539331,0.04363139615613197,1.193459742032732,0.3323827021458368,0.7103991993588629,0.7604578682228562,0.7468368150048557,0.002988125022539051
4.25,27.0,15.575,True,False,5.991516452632418,424,16.625195006308175,27.996076002229607,5.759496269313607,13.574555006536487,14.375281986918067,13.06132014980885,0.12669483019796574,1.683954744086125,0.3464318022813119,0.8165050094982844,0.8646684734503016,0.7856341020272504,0.007620652278057089
4.25,27.0,15.8,True,False,9.245554569492668,293,18.43059646345594,44.614299616742755,6.445651618170916,16.536891799108364,17.28268912297122,14.882393784107945,0.3612206351075134,2.4206649906965128,0.349725611482586,0.8972521226807607,0.9377172983652057,0.8074830249588857,0.019598966090095846
4.5,27.0,14.0,True,False,0.2189908965604879,54,2.893013708099598,0.8424185916949481,0.6255639315853728,0.8741844703317931,0.9181455022722501,1.4083619446865123,0.00011809870098959819,0.29119066713594227,0.21623261923508194,0.30217087042634144,0.3173664541241922,0.48681481900466217,4.082203297514842e-05
4.5,27.0,14.225,True,False,0.3570227649169969,87,4.43840617162812,1.5069288875682592,0.9450404558714673,1.4207475249764945,1.5101880957799294,2.256488562542367,0.0003162716122302883,0.3395202758145678,0.21292338270267014,0.32010308882013117,0.34025459531702884,0.5084006454764436,7.125792457932525e-05
4.5,27.0,14.45,True,False,0.5751558701322038,178,6.5216788877298475,2.654466087841943,1.4134634236031949,2.279403999704186,2.450778870461892,3.5197887460313644,0.0008694733773596119,0.40702189321773624,0.21673306029564604,0.3495118418039179,0.37578956471973607,0.5397059264376906,0.00013332048270507072
4.5,27.0,14.675,True,True,0.9135393264425125,262,9.069799335208582,4.570620111820629,2.0958707241615104,3.5922085922016973,3.894913343010418,5.286789595495813,0.002610376724022886,0.5039383941029073,0.23108236981885893,0.39606263153550636,0.4294376533657726,0.5829003928425094,0.0002878097549401686
4.5,27.0,14.9,True,True,1.4315693981738327,239,11.839260873186976,7.6846689100173435,3.0359178247620524,5.517214120423613,5.999510506918069,7.559343555367203,0.008179081927637362,0.6490835021146661,0.25642798628060154,0.466010013591199,0.5067470487541574,0.6384979295867416,0.0006908439652817329
4.5,27.0,15.125,True,True,2.2243278871684438,48,14.491553794338733,12.815068080967364,4.146852267756743,8.149811457355696,8.843047060944821,10.193749810301002,0.02491326839611304,0.8843129082523709,0.28615649685382605,0.562383549274026,0.6102207662783161,0.7034269723570491,0.001719157845299215
4.5,27.0,15.35,True,True,3.456167567580581,343,16.76414699973865,21.52723723114347,5.225789743684228,11.384180702875987,12.271435814045205,12.902073677746909,0.07393943539587189,1.2841236259428574,0.31172416608883813,0.6790790311641544,0.7320047846297527,0.7696230340826795,0.004410569496737567
4.5,27.0,15.575,True,True,5.4101618719435525,334,18.58786443408893,36.30055835131197,6.103311292701179,14.80064427755101,15.77314154922757,15.338021400281717,0.2155318059473861,1.9529171024477192,0.32834924713073027,0.7962530784551879,0.84857201348535,0.8251631840047631,0.011595296851429304
4.5,27.0,15.8,True,True,8.560893881584557,54,20.008872220350714,60.482643038411624,6.731549897235137,17.768059505805525,18.65590149680855,17.24079723417996,0.6107489370736644,3.0227912084368085,0.3364282515827445,0.8880090446943785,0.932381460152158,0.8616576208950254,0.03052390611263343
4.75,27.0,14.0,True,False,0.17747753943008626,53,3.1126251415886115,0.8901286531082104,0.6618911732518177,0.9218108413696402,0.9682831501459574,1.51067123951094,0.00019835410132889913,0.285973611539329,0.2126472489115743,0.29615221860579377,0.3110824805751483,0.4853367080174417,6.372566316407243e-05
4.75,27.0,14.225,True,False,0.2923546472027672,45,4.828374267804378,1.598672203163839,1.0022466850511733,1.5006151477195877,1.5961832881244542,2.437566080066302,0.0005346334715290995,0.3310994787259539,0.2075743572187763,0.3107909752824458,0.3305840019005593,0.5048419912930122,0.0001107274295395943
4.75,27.0,14.45,True,True,0.4776380906105435,48,7.190702409807439,2.8402693411236517,1.5018012388126187,2.413574503749524,2.599275690916064,3.83997850653865,0.001470712686238959,0.3949919186267245,0.20885320421052384,0.3356521193892875,0.3614772998213495,0.5340199451588042,0.000204529766693313
4.75,27.0,14.675,True,True,0.7723642576796829,48,10.132840010239365,4.958337373362803,2.2291239228006288,3.8158614527985804,4.149391836232263,5.839526509784519,0.00440491986921383,0.4893334315307791,0.21999004430624292,0.3765836082423687,0.40949939326380846,0.5762971194535395,0.0004347172031496206
4.75,27.0,14.9,True,True,1.2359465877010805,47,13.336439032834617,8.512577004304173,3.2287200727978758,5.880929325988671,6.422311205762722,8.458801974953428,0.013825419806822373,0.6382945989814833,0.24209761427684656,0.4409669861279828,0.48156117161041606,0.6342624109874956,0.0010366650177595289
4.75,27.0,15.125,True,True,1.9635043006153088,48,16.302783708043314,14.670244284021003,4.400224647869601,8.711985592219643,9.506049727475942,11.51922882109739,0.04233057757548735,0.89986130876429,0.26990633787888996,0.5343863813835306,0.583093654293281,0.7065804851115175,0.002596524515908451
4.75,27.0,15.35,True,True,3.11755422137262,48,18.635313785308707,25.94702864018655,5.512425697843192,12.18307384147838,13.218187077529606,14.614018772471615,0.12589522809045947,1.3923580219315699,0.2958053597245545,0.6537627421698152,0.70930853270366,0.7842110382918633,0.006755734276377463
4.75,27.0,15.575,True,True,4.976377236810115,51,20.28085649075072,47.3784612195339,6.385990486591104,15.801792322427533,16.949785328347065,17.254883931733207,0.3649381290964358,2.3361173745862907,0.3148777513170362,0.7791481750109565,0.8357529346000343,0.8507966090881056,0.017994216825254365
4.75,27.0,15.8,True,True,8.002157207986922,53,21.408334179020652,88.79578606724817,7.00470663901404,18.836687451414264,19.88664105574451,19.142249763586527,1.0123360717984837,4.147720477675682,0.32719531470497987,0.8798763740279006,0.9289205264383744,0.8941494281393084,0.047287008103158924
5.0,27.0,14.0,True,False,0.15159771282366233,54,3.25512491347307,0.9196773525817646,0.6844720269847057,0.9516768277055124,0.9997352018917123,1.576373257907081,0.0003398244090072942,0.28253212304547504,0.21027519532404218,0.2923626137253567,0.30712652462391693,0.4842742751230283,0.0001043967337784027
5.0,27.0,14.225,True,True,0.2515576547114499,88,5.089234785135532,1.6565613342864953,1.0382682190339547,1.5515221490114264,1.6510404092392492,2.5564727451469524,0.0009196522614121199,0.32550302829905287,0.20401263900547367,0.30486354324682774,0.32441820410045796,0.5023294960990625,0.00018070541058514528
5.0,27.0,14.45,True,True,0.415301726622588,46,7.654920611812572,2.9569276379666993,1.5582015199891757,2.500687560595966,2.69564836205623,4.056708171725159,0.0025307793592214104,0.38627802793980154,0.20355554276874682,0.32667713845876717,0.35214582864471283,0.5299477783564617,0.00033060817839391794
5.0,27.0,14.675,True,True,0.6808925321137677,47,10.899542330281,5.202145252716878,2.315735424741689,3.9640241797962945,4.317722498467296,6.228343375651024,0.007566882985176499,0.4772810724597427,0.21246171211318993,0.3636872136166197,0.3961379631942749,0.5714316424413072,0.000694238597904635
5.0,27.0,14.9,True,True,1.1078370891218379,47,14.450439404098509,9.038551981645321,3.357030452487795,6.125977903274284,6.706725025654193,9.119274957358282,0.023762674432950617,0.6254863072940025,0.23231338221699036,0.42393021637368355,0.4641191065617006,0.6310725025269354,0.0016444257346396626
5.0,27.0,15.125,True,True,1.7919675633917802,47,17.664668331004183,15.85522385795384,4.574666482126251,9.093034686826307,9.955143037689101,12.529720013415831,0.07289188651508459,0.8975670281974957,0.25897267904526766,0.5147583026433984,0.563562408936731,0.7093096671067559,0.004126422593915801
5.0,27.0,15.35,True,True,2.8947523869492975,49,20.01606598946448,28.758231112659335,5.722422641515012,12.719497657950166,13.855064986436721,15.94220102018313,0.2160912520638266,1.4367574091630355,0.2858914756039987,0.635464414667953,0.6921972076695481,0.7964702468793997,0.010795890270224274
5.0,27.0,15.575,True,True,4.6880866941487405,53,21.477354287642292,54.2485181637905,6.622080101471359,16.45887575300899,17.726290133045666,18.72060024563224,0.6170764163751714,2.5258473384221345,0.3083284846347016,0.7663362783226586,0.8253479407025973,0.8716436854796291,0.02873149123075307
5.0,27.0,15.8,True,True,7.616457620424491,53,22.34726717553776,105.00343133926411,7.2884815826534215,19.517945221054454,20.67851033847619,20.537743792122598,1.6502903195205194,4.698714635416594,0.3261464377457166,0.8733929329139449,0.9253261338868201,0.9190270841977519,0.07384752267726925
5.25,27.0,14.0,True,False,0.13609538483187275,100,3.3421289363894897,0.9370776782468719,0.6978996604137626,0.9695227044215752,1.0184658383058383,1.616703994323152,0.000590539339479828,0.2803834609861579,0.20881889169952414,0.29009135280967135,0.3047356513438675,0.48373477657318675,0.00017669555864525954
5.25,27.0,14.225,True,True,0.22691227552695328,85,5.251489544486727,1.6902526732043317,1.0598753228267208,1.5821838867858171,1.6838763202723155,2.6307737211651165,0.00160219368434067,0.3218615706811875,0.20182375187996524,0.3012828785781116,0.32064737176143326,0.5009576233331803,0.0003050931875171935
5.25,27.0,14.45,True,True,0.37721279498612564,46,7.950838377014239,3.0240910075848615,1.592505525899702,2.5537212330428756,2.753786690258907,4.195434556128229,0.004409284683515532,0.38034869584665004,0.20029403823672395,0.3211889252365697,0.34635173797772895,0.5276719708272742,0.0005545685215112298
5.25,27.0,14.675,True,True,0.6242423587255498,48,11.40152919843532,5.339934020667553,2.369509518928794,4.055100804494765,4.419963554296769,6.485231211600577,0.013159797401335745,0.46835244007447485,0.20782383465315968,0.35566288818970565,0.38766409990892614,0.5688036314015292,0.001154213366672053
5.25,27.0,14.9,True,True,1.027365625370765,47,15.195349944502915,9.323723514913906,3.4395335111952345,6.276909707591795,6.879422112853677,9.572304434073427,0.04126985557803029,0.6135905753382709,0.2263543468072299,0.413080957695386,0.4527320619781043,0.6299495878037553,0.0027159529546050445
5.25,27.0,15.125,True,True,1.6825726215120835,47,18.580238487678983,16.44006016862718,4.695445495992585,9.324962816521676,10.224417825339431,13.24720673555317,0.12624504458141447,0.8848142707925408,0.2527117991034535,0.5018753027688687,0.5502845311764699,0.7129729117490996,0.006794586876004347
5.25,27.0,15.35,True,True,2.7491486977135726,50,20.92862485561605,29.881311789019296,5.891464203597958,13.036843699634476,14.227286482897377,16.90222939762423,0.3699622685687198,1.4277723450616897,0.2815026904176662,0.6229192691624041,0.6798003490936283,0.8076129948446485,0.01767733289315676
5.25,27.0,15.575,True,True,4.489308957049424,52,22.241612233738387,55.767580712746735,6.863424833584554,16.833959557601567,18.167307000521184,19.768807772139922,1.026331900304304,2.5073533396177403,0.3085848616303722,0.7568677747230064,0.8168161017106093,0.8888208086890635,0.04614467195626481
5.25,27.0,15.8,True,True,7.32382201511991,51,22.927516383313257,103.03933317468116,7.654978279855858,19.89950542985304,21.124009661985564,21.503353909154622,2.5982404571287385,4.494134098609722,0.33387734423023613,0.8679311399090738,0.9213387664334942,0.9378841366701565,0.11332411298677553
5.5,27.0,14.0,True,False,0.12703498801764515,56,3.392661784776773,0.9467643763277528,0.7056032333723168,0.9797519503309057,1.0290523642088045,1.6411208542967681,0.0010357037290401557,0.2790624106935691,0.20797924406683627,0.28878562393904245,0.3033171089515229,0.48372663071239475,0.0003052776241025458
5.5,27.0,14.225,True,True,0.21241144295649,46,5.346373890245442,1.7082253836516477,1.072397589958353,1.5997289559398746,1.7022250143480988,2.6766415622780797,0.002814397697545099,0.3195110216231485,0.2005840990498181,0.29921756105733827,0.31838869658065627,0.5006461607860352,0.0005264124349178084
5.5,27.0,14.45,True,True,0.3545731843213144,46,8.12586377916537,3.057772750807914,1.612794274877723,2.5839852390200773,2.7858485064915013,4.283144437308079,0.007742752161507592,0.3763012565689338,0.19847665660023872,0.3179951460231697,0.3428372148736222,0.5271002017397851,0.0009528528131815265
5.5,27.0,14.675,True,True,0.5900560908506759,47,11.701989901046828,5.4016342396324015,2.4024684946134083,4.106445575054661,4.475046800094066,6.652807269017796,0.023047017656629764,0.46159963265300596,0.2053042700368841,0.35091857109595603,0.382417592045071,0.5685193138324837,0.001969495603014325
5.5,27.0,14.9,True,True,0.977640393624703,47,15.644084180884283,9.421764452191741,3.494012883092708,6.359157596918,6.968351506015075,9.87914350563665,0.07193695296460176,0.6022573353130075,0.2233440348884142,0.40648960484937435,0.44543045316323454,0.6314938855742102,0.004598348623852491
5.5,27.0,15.125,True,True,1.6121833295111248,49,19.13006247324331,16.5152906881745,4.789316622741439,9.443822125892627,10.35351552311858,13.749638872301338,0.2178391375010643,0.8633160875075019,0.25035551396866185,0.49366394590197704,0.5412170262172303,0.7187451108187742,0.011387267438658387
5.5,27.0,15.35,True,True,2.6483334381143977,51,21.47015426124489,29.476190720333474,6.06075938519246,13.186659975752207,14.391387561435959,17.584619006559524,0.6229339156167505,1.3728914269395833,0.28228764970415465,0.6141856185707542,0.6702973526097764,0.8190262069192943,0.029013946897493384
5.5,27.0,15.575,True,True,4.334869085074823,52,22.6900464721836,52.52531346579487,7.171568089869141,17.000726769437577,18.353184939581592,20.50432001280366,1.6486519022261128,2.3149055040582316,0.3160666990550671,0.7492592309266212,0.8088650220298713,0.9036702519732832,0.07265969702826497
5.5,27.0,15.8,True,True,7.066408092748818,52,23.27065487014921,87.78110840517652,8.186463252046776,20.076381861672868,21.325146391849167,22.160435362300383,3.8823319783548613,3.7721804089741835,0.35179341955468935,0.8627338583163877,0.916396487801653,0.9522910071055637,0.16683380850338603
5.75,27.0,14.0,True,True,0.12180349390606236,57,3.4201209156631966,0.9515328641088548,0.7098125757218658,0.9852623077832189,1.034470808541788,1.6564106239733232,0.0018263338642997807,0.27821614719851,0.2075401990821795,0.28807820895190966,0.30246615077385164,0.48431346868101244,0.0005339968700918388
5.75,27.0,14.225,True,True,0.20397411639447,45,5.397313407313082,1.7156254734543925,1.0793951036277114,1.6089523754639248,1.7110450347425723,2.7063371848691977,0.00496746458556148,0.31786656508214034,0.19998747935689384,0.2981024546923432,0.31701791347232017,0.50142301931221,0.0009203587434501804
5.75,27.0,14.45,True,True,0.34121670336327214,47,8.219113542865069,3.067319890008337,1.6247114885962721,2.5993290942352485,2.8000081995006,4.3419401398559,0.013651105636384978,0.37319351703944365,0.1976747833112329,0.3162541897832401,0.34067033931308316,0.5282735318366657,0.0016608975609340947
5.75,27.0,14.675,True,True,0.569343240311197,48,11.860387291422681,5.40390449337289,2.4236152121117898,4.130535123209922,4.4960384599147565,6.769884820355608,0.04042868352830856,0.4556263097142656,0.20434536854159266,0.3482630897050964,0.3790802399147833,0.5707979557506966,0.0034087152919151462
5.75,27.0,14.9,True,True,0.9458989220769888,48,15.876647811749258,9.361630024492014,3.535349245900206,6.391682040324343,6.993409907933949,10.103231248728877,0.12480580689642295,0.5896477729740965,0.22267605150779546,0.40258385246753925,0.4404840361048123,0.6363579622426431,0.007860967149757044
5.75,27.0,15.125,True,True,1.5628718952547183,50,19.412076094621344,16.14204224475897,4.8821256459271,9.477963003825128,10.372267305790599,14.127501353306622,0.36963485942784546,0.8315464129687586,0.25149940800406345,0.48825086804864015,0.534320350653505,0.7277686984351478,0.01904149033962746
5.75,27.0,15.35,True,True,2.5675711506029715,90,21.752829627208133,27.79758481749187,6.27396248339787,13.212712128048558,14.393630432779117,18.09718703799093,1.0132532962457148,1.2778836268143727,0.2884205223374933,0.6074019957165612,0.6616900274332939,0.8319463420683084,0.04658029845360219
5.75,27.0,15.575,True,True,4.193687553626246,51,22.93698011204288,46.15596756466936,7.610986898814112,17.02438829418709,18.352394478688954,21.03783189525512,2.510881673009332,2.0122948766230797,0.33182166360331034,0.7422244868777896,0.8001225265506149,0.9172014708339645,0.1094687121296763
5.75,27.0,15.8,True,True,6.814273094535233,52,23.47552179986507,68.38467329297337,8.961803775717646,20.128140645835995,21.362742605457008,22.614788323625408,5.435859229635898,2.913020373986593,0.3817509937423055,0.85740972309087,0.9100007568555853,0.9633348522099896,0.23155435163392796
6.0,27.0,14.0,True,True,0.11877726833547683,58,3.432613083546989,0.9528516884670658,0.7118375163716992,0.9877420218212739,1.0363723311523985,1.6672329874800107,0.0032291685762260453,0.2775878507933859,0.20737481884679618,0.2877522161048865,0.30191935587494,0.4857037326669002,0.000940731884902472
6.0,27.0,14.225,True,True,0.19901415144445556,45,5.418796800832884,1.7148065195565556,1.0830393767372872,1.6126294149950589,1.7129783519186101,2.7286990108255984,0.008784638766883726,0.3164552173820183,0.19986713223327016,0.29759916717068874,0.31611784218506234,0.5035617889207785,0.0016211419416084219
6.0,27.0,14.45,True,True,0.3331188123488889,46,8.25588148887786,3.056123006876704,1.6319565361495034,2.6042693716143055,2.800431988723021,4.3886543809067975,0.024069708987488544,0.3701752515456823,0.19767199157934123,0.3154441321768874,0.3392044801631056,0.5315791398918571,0.0029154620278785156
6.0,27.0,14.675,True,True,0.5559849624872408,46,11.917990824162144,5.3508445988684645,2.4395659041900633,4.134486579683248,4.4892892715541075,6.8678331681421065,0.07054912180196933,0.4489720354558704,0.20469607169391063,0.34691137463381205,0.3766817190740464,0.5762576317996895,0.005919548256316858
6.0,27.0,14.9,True,True,0.9230305443455372,50,15.954489290077372,9.149620115112814,3.5762867055262917,6.385559296610604,6.964323664158121,10.298114266989082,0.2129623956544688,0.5734824818744444,0.22415551137387416,0.40023589476988125,0.4365118517763815,0.6454681237207525,0.013348117372012478
6.0,27.0,15.125,True,True,1.5216336432681612,89,19.50883635720188,15.364359857459934,4.998644133990479,9.446292422891325,10.297834876440804,14.456561060600054,0.6061618046738405,0.7875590104987492,0.2562246175254415,0.4842058362647618,0.52785490061478,0.7410263121748557,0.031071140973001697
6.0,27.0,15.35,True,True,2.4904729257995433,51,21.870759959607195,25.201708066074723,6.572147883438181,13.149655811835,14.266878950379438,18.523183629418224,1.562358510920731,1.1523014340891404,0.30049929200339587,0.6012436621370688,0.6523266213304311,0.8469382711724894,0.07143594981638632
6.0,27.0,15.575,True,True,4.0507797735635656,91,23.068006226622288,38.644577418360946,8.235072949459703,16.95922271585672,18.21623642036902,21.445774590138935,3.5758104670096613,1.6752456644372704,0.3569911013790079,0.7351837236927934,0.7896753729564221,0.9296761228280245,0.15501168292918596
6.0,27.0,15.8,True,False,6.563738398053242,53,23.6060096387508,51.46585840387715,10.033397577720075,20.116721888664046,21.292237515894257,22.935354781466852,7.096386715858591,2.180201533061844,0.42503573163206715,0.8521864642315972,0.9019837677665634,0.9715896558737728,0.3006178013334965
6.5,27.0,14.0,True,True,0.1157804550088452,56,3.425753057463174,0.9462666416805273,0.7116031578054048,0.9862177931190077,1.0314086399809033,1.6886803992071848,0.010066308454645928,0.2762214981079965,0.20772167341575945,0.2878835037366406,0.3010750111523445,0.4929369895849061,0.002938422088748041
6.5,27.0,14.225,True,True,0.1936563594373122,45,5.396058354480331,1.6872091907354778,1.0846695876918862,1.607158918863189,1.6977836558269972,2.7780403890099876,0.02719267492538729,0.31267437820322924,0.20101146363461547,0.2978394252406054,0.3146340429060283,0.514827714326586,0.005039358942960521
6.5,27.0,14.45,True,True,0.323091859036381,46,8.201703899370365,2.962413871343609,1.6418968584020528,2.588475014735119,2.760657980667704,4.498092737098168,0.07280390074463705,0.3611949306742261,0.20018972625043185,0.31560210493990565,0.33659566530799,0.5484339342515744,0.008876679972587906
6.5,27.0,14.675,True,True,0.535876246163413,47,11.810217797271967,5.055710388596088,2.4770239778463816,4.0906876970396215,4.392075792782886,7.101422121440166,0.20162625085652044,0.428079352589408,0.20973567298805848,0.34636852319391825,0.3718877897236923,0.6012947638510543,0.017072187348068545
6.5,27.0,14.9,True,True,0.8806963754759696,50,15.793205649086614,8.270804187519953,3.7017900113118354,6.2777974294455365,6.750867782945215,10.742615332224474,0.5509123633680895,0.5236938194367328,0.2343913005100345,0.3974998850096407,0.4274539275270974,0.6802048659985481,0.034882871508733315
6.5,27.0,15.125,True,True,1.434787686844601,51,19.37086188782472,12.92875627975078,5.378697336444075,9.243759515602342,9.91300186358065,15.122251491787878,1.369606601848577,0.6674331970678582,0.2776694897517585,0.47719918551545587,0.5117481050139192,0.7806700382956504,0.07070447405902078
6.5,27.0,15.35,True,True,2.326029206527918,52,21.854933381966244,19.15243343197289,7.506791034734512,12.883113975424296,13.737307448240873,19.241749530163585,3.0116052058559646,0.876343711382651,0.3434826775051529,0.5894831043527632,0.6285678024338573,0.880430481935994,0.13779978887242972
6.5,27.0,15.575,True,False,3.7681332200652586,51,23.170623350832503,26.004107964137052,10.067141971647553,16.74619964245566,17.696450778955604,22.010131256726492,5.849877677868824,1.1222878025507563,0.434478685325738,0.7227341012322822,0.7637451315404419,0.9499153701419812,0.25246958570316763
6.5,27.0,15.8,True,False,6.123267704150425,48,23.75618942364125,31.13602265392401,12.943838875941694,20.075301103276,20.960259823191976,23.319829582360164,9.977655990290495,1.310648862857552,0.5448617471899968,0.8450556082575192,0.8823073199750263,0.9816317409539244,0.4200023754803502
7.0,27.0,14.0,True,False,0.11362240603990667,54,3.372229204873878,0.9219694367592254,0.7059272310058898,0.9747376950009176,1.0106327874018282,1.7303674667056677,0.03004664855589043,0.2734005848198884,0.20933548347947828,0.28904847084300517,0.29969279251278713,0.5131227332367474,0.008910025603379525
7.0,27.0,14.225,True,True,0.18861800282288133,46,5.279496420865338,1.6089809219518443,1.0820702375122009,1.5814356502151548,1.6477690670537437,2.8737250829574092,0.077836616904581,0.30476030168197815,0.20495709273250037,0.2995428965469303,0.3121072419978391,0.5443180284392333,0.014743189633950573
7.0,27.0,14.45,True,True,0.3115057995041075,47,7.982531097234467,2.7422566119151974,1.6576614056667325,2.533955988911466,2.6511930868534623,4.696744634216574,0.19322060004777442,0.34353221785321286,0.20766112721327526,0.31743765956506576,0.33212436689059227,0.5883778687493936,0.02420543029449836
7.0,27.0,14.675,True,True,0.5101111423077359,49,11.46247302920216,4.4938809409538525,2.5495457122030536,3.980797258880736,4.172270267136469,7.468473529952504,0.472257574682519,0.3920516043531879,0.2224254491773067,0.34728956384360776,0.36399390048788427,0.6515586567510854,0.04120032156057254
7.0,27.0,14.9,True,True,0.8279983542865993,53,15.371265741139986,6.986576406315467,3.9240120867251767,6.083463284858936,6.363795989398666,11.298252584185564,1.0987221326804057,0.45452186722765736,0.25528230093783794,0.3957685324883184,0.41400598340880057,0.735024218203884,0.07147896283776828
7.0,27.0,15.125,True,False,1.3395539586761207,50,19.0333360924422,10.319588472928764,5.950796114330038,8.97566477947366,9.345304653190396,15.747936142453844,2.318968140848548,0.5421849550077817,0.312651239143147,0.4715760146240331,0.490996670673054,0.8273870679300971,0.12183718763676793
7.0,27.0,15.35,True,False,2.174257122155177,48,21.718616588971287,14.519139993562327,8.721803654283754,12.62651974802623,13.071015639871973,19.73842538914037,4.392844268640006,0.6685112716127207,0.4015819156139386,0.5813685091912335,0.6018346328057301,0.9088251688721068,0.20226169796057328
7.0,27.0,15.575,True,False,3.5509904298730186,86,23.186242162591114,19.10681031846462,12.162303990033585,16.61981307712065,17.09243158292205,22.30860842866391,7.52239941731147,0.824058085155848,0.5245483034614532,0.7167963208775247,0.7371798958651061,0.9621485134256388,0.32443374672624503
7.0,27.0,15.8,True,False,5.8391101177960625,46,23.819349676965093,22.986266775428554,15.851200093440912,20.124088477741772,20.549031994840746,23.493771358749516,11.63921591519361,0.9650249518633086,0.6654757711026043,0.8448630525460195,0.8627033178287414,0.9863313515007325,0.48864541110664794
7.5,27.0,14.0,True,False,0.10968457327073965,52,3.2522590780000824,0.8693845435632273,0.6933703388322038,0.9474497595366367,0.9655860659472302,1.8156381038363303,0.07701656155565825,0.2673171241012692,0.21319652653827914,0.29132050578186214,0.2968970315061738,0.5582698242333215,0.023680942910310265
7.5,27.0,14.225,True,True,0.17979529208078174,47,5.05590828494413,1.4682708726671674,1.077201268587291,1.528690556921876,1.5545708046139344,3.043241024496,0.18001623045682721,0.29040694370178677,0.21305791321315365,0.3023572562568288,0.3074760689871005,0.6019177668943078,0.03560512183199472
7.5,27.0,14.45,True,True,0.2937562107704917,48,7.625238515562944,2.415249061849967,1.6849503902001604,2.440652526286362,2.4779877806940203,4.989591104763378,0.39412063334106245,0.3167440673390737,0.22097018824541864,0.32007556502069334,0.3249718386692432,0.6543521352912086,0.051686335127310565
7.5,27.0,14.675,True,False,0.4777721629603957,48,10.990714656879879,3.827708772994266,2.6554468903213935,3.8322824642072235,3.8850118104971623,7.891402057713148,0.8284381497795286,0.3482675051160779,0.2416082095861854,0.3486836465004869,0.353481273218685,0.7180062720283027,0.07537618577523068
7.5,27.0,14.9,True,False,0.7752792592894329,48,14.895723595184393,5.81241044397629,4.189649768226583,5.88187771898133,5.950783493040067,11.773790609894718,1.6516234991215566,0.3902066527238309,0.28126527331515777,0.3948702244235298,0.39949610067710195,0.7904141436741644,0.1108790377699749
7.5,27.0,15.125,True,False,1.2628887334168388,49,18.706430354689072,8.514049610391353,6.505771440306305,8.760610166859001,8.841955832784189,16.14006996324901,3.0548947617535016,0.4551402618756265,0.3477826243142924,0.46832078599448085,0.47266932627623465,0.8628086522773298,0.1633071999216431
7.5,27.0,15.35,True,False,2.0733892875394724,46,21.59186803933827,12.06158190322496,9.708150337770734,12.471040498136357,12.559181990349302,19.97381279812512,5.230140617255254,0.5586168774860025,0.4496206775663613,0.5775804333101399,0.5816625948003991,0.9250618224293882,0.24222733335191052
7.5,27.0,15.575,True,False,3.4284922900767287,45,23.17852997976794,16.199154993983353,13.621397951582502,16.58282098592159,16.669169208784382,22.42779099519404,8.336342882734726,0.6988862109945393,0.5876730734637761,0.7154388565796188,0.7191642102986926,0.9676105868133482,0.3596579632104084
7.5,27.0,15.8,True,False,5.699549787815171,46,23.84292496390919,20.09842067553906,17.60338143328658,20.195821073945382,20.269399847646675,23.560289542930974,12.31610078930764,0.8429511356497514,0.7383062883405728,0.8470362216261471,0.8501222009601704,0.9881459417665391,0.5165515895365357
3.5,30.0,14.0,True,True,0.5872716105518152,141,1.2945389637766358,0.425580336719774,0.2879174706899463,0.45429571908749894,0.4795962117528107,0.6942534209248418,2.1669720518171496e-05,0.3287505039463649,0.22240927368457683,0.35093244143239605,0.3704764593208195,0.5362939551077357,1.6739334330233772e-05
3.5,30.0,14.225,True,True,0.92088900736225,149,1.9120043860338718,0.7638399835884405,0.4239512605503847,0.7529768776438608,0.8004012689053649,1.0787511933743295,5.584504182546296e-05,0.39949698293992764,0.22173132219105393,0.393815455207079,0.4186189502240951,0.5641991206997258,2.92075908577302e-05
3.5,30.0,14.45,True,True,1.408894654989668,227,2.710032405710542,1.325958344037412,0.6331320622557869,1.2319554430351438,1.3161955502335891,1.6189705349491492,0.00015196098409522583,0.48927767108739045,0.23362527360250746,0.45459066852454777,0.4856752072263492,0.597398957864001,5.607349335565722e-05
3.5,30.0,14.675,True,True,2.1018362982686316,228,3.6972115867351314,2.2001673976755027,0.9655634824500787,1.9746044913220013,2.1125148064652306,2.3329806982702355,0.00045915130171686903,0.5950883107608098,0.2611599200636314,0.5340793852335891,0.5713805544817934,0.6310108695538312,0.0001241885380226043
3.5,30.0,14.9,True,True,3.067757638443789,302,4.893195250800136,3.4936056767772072,1.4686349329673174,3.0723717476636043,3.2754218883675255,3.219920117992465,0.0014109008643383087,0.7139722610100082,0.30013822414447205,0.6278866037812838,0.6693830351102233,0.6580403913916869,0.00028833937581125503
3.5,30.0,15.125,True,True,4.404440716527585,425,6.338674762185601,5.406768989430254,2.1364288402077762,4.597690859708853,4.864977858738154,4.251930282572188,0.004085744175579901,0.8529809766680595,0.33704660995591557,0.725339449049686,0.767507095924999,0.6707916784022067,0.0006445738784318254
3.5,30.0,15.35,True,False,6.255327345029033,398,8.088106330821207,8.309958856381051,2.9194721880234193,6.573303328191444,6.893136743918328,5.365064209987048,0.011504279672102147,1.0274294768745107,0.36095868038952916,0.8127122789104133,0.8522559499064412,0.6633276060605794,0.0014223699839680628
3.5,30.0,15.575,True,False,8.829366343015689,550,10.197805444622931,12.754025156028522,3.7461247654798555,8.982921521480266,9.332410535084527,6.497068078153456,0.032145382649354674,1.2506637065481012,0.36734616931283987,0.8808681015008729,0.9151391037770086,0.6371045332679112,0.003152186303603605
3.5,30.0,15.8,True,False,12.4914286235023,461,12.644650308312537,19.637744142533627,4.5114371970384886,11.734516031920842,12.083062097847415,7.6910076342869695,0.08958129269360184,1.553047625969052,0.3567862366326327,0.9280221869169939,0.9555868927355045,0.6082420190956911,0.007084521161863329
3.75,30.0,14.0,True,True,0.46164759075944095,98,1.7360316133642122,0.5603071802968633,0.3842802291997322,0.5808876004594632,0.6136098459338526,0.9424318066162448,3.4116680790298033e-05,0.3227517148786583,0.22135554804502966,0.3346065797349022,0.3534554562314412,0.5428655788070182,1.965210801903784e-05
3.75,30.0,14.225,True,True,0.7266965599655658,222,2.574601416064332,1.005625425307288,0.5649143627893075,0.950320286729852,1.0130604093447042,1.4675020853151886,8.882624591298615e-05,0.39059460584176126,0.21941818227260385,0.369113557073452,0.3934824252886959,0.5699919514370841,3.450096988168775e-05
3.75,30.0,14.45,False,True,1.2199811048260332,85,3.302477687664771,1.590976863621185,0.848159496892261,1.4447340627058367,1.5491456675257333,2.047716446997212,0.00014912188695396806,0.4817524943661882,0.2568252012906124,0.4374697422187366,0.4690858846108227,0.6200545895119072,4.515454790533779e-05
3.75,30.0,14.675,True,True,1.6806777893791947,269,4.969551144960396,2.9271722653849284,1.244197920963375,2.431992511444418,2.6180923899039112,3.183679327488167,0.0007296749537745582,0.5890214588803183,0.25036424511399014,0.4893787065479129,0.5268267321403683,0.6406371993407745,0.0001468291466352085
3.75,30.0,14.9,True,True,2.4747646100985756,387,6.503063172049141,4.6953785022848065,1.842204478526917,3.7554793435393146,4.030570932339946,4.392551108657725,0.002252049305449586,0.7220256636081968,0.2832825746557266,0.5774939046695357,0.6197957525099509,0.6754587788009468,0.0003463059247416101
3.75,30.0,15.125,True,False,3.5927916953921635,49,8.260105543362346,7.359852672389709,2.6000961971311383,5.590281095534815,5.955861766503524,5.796477842246164,0.006617998417442764,0.8910119409193189,0.3147775998117267,0.6767808312119028,0.7210394268254277,0.7017437987707186,0.0008012002247066751
3.75,30.0,15.35,True,False,5.182727182366066,381,10.254046364858937,11.473857621201919,3.4318315099199865,7.935982984461124,8.377131491530507,7.316197410100013,0.018964916864641662,1.1189590150989885,0.33468070923504134,0.77393671747556,0.8169586125765241,0.713493693101773,0.001849505667307616
3.75,30.0,15.575,True,False,7.471491850407983,424,12.502413398752449,17.862233620482428,4.244069289529729,10.698026081226457,11.177762434669148,8.836955974204347,0.05389969572576061,1.4287028472650576,0.3394600029745635,0.8556768793370693,0.8940483791541015,0.7068200108537558,0.004311143297432396
3.75,30.0,15.8,True,False,10.839239680076261,505,14.953058219609092,27.871150075631494,4.940808032732478,13.675934213928548,14.142662738346248,10.311304230580852,0.15218771724166244,1.863909687657199,0.33042123959988445,0.9145911166181542,0.9458040308971638,0.6895782841973321,0.010177698435099183
4.0,30.0,14.0,True,False,0.3515798802174064,57,2.181403201941908,0.6854327800958978,0.4740981754022382,0.6975161251450546,0.7369445131073421,1.1907314058589697,5.377852939587316e-05,0.3142164545672796,0.2173363342366927,0.31975570794253827,0.3378304902327577,0.5458557156233053,2.465318165298325e-05
4.0,30.0,14.225,True,False,0.558876685282642,47,3.2701858148204708,1.2350880622103884,0.697440850896555,1.134022669984198,1.2113762055129098,1.8671286890282646,0.0001417620075591686,0.3776813099160829,0.2132725448614435,0.3467762182946337,0.37043038961974484,0.5709549226733367,4.3349832574254244e-05
4.0,30.0,14.45,False,False,0.9382444248875161,85,4.3931945157872825,2.002737995501331,1.0634321901655546,1.7589042604552563,1.893277419960002,2.701946695905692,0.0002379901605334404,0.45587282518548583,0.2420635340283771,0.40037022128988337,0.4309568841435006,0.6150300621099382,5.417246144649513e-05
4.0,30.0,14.675,True,False,1.329007769478817,256,6.409551288912019,3.68204167503157,1.5075090046741528,2.8706723849975595,3.108542986023257,4.118301944549104,0.0011663312272753876,0.5744616914761553,0.23519727617782163,0.4478741577376219,0.48498605376647397,0.6425257804978356,0.00018196768770585263
4.0,30.0,14.9,True,False,1.9895045062262988,259,8.35794859629837,6.027428566272079,2.194371724669726,4.42041443181354,4.7772018768206275,5.715779061265101,0.0036218374645648798,0.7211612391276911,0.262549081199373,0.5288874872682617,0.5715758863289002,0.6838734404033722,0.0004333404809607164
4.0,30.0,15.125,True,False,2.9406409793931365,414,10.466487201710654,9.695285453050984,3.0326669722300634,6.569374108022509,7.051430689926658,7.560645391771401,0.01080834302446217,0.926317040875603,0.28975022027776437,0.6276579698056481,0.6737151208453361,0.7223670412108927,0.0010326619443719036
4.0,30.0,15.35,True,False,4.33168990471026,88,12.679773526146713,15.57995201598386,3.896579216949931,9.293844672352835,9.882688729530853,9.537905652932947,0.03148859258730327,1.2287247862792459,0.30730668879178885,0.7329661411687031,0.7794057763848822,0.7522141963549285,0.0024833718459064953
4.0,30.0,15.575,True,False,6.406157405735034,342,14.962522388014166,25.03232406854176,4.673918451410723,12.398586716548156,13.036799433762367,11.48058457764201,0.09081033570572918,1.6730016115861641,0.31237503478389433,0.82864281803716,0.8712969040705053,0.7672893834290008,0.006069186287632454
4.0,30.0,15.8,True,False,9.56830051721729,454,17.243899911888615,40.20448654093663,5.290891675000786,15.532304444132645,16.137064169299197,13.245744794441755,0.25874967747433003,2.331519363158568,0.30682686063104786,0.9007419738863174,0.9358129107542359,0.7681408998036241,0.015005287597148366
4.25,30.0,14.0,True,False,0.26495679662687427,56,2.5765400632539555,0.7869840149749618,0.5471085353174581,0.7926794346210874,0.8376708324369333,1.4075876093078947,8.601132038370752e-05,0.30544218046470684,0.2123423358014878,0.3076526718625905,0.32511461567534283,0.5463092266185176,3.338248902486786e-05
4.25,30.0,14.225,True,False,0.4266161244041169,48,3.9178730691267254,1.426410499233709,0.8068203571996088,1.286944917911762,1.3770070557843448,2.228556384168142,0.00022942452356550244,0.3640777723183484,0.20593325586718025,0.3284805033764444,0.35146801121131593,0.5688179134054683,5.855843706969303e-05
4.25,30.0,14.45,True,False,0.676092032297017,182,5.705687987326429,2.535734506388166,1.1819232922343663,2.0635971687924077,2.232261349374127,3.4210701466463096,0.0006295624662850318,0.444422217271709,0.20714825186019187,0.361673679559083,0.39123438826877033,0.5995894192330966,0.00011033944857893153
4.25,30.0,14.675,True,False,1.0522563202661077,255,7.891700792697564,4.381443290948139,1.7310893063109714,3.25511376353966,3.5434996571758828,5.042168359708934,0.0018905224235654485,0.5551963266273887,0.21935566892155897,0.4124730332594107,0.44901596629902557,0.6389203661110174,0.00023955829969058226
4.25,30.0,14.9,True,False,1.6100856703768496,341,10.329174564340038,7.360834702013162,2.496398922240628,5.017254315830686,5.458389303734315,7.077539978099623,0.0059042892603401636,0.7126256465279777,0.24168426108888502,0.48573623038108216,0.5284439012753841,0.6851989899109454,0.0005716128838333178
4.25,30.0,15.125,True,False,2.4356368648157276,48,12.82781314098501,12.259897891170072,3.4039325007961816,7.464648979454321,8.072618909576658,9.420554495358747,0.017858663499375246,0.955727820200277,0.26535563493052283,0.5819112655768801,0.6293059324184064,0.7343850734198776,0.0013921830091456987
4.25,30.0,15.35,True,False,3.6783544022370562,48,15.222225645037144,20.586780279838134,4.289354133877471,10.550552332061905,11.303878700583551,11.882598717421901,0.052721186057608685,1.3524159186636404,0.2817823249963396,0.6931018221702469,0.7425904045949365,0.7806084993422725,0.0034634348016511773
4.25,30.0,15.575,True,False,5.593540660630913,336,17.422999143732888,34.74829903477768,5.026802444277153,13.969874980663311,14.785434560099276,14.22073058954692,0.15356819321992304,1.9943925123406072,0.2885153355520488,0.801806558412667,0.8486159264616417,0.816204516354015,0.00881410783258645
4.25,30.0,15.8,True,True,8.60526512872454,452,19.38623286706409,58.82349805340221,5.57350898254816,17.2027640202924,17.95842061957449,16.215155418961285,0.4383635330012845,3.034292348429353,0.2874982994771087,0.8873701321064156,0.9263491645189428,0.8364263201702145,0.022612104992612295
4.5,30.0,14.0,True,False,0.20302533870682063,57,2.886182087023063,0.8604099718122087,0.5999667274916172,0.8623009868538393,0.9115126982165357,1.5746408530043283,0.00014076043426411192,0.29811354442285865,0.20787556342657842,0.29876874045159607,0.31581953970087545,0.5455791788343067,4.8770462160721994e-05
4.5,30.0,14.225,True,False,0.3310605013199927,85,4.450643504196004,1.568380455025223,0.8873919973586414,1.4014754967413292,1.5015323077049947,2.5171607507108815,0.00037898924412870926,0.35239408718010684,0.1993850993731627,0.314892777958971,0.3373742035931144,0.5655723151804313,8.515380838105849e-05
4.5,30.0,14.45,True,True,0.5333910658998704,46,6.589751927868315,2.8253186747613075,1.3014935653980928,2.251998588954223,2.4430347190432538,3.9139061024958766,0.0010413583958937365,0.42874431476136843,0.19750266468970193,0.341742544120733,0.3707324260131198,0.5939383068342553,0.00015802694961699416
4.5,30.0,14.675,True,True,0.8470442731828391,125,9.259044939281527,4.992095711664673,1.9038618138490981,3.5635215534067015,3.8975581936070953,5.85527585579559,0.0031160235031268283,0.5391588165303844,0.20562183533335696,0.38486923616586527,0.4209460283610562,0.6323844299485537,0.00033653832804149045
4.5,30.0,14.9,True,True,1.3258116836500085,47,12.236751981548784,8.676895918274557,2.7355720540256807,5.5141139076503425,6.037638604817262,8.33640199675495,0.009750466417685668,0.7090848888134724,0.2235537713071671,0.4506190789814824,0.49340205750031796,0.6812593741644035,0.0007968181779272746
4.5,30.0,15.125,True,True,2.053540499582299,47,15.180350773431849,15.252345746851725,3.7039861634237203,8.236984900684032,8.978317437262909,11.20095591049843,0.02972281249815088,1.0047426422810914,0.2439987203659559,0.5426083378191848,0.5914433448386756,0.7378588332821647,0.0019579792945345355
4.5,30.0,15.35,True,True,3.17357201016077,47,17.788812511819895,28.085274908522678,4.61302665005918,11.681150807690717,12.625994924994792,14.148036355190253,0.0881981809863089,1.5788167360728114,0.25932178704981146,0.6566571433550777,0.70977165657378,0.7953333785371843,0.0049580701875240425
4.5,30.0,15.575,True,True,4.933016625193206,51,19.944504388635064,55.599832400456116,5.328566403663642,15.470129137217837,16.517320096547085,16.817053740228307,0.2565922560313603,2.7877269505948945,0.26716965735684106,0.7756587396592892,0.8281639781412224,0.8431923607894279,0.012865311217137777
4.5,30.0,15.8,True,True,7.746158198371055,52,21.668988092159225,122.60882521700262,5.838057224497707,18.932603593323307,19.912477665818844,18.929216362514698,0.7228746492486092,5.658262614550413,0.26941992859418146,0.8737188609270564,0.918938973113564,0.873562543945654,0.03335987108277458
4.75,30.0,14.0,True,False,0.16210248352835646,55,3.1042084460037196,0.9089286657861458,0.6349655636874307,0.9089060694020107,0.9610332736502565,1.690685466627834,0.00023602961738887292,0.2928052937154649,0.20454991175121295,0.29279801444136705,0.30959044483222986,0.5446430212521264,7.603536344111542e-05
4.75,30.0,14.225,True,True,0.26703139420410144,46,4.841875148161408,1.6654645542530067,0.9416686166419953,1.4798901095144108,1.587110170264387,2.724004620891788,0.000639484795788184,0.3439709829951788,0.1944842830157594,0.3056440044878822,0.3277883302850252,0.562592908230227,0.00013207378881527207
4.75,30.0,14.45,True,True,0.4363688030873531,46,7.271685280282298,3.024633959479718,1.3834032950756558,2.3843028890610762,2.5916133929373686,4.28191042196484,0.0017587376694369356,0.41594676376894807,0.19024521025777258,0.3278886251480501,0.3563979040683617,0.5888470494694744,0.00024186108194284482
4.75,30.0,14.675,True,True,0.7056236268182823,48,10.368870114025045,5.418837135912795,2.0244506662531245,3.786152803655506,4.1541746883411035,6.492855203629351,0.0052509746215452695,0.5226063280109197,0.195243131024935,0.36514613087247716,0.4006390901475487,0.6261873407833555,0.0005064172435184375
4.75,30.0,14.9,True,True,1.1280922381991796,47,13.85212739956183,9.63246154044006,2.905995237711139,5.882143351824693,6.469055974314373,9.374360501511536,0.016456878970598658,0.6953777757447389,0.2097869268660539,0.4246382654559441,0.4670081199598989,0.6767451836898399,0.0011880398220362326
4.75,30.0,15.125,True,True,1.7873409562533884,48,17.214191554778512,17.559804916908124,3.9223235186182803,8.81934524798466,9.66659990757377,12.728410401957522,0.05041802493943059,1.020077234590414,0.22785406483579398,0.5123299122076103,0.5615482944298017,0.7394137773739495,0.002928863942229978
4.75,30.0,15.35,True,True,2.8244354709259354,48,19.980771905515546,34.32506426091018,4.854213600347124,12.536554206881657,13.63631261798753,16.120711610926804,0.14984349080181278,1.7179048148502711,0.24294424776488008,0.6274309253998858,0.6824717624759695,0.8068112526962384,0.00749938448376209
4.75,30.0,15.575,True,True,4.480874073106255,52,22.004893804264373,74.9896896478594,5.56537622458343,16.591067220074986,17.826130947839445,19.035132776834004,0.43282564396176587,3.407864192161063,0.25291538664480645,0.7539717013703456,0.8100984765663756,0.8650408834577128,0.01966951750877742
4.75,30.0,15.8,True,True,7.158543620963977,53,23.423297662191914,193.83596398130615,6.073773964387691,20.192024718595842,21.35275945942275,21.147576565605352,1.1894476890021586,8.275349046781797,0.25930481915838477,0.8620487605888327,0.9116034713544512,0.9028436930868254,0.05078053936538891
5.0,30.0,14.0,True,True,0.13660116837234032,92,3.2454997890371002,0.9389893635829444,0.656711850717452,0.9381007530175447,0.9920622523760515,1.7654477213248458,0.0004039270651578943,0.28932042046489576,0.20234536848091747,0.2890466227070277,0.30567318344222855,0.543967905124601,0.0001244575847831851
5.0,30.0,14.225,True,True,0.2266883320918031,46,5.103097796893319,1.7252467429281382,0.9757587122185793,1.5297195947879727,1.641445697150237,2.860523361893755,0.0010988724447577244,0.33807832253938763,0.19120909515247875,0.29976293923256586,0.32165671960069464,0.5605464515367888,0.0002153343887367198
5.0,30.0,14.45,True,True,0.37435068086776446,47,7.744744137879223,3.1481887108594773,1.4356407746071924,2.4700411970256706,2.687765557374678,4.532913835828484,0.0030236389692853416,0.4064935722617119,0.18536968414302196,0.3189312846301534,0.3470438157187051,0.5852890366846583,0.0003904117315505426
5.0,30.0,14.675,True,True,0.6138225204878757,88,11.171681556485389,5.6857948499219715,2.1028422879404602,3.933560856097535,4.32380373752546,6.946066105384729,0.009011960767456039,0.5089470928054919,0.1882297017962992,0.3521010544571084,0.38703249064733714,0.6217565431188284,0.000806678987571429
5.0,30.0,14.9,True,True,0.9980936806654407,47,15.063562312468779,10.234839109194203,3.0195497099437367,6.130168071724058,6.759420750088981,10.146516990689895,0.02825594993269202,0.6794434740527725,0.2004538931302008,0.4069534114549947,0.4487265767469829,0.673580178460919,0.0018757813953013834
5.0,30.0,15.125,True,True,1.6111313909300486,48,18.766103682019807,19.014040545968516,4.073547482168745,9.214579511361435,10.13373769868213,13.910193327822563,0.0866991660389202,1.0132119521531933,0.2170694328024893,0.4910225195116083,0.540002222645262,0.7412403535396752,0.0046199875854884285
5.0,30.0,15.35,True,True,2.5928716682016977,49,21.632868935308682,38.194618088831824,5.034241423189556,13.111963525409484,14.317961387450955,17.674815252577634,0.2566031597280722,1.765582651244719,0.2327126114545436,0.6061130201740571,0.6618614216296341,0.8170351933177572,0.01186172580693864
5.0,30.0,15.575,True,True,4.178363411040316,51,23.49557974271728,86.39740708094556,5.771051678530987,17.327723832058968,18.692368013921726,20.756679974727046,0.7284998748158231,3.6771770701987214,0.24562286786389212,0.7374886690093226,0.7955695589812223,0.8834291471850493,0.031005826746693915
5.0,30.0,15.8,True,True,6.751819066896951,91,24.625361150055618,229.7349949567603,6.331176379316138,20.995745850790197,22.282283327056938,22.799046452447822,1.9223001898342214,9.329203074702578,0.25709983868812575,0.8526066165223642,0.9048510270074399,0.9258360238260437,0.07806180701759494
5.25,30.0,14.0,True,True,0.12133270617157407,56,3.331585714951182,0.9566184928771397,0.6696308121075373,0.9555113583603946,1.0104879300483123,1.8114279538001627,0.0007014674790033179,0.28713608915541805,0.2009946222012029,0.2868037745726725,0.3033053976409906,0.5437134472245466,0.00021055063234763467
5.25,30.0,14.225,True,True,0.20232588792091327,84,5.265193790714745,1.7597707480273002,0.9962024136786624,1.5596542410763763,1.6738389064489523,2.9460974699117393,0.0019132383529226944,0.3342271562977766,0.18920527017172312,0.2962197220217899,0.31790641958911264,0.5595420770850316,0.0003633747263579778
5.25,30.0,14.45,True,True,0.3364524117134006,92,8.045709990977619,3.2184974996521194,1.4674454085641946,2.5220669004649565,2.745488531851541,4.694342484216269,0.005265184600576753,0.40002653628596,0.18238855367764606,0.313467289188049,0.34123632779833046,0.5834590719129149,0.0006544089466909795
5.25,30.0,14.675,True,True,0.5569102000939367,47,11.697041325586484,5.8338278240856125,2.151643508719816,4.023757214013543,4.426241291123625,7.247480936335767,0.015664765046507205,0.49874388417560855,0.18394767093908113,0.3439978625374133,0.3784069123053812,0.6195994982493901,0.0013392074637063643
5.25,30.0,14.9,True,True,0.9162303638992181,47,15.875568810874537,10.550467649679568,3.0930596605755816,6.281839115391858,6.934514491603178,10.680614721481424,0.04903884163363169,0.6645725753431051,0.19483142288778216,0.3956922230773166,0.4368041595368309,0.6727705223491177,0.0030889502113486973
5.25,30.0,15.125,True,True,1.498293592227363,49,19.81653339081279,19.682179536750994,4.180318729095119,9.452461387644155,10.411347575354652,14.7575160534396,0.14995690883468069,0.9932201131543984,0.21095106024110002,0.47699873642008656,0.525386926665059,0.7447072483566365,0.007567262440775979
5.25,30.0,15.35,True,True,2.440910203724091,51,22.736811549840034,39.48091893968382,5.185315756485945,13.44656923898251,14.711343551031096,18.809701002820347,0.4380396435511571,1.7364316387607825,0.22805817540069406,0.5914008307412442,0.6470275534801008,0.8272796280863173,0.019265658361593753
5.25,30.0,15.575,True,True,3.9696538799897745,52,24.459238862755743,87.3241741558359,5.993018310948718,17.73795864718456,19.175469599378907,22.000033226961452,1.2045720675867884,3.5701918054696726,0.24502063799190127,0.7252048498612226,0.7839765459168695,0.8994569843488082,0.0492481419534685
5.25,30.0,15.8,True,True,6.444975011373746,53,25.37610607801678,213.6715022208343,6.677630000893473,21.433597675815435,22.794839795377595,23.952054996970908,2.9984799521934984,8.420184781854182,0.26314636218668225,0.8446369829129646,0.8982796543053811,0.9438822064871678,0.1181615470464584
5.5,30.0,14.0,True,True,0.11241597461369054,57,3.3813243123570977,0.9662859787937388,0.677023166567652,0.9654394009391223,1.0208140241088859,1.8392790304685305,0.0012298095803300723,0.28577145802383785,0.20022426245641722,0.2855210892995121,0.3018976974134976,0.5439522685673359,0.00036370648501112885
5.5,30.0,14.225,True,True,0.18800171678816902,45,5.359356379358452,1.7777536628340678,1.0080527651813243,1.576660628174718,1.6917213978778673,2.9989677463823234,0.003359675795977093,0.33171029075078523,0.18809213155964716,0.29418842797004924,0.31565756746342305,0.559576100953622,0.0006268804606681645
5.5,30.0,14.45,True,True,0.3139397825772501,84,8.222345163692157,3.2522544725784415,1.4863326173433693,2.5514404667882196,2.776789206037484,4.796521361619287,0.00924347634146874,0.3955385486539282,0.1807674802934139,0.31030568724537977,0.33771255654640947,0.5833519836651396,0.0011241897728017603
5.5,30.0,14.675,True,True,0.5225750518107918,86,12.00880458376155,5.89471254367414,2.1818299473522313,4.073711479191085,4.480159999109974,7.444354461514665,0.027427069672720003,0.49086588948620585,0.18168585658413727,0.3392270605102199,0.37307293726538776,0.6199080357741028,0.0022839133971592155
5.5,30.0,14.9,True,True,0.8656349206807386,48,16.360327899489707,10.637252383856874,3.1425735048258026,6.361896542225166,7.0216880582840995,11.042785841193043,0.08542469898798626,0.6501857694544532,0.19208499512554525,0.38886118794865954,0.42918993442075887,0.6749733812815253,0.005221453965519281
5.5,30.0,15.125,True,True,1.4256747660273883,49,20.442155550584438,19.664636936514793,4.266911005734746,9.56783586144056,10.537864681635945,15.35151002762623,0.2582832194954499,0.9619649399425778,0.20873097238577445,0.4680443722172448,0.5154967466889601,0.7509731539630776,0.012634832899902556
5.5,30.0,15.35,True,True,2.335900638612573,51,23.388038416277624,38.40355935967344,5.3455143254447615,13.59116753088953,14.872193108885343,19.617264731235217,0.7345391653577236,1.6420171147378182,0.2285576169450956,0.5811161795180881,0.6358888609715376,0.8387734098119994,0.03140661701865936
5.5,30.0,15.575,True,True,3.8086573986668455,51,25.02327279105829,79.29798536688705,6.289337050600208,17.899480523650777,19.3600399410296,22.87365654867132,1.9214386244309885,3.168969384181555,0.2513395071506239,0.7153133274416007,0.7736813686476549,0.9140953199712907,0.07678606393635237
5.5,30.0,15.8,True,True,6.178335402986407,53,25.82132465126588,165.93469702067569,7.192944334070356,21.614712424310405,23.007244096118143,24.737917666126513,4.442464903312534,6.426265858228958,0.27856604690951536,0.8370876675085975,0.8910171885775126,0.958042160897185,0.17204635948430105
5.75,30.0,14.0,True,True,0.10727546269715987,59,3.407913626861066,0.9708203802794932,0.6810328871798779,0.9707016735247138,1.025948005505143,1.8566906421698697,0.002168272171703288,0.28487235492927937,0.19983865841317058,0.28483752225222914,0.30104871127561855,0.544817400163987,0.0006362462225019544
5.75,30.0,14.225,True,True,0.17968243388406988,83,5.408799628290122,1.7843395334214567,1.0146842740195652,1.585384556749897,1.699917060238889,3.0331043100739796,0.005929085050862925,0.3298956618930138,0.18759879155300418,0.2931120887632295,0.3142873053288317,0.5607721710025393,0.0010961924009629618
5.75,30.0,14.45,True,True,0.30068631587778627,47,8.313877924465926,3.258822470754195,1.4975774247813938,2.565758645281232,2.7896079299754803,4.864715207336096,0.0162957901282832,0.3919738177973714,0.1801298309149273,0.3086115370699352,0.3355363111318094,0.5851319025289393,0.001960070893070038
5.75,30.0,14.675,True,True,0.5018214915064607,47,12.167602030805783,5.885090349643322,2.201724885133875,4.095472952148158,4.498218640706807,7.580942690217753,0.04810207954306163,0.4836688720376886,0.1809497779069019,0.3365883385879395,0.36968817925818687,0.6230432809212872,0.003953291652806969
5.75,30.0,14.9,True,True,0.8334308873152034,49,16.60114680212412,10.524454991333863,3.1818700163090567,6.388615063502607,7.040187443722587,11.304651228593356,0.14805103639536585,0.6339595159767671,0.19166567552441233,0.3848297433696076,0.42407838010454757,0.6809560425757408,0.008918121028628136
5.75,30.0,15.125,True,True,1.3750262531574955,52,20.74849431809566,19.035384532736224,4.357683029746242,9.588460322605899,10.54263241702267,15.792921962804659,0.4369613600964612,0.9174345010729111,0.21002406068307897,0.4621280067654542,0.5081155410794307,0.7611599049397512,0.02105990696950806
5.75,30.0,15.35,True,True,2.2524556137838525,52,23.71487828570363,35.41391656293335,5.556719638757259,13.591142742579082,14.848690744170964,20.21664796574412,1.1881962441704883,1.4933206123297886,0.23431364782112726,0.5731061563479506,0.6261339638889232,0.8524879496401043,0.05010340891721064
5.75,30.0,15.575,True,True,3.6632336628235285,51,25.327667788474045,66.1991236181638,6.723300862356435,17.885655682692406,19.323462038047047,23.50129617446683,2.905106472010856,2.6137078301496546,0.2654528209429544,0.7061706522710984,0.7629388619366149,0.927890257039839,0.11470090717681056
5.75,30.0,15.8,True,True,5.920384304269663,52,26.08761828919537,115.47559317553112,7.959279923588624,21.635042129215837,23.017434777480844,25.278169750479908,6.181746377220517,4.426452115920345,0.3050979907539162,0.8293222435785316,0.8823126175153332,0.9689719264617304,0.2369609332938144
6.0,30.0,14.0,True,True,0.10431315261014748,59,3.4192109410404803,0.9716479173223466,0.6829114279548336,0.9729133688672001,1.0274588531227604,1.8689478789403682,0.0038336266425115025,0.28417314230594676,0.19972778507400915,0.28454324276674736,0.30049589535125326,0.5466020994807765,0.0011212021453537212
6.0,30.0,14.225,True,True,0.1748144776885413,46,5.427596586296305,1.7816646507443785,1.0181627190218328,1.5884544469903383,1.7008866527092215,3.058597391303875,0.010484633989156394,0.3282603307774859,0.1875899770429712,0.29266258494614306,0.3133775006424853,0.5635270312878959,0.0019317268375524056
6.0,30.0,14.45,True,True,0.29269100823895605,46,8.345180171805858,3.2409361552770437,1.504701486024933,2.5692565346622613,2.7877516975126087,4.918229155045296,0.028729937124213345,0.38836023771260536,0.18030784896754634,0.30787310540549856,0.3340553037945198,0.5893496669684262,0.0034426982441046953
6.0,30.0,14.675,True,True,0.4885031982074243,47,12.215101057987935,5.807351479177061,2.217664518491677,4.095640296740397,4.486128387625111,7.693203008741584,0.08389036814291448,0.47542394054770476,0.18155105782292802,0.3352931979275028,0.3672608492003801,0.6298108359660844,0.006867758829392187
6.0,30.0,14.9,True,True,0.8103482285226922,49,16.663160179062725,10.216665856259494,3.223314019518061,6.372354716659816,6.9989386669166445,11.527215085115431,0.2520840833272221,0.613128947118731,0.19343953877177258,0.38242174042512567,0.42002468869685455,0.6917784478600516,0.015128227816231759
6.0,30.0,15.125,True,True,1.3329742011106789,51,20.829366054346114,17.86406633302821,4.47693718087978,9.533266273189307,10.442912050668848,16.167581190704404,0.7133020084292115,0.8576385035636173,0.21493391441674015,0.4576839375867688,0.5013552512074606,0.7761917068681495,0.03424501766247364
6.0,30.0,15.35,True,True,2.17362652896851,53,23.832035385580266,31.175476009764377,5.859783617744639,13.484501712704608,14.677368388733052,20.702733983362943,1.8203473232344456,1.3081331705569432,0.24587843727733555,0.5658141025110888,0.6158671784120333,0.868693489599687,0.07638236910036895
6.0,30.0,15.575,True,True,3.517639770951423,51,25.482037079984387,52.22701849235073,7.351445768528099,17.76018301029007,19.126837613332476,23.972419720434353,4.111718672964924,2.0495621416929013,0.28849521509810955,0.6969687295620619,0.7506008076707577,0.9407575872049959,0.16135753433129546
6.0,30.0,15.8,True,True,5.666105274109351,53,26.257441948562125,77.47570169302404,9.043736336613712,21.569880001172802,22.893653801158894,25.65626264833031,8.044923078229901,2.950618793894607,0.34442564337875087,0.8214768233488938,0.8718920085973023,0.9771044223801574,0.3063863987203996
6.5,30.0,14.0,True,True,0.10142748910187016,57,3.407521747811462,0.962690430149791,0.6823841473389823,0.9704568558772261,1.020904691348091,1.8928593385459926,0.011949123729473909,0.28251923286127084,0.20025819285739116,0.2847984334951107,0.29960327971605294,0.5554944263412884,0.0035066903790558148
6.5,30.0,14.225,True,True,0.16963179805408982,46,5.393071502868288,1.745292509097069,1.0199594679051736,1.580750411274377,1.68166578285115,3.113690007880935,0.03242858288453628,0.32361753560449563,0.18912403949450907,0.29310763086186786,0.31181967121273313,0.5773500325788243,0.006013008147080795
6.5,30.0,14.45,True,True,0.28287976647954277,47,8.264704418231537,3.1177197445890332,1.5162036132152499,2.547982040570601,2.7385238251915482,5.040141696689726,0.0867220378888433,0.37723306083536334,0.18345527395638958,0.30829681397315023,0.3313516959118947,0.6098393168872945,0.010493059824080182
6.5,30.0,14.675,True,True,0.4685329678914226,48,12.054060890236576,5.416302790290345,2.2594497443386388,4.037856551781888,4.367991561307565,7.951210015143093,0.23858704267280087,0.4493342815845062,0.18744303392135048,0.33497894100173575,0.3623668074254964,0.6596291563105785,0.019793084243173945
6.5,30.0,14.9,True,True,0.7678216270867065,52,16.411431327976196,9.031307804818063,3.358399106687199,6.230507156500607,6.742739613715871,12.012621185911637,0.6461350026298249,0.5503059193516288,0.20463779420398343,0.379644348624218,0.4108562793192618,0.7319666972273158,0.039371032892687015
6.5,30.0,15.125,True,True,1.2452652484680065,51,20.58122749577357,14.449149908139454,4.877839955758361,9.259946155259334,9.979143534587779,16.89043370421968,1.5924961998033362,0.7020548172409365,0.23700432623661746,0.44992195714084093,0.4848662955908257,0.820671833479718,0.07737615261919441
6.5,30.0,15.35,True,True,2.0072592870799615,89,23.742881771197514,22.104064528101254,6.834153622010704,13.099173940371877,14.02157800341327,21.488788399760796,3.471281958316651,0.9309764813349528,0.28784010668415216,0.5517095214727676,0.5905592311217607,0.9050623511855601,0.14620305958511165
6.5,30.0,15.575,True,True,3.23107349731408,51,25.58401547456467,31.249625641147915,9.266317103165372,17.394969929990086,18.444265685214294,24.608389741319684,6.686929650838569,1.221451170251829,0.3621916626957108,0.6799155491163599,0.7209292733406673,0.9618658089769004,0.2613713886112458
6.5,30.0,15.8,True,False,5.215715337228109,49,26.45897724514567,38.96879622109789,12.170630194744263,21.401816437190938,22.418214018058787,26.11204517182862,11.318631036385952,1.4728005493200742,0.4599811278411059,0.8088678651068211,0.8472819569082842,0.9868879257840284,0.4277803685122613
7.0,30.0,14.0,True,True,0.09939136773804753,58,3.3424863819792767,0.9325087047241417,0.6762571111117567,0.9567655247127729,0.9962939304408457,1.9383965481732848,0.03558601752683213,0.2789865382105013,0.20232157556654165,0.28624365677930375,0.2980697051788385,0.5799265357142457,0.01064657068423406
7.0,30.0,14.225,True,True,0.1647343441784232,46,5.250577088443375,1.6476871434087887,1.0185448712956704,1.5501070635801126,1.622721068501139,3.217813576239311,0.09235685520343913,0.31381067559895104,0.1939872235258688,0.29522603658023217,0.30905575542787106,0.6128495062612799,0.017589848439082706
7.0,30.0,14.45,True,True,0.2713894962616643,47,7.993093508343759,2.841611783221122,1.5372357036981723,2.4827730133330967,2.610313580083663,5.254088824989601,0.2283310466725375,0.35550838736652407,0.19232049544941474,0.3106147839683599,0.32657113010861594,0.6573285824199366,0.028566042225602557
7.0,30.0,14.675,True,True,0.44276197178791055,51,11.612576267985647,4.707206953151677,2.344183393809824,3.9053625241060708,4.112637030993733,8.33907876571133,0.552945783222232,0.4053542335931804,0.20186592016385121,0.3363045747972949,0.354153715427621,0.7181075562621775,0.047616116395001094
7.0,30.0,14.9,True,True,0.7149665592380632,51,15.848654511037319,7.388551682511463,3.6035618824239055,5.991022907115724,6.293956860264083,12.588292221523108,1.274466656554149,0.4661942549991186,0.22737336345582607,0.37801460704083467,0.39712878187109485,0.7942814459584799,0.0804148172746516
7.0,30.0,15.125,True,True,1.1492252991598813,49,20.08492067971702,11.010537689658415,5.496751005285306,8.910764951998459,9.31097115104256,17.533988077952408,2.673835411482261,0.5481992119977616,0.2736755147276365,0.44365447561847204,0.4635801803511899,0.8729926474471618,0.1331265108844798
7.0,30.0,15.35,True,False,1.8524468958265978,50,23.49864702510821,15.681364678305053,8.158692849203257,12.721322738577033,13.207930614205985,22.009548073636786,5.043784584301834,0.6673305344579873,0.34719840850776335,0.541364050661485,0.562071960998153,0.9366304387703545,0.21464148888710788
7.0,30.0,15.575,True,False,3.0055864652569713,47,25.57994118516683,21.022311625349396,11.623511682193952,17.13372818701244,17.665680083351514,24.943633434778118,8.601183271089768,0.8218279890940371,0.45439946863263847,0.6698110860766116,0.6906067514179978,0.9751247375518716,0.3362471871544951
7.0,30.0,15.8,True,False,4.914552972227326,47,26.554227488372376,25.871131836095987,15.637862694151147,21.359339639835394,21.860011937788112,26.329226959350652,13.248888634373136,0.97427544625143,0.5889029421397662,0.8043668244232776,0.8232215359064851,0.991526752976706,0.49893707659823994
7.5,30.0,14.0,True,True,0.09551712039671134,54,3.201522249146439,0.8692582006891462,0.6630484411872588,0.9251554116733514,0.9443021874179951,2.029313076783758,0.0905375219061819,0.2715140277163153,0.2071041178501992,0.288973600580164,0.294954123048733,0.6338588080482013,0.028279522945786246
7.5,30.0,14.225,True,True,0.15590606197418228,47,4.986386450870881,1.47802670764601,1.0160792294154402,1.489124535009803,1.5156779948858015,3.3967077503201257,0.2114004396092189,0.2964123864462752,0.20377065424561713,0.29863801165064635,0.3039632025755015,0.6811962497866336,0.04239551861695306
7.5,30.0,14.45,True,True,0.2535306960609534,48,7.564434559372036,2.445921889230151,1.573187304409283,2.3745155039515864,2.411957111090813,5.557575721190629,0.4607530106629463,0.3233449731149766,0.20797156642199593,0.31390522124481274,0.3188549113829656,0.7346981030201407,0.0609104364703759
7.5,30.0,14.675,True,True,0.41014980531516443,49,11.0283706976182,3.8945489515410308,2.4684605008394915,3.730735643600256,3.7830644052836577,8.765279294046785,0.9614891416663025,0.35313910443562957,0.2238282125729239,0.33828529579677474,0.3430302180630079,0.7947936766343757,0.08718324474475232
7.5,30.0,14.9,True,False,0.6613350463602957,48,15.220820344894031,5.929016407813502,3.903678492277357,5.744769005371135,5.8128443941931,13.055247516686691,1.905041535397188,0.38953330198148267,0.2564696516891012,0.37742834322975716,0.38190086095741044,0.857722988699896,0.12516024052778812
7.5,30.0,15.125,True,False,1.069844368815213,47,19.60246908813113,8.694887377583763,6.124040372449052,8.625451355424238,8.705585643714695,17.91543465632215,3.513875183503525,0.4435608258578165,0.3124116836973882,0.44001861789170027,0.4441065870108036,0.9139376563113449,0.17925676442622732
7.5,30.0,15.35,True,False,1.7457017856623953,46,23.27573933573698,12.39240545972452,9.306070843035576,12.476420218810972,12.563213567399744,22.247347470825638,6.005216100913421,0.5324172642154286,0.39981848519618324,0.5360268062314564,0.5397557253148348,0.9558170054202156,0.258003237374856
7.5,30.0,15.575,True,False,2.8734936404217826,47,25.552017853417752,16.91776187613546,13.407915991651477,17.016959066159668,17.103191640499343,25.080796020583726,9.547036659355578,0.6620910322302628,0.524730221643066,0.6659731988205204,0.6693479841245367,0.981558331888415,0.37363141784430925
7.5,30.0,15.8,True,False,4.762152029031186,45,26.592820445130496,21.527599931719056,17.936679092016693,21.3948822853378,21.470973255353165,26.41845710954222,14.054953454984085,0.8095267659230576,0.6744932952495883,0.8045360336818087,0.8073973687617926,0.9934432176553802,0.5285243618285602
3.5,33.0,14.0,True,True,0.5696499347935792,112,1.2907046317186717,0.4350802795172158,0.27301648812617096,0.4493905237517512,0.47635999099984006,0.7569818135972085,2.548983175008037e-05,0.33708740855595537,0.211525147905163,0.3481745650461899,0.36906971532714683,0.5864872527723322,1.9748772200606977e-05
3.5,33.0,14.225,False,True,0.9563305994547145,85,1.7283757902078285,0.6907579062724185,0.4240592095054195,0.6981298407754707,0.7421062432207368,1.0833755141846555,4.279246033494966e-05,0.3996572447878122,0.24535127829719744,0.40392248302177625,0.42936625670480044,0.6268171079012771,2.47587709671657e-05
3.5,33.0,14.45,True,True,1.367772791535721,250,2.7136364280263465,1.3961041562920646,0.5695375085101656,1.2171400025315042,1.3065368541523386,1.7479500406550748,0.00017946878264086768,0.5144772313170428,0.20987981390137647,0.4485272934726712,0.4814708561023391,0.6441356780894836,6.613589823136219e-05
3.5,33.0,14.675,True,True,2.0417040538406996,218,3.7093843983730017,2.3409456106157966,0.8608788252425372,1.9529317839710936,2.098427139732002,2.504810143804077,0.0005416845718501662,0.6310873609223607,0.2320813193747548,0.5264840669593807,0.5657076523674407,0.6752630287933299,0.00014603085409205856
3.5,33.0,14.9,True,True,2.9805868447104285,198,4.9178149195299685,3.74864834483318,1.3116383705274668,3.0482414289221658,3.2599401547519777,3.4391145967881758,0.0016674597934357275,0.7622589312880171,0.2667116172507016,0.6198365491179381,0.6628838636862637,0.699317614237682,0.00033906517848278416
3.5,33.0,15.125,True,True,4.276998271153122,307,6.381813290510762,5.8541264300074864,1.908646032674776,4.58320379103082,4.857073853531123,4.520365055875757,0.004844865241480547,0.9173139613332306,0.29907581839048436,0.7181663866358596,0.761080531884754,0.7083198536373937,0.0007591675000402264
3.5,33.0,15.35,True,False,6.067930712649529,375,8.156952764687496,9.108748072352798,2.592255702622962,6.58434910727579,6.905930989772747,5.682074042505556,0.013686741541205983,1.1166851562247297,0.31779707170123284,0.8072069677515222,0.8466312346038604,0.6965927358441978,0.0016779233539830779
3.5,33.0,15.575,True,False,8.552292153662924,492,10.3028332216412,14.19868661423324,3.2899908911809463,9.03674045998538,9.382046724067557,6.86889664264853,0.038393867701968384,1.3781341800630882,0.31932875359666013,0.877112175416333,0.9106278362693941,0.6666997800391787,0.0037265349128744216
3.5,33.0,15.8,True,False,12.07277927595926,426,12.805657032510663,22.260908953512107,3.9143276362168993,11.8532101652923,12.192628275364836,8.141922341484996,0.1074240661187723,1.7383652316313565,0.3056717532165127,0.9256229598527966,0.9521282855233835,0.6358066845624945,0.008388797688868828
3.75,33.0,14.0,True,True,0.4455146065107361,60,1.7303719381176352,0.5726207629142875,0.36578002497982737,0.5740128957849343,0.609223327262211,1.0273661562999745,4.005075915731712e-05,0.33092351436143047,0.21138809346257478,0.33172804247471066,0.3520765182570791,0.5937256226066534,2.314575165896753e-05
3.75,33.0,14.225,True,True,0.7014996701908418,184,2.573074756010888,1.0449767353957038,0.523320518071347,0.9384681470162046,1.0059218258145197,1.5932505641690977,0.00010480109638743846,0.4061198505618862,0.20338333227545471,0.3647263433850398,0.39094154705945244,0.6192010397082904,4.072990733853167e-05
3.75,33.0,14.45,True,True,1.080154762336186,213,3.664899454853743,1.847796219490604,0.754713887887446,1.5151815607635182,1.6361412749101232,2.3842302981828802,0.0002858158800497136,0.5041874251266042,0.2059303119183565,0.41343059459839543,0.4464355148251721,0.6505581742563874,7.798737279713989e-05
3.75,33.0,14.675,True,True,1.6245092997753043,223,4.997671702661395,3.128911270710706,1.113284785660404,2.4052919747998365,2.6027519561778774,3.421751981129765,0.000860477084063626,0.6260737913305662,0.2227606877553701,0.4812825087167998,0.5207929033817571,0.6846692189300049,0.00017217559200725382
3.75,33.0,14.9,True,True,2.3925240819488924,411,6.559436461608991,5.080616073904532,1.6445354696368069,3.7280831630912004,4.015312060518346,4.699203565184465,0.0026602334020460494,0.7745506955727546,0.25071292012079527,0.5683541848314091,0.61214283940688,0.7164035497085642,0.0004055582240358358
3.75,33.0,15.125,True,False,3.4709298009811747,51,8.3555704257229,8.077179792157207,2.3134216122611417,5.579648526435864,5.953848178586373,6.178338930390036,0.007843499377222663,0.966682031341791,0.2768717746832935,0.6677758958572991,0.7125603489927216,0.7394275454096844,0.0009387150101776643
3.75,33.0,15.35,True,False,5.0002509472695635,345,10.39852322810142,12.829004069856373,3.026642206665731,7.967099536414506,8.410189202705341,7.776871107035883,0.02255470989578572,1.2337332704308162,0.29106461949196805,0.7661760580467687,0.8087868842738439,0.7478822652450619,0.002169030101777615
3.75,33.0,15.575,True,False,7.197075620019405,49,12.704801733020556,20.423612215866836,3.6980229109363676,10.797485376234123,11.271675758459104,9.37944872726069,0.06435702243287175,1.6075506446341952,0.2910728548659662,0.8498743705831158,0.8871980842615851,0.7382601416661962,0.005065566845140442
3.75,33.0,15.8,True,False,10.420442862351893,435,15.227709934967484,32.65211882076351,4.256423341723213,13.869105874311352,14.324594575307268,10.9520599940258,0.18238806269123634,2.1442566847024223,0.2795182834386123,0.910780802467457,0.9406926344462088,0.719219110476784,0.011977379623735641
4.0,33.0,14.0,True,False,0.33677165739170234,57,2.173427470272759,0.7003120515699496,0.45236561205133796,0.6886400150473156,0.7313887898687205,1.298752825800355,6.298249569763433e-05,0.3222155149635899,0.20813467126858726,0.31684517862512024,0.33651400834504647,0.5975597730148157,2.8978420747452046e-05
4.0,33.0,14.225,True,False,0.5354816306331056,180,3.26870405014843,1.2841073546691186,0.6485836125300783,1.119040671499834,1.20286882614484,2.0296263326312047,0.00016689819880081065,0.39284907258912233,0.19842225009652573,0.34234995102998667,0.3679956360962744,0.6209269182809746,5.105944014516454e-05
4.0,33.0,14.45,True,False,0.8351406320648863,269,4.707479302002605,2.295122420751569,0.9297925829129197,1.7964527785373188,1.949543645376926,3.064845039793019,0.00045691500509178,0.4875480641572237,0.1975138971970365,0.3816167131681474,0.41413748639267983,0.6510586331179843,9.706150059914318e-05
4.0,33.0,14.675,True,False,1.275173599762061,85,6.462767360829568,3.95616850030286,1.3513368873435125,2.8394927565115347,3.0929517519592604,4.4372535057329054,0.0013735964157553873,0.6121477502472008,0.20909570341861314,0.4393617467528731,0.4785800848573707,0.6865872246348869,0.00021253997537969103
4.0,33.0,14.9,True,False,1.9094006426700443,50,8.46709255477264,6.5841781853707495,1.9562888027662997,4.391283003193375,4.764278488963562,6.132676068341356,0.004272162295393507,0.7776197251628543,0.23104611058770108,0.5186293848551524,0.5626817538776147,0.7242953857737807,0.0005045607175966703
4.0,33.0,15.125,True,False,2.8201892989259805,50,10.65007628867922,10.809393819899567,2.686731132819264,6.5662040638793355,7.05937988822437,8.08688674332021,0.012791315529285146,1.0149592854456544,0.2522734166397659,0.6165405660858088,0.6628478235154358,0.7593266493232899,0.0012010538875559054
4.0,33.0,15.35,True,False,4.14848486691821,127,12.948237976934989,17.845381305150223,3.414879236927553,9.35334564431346,9.944524792768966,10.182948152813298,0.037400236048474395,1.378209246457984,0.2637331228396142,0.7223643603843861,0.7680214721480553,0.7864350478383569,0.0028884421274227696
4.0,33.0,15.575,True,False,6.126477382673339,511,15.315593579306348,29.599374666316642,4.045754683322542,12.560524220850438,13.192006416707285,12.248902956298044,0.10828085223914151,1.932629937785096,0.2641591827553429,0.8201134455422987,0.8613447691986064,0.799766779711897,0.007069974250651642
4.0,33.0,15.8,True,False,9.137741641890086,393,17.679311362105185,49.13914648701225,4.5346471449914745,15.82414822130649,16.416110713979492,14.143687696831575,0.3094839462761853,2.779471749806942,0.2564945575149091,0.895065870904047,0.928549216524728,0.8000134964050658,0.017505429930916333
4.25,33.0,14.0,True,False,0.25122584361503253,138,2.5660133833186993,0.8039123212107387,0.522780635897016,0.7820349214292724,0.8310631310327438,1.5368167007829558,0.00010049224642507677,0.3132923337176892,0.20373262247794227,0.30476650141935113,0.3238732644324348,0.5989121922643078,3.91627912303042e-05
4.25,33.0,14.225,True,False,0.4046039343261975,48,3.9162431938758018,1.4838124806991093,0.7520731363404904,1.2692046099635133,1.3673127182241918,2.426963495962833,0.0002694834469816098,0.3788867052535161,0.19203943654892985,0.32408728138954396,0.3491388686898677,0.6197172585599648,6.881172430839496e-05
4.25,33.0,14.45,True,True,0.6414823209873824,187,5.733155656566143,2.6926304623262824,1.0767730393858326,2.0368095303175786,2.2197688407432614,3.7132503378496806,0.0007398581874825959,0.46965940288790725,0.18781507146986529,0.3552684860361039,0.38718098264103046,0.647680014338512,0.00012904903194722116
4.25,33.0,14.675,True,True,0.9984491359872969,226,7.9841120452200816,4.771748150097718,1.5544271932233829,3.2227790372875864,3.5326711076170167,5.452030270379057,0.0022161898531567513,0.597655459125785,0.19469005249669377,0.4036490243416606,0.4424626167078845,0.6828599397779083,0.00027757499401370966
4.25,33.0,14.9,True,True,1.5267562680419593,48,10.532571781414056,8.26944069754639,2.225443630060773,4.995878262801215,5.462382562711021,7.625265823508707,0.0069136509890118936,0.7851302482589083,0.21129157021154382,0.4743265335838509,0.5186181187343084,0.7239699839467861,0.00065640672881165
4.25,33.0,15.125,True,True,2.3045222287556975,49,13.190045344384979,14.438178374283568,3.010439344351684,7.494211361376137,8.127410668108968,10.123148409778135,0.020929266856264957,1.09462689454892,0.22823570850218738,0.5681717663363783,0.6161776139434441,0.7674839733653815,0.0015867471498249683
4.25,33.0,15.35,True,True,3.4652625891518047,48,15.787475412333103,26.407377182239582,3.7506770877334894,10.707801123608998,11.488559620623564,12.75490996329482,0.06177525411335913,1.6726789111329516,0.23757294879480717,0.678246574828811,0.7277008717713507,0.8079132115911796,0.003912927969794372
4.25,33.0,15.575,True,True,5.236570766990889,469,18.22760216951778,52.08904090886092,4.347383515373735,14.369549550949715,15.222399621365344,15.271015827934468,0.1796445819271327,2.8577012173312624,0.23850550801706172,0.7883400908859022,0.8351290246405493,0.8377961997367024,0.00985563434270879
4.25,33.0,15.8,True,True,7.997725741170513,52,20.451823811844488,116.01918785755466,4.785309405454361,17.952582087938843,18.757988976786955,17.441670872289162,0.5109042105510125,5.672803996598249,0.23397959269935584,0.8777985891674741,0.9171792769857247,0.8528173835620458,0.024980863088363153
4.5,33.0,14.0,True,False,0.190095702901811,93,2.8732621293899,0.8787932089359239,0.5737604739657951,0.8502795251137816,0.9040630766409167,1.7210434482183754,0.00016412478872326137,0.305852083576699,0.19968956820783548,0.29592828180084196,0.31464691905185926,0.5989858811050479,5.7121411598499415e-05
4.5,33.0,14.225,True,True,0.30997003163868203,49,4.448966615083898,1.6343865727679021,0.82847056053027,1.3817248688123729,1.4911667317630741,2.746496492760341,0.0004441188222162726,0.36736319108950677,0.18621640309041673,0.3105720919837283,0.33517148155425164,0.6173335811171394,9.982516405282073e-05
4.5,33.0,14.45,True,True,0.4995702214580922,49,6.627729436748212,3.008509445012984,1.18760602839065,2.2227160898710636,2.430594434882334,4.26046124493967,0.001220910433195367,0.4539276193641755,0.1791874637799532,0.33536614780123,0.36673108914277974,0.6428236525946653,0.00018421247349445011
4.5,33.0,14.675,True,True,0.7934644008459354,88,9.390795904432395,5.452546965552204,1.7105420892020315,3.5292271467885556,3.8883157574439537,6.355595771628268,0.0036452737068719716,0.5806267137568859,0.18215091740995742,0.3758176817710183,0.41405603923397954,0.6767898947338924,0.0003881751604410257
4.5,33.0,14.9,True,True,1.2410774011593504,91,12.539709348088268,9.807277672255005,2.436296809814697,5.495807260887678,6.048674002779353,9.023000507581793,0.011391646258575343,0.7820976866381808,0.19428654542029883,0.4382723002846583,0.4823615791143914,0.7195541983560718,0.000908445797454791
4.5,33.0,15.125,True,True,1.917651282776334,50,15.73539028704938,18.232244446953672,3.2679233825718494,8.285845197521178,9.056560067187462,12.098499294638302,0.034736330559981723,1.1586776123347424,0.20767984288647942,0.526573859711674,0.575553570771056,0.7688718915726971,0.0022075290111215474
4.5,33.0,15.35,True,True,2.950335241157923,346,18.648785023459336,37.18453511718517,4.020565046669696,11.895356310764786,12.872481203317161,15.272881224101083,0.10302343225571035,1.9939387509914823,0.2155939403887173,0.6378622680137586,0.6902584370576504,0.818974598339167,0.005524404518906271
4.5,33.0,15.575,True,True,4.5580733454800555,53,21.11872976191604,89.10568211865845,4.595094090163891,15.995940495850407,17.088480115511196,18.173300018314425,0.29902238539684795,4.219272803014179,0.2175838292343863,0.7574291009062631,0.8091623079683183,0.8605299761487935,0.014159108467597463
4.5,33.0,15.8,True,True,7.108021209893302,54,23.13876060506516,282.7960248050462,5.005464101891804,19.903783636956852,20.948450034358448,20.501128231238173,0.8370732390655817,12.221744700670836,0.2163237775490918,0.8601922971016798,0.9053401948319028,0.8860080529443052,0.036176234905267286
4.75,33.0,14.0,True,True,0.14971691546550356,134,3.089364626331058,0.9283963620334762,0.6075207036737303,0.8959266737671934,0.9529904712102912,1.8495156111751456,0.0002747806576315595,0.3005136894883281,0.19664907744969698,0.29000353863415584,0.30847458506122233,0.5986718419093308,8.894406807457044e-05
4.75,33.0,14.225,True,True,0.24663464348524428,84,4.839566584621382,1.7351093340897186,0.8798359920208291,1.4585636128206863,1.575956524190711,2.9768802377528973,0.0007482558911301114,0.35852576956030513,0.1818005758649278,0.30138310679628666,0.325640012723165,0.6151129828882786,0.00015461216992195809
4.75,33.0,14.45,True,True,0.4031678297873454,47,7.3174271196390315,3.22088904885769,1.2633390937967808,2.3529220462042457,2.578602625652268,4.67256852083585,0.002059228971668463,0.44016687781054065,0.17264799131461678,0.3215504586153385,0.35239197924248955,0.6385534757558812,0.00028141434660029037
4.75,33.0,14.675,True,True,0.652069437285029,47,10.53570920410358,5.923249340862732,1.8193139994690868,3.750254211797167,4.145700741047462,7.072061860579159,0.006134789792468415,0.5622069882638439,0.17268073408484716,0.35595650365297393,0.39349042961747116,0.671246873236084,0.0005822854136937418
4.75,33.0,14.9,True,True,1.0418950822043103,87,14.251940767818082,10.912986933944678,2.58619955077545,5.866200714495993,6.485171058802725,10.19087340617044,0.019199328079603343,0.7657193579268162,0.18146297356324104,0.4116071495148437,0.45503774990748713,0.7150516250518085,0.0013471377963453807
4.75,33.0,15.125,True,True,1.6472883960465408,49,17.964452934524317,21.114915276288855,3.4548868334983083,8.883139411909806,9.76228309906859,13.818080752125946,0.05882151144269214,1.1753720167960104,0.1923179540223383,0.49448427092583896,0.5434222313726742,0.7691901780972233,0.00327432801082677
4.75,33.0,15.35,True,True,2.5927093907277756,49,21.14055660892788,46.08646676832338,4.222432523561991,12.796203779456487,13.931631356290078,17.499105711546058,0.17460621991634354,2.180002524099133,0.1997313789637314,0.6052917156425538,0.6590002152737361,0.8277504720077238,0.008259300979928101
4.75,33.0,15.575,True,True,4.090638490028108,52,23.542942260572662,123.99054012395317,4.793260041542868,17.220289954597515,18.508701949934604,20.69247255646874,0.5022607245961866,5.266569435189075,0.20359647441221207,0.7314417103862296,0.7861677501937006,0.878924661473702,0.021333812869996378
4.75,33.0,15.8,True,True,6.495353639921997,53,25.261732283083006,474.8942282057965,5.208936126766687,21.341750643258447,22.582602763868927,23.04448473361121,1.3664638318327396,18.798957366982243,0.2061986909050948,0.8448253035105733,0.8939451384730172,0.9122289982086217,0.054092245793762046
5.0,33.0,14.0,True,True,0.1245677132945103,133,3.2292206484961126,0.9590241408009376,0.6284881683520752,0.9244858872836345,0.9835988488768168,1.9325161081201054,0.00046975528623755794,0.2969831563685705,0.1946253405275263,0.28628761794712876,0.3045932613291355,0.5984465970202754,0.00014547017295220402
5.0,33.0,14.225,True,True,0.20673987571776897,47,5.100052461558315,1.796962157045134,0.9121012171760515,1.5073292249324874,1.6297014794314943,3.1296222367881215,0.0012844594732643007,0.3523418965961135,0.17884153624909185,0.2955517097704373,0.3195460226567044,0.6136451066685438,0.00025185220798137355
5.0,33.0,14.45,True,True,0.341532396382785,47,7.795688901782279,3.35203573477908,1.3116661698057528,2.437195850837022,2.6742254665251926,4.955535152592114,0.00353692636580524,0.42998582639857846,0.16825532500480808,0.31263380075105635,0.34303901813139326,0.6356763610024461,0.000453702861974984
5.0,33.0,14.675,True,True,0.5601710515533593,47,11.365316411723875,6.216121420917401,1.890104083446536,3.8964468372480083,4.315618750857339,7.586012128069437,0.01051873175469715,0.5469378234384368,0.16630457217159408,0.34283663525888597,0.379718310913506,0.6674703856237648,0.0009255115628674067
5.0,33.0,14.9,True,True,0.9105546824056485,47,15.543222318450674,11.604167250998115,2.6863438473221413,6.115636519897949,6.7787965089625235,11.069684094897235,0.03292705522521895,0.7465741024126844,0.17283056191850907,0.39346001714447243,0.43612555814219506,0.7121872072663402,0.002118418854894245
5.0,33.0,15.125,True,True,1.4674326483922626,48,19.684773061707027,22.90409088499642,3.585485682473873,9.288424237987005,10.241446462410948,15.166274217489866,0.10098467297083735,1.1635435579164468,0.1821451368138326,0.4718583348088408,0.5202725187791842,0.7704571533513364,0.005130090789173677
5.0,33.0,15.35,True,True,2.353990841328816,50,23.05188377881564,51.43905166965017,4.376507788154313,13.402248614058328,14.646956131052145,19.27824304332775,0.2981648743854717,2.231446772993101,0.18985467001947418,0.5813949411967281,0.6353908544564368,0.8362979454652719,0.012934512304780968
5.0,33.0,15.575,True,True,3.7761542614749413,56,25.33382540019742,143.111234549546,4.9724181382869235,18.02462558332303,19.44942120352415,22.676638913073237,0.8408477128326285,5.649017954802466,0.1962758509517546,0.7114845586321349,0.7677253986037413,0.8951130970096811,0.033190712399323474
5.0,33.0,15.8,True,True,6.070463869415468,91,26.745799007881786,554.2175683739563,5.441004169915494,22.25906385613827,23.638219668224252,24.965590574883795,2.187868769214883,20.72166803506721,0.20343397362374818,0.8322452378251511,0.883810562595578,0.9334396989795154,0.0818023334644119
5.25,33.0,14.0,True,True,0.1095200733229122,56,3.31423742545912,0.97682335904431,0.6409313496724788,0.9414779424986313,1.0017102037532353,1.9836483031452878,0.0008152631688217581,0.29473548018636325,0.19338727658706914,0.28407075946534177,0.3022445513584377,0.5985232946521609,0.0002459881608236984
5.25,33.0,14.225,True,True,0.18265799997897608,47,5.261280511742552,1.8324089334427076,0.9314629559281535,1.536547051897168,1.661610753225983,3.2256318351732047,0.0022348745591781833,0.34828193048308087,0.17704111268145448,0.29204811423146476,0.3158186965164594,0.6130887391337486,0.00042477768562048903
5.25,33.0,14.45,True,True,0.30387339889675147,47,8.099212708804556,3.425733452237218,1.3411584634099682,2.4881470318972787,2.731328171199282,5.138290125259258,0.006155164362746269,0.4229711671250645,0.16559121381662334,0.30720850548750794,0.3372337867148603,0.6344184688066637,0.0007599707013565732
5.25,33.0,14.675,True,True,0.5031700940443568,47,11.907337335127608,6.375183670293986,1.934369586517917,3.985412062098699,4.417563588552391,7.929857603576955,0.01827140123807659,0.5353996020156983,0.1624519010485552,0.3347022050296174,0.37099508179047064,0.6659639666194082,0.0015344657435860558
5.25,33.0,14.9,True,True,0.8277143831142689,48,16.40913817919998,11.952630633871758,2.7517757046715707,6.266845531934792,6.954401359415418,11.6822503550736,0.05708839303342836,0.7284130649239557,0.16769775929851619,0.38191192392288875,0.4238127123721056,0.7119356438768902,0.0034790610213638697
5.25,33.0,15.125,True,True,1.351928744438521,49,20.853854561435753,23.657941552599077,3.6798712193316665,9.529138225811963,10.523095879495392,16.141866763184222,0.17433711091424153,1.1344637262575339,0.1764600020821433,0.45694853187639656,0.5046115502769141,0.7740471535192716,0.008359946618052883
5.25,33.0,15.35,True,True,2.1968554768051693,51,24.339444581782654,52.80021243591857,4.511558729563279,13.74793392033448,15.053505620791245,20.590776107799112,0.507090069161617,2.16932692356661,0.18535997049579536,0.5648417273508533,0.61848188730068,0.8459838119400099,0.020834085488588297
5.25,33.0,15.575,True,True,3.5591656687777764,53,26.50363641736505,141.3196023568512,5.175349432008078,18.4608809063962,19.963051492401313,24.124673063305504,1.380940543290746,5.332083497201134,0.19526940946930643,0.6965414336238298,0.7532193385856146,0.9102401151073419,0.052103814040625786
5.25,33.0,15.8,True,True,5.751811014287063,54,27.682524814689533,479.8116203197258,5.763246116751045,22.744575447153363,24.206909158417446,26.319819344308744,3.3792967994778973,17.332653850457934,0.2081907685563717,0.82162214607983,0.8744473027825924,0.9507738011795196,0.12207328710438643
5.5,33.0,14.0,True,True,0.10073852980479556,135,3.3630949983747676,0.986456048445514,0.6480413546914162,0.9511176607396009,1.011774391786648,2.014635616866843,0.0014287405062549823,0.29331792557814274,0.1926919563689356,0.2828102272458058,0.3008462122763683,0.5990421376263311,0.00042482906576990194
5.5,33.0,14.225,True,True,0.1685108742258226,46,5.35427373178852,1.8503865175106688,0.9427116467438068,1.5530199869751868,1.6789998891329851,3.284998823474694,0.003922758798437398,0.34559057123375225,0.17606713701372664,0.2900524076225035,0.31358125737290965,0.6135283678104717,0.000732640689464163
5.5,33.0,14.45,True,True,0.2815227882318926,47,8.275825109389567,3.4593889720410553,1.35880218780238,2.5165772244919316,2.7617347535523193,5.254109393211153,0.010801222081800805,0.4180113676056433,0.16418933095392665,0.3040877726665199,0.3337111063909406,0.6348743869961628,0.0013051534969662395
5.5,33.0,14.675,True,True,0.4688082761101591,48,12.22579585194779,6.434135558477935,1.962119728979164,4.033698355470672,4.469869877160396,8.154793939183454,0.031972440347692345,0.5262753964154294,0.1604901433608155,0.3299333969189442,0.3656097264578702,0.6670153859868557,0.002615162295761593
5.5,33.0,14.9,True,True,0.776545625411796,48,16.920333061736383,12.020690088925695,2.7969529760357186,6.343774733387365,7.038577502984198,12.098362446687647,0.09932848568209761,0.7104286922170148,0.1653012955377778,0.37492020459887804,0.41598338976560856,0.715019166735368,0.005870362322046657
5.5,33.0,15.125,True,True,1.277649588614743,50,21.54245691363872,23.48870478194253,3.7599982659400872,9.638665037179562,10.64412653592983,16.827184553933556,0.299473085807944,1.09034474925985,0.17453897115883746,0.4474264507442156,0.49409993384695783,0.7811172430977507,0.013901528827862943
5.5,33.0,15.35,True,True,2.0885564496444804,51,25.092418673385946,50.509812999618035,4.662460769385947,13.88265830050455,15.205411572858825,21.527041693589915,0.8459532647466279,2.0129511489934937,0.18581153256187077,0.5532610658704284,0.605976321803777,0.8579101908746,0.03371350031090788
5.5,33.0,15.575,True,True,3.3930160095958297,53,27.185757414533885,122.78482987569885,5.455775946057795,18.60957202510847,20.136982954303058,25.14494780619563,2.1853635453002274,4.516513113960782,0.2006850816354692,0.6845338807871335,0.7407181137994538,0.9249309269843183,0.08038634024343576
5.5,33.0,15.8,True,True,5.478374176450991,92,28.239920053218647,333.6058298914627,6.250507413986383,22.920491044959476,24.41889237555879,27.244952473482474,4.962506818043568,11.813271045483711,0.2213358749673224,0.811634416873893,0.864694104287156,0.9647673372353343,0.17572665959009917
5.75,33.0,14.0,True,True,0.09568445206749283,60,3.388760976740188,0.9907388426376342,0.6518812160827794,0.9561408981919378,1.0166240499824823,2.033982768824404,0.0025183130448420917,0.29236020168960797,0.1923656523895218,0.28215058682353444,0.29999874790827585,0.600214291531706,0.0007431368167089135
5.75,33.0,14.225,True,True,0.16031239984954918,47,5.401931696173289,1.8560310554148247,0.9490552826439121,1.5612459970318568,1.6865517996140296,3.3232498178042538,0.006920432829897492,0.3435865464070253,0.17568813084330923,0.2890162417525269,0.31221272212841517,0.615196563880738,0.0012811033569343174
5.75,33.0,14.45,True,True,0.2683992788377898,47,8.364557193830779,3.4623407302907387,1.3695453233227355,2.5298215228006664,2.7731261532912255,5.3311481492932815,0.019034099777400157,0.4139299487179506,0.1637319575425743,0.3024453613236716,0.3315329298407482,0.6373497156819291,0.0022755657396232075
5.75,33.0,14.675,True,True,0.4481022198156156,47,12.38179086448496,6.409456752837046,1.981079517778437,4.052890141973711,4.4847233764471985,8.310023495208892,0.056030547054626685,0.5176518342933307,0.1599994329948524,0.3273266513973136,0.3622031276033629,0.671148752725647,0.004525237719475677
5.75,33.0,14.9,True,True,0.7440968477107519,50,17.16218937369942,11.837922919522404,2.834665413930765,6.363929062321535,7.049799962469858,12.396927419747051,0.17181740917247373,0.6897676433790955,0.1651692189269751,0.37081102671399724,0.4107750945385489,0.7223395074957627,0.010011392219909841
5.75,33.0,15.125,True,True,1.2261086985625669,51,21.86190276511657,22.492516901253392,3.8487318016918364,9.644051442840517,10.633220065407137,17.331768252523617,0.5045720085287623,1.0288453453897455,0.17604743022793853,0.4411350442116512,0.4863812715503329,0.792784070020595,0.02307996764736648
5.75,33.0,15.35,True,True,2.00322655460766,52,25.45341903899413,45.3994326776685,4.868792255569256,13.853265034798614,15.152495907301793,22.215501244646717,1.3593256344964373,1.7836280700882452,0.1912824461071561,0.5442594966741281,0.5953029683001907,0.8727904573689299,0.05340444175354114
5.75,33.0,15.575,True,True,3.2447894258640098,52,27.545491239907854,96.59849294282166,5.874027903350376,18.55204783481096,20.05714898980687,25.872252399242868,3.277602728833376,3.5068713097724666,0.21324825366846592,0.6735057898670832,0.7281463530680516,0.9392554365397993,0.11898871943459086
5.75,33.0,15.8,True,True,5.217312833802301,54,28.57398145872271,203.78585261607148,6.98380519570091,22.89943309426441,24.389362652329336,27.877506550569358,6.860538771754516,7.13186760166607,0.24441134343806964,0.8014085515994467,0.853551427110766,0.9756255560969177,0.2400974040549822
6.0,33.0,14.0,True,True,0.0927851103370313,60,3.398824257747719,0.9910241636384891,0.6536510189983722,0.958090556495688,1.017742733258418,2.0475405913320452,0.004451395003057406,0.29157852495003844,0.19231680411493934,0.28188881914435343,0.2994396462066091,0.6024261438833198,0.0013096867226689705
6.0,33.0,14.225,True,True,0.1555419919427976,86,5.4178422132169395,1.851233702889339,0.952476983308702,1.56370886894121,1.6865437111706232,3.351619265568964,0.012232661214719574,0.34169206670013674,0.175803750981362,0.28862207635477266,0.3112943575684549,0.618626223073204,0.0022578474479891166
6.0,33.0,14.45,True,True,0.2605310060341856,47,8.389630622935499,3.4365623547878505,1.3767788641083167,2.5318302198526306,2.768940893281585,5.390985547212451,0.033535369087391846,0.4096202215855614,0.16410482487089367,0.30178089282395043,0.3300432423939951,0.6425772229440736,0.003997240235549006
6.0,33.0,14.675,True,True,0.43489541324047265,48,12.416845766172354,6.301589932362172,1.9973768525285416,4.049057591377034,4.467186953655266,8.435713506152455,0.09757543941526904,0.5075032782906761,0.1608602450366312,0.3260938943453757,0.3597682565910079,0.679376523233796,0.00785831130165901
6.0,33.0,14.9,True,True,0.7209803362832868,50,17.20266261072924,11.408078109477332,2.876925440913816,6.336983142513447,6.996244237698272,12.645706601009934,0.291576528714357,0.6631576964348619,0.16723721821524812,0.36837222736444836,0.4066954282608983,0.735101704146825,0.01694949992988305
6.0,33.0,15.125,True,True,1.1836511060115673,51,21.916500048244387,20.785169529856496,3.969634725780424,9.56443350784773,10.50793226590658,17.750432148475646,0.818875940371878,0.9483799641412856,0.18112539488705498,0.4364033256584636,0.47945302592912475,0.8099118066024205,0.037363444827837544
6.0,33.0,15.35,True,True,1.9234978442816577,52,25.557964002122542,38.68245020932686,5.1702119090435845,13.701411424278056,14.935303236158294,22.761527764742056,2.066960552345156,1.5135184557781813,0.20229357505215234,0.5360916629798907,0.5843698361464921,0.8905845458915175,0.08087344329045533
6.0,33.0,15.575,True,True,3.098118793231162,51,27.71794315295315,71.28858318873542,6.487162332993036,18.36165433041642,19.79473357558373,26.408757940154327,4.60701919539236,2.5719290495456595,0.23404198129693743,0.6624464964479198,0.7141487182635607,0.9527675915354008,0.16621071664552842
6.0,33.0,15.8,True,True,4.962031737596962,93,28.788582416517446,120.01683688246449,8.03865623320046,22.771096198330024,24.200977056266936,28.316775101986718,8.895506163513916,4.168904017087164,0.27923070739976,0.7909766402830974,0.8406449718893289,0.9836113043808635,0.30899424066153813
6.5,33.0,14.0,True,True,0.09001803547276825,58,3.3822656339478057,0.9794474969668476,0.6529802039203749,0.9547184342965688,1.0096017561784572,2.0736194750552066,0.013859456785507557,0.289583256600585,0.19306000018638736,0.2822718667375082,0.29849865901870115,0.6130859309932031,0.004097684299660017
6.5,33.0,14.225,True,True,0.15055767983987078,46,5.371342365833726,1.8049727512908649,0.9548804062047046,1.5537978254735993,1.6633235193094122,3.4117863629716405,0.03775033257633987,0.33603755418236153,0.1777731414550207,0.28927551432153453,0.30966626329566227,0.6351831871067246,0.007028100241098736
6.5,33.0,14.45,True,True,0.25099661420870545,47,8.282086370529562,3.2794152734923077,1.3906976856984241,2.5050663210460864,2.710410952050644,5.523840746329998,0.10081703219259798,0.39596487247000534,0.16791634661611263,0.3024680266508632,0.3272618553816577,0.6669624656397781,0.012172902778620947
6.5,33.0,14.675,True,True,0.41521927146038795,49,12.200072085014169,5.7977826657095735,2.0445339478521882,3.97723802250581,4.328898122377572,8.7146122615875,0.27544144029474965,0.4752252794334895,0.16758375963725414,0.32600119038568703,0.35482561842359345,0.7143082598906939,0.02257703383843816
6.5,33.0,14.9,True,True,0.6786662315523491,51,16.853298589067915,9.852071658205508,3.0213197682744384,6.161497827461785,6.699917150870094,13.16492307037036,0.7385097794501474,0.5845782418283485,0.1792717165904989,0.36559595707029785,0.39754337202665313,0.7811481533300513,0.04381989528917444
6.5,33.0,15.125,True,True,1.0960465586848929,51,21.540468433702927,16.12962791074093,4.3841879467671765,9.222263424758303,9.970588696537892,18.520320537710866,1.8021212767753474,0.7488058098822021,0.2035326186271572,0.42813662354384296,0.46287705985713756,0.8597919118942354,0.08366212101291581
6.5,33.0,15.35,True,True,1.7572008572652178,91,25.368956123102404,25.47864734254904,6.156618453321009,13.19900520174267,14.158734152364767,23.60677762601657,3.891421646386876,1.004323836539208,0.24268316060960998,0.5202817623908029,0.5581126035955033,0.9305379973643813,0.1533930536007797
6.5,33.0,15.575,True,True,2.811136127319736,89,27.804889280860024,37.575520973055795,8.411648703466902,17.838034751084688,18.946267101137135,27.115036767715413,7.434071621432503,1.351399769785149,0.3025240855484077,0.6415430959246368,0.6814005590800581,0.9751895249005906,0.2673656257480541
6.5,33.0,15.8,True,True,4.508486742064696,49,29.046617933657533,49.00420726160753,11.22792810928387,22.451703928054066,23.558091371324913,28.849660491028065,12.501559820150897,1.687088230840958,0.3865485522248564,0.772954151816702,0.8110442126216411,0.9932192641814851,0.4303964010097305
7.0,33.0,14.0,True,True,0.08812642027306562,57,3.3059789151003796,0.942917901862802,0.6467788694720258,0.9389037902330248,0.9812695174820164,2.122256897838594,0.04109838267108644,0.2852159454362921,0.19563913929329693,0.28400174784675447,0.29681662910793916,0.6419450796086386,0.012431531998999022
7.0,33.0,14.225,True,True,0.1458541584146028,47,5.203723799343032,1.6862603284806825,0.955631549384972,1.5184877080447161,1.5958702712544708,3.5224683171029634,0.10670818894820258,0.3240487761271212,0.1836437878400887,0.29180789884282954,0.3066785119256231,0.6769130055572269,0.020506120820954113
7.0,33.0,14.45,True,True,0.23972361178970145,48,7.959826515991918,2.9418588563599717,1.4185760997205468,2.4297800807551764,2.5647575761551944,5.74866393854355,0.26261498480978757,0.369588313319335,0.1782169619991737,0.30525540674455115,0.32221274810479783,0.7222097023087164,0.03299255131781747
7.0,33.0,14.675,True,True,0.3897205066331086,51,11.667663788747035,4.925534628497385,2.1426777077842987,3.8237048070059965,4.041567430853182,9.1137481247583,0.6299336540211301,0.4221526020699922,0.18364239376273594,0.3277181170316029,0.34639046033800713,0.7811116509500491,0.053989698831455386
7.0,33.0,14.9,True,True,0.6262610581638868,50,16.149618034112184,7.806610498677917,3.2869938163141943,5.880477231616334,6.19713238638533,13.74438421217524,1.4370115086308453,0.4833928878186673,0.20353384268105973,0.36412484921904903,0.3837324432872269,0.8510655907244081,0.0889811452874925
7.0,33.0,15.125,True,True,1.0004532747244919,50,20.871899009341487,11.734930562364156,5.035224100919127,8.79741982859092,9.214270836663125,19.162112525005195,2.9927544212072585,0.562235882662715,0.24124417709502846,0.4214958986076697,0.4414677760053918,0.9180818916586816,0.1433867814264439
7.0,33.0,15.35,True,True,1.601702147210205,48,24.98804936153737,16.891882916140784,7.546638737662689,12.701415076621856,13.209612670238396,24.137802858803628,5.617525111933912,0.6759984611740627,0.30200991796017435,0.5082995832468777,0.5286372088959922,0.965973874533701,0.22480846866665136
7.0,33.0,15.575,True,False,2.581644824059971,47,27.75995901942433,23.00928499492529,10.933050369629727,17.42740620353394,17.992214969230112,27.485053964659535,9.544220580764796,0.8288659568562449,0.39384245351297537,0.6277893346794768,0.6481355018082164,0.9900970655406071,0.3438124881267465
7.0,33.0,15.8,True,False,4.197089140302102,47,29.177532397635314,28.899688877956,15.101146063229463,22.285645243869954,22.83594251432597,29.11705868168719,14.666894932673173,0.9904774839800423,0.5175607675600878,0.7637947219167885,0.7826550306967256,0.9979273875828847,0.5026777018971573
7.5,33.0,14.0,True,True,0.08436588985959942,56,3.145541537310959,0.868721297545966,0.6336447026513445,0.903335733469755,0.9229081050506147,2.216701179434489,0.10351435769766366,0.27617543346403023,0.2014421666779294,0.2871797185809834,0.293401976767277,0.7047120990586215,0.03290827873986855
7.5,33.0,14.225,True,True,0.13713406489771088,47,4.902593814399988,1.486872421291875,0.9570614354207564,1.4501801162862813,1.4765149822160282,3.7058979168500534,0.2411155643712055,0.3032828085664789,0.1952153230825809,0.2957985448492155,0.30117016381801437,0.7559055588013477,0.04918122396005895
7.5,33.0,14.45,True,True,0.2219821287388023,48,7.466299544476197,2.475464734535386,1.4650784328877693,2.308404349717867,2.3445456546065975,6.05293363253626,0.5229573837315258,0.3315517573048369,0.19622550959285853,0.3091764984738252,0.3140170898100607,0.8107006150073915,0.07004237917542781
7.5,33.0,14.675,True,True,0.3572476032979801,50,10.978962304303735,3.9609474774679754,2.286096716541176,3.626157221648399,3.67570386976213,9.5263082193869,1.0828227270119728,0.36077612507288515,0.20822520864699842,0.3302823273404401,0.33479519902543614,0.8676874877011467,0.09862705572707067
7.5,33.0,14.9,True,True,0.5724869920176214,49,15.37188077725936,6.04717120391233,3.617689675797988,5.594071208619929,5.657283296505988,14.180184610185346,2.1293875064336447,0.3933917580767547,0.2353446353259437,0.3639158597232688,0.36802804929863764,0.9224755783406173,0.13852485179196736
7.5,33.0,15.125,True,False,0.9198140318722837,48,20.21914872300981,8.871801796402753,5.719513562208197,8.445413342063425,8.518360627311552,19.51108603452844,3.912121891655084,0.43878216229283973,0.2828760815087765,0.41769381380791615,0.42130164548507826,0.964980588541021,0.1934859842641648
7.5,33.0,15.35,True,False,1.4914790430954032,47,24.640121963512293,12.679524529901778,8.821904440130453,12.36341834918834,12.440794370187797,24.36580383324412,6.674864156046567,0.5145885458147461,0.3580300638606477,0.5017596247086925,0.504899869757562,0.9888670141051091,0.27089412000195745
7.5,33.0,15.575,True,False,2.44333196278063,46,27.694629388252416,17.511196938358793,12.994642864797301,17.214609207840642,17.29059691715872,27.639401134636003,10.600852613840601,0.6322957672720019,0.4692116540945446,0.6215865526311315,0.6243303232103583,0.99800581358782,0.3827764750062805
7.5,33.0,15.8,True,False,4.03602593349865,45,29.232978622879042,22.750964231069414,17.91430584444265,22.260664505910032,22.328265090273863,29.233982070248118,15.596838729819863,0.7782636358945472,0.6128115124889159,0.7614914919579162,0.7638039687409329,1.000034325868124,0.5335357347955325
3.5,36.0,14.0,True,True,0.5545125944433784,116,1.285192094730224,0.4445729388381762,0.25769861979294967,0.44454027518438544,0.4728288711842838,0.8119746044736524,2.9438305891473608e-05,0.34591944710918643,0.20051369818536227,0.3458940317227047,0.3679052128651132,0.6317924050443953,2.2905763280199006e-05
3.5,36.0,14.225,True,True,0.8699945149273447,177,1.905620214449653,0.8235052169150378,0.355864216400043,0.7355764925347931,0.7884594373746752,1.2513490317964198,7.658574424883307e-05,0.4321455086751731,0.18674456415903276,0.38600372044606435,0.4137547615186187,0.656662341377299,4.018940587852191e-05
3.5,36.0,14.45,True,True,1.3326869283282705,224,2.7114409602506524,1.4684308756501578,0.5044213549770858,1.2021502965190078,1.2956559840315516,1.8598423729720717,0.0002083218214535768,0.5415684490929916,0.1860344231616446,0.4433621510268393,0.47784775808350183,0.6859239792557177,7.683066845546178e-05
3.5,36.0,14.675,True,True,1.9910317536609154,290,3.7115645844541967,2.4876305569591537,0.7544702222366925,1.9301045121011124,2.0813488010594385,2.653333229960559,0.0006285535898628475,0.6702377125211663,0.20327552035515528,0.5200244986131485,0.5607739684167481,0.7148826780689698,0.000169350034348191
3.5,36.0,14.9,True,True,2.9084721353166985,304,4.926033637856018,4.016838783558099,1.1533483478904323,3.0201191160982983,3.23750525421581,3.62825673899284,0.0019383433801235532,0.815430644380733,0.23413326677818014,0.613093482125055,0.6572235376827198,0.736547292554012,0.0003934896759996929
3.5,36.0,15.125,True,True,4.173858880414428,336,6.39899636399639,6.328303742978773,1.681338200306958,4.557956883958381,4.834444709871709,4.752031399115962,0.005650549237829249,0.9889525455248943,0.2627502978071557,0.7122924634874745,0.7555004620837814,0.7426213626019562,0.0008830367945857512
3.5,36.0,15.35,True,True,5.920441023246092,313,8.184996283728303,9.961305897332084,2.2711052639595946,6.570951855151059,6.88997150602806,5.956548916874971,0.016019793578471705,1.2170202101539211,0.2774717526108754,0.8028045007441299,0.841780651718225,0.7277399659565559,0.001957214520710157
3.5,36.0,15.575,True,False,8.342276895398534,376,10.343026731535168,15.747053949393829,2.85328599884709,9.041795162417484,9.378915217514628,7.193259528324943,0.045129274747758207,1.5224802524566776,0.27586566997333767,0.8741923807321971,0.9067863267643859,0.6954694902211938,0.004363256126000544
3.5,36.0,15.8,True,False,11.769817329607024,551,12.863790998484973,25.06909053017195,3.3594470678695334,11.884000064427122,12.210730509972919,8.538357066144684,0.1267990537273084,1.9488104659912815,0.26115528993476267,0.9238334224978277,0.9492326571079266,0.6637512275463964,0.009857051761976085
3.75,36.0,14.0,True,True,0.4317989147623098,99,1.7224628797154753,0.5850429499838145,0.3468866621742243,0.5672276195292181,0.6044971953989741,1.1018550378327747,4.6173553012476476e-05,0.3396548958317492,0.2013899203630587,0.32931195569388144,0.3509493310525379,0.6396974070145328,2.6806704258325523e-05
3.75,36.0,14.225,True,True,0.6800951362218602,174,2.5669251679831353,1.0852619508133519,0.4808551604550806,0.9266781981123431,0.9980776518400366,1.7030470719382464,0.00012144683159089187,0.42278675060327353,0.18732729977979623,0.3610070950531236,0.3888222626389372,0.6634580131825002,4.73121823361583e-05
3.75,36.0,14.45,True,True,1.0479894446586695,223,3.6650945035228384,1.9477355002814858,0.6744514058006396,1.4956861230726877,1.6232455951965314,2.53841417550471,0.00033155089983941344,0.5314284525022067,0.18402019515523166,0.40808937440359444,0.44289324426322163,0.6925917389210077,9.046176013216884e-05
3.75,36.0,14.675,True,True,1.5776802052514969,253,5.00990805641637,3.3408003083219437,0.9816213424991709,2.3769877970451656,2.5831844154758787,3.628261102364372,0.000998352724033449,0.6668386466780085,0.19593599951240084,0.4744573693325313,0.5156151343271662,0.724217103688665,0.00019927565791448462
3.75,36.0,14.9,True,True,2.325254739453402,299,6.589317779012968,5.490039863250046,1.447756065170403,3.6951855010209056,3.9902484222254366,4.96523186297915,0.00309211731167514,0.8331727270364572,0.21971258842326863,0.5607842306209759,0.605563209431849,0.7535274560279145,0.0004692621323444984
3.75,36.0,15.125,True,False,3.373587519153252,368,8.408986349031473,8.848581087150885,2.0315666379974533,5.5538007389638615,5.930838799542285,6.510409514781205,0.009146939624261084,1.052276781037948,0.24159471233193813,0.6604601920424732,0.7052977081150079,0.7742204880057938,0.0010877576968970353
3.75,36.0,15.35,True,False,4.858914510818785,258,10.477676357414643,14.303326717852613,2.6359205767416745,7.962920006662819,8.40149158017417,8.179192371916754,0.026400652477047138,1.3651239291935857,0.2515749186007579,0.75998911734163,0.8018468306886347,0.7806303700274784,0.0025197049017804817
3.75,36.0,15.575,True,False,6.992935018253525,395,12.80715674734245,23.235036088668544,3.185309609486197,10.826725436981809,11.28900385540996,9.856343540092022,0.07565049682628447,1.81422282455393,0.24871325246699777,0.8453652633890352,0.881460583181547,0.7695965415694052,0.0059068923976418365
3.75,36.0,15.8,True,False,10.123364365219555,385,15.352947131681143,37.91575444442101,3.631701811724923,13.939469607497243,14.377765519429632,11.519733682337236,0.2152200885440048,2.469607569101897,0.236547535829836,0.9079344498446713,0.9364824483607318,0.7503271901826597,0.014018161249307855
4.0,36.0,14.0,True,False,0.32431568091497287,97,2.1626447811899414,0.7154583381674309,0.43031075187705925,0.679906373769518,0.7254717206772953,1.3936375146529114,7.245829915309455e-05,0.3308256373817284,0.1989743094287965,0.314386523243737,0.3354557932894197,0.6444135101494093,3.3504484778691294e-05
4.0,36.0,14.225,True,False,0.515814449274222,49,3.2609518814710143,1.3345995521659766,0.5990116544857572,1.104140448650009,1.1935008785891552,2.171914884336141,0.00019302988989369706,0.4092668646076247,0.18369227031204866,0.3385945235573153,0.3659976969825042,0.6660370846552911,5.919433861950191e-05
4.0,36.0,14.45,True,False,0.8051239809892153,259,4.7117038577443076,2.425197348078776,0.8356474205234229,1.7726062755102725,1.9349635425758795,3.2686186573404177,0.000529294619930919,0.5147176947661182,0.17735567551639012,0.3762134312827747,0.4106717232229083,0.6937232805852199,0.00011233613909349447
4.0,36.0,14.675,True,False,1.230698651872291,295,6.492090500481512,4.246717733098591,1.1957982250673123,2.806275012646978,3.0717517895316626,4.715356477833147,0.0015920241563831207,0.6541371739632428,0.18419309234500367,0.43226061196140736,0.4731529527051161,0.7263232817662375,0.0002452251946064279
4.0,36.0,14.9,True,False,1.8444278794519988,339,8.535492956599342,7.183583039000151,1.7220928174270993,4.355028626633144,4.738263866697573,6.496686088174381,0.00496048666439858,0.8416131412124309,0.20175669128701443,0.5102257888064907,0.5551248054201855,0.7611377715626105,0.0005811599505290794
4.0,36.0,15.125,True,True,2.724662401568073,49,10.769386601963214,12.039383486820956,2.3515047490931087,6.543145512894204,7.039482545098451,8.54835250059634,0.014899098717046842,1.1179265757463128,0.21835085283914304,0.6075690059916148,0.6536567777978352,0.7937641034298102,0.0013834677189813948
4.0,36.0,15.35,True,True,4.0052141108692005,313,13.12730064453058,20.589530305025775,2.9589307815876484,9.370972254227839,9.957153070433636,10.75251599736091,0.04367730792657816,1.5684511890572335,0.22540283503147093,0.7138537089978361,0.7585072773192126,0.8190957370844468,0.003327211672018503
4.0,36.0,15.575,True,True,5.906762386673073,51,15.562396289725031,36.28607990528785,3.468560334256878,12.655760873994591,13.27748654076647,12.933616223653505,0.12668616002898078,2.331651194954179,0.22288086421157208,0.813227001702204,0.8531775115849506,0.8310812796993764,0.008140530395863552
4.0,36.0,15.8,True,True,8.791413450244525,53,18.00736245102573,66.58583376155835,3.8587100331709485,16.034818402240152,16.617108565605857,14.952417888403069,0.3622593549275866,3.697700534581371,0.21428513163243124,0.890459024515652,0.9227952517087985,0.8303502486312954,0.02011729124200261
4.25,36.0,14.0,True,False,0.23979046891872602,59,2.5522091222837053,0.8212738475382123,0.4982215976013287,0.7715945951638702,0.8240916853799612,1.65057508607245,0.00011536644298138597,0.3217894021173861,0.19521190221102347,0.30232420549984196,0.3228934800775916,0.6467240758843158,4.5202582333126603e-05
4.25,36.0,14.225,True,True,0.38624513234891666,48,3.906823178295397,1.5443155522027128,0.6968626620712177,1.2516454538195931,1.3567505695675,2.6013417692697334,0.00031097575330076216,0.3952867794944638,0.17837066851212574,0.320374226500239,0.34727718856205564,0.6658457909540549,7.959811312383106e-05
4.25,36.0,14.45,True,True,0.6125489770289241,87,5.744492852758537,2.8654550524539903,0.971747745526986,2.01003086262097,2.2053497297471756,3.9697781458500376,0.0008543935108264591,0.4988177591826898,0.16916162495708345,0.3499057121562511,0.38390677580670235,0.6910580703296947,0.00014873262666105933
4.25,36.0,14.675,True,True,0.9538186142773357,47,8.04495899561701,5.202727527898108,1.3800730096611626,3.1886525836516673,3.5156878302799224,5.8119685013700675,0.002555580751465307,0.646706531473015,0.17154506448237247,0.39635411260503417,0.43700506518371457,0.7224360626992005,0.0003176623712883581
4.25,36.0,14.9,True,True,1.4581042921688898,290,10.683299287370179,9.313754655694279,1.9617068846153816,4.967541052268974,5.451738467869993,8.107845837973137,0.007963534463985827,0.8718050861595744,0.18362369450180208,0.46498192352821305,0.5103047589722635,0.7589271459948942,0.0007454190180181824
4.25,36.0,15.125,True,True,2.1970170416706103,48,13.47605937638817,17.143538773553495,2.633678211749073,7.503956327813811,8.15180477012754,10.746521367689017,0.024112171841878565,1.2721477617998056,0.19543385333873076,0.5568360986121603,0.6049101256121338,0.7974528063091156,0.0017892598398702713
4.25,36.0,15.35,True,True,3.2920971745168632,50,16.249163430104094,34.531551332582154,3.2458496185751176,10.817248352814227,11.611683616902289,13.536655900365629,0.07115627763025573,2.1251279477321954,0.19975487553788018,0.6657110933338019,0.7146019342380325,0.8330678658377498,0.004379073294224347
4.25,36.0,15.575,True,True,4.950232603426607,51,18.89547653658551,81.68511322933742,3.7252655163154156,14.674049052184936,15.546560438008076,16.223362996712993,0.20666667876033062,4.322998315029437,0.1971511810830777,0.7765905783732405,0.8227662534949438,0.8585844853026724,0.010937362620105487
4.25,36.0,15.8,True,True,7.514386473487031,53,21.35112453744191,258.99407230447025,4.0770384438521265,18.555607180171595,19.392283834700173,18.567306014225682,0.5855720281690657,12.130230979182912,0.1909519302696456,0.8690693151844054,0.9082558532546302,0.8696172410809347,0.027425816712472958
4.5,36.0,14.0,True,True,0.17941564917355496,57,2.856723310987343,0.897801816607978,0.5474116396401789,0.838522781760696,0.8962637700861983,1.8501945839029208,0.00018807200386750258,0.3142767845786503,0.19162221190087256,0.29352607532399944,0.313738389237434,0.6476632079791638,6.583486862173606e-05
4.5,36.0,14.225,True,True,0.29254042517994255,46,4.43793010376263,1.703068559195944,0.7692182596651956,1.3621333878489623,1.4797187368489664,2.948782744324818,0.0005114275636208255,0.3837529026768636,0.17332816012875593,0.30692988758297446,0.3334254263253064,0.6644500195766351,0.00011524011231885325
4.5,36.0,14.45,True,True,0.47166338533483615,87,6.644382369578964,3.2029098501405215,1.0740704281731526,2.193002506464159,2.4150776317840323,4.566282115836305,0.0014076659626870113,0.48204779195202774,0.1616509057471979,0.3300536279345891,0.3634766179082901,0.6872395148031882,0.00021185806059746847
4.5,36.0,14.675,True,True,0.7494132364470101,49,9.480102851354722,5.955158061381989,1.5206607734684983,3.492407159288331,3.8710475793975108,6.797984741982364,0.004197250378284263,0.628174414851521,0.16040551429789535,0.36839338286179674,0.40833392212029973,0.7170792182925443,0.0004427431267461902
4.5,36.0,14.9,True,True,1.1717798800805255,47,12.76964575282117,11.095800426681928,2.1468432754871603,5.468305336050386,6.040778987744028,9.633034719348355,0.013100909095113664,0.8689199874029832,0.16812081689994124,0.4282268625065253,0.4730576794904003,0.7543697692021057,0.0010259414668742325
4.5,36.0,15.125,True,True,1.8072456925866045,86,16.182071105476556,21.890460678066475,2.8534656112077865,8.307955738550186,9.093809412342141,12.902882292985144,0.03994652135161403,1.3527601340633095,0.17633500635416674,0.5134049705008709,0.5619682025290625,0.7973566676899828,0.0024685666680882884
4.5,36.0,15.35,True,True,2.7703039390777557,49,19.368218484802945,49.95905244853176,3.4702191905720063,12.046966348352038,13.037763684862048,16.29335717280673,0.11838792254948104,2.5794345766871416,0.17917079948756645,0.6219966156311462,0.6731524479183247,0.8412419131677562,0.006112483842660737
4.5,36.0,15.575,True,True,4.2575041210985045,53,22.12937267177398,149.07808020184493,3.929459256474761,16.40534058431986,17.52100586576609,19.421309757806654,0.3427193851272629,6.736660926316906,0.177567584710017,0.7413378059851139,0.7917533915506849,0.8776258616033223,0.015487080913251626
4.5,36.0,15.8,True,True,6.5983136532364,55,24.43090094416169,727.4500624729934,4.26188917286089,20.706307228099156,21.79330501559009,21.967791880049436,0.9530166765861927,29.775818097565242,0.17444666418981836,0.8475457894665728,0.8920385320786988,0.8991805881517902,0.03900865869680248
4.75,36.0,14.0,True,True,0.13954634782728617,96,3.070684147368595,0.9486872035289762,0.5800059652790651,0.8832629653081582,0.9446195093681847,1.9898725151638148,0.0003144240050333285,0.3089497838264962,0.18888493164498793,0.2876437050893252,0.3076250972206539,0.6480225316788197,0.00010239542393273249
4.75,36.0,14.225,True,True,0.22988771615959283,47,4.826776440959962,1.8077438255418874,0.8178202782466844,1.4374277260331871,1.5636573845464128,3.2005869852344873,0.0008604412721603964,0.37452404263048045,0.16943404946346224,0.2978028387300465,0.3239547975077604,0.6630899575282476,0.00017826416505614453
4.75,36.0,14.45,True,True,0.37593695495486085,88,7.338191138840554,3.4295654085689335,1.1440256182187916,2.3210650658813825,2.562203508573224,5.018866317992284,0.002371191248384685,0.4673584189455728,0.15590022071836485,0.31629934706880836,0.3491600941016176,0.6839378019778962,0.00032313021063653255
4.75,36.0,14.675,True,True,0.6082513554295989,47,10.650838160666728,6.475147753236887,1.618648135731865,3.711480183991532,4.128198005305779,7.587430203079112,0.0070549477313788895,0.6079472484287144,0.15197378002695516,0.3484683672781672,0.38759372201815145,0.7123786962700548,0.0006623842767072201
4.75,36.0,14.9,True,True,0.9716245340384556,48,14.560575857265937,12.377842792526668,2.2785006526541656,5.83967971599089,6.479733567486363,10.92224705426922,0.022049741719078197,0.8500929437038678,0.1564842403892399,0.4010610413513835,0.44501904533211734,0.7501246627425702,0.0015143454445227219
4.75,36.0,15.125,True,True,1.5336684079549334,48,18.580315847553226,25.505960985851946,3.013422404683043,8.916109295220494,9.810998334249245,14.804506619855069,0.06752654834064942,1.372740980030796,0.16218359415455627,0.4798685538165716,0.5280318383576466,0.796784443349741,0.0036343057294982283
4.75,36.0,15.35,True,True,2.40580342540184,49,22.135054204759523,62.7782700104671,3.6395957790082933,12.983949572160837,14.133728187134759,18.764876619977844,0.2001241990905547,2.836147109907162,0.1644267841108652,0.5865786210439459,0.6385224113928619,0.847744778322837,0.009041053039189017
4.75,36.0,15.575,True,True,3.777304936813461,53,24.905200773128414,213.2680649104074,4.096536630667652,17.717367392330928,19.03329448208634,22.23908131465162,0.5730306603435138,8.563193963106453,0.16448518797277192,0.7113922731932829,0.7642297147277931,0.8929492886741385,0.023008473834982612
4.75,36.0,15.8,True,True,5.964049076109502,56,26.926061304453434,1270.8277361515152,4.438820029272278,22.3067325396561,23.60168517127875,24.841082563443134,1.5429171876780012,47.19694134920976,0.16485218462078297,0.8284439483158527,0.8765368578944426,0.9225665158585428,0.05730200084714249
5.0,36.0,14.0,True,True,0.1147341324600365,57,3.2089390284961548,0.9798002024018762,0.6002319807961438,0.9112070345148225,0.9747969108145669,2.08032858648995,0.0005370303358507278,0.3053346273335247,0.18704997990486533,0.28395897411047194,0.30377545417913354,0.6482917151170929,0.00016735448417117576
5.0,36.0,14.225,True,True,0.19043663955283138,46,5.085743678271763,1.8718482975280673,0.8483677768374337,1.4851512751230331,1.6167703930946153,3.3681848758640607,0.0014755755846595107,0.3680579313356505,0.1668129246194582,0.29202243940609235,0.3179024534803189,0.6622797154041072,0.00029013958980349963
5.0,36.0,14.45,True,True,0.31473373116027425,48,7.818908215485895,3.5689791365406105,1.1887258173840685,2.4038348539898315,2.6570763483785584,5.331433871594921,0.004068963896203151,0.4564549216055507,0.1520321999725887,0.3074386842435199,0.3398270289342996,0.6818642353462653,0.0005204005193646196
5.0,36.0,14.675,True,True,0.516434323197059,47,11.499776857911263,6.796866878559907,1.6825582149097713,3.856162560479258,4.297660452500079,8.15825778769174,0.012084686182799738,0.5910433708880193,0.14631224898527112,0.3353249900519951,0.37371685603999405,0.7094274861585051,0.001050862667346983
5.0,36.0,14.9,True,True,0.8393703917619639,47,15.916364382822547,13.17199542770719,2.3668188867058184,6.089376414867391,6.7745952332500865,11.90221346663121,0.03776975878409469,0.8275756391907458,0.14870348716445356,0.3825858888628638,0.42563710344313604,0.7477972469313697,0.0023730142057351382
5.0,36.0,15.125,True,True,1.350988264511975,48,20.44726823481678,27.71158435654427,3.126387520877839,9.328141945092446,10.29748625746167,16.31330955365852,0.11571688542045085,1.3552707402428512,0.15290001016147248,0.45620480144183095,0.5036118340702124,0.7978234239565009,0.005659283386492325
5.0,36.0,15.35,True,True,2.1612526856936642,50,24.288012293338365,70.20648213298288,3.7721554816660166,13.613376341961825,14.87339372132734,20.76645938233516,0.34064673686986063,2.890581628709027,0.15530935327715684,0.5604977540996904,0.612375913750948,0.855008599778703,0.014025303213606
5.0,36.0,15.575,True,True,3.452755313960814,53,26.993571779634394,245.3420646165069,4.253619574744546,18.57760127027845,20.033852805452355,24.49010187975447,0.9537287150434673,9.088907041253725,0.15757898248773944,0.6882231600152497,0.7421712461396873,0.9072568120915108,0.03533169759190663
5.0,36.0,15.8,True,True,5.523557889753006,54,28.70305727789808,1435.2194857981856,4.648179562818906,23.325731070279584,24.768596807722165,27.042714671913217,2.446738764732478,50.00232107341865,0.16194022531523483,0.812656674320225,0.8629253869341115,0.9421545032673798,0.08524314121118085
5.25,36.0,14.0,True,True,0.09989492511885975,90,3.2927999304134574,0.9978012753058912,0.6122331311672353,0.9278004088979216,0.9926001056173898,2.1361360527591815,0.0009314496619479415,0.3030251750462723,0.18593086251989832,0.2817664080736977,0.30144561667697645,0.6487293786145578,0.0002828746603596365
5.25,36.0,14.225,True,True,0.1666339464086204,46,5.245596541061952,1.9082872461938605,0.8667268544108998,1.5136656693965966,1.6481694837088559,3.4737890843246215,0.0025656648598315246,0.3637884140070625,0.1652294162591914,0.2885593006529932,0.314200581536755,0.6622295590467516,0.0004891083101317043
5.25,36.0,14.45,True,True,0.27735128729133446,47,8.123105066354041,3.6462758304404326,1.2161076791322498,2.453677144845688,2.7134129520539383,5.534059571785041,0.007076255592141423,0.4488770981854381,0.14970970696530522,0.3020614807764627,0.33403642201956907,0.6812739126946855,0.0008711269316768194
5.25,36.0,14.675,True,True,0.45947841446295357,47,12.053044357333032,6.967690363963869,1.722777109304372,3.9436579290557754,4.398604050321945,8.542181213331444,0.020974780095497393,0.5780855157746723,0.1429329435974605,0.32719185395318545,0.36493718266670516,0.7087156539114875,0.0017402059988882732
5.25,36.0,14.9,True,True,0.7558798045223853,48,16.82450797410378,13.555390184734001,2.4252108971342228,6.239215783890485,6.949279966129616,12.590069874907007,0.06540404520818269,0.8056931118341414,0.14414750796083298,0.3708409062240549,0.4130450635956737,0.7483172699187158,0.0038874269196372546
5.25,36.0,15.125,True,True,1.2334484961052263,49,21.71808681553918,28.547750836792346,3.2102227693577308,9.569166292831659,10.579773604886734,17.414525867780313,0.19931438947367042,1.3144689529635076,0.14781333165409546,0.440608161027562,0.48714114160907396,0.8018443804783167,0.009177345645890962
5.25,36.0,15.35,True,True,1.9999340878806764,52,25.746312626178685,71.42353774731785,3.893508417550372,13.964784218385596,15.286334693742587,22.257703174775294,0.5768481215952164,2.774126873403023,0.151225865780542,0.5423993882598277,0.5937290871780816,0.8645006179309656,0.022405077184088913
5.25,36.0,15.575,True,True,3.2288752125190205,53,28.369511736588265,235.23430520525446,4.43908281558507,19.031180681008475,20.56720687329194,26.150148905618483,1.5548951002920373,8.291799569531255,0.15647371223030138,0.6708321545225571,0.7249757085796559,0.9217694385586671,0.05480866624456857
5.25,36.0,15.8,True,True,5.195075479828487,53,29.836234911842805,1140.2001678833794,4.945604392750686,23.849018889836405,25.381105245238643,28.609815817102515,3.741702853848671,38.21528323705493,0.16575832732794452,0.7993307118107615,0.8506805674453314,0.9588949779231866,0.12540801025679982
5.5,36.0,14.0,True,True,0.09124158767710192,61,3.340724373255861,1.007403725587301,0.6190879225231797,0.9371640244849846,1.002405930963252,2.1699719430166677,0.0016316652941905235,0.30155248174679194,0.18531547453578706,0.28052719104498497,0.3000564605053933,0.6495513249726192,0.0004884166162443108
5.5,36.0,14.225,True,True,0.15266430296752442,46,5.337102888778737,1.9262276697863032,0.8774427108669757,1.529612457335428,1.6650487634622817,3.5391392875171075,0.0045010936547406274,0.36091259807567105,0.16440430869560332,0.286599769427612,0.3119761410189502,0.6631199287834887,0.0008433589811813785
5.5,36.0,14.45,True,True,0.25518919726121253,47,8.298464372924535,3.6796010122261493,1.232671127013208,2.481131735802438,2.742833517495554,5.6626236085003825,0.01241045907363971,0.44340746032863776,0.1485420761743647,0.29898685157914834,0.3305230213971417,0.6823700571609211,0.0014955127257196418
5.5,36.0,14.675,True,True,0.4251833264836096,47,12.374489236709003,7.023308209537372,1.7484445883030284,3.990075525413343,4.448974426758116,8.793733708752649,0.03667249884355852,0.5675634828387649,0.14129428333221675,0.3224436539632487,0.3595279240746522,0.7106340747112196,0.0029635565672294023
5.5,36.0,14.9,True,True,0.7043703409483542,48,17.35366260915035,13.594942523777897,2.4667247086456836,6.312303590320003,7.0295304534533,13.058235393392843,0.11361298321783192,0.7834047964381575,0.14214432792677512,0.3637447455611826,0.4050747448407072,0.7524771967450498,0.006546916681319212
5.5,36.0,15.125,True,True,1.157967591119338,51,22.456478727233716,28.14214503684872,3.2848079422069594,9.671005617024463,10.693068272999678,18.189968379738144,0.34125350919034364,1.253186012761645,0.14627439956663216,0.43065547962762807,0.4761685214713489,0.8100098239212619,0.015196216349649431
5.5,36.0,15.35,True,True,1.8890849607142979,52,26.589586312387382,67.01761787197839,4.035484355366439,14.08590540876435,15.424713717700897,23.32465970468155,0.9567195989435349,2.5204460530007067,0.1517693546622203,0.5297527100751508,0.580103561465149,0.8772103270299926,0.03598098848562471
5.5,36.0,15.575,True,True,3.058669846874329,92,29.16766569712536,194.2069301026884,4.702080970525022,19.1607069172969,20.72263193183699,27.323700254441643,2.4400988867561955,6.658295254728889,0.1612086829076774,0.6569160218805338,0.7104659024489342,0.9367804931038601,0.08365766777821651
5.5,36.0,15.8,True,True,4.916583318263968,93,30.513003400842383,701.0878009650328,5.399845890022583,24.010942009112174,25.581582199356482,29.682874384340145,5.446406976946477,22.976689372560344,0.17696867853636156,0.7869085089293208,0.8383829629386874,0.9727942541218568,0.17849462097841592
5.75,36.0,14.0,True,True,0.08627053886190864,63,3.365434832805295,1.0114128297270184,0.6227860384426835,0.9419559132618159,1.0069730424206293,2.1910742013244673,0.002874970791762729,0.3005296135489108,0.18505366152746253,0.27989129490189485,0.29921038214882206,0.6510523335547916,0.0008542642881503266
5.75,36.0,14.225,True,True,0.14458854091802767,47,5.3827771210238815,1.9307885189906282,0.8835760156773741,1.537344111935815,1.671946994700772,3.5811723781705425,0.007936801271622879,0.35869746704715216,0.16414872765701755,0.28560426660269933,0.31061048174752287,0.6653019988851688,0.001474480754669104
5.75,36.0,14.45,True,True,0.24221528351526578,47,8.383597368950259,3.6782205566915662,1.2430806891101929,2.49326869899088,2.7527444975922406,5.747907423831908,0.02185517420679193,0.4387401248912947,0.14827533270074533,0.2973984304428817,0.3283488431574001,0.685613486773593,0.002606896925624721
5.75,36.0,14.675,True,True,0.4045902553866037,48,12.525163333242192,6.9798805559450745,1.7667733738132285,4.006516110518601,4.460447129726137,8.966582320640017,0.06418966715817706,0.5572686255851246,0.14105791092752892,0.3198773544042477,0.3561188793353269,0.7158854604987397,0.005124856694508373
5.75,36.0,14.9,True,True,0.6718423273305243,49,17.590403737980722,13.320770503251435,2.5032869775273627,6.325346841005892,7.033000575486685,13.392039506972655,0.19602152237945192,0.7572748585917667,0.14230980793933304,0.35959077092405645,0.3998203043117891,0.7613264428977787,0.011143662493442806
5.75,36.0,15.125,True,True,1.1058776851886454,51,22.77829698567887,26.628840209721123,3.371575980967429,9.660013073754687,10.665365151946876,18.756525217361908,0.5721706204189564,1.1690443858231876,0.1480170349472219,0.42408846806361833,0.46822487030757326,0.823438434802851,0.025119113197035338
5.75,36.0,15.35,True,True,1.8024719820391988,52,26.973192673543537,58.535091132883636,4.235118151959919,14.025109189032142,15.339977046914385,24.10301198250411,1.5260859792980337,2.1701209731207447,0.15701211952242883,0.5199647427272697,0.5687119516244916,0.8935913621432504,0.05657787707107006
5.75,36.0,15.575,True,True,2.9086394777964064,54,29.57777675804605,143.00578113290317,5.099012598937841,19.055472456533746,20.59437121814424,28.15436160066666,3.629122065456442,4.8349063657734614,0.1723933695439349,0.6442496544758078,0.6962785400204885,0.9518755189403417,0.12269759472267336
5.75,36.0,15.8,True,True,4.65410396271464,54,30.919362740468184,371.7327410349276,6.0880121051943235,23.940722869056295,25.50219834855335,30.412550268431204,7.480352941531172,12.022652088763547,0.1968996630459706,0.7742954817668982,0.8247970232315077,0.9836085731685004,0.24193101922313112
6.0,36.0,14.0,True,True,0.08343328088695685,134,3.3742442169748235,1.0111018511432206,0.6244847689374978,0.9436492899795897,1.007700788670146,2.2058029000956254,0.0050797299257142525,0.2996528366431412,0.18507396880045016,0.27966241602560055,0.29864488871336037,0.6537176203781825,0.001505442285463404
6.0,36.0,14.225,True,True,0.13991921711086996,46,5.395678120753996,1.9235858156665453,0.8870498119387077,1.5392027794998353,1.6709584604504268,3.6121610754906577,0.014019730462370683,0.3565049234993547,0.16440006095373805,0.2852658637251597,0.3096846073940611,0.6694545142707459,0.0025983259469175963
6.0,36.0,14.45,True,True,0.23449063234053702,49,8.401922783716772,3.643237942838707,1.2506417196719346,2.493755013599897,2.7462161570521726,5.813562308034135,0.038463719388846074,0.4336195459805264,0.14885184640065047,0.29680765674648707,0.3268556766999142,0.6919323656843201,0.004577966303545439
6.0,36.0,14.675,True,True,0.39154459582842505,48,12.546075899225325,6.835692347579073,1.783748506720639,3.998528883491018,4.437452289256713,9.104711455055753,0.11154812591765097,0.5448470424127716,0.1421758102731372,0.3187075317899131,0.3536924473357211,0.7257019268963562,0.008891076924262721
6.0,36.0,14.9,True,True,0.6488196457355173,51,17.604923944912095,12.73735012392946,2.546584444376699,6.287412495143196,6.967212022414797,13.665269954952649,0.33126719819224887,0.7235106589375874,0.14465182879206212,0.357139429560574,0.3957535996301963,0.7762186305213762,0.01881673554676086
6.0,36.0,15.125,True,True,1.0633047135238063,52,22.797784394986913,24.201359692083745,3.4931735175959875,9.55577606009972,10.514756960139843,19.216857832336547,0.9224489307872878,1.0615663027941202,0.1532242544746635,0.4191537166305062,0.46121837008213706,0.8429265537120446,0.040462218380753194
6.0,36.0,15.35,True,True,1.7224063388500928,52,27.053418298206914,48.13413744966067,4.5302851877742185,13.82800880253439,15.076981697888959,24.707390876720275,2.301958220395297,1.7792257125914095,0.16745703399982115,0.511137211945261,0.5573041281400012,0.9132816638686235,0.08508936634258413
6.0,36.0,15.575,True,True,2.761877225163583,54,29.76123946574537,98.132875336601,5.685621359375941,18.79853029777768,20.263704165567766,28.756717874019845,5.064575703027097,3.2973383198488797,0.19104114819948897,0.6316447377608193,0.6808756802246395,0.9662473200122693,0.17017354767284906
6.0,36.0,15.8,True,True,4.399516117003579,52,31.18187074712442,190.1332710172629,7.088738290901794,23.74230554199082,25.24000354899586,30.915470881890524,9.660438724923637,6.097558179212096,0.2273352470860176,0.7614137629693153,0.8094448134201019,0.991456578490934,0.30980946599602327
6.5,36.0,14.0,True,True,0.08078900425282294,58,3.352832081003523,0.9966582855894565,0.6238229821536126,0.9393810785435602,0.9979888972534406,2.2337666753361445,0.01578719599091435,0.2972586343456695,0.18605852219324348,0.280175402718766,0.2976554963512329,0.6662327910760042,0.004708615167565788
6.5,36.0,14.225,True,True,0.13514695287601147,46,5.33721344680287,1.8662972095414923,0.8904916709585695,1.5271221729058049,1.6438056585007406,3.6767398151214246,0.043122862957447855,0.349676329819534,0.16684580443227304,0.28612724376249016,0.3079894920607725,0.6888875349971038,0.008079658680932009
6.5,36.0,14.45,True,True,0.2252691517409638,49,8.267145321422102,3.44750877267406,1.2677428461174178,2.461533107316814,2.678641050698205,5.955817300374076,0.11499715255466898,0.41701320572420086,0.1533471103782826,0.29774886150100777,0.3240103985782397,0.7204200565993638,0.01391014045158787
6.5,36.0,14.675,True,True,0.3722571230406622,50,12.272744853125477,6.200798295670046,1.837045823343099,3.912787439043066,4.2799880091336036,9.40089119145282,0.3119802384712147,0.5052495077407969,0.14968500081505906,0.3188192605541379,0.34873926414624573,0.765997444252148,0.025420575609193346
6.5,36.0,14.9,True,True,0.6069673316212049,51,17.154515461714094,10.737811102112508,2.6996877786535727,6.07931646445067,6.63362734090232,14.210945963918833,0.8277226189336145,0.6259466276431672,0.1573747614544292,0.3543857871135242,0.38669861330140315,0.8284084733046061,0.04825100544407378
6.5,36.0,15.125,True,True,0.9763856279245029,52,22.282230381038502,17.990868953738573,3.9151539954559462,9.148246768002497,9.909728076822836,20.02266371641162,1.9985385390354249,0.8074088027134058,0.17570745515617783,0.4105624352482854,0.4447368107842432,0.8985933353175586,0.08969203283779528
6.5,36.0,15.35,True,True,1.5573239570779738,51,26.741849731256924,29.3494628659976,5.508113437360863,13.214004873570564,14.187221300252618,25.60123255568834,4.274179921931787,1.0975105746590446,0.20597353932935925,0.49413204420655754,0.5305250550290108,0.9573471099781334,0.1598311248056995
6.5,36.0,15.575,True,True,2.4765610685630786,50,29.814807491770026,45.210125231319296,7.568522733368461,18.117062797789032,19.250845458130534,29.529418234694795,8.09892760825833,1.51636482119829,0.2538511353949761,0.6076531871886143,0.6456806894843936,0.9904279356103839,0.2716411169347288
6.5,36.0,15.8,True,True,3.946375097221321,90,31.502024277921983,61.98693603966704,10.228807718027666,23.25772777706846,24.41605000320605,31.530144283702025,13.54188997780539,1.9677127886384824,0.3247031882073835,0.7382931195748113,0.7750628908097789,1.0008926412325747,0.429873644256447
7.0,36.0,14.0,True,True,0.07905446643935372,58,3.265661591558719,0.9533428223743303,0.6179175274371436,0.9215369191432772,0.9660733598371682,2.2848098322511396,0.04654896357940695,0.29192945920624136,0.18921664419680667,0.28218996160695947,0.29582776192558763,0.6996468458817212,0.01425406836388974
7.0,36.0,14.225,True,True,0.13066729748314945,47,5.145601435081532,1.7248232167143294,0.8943176365487837,1.4874129355946322,1.5683265311808237,3.7922188098516156,0.12078275054265138,0.33520342344334714,0.17380235290893906,0.2890649332950258,0.30478974148451,0.7369826166475189,0.023473009339429644
7.0,36.0,14.45,True,True,0.21428344359776907,49,7.8968552463147015,3.043124674044835,1.3037672748130094,2.376811733200424,2.516933950432684,6.187346944786274,0.2958491086214687,0.38535905485477884,0.16509955344837435,0.3009820566623192,0.3187261095620671,0.7835203700452507,0.03746416762033663
7.0,36.0,14.675,True,True,0.34718624655586583,51,11.654211392921658,5.149268855896683,1.9492415250412136,3.7398425430572737,3.964186828781465,9.802396051679375,0.702981073520323,0.4418376055049216,0.1672564070894674,0.3209005240224763,0.3401505854947137,0.8411033334810618,0.06031991782363653
7.0,36.0,14.9,True,True,0.5553305427388554,51,16.31445486159831,8.242724329773104,2.9832210207798666,5.760592061589934,6.083968979772433,14.779184525913587,1.5866439691244782,0.5052405611894023,0.1828575362209561,0.35309742865815713,0.37291892566347096,0.9058950882080338,0.09725387593913366
7.0,36.0,15.125,True,True,0.8819111645762907,50,21.43602485848762,12.500900221835122,4.5857079838177315,8.654430056887731,9.07690659883916,20.64377688913119,3.2776047427879385,0.5831725007020309,0.2139252969751066,0.4037329735350162,0.42344169027426504,0.9630412833262442,0.15290170469690265
7.0,36.0,15.35,True,True,1.4025301895431512,48,26.201171359122807,18.17290152185438,6.927156870868236,12.602835256214918,13.116047603008566,26.12745889833177,6.119109875729769,0.6935911861637775,0.26438348026208824,0.4810027415750183,0.5005901233664417,0.9971866730772947,0.2335433707088518
7.0,36.0,15.575,True,True,2.245821896399031,49,29.705798342200676,25.110149003458922,10.169645525973245,17.553029484552304,18.127937230241898,29.93016851645936,10.36184351190032,0.8452945352351269,0.3423454710364082,0.5908957329591814,0.6102491177451027,1.0075530767318224,0.34881552054368015
7.0,36.0,15.8,True,False,3.6300474065908737,47,31.66532350002711,32.129649568504476,14.353360767120565,22.943737311961183,23.518006585065944,31.853652934491425,15.909028339029499,1.0146635504442887,0.4532832505914009,0.7245698062090393,0.7427053945949994,1.0059474975666727,0.502411678788498
7.5,36.0,14.0,True,True,0.07543614748826774,55,3.0873206706334684,0.8679873353020031,0.6055133808166964,0.8823561302693299,0.9019073098574774,2.380916403782215,0.11588552692694545,0.2811458309330421,0.1961290858368965,0.28579996197423985,0.2921326956530306,0.7711918060308549,0.03753595408123498
7.5,36.0,14.225,True,True,0.1221221108790073,48,4.811314108481828,1.4951118934798113,0.9009113005941541,1.412630920178036,1.438122865323661,3.975924535712039,0.26902463304260327,0.31074917574890615,0.18724848976414668,0.2936060478129499,0.2989043809857281,0.8263697705171468,0.05591500096997239
7.5,36.0,14.45,True,True,0.1967869818139735,48,7.345333658304896,2.5043057689160415,1.3622458899270709,2.243995718964882,2.277903168464086,6.483800554234299,0.5805823031030495,0.3409383270267899,0.18545731933999582,0.3054994944208886,0.31011568356579794,0.8827101471290528,0.07904097078648326
7.5,36.0,14.675,True,True,0.31507189644501343,51,10.870334218803764,4.027542533430455,2.112009002825082,3.5222655041458313,3.5673922580534287,10.18696870667533,1.1926105253637198,0.3705077003486715,0.19429108252915336,0.3240255021830821,0.3281768698410826,0.937134820478074,0.10971240638587851
7.5,36.0,14.9,True,True,0.5018524991315515,49,15.393910906155126,6.168942676399542,3.3406395069538117,5.438540092461615,5.493981393006688,15.164488742264915,2.326195098765695,0.4007391438086693,0.2170104483077192,0.3532916440543423,0.3568931525262996,0.9850965641357273,0.15111137857992835
7.5,36.0,15.125,True,True,0.8009712313565329,47,20.60713754060872,9.05472679501886,5.3128499136027685,8.241181152431198,8.30247963181008,20.9401369058201,4.25355378862715,0.43939760081551776,0.25781600686331085,0.399918772619002,0.4028933963025721,1.0161594187720235,0.20641167557818435
7.5,36.0,15.35,True,False,1.290610875859807,47,25.70451725114141,12.950554399136806,8.2974205884435,12.173619858938913,12.235406191127844,26.33216849334948,7.246174344876959,0.5038240661205857,0.3228000941381248,0.47359846286933643,0.47600217781116,1.0244179354187326,0.2819027595064129
7.5,36.0,15.575,True,False,2.1039379800964984,46,29.581872500105444,18.025870756221114,12.452601305367617,17.235832057997566,17.293315886402052,30.098997252441624,11.50895239144205,0.6093552987951274,0.4209537886867449,0.5826484465422576,0.58459165782492,1.0174811365417904,0.38905422202063195
7.5,36.0,15.8,True,False,3.4636166661416725,46,31.73605104591318,23.81511246747375,17.61896827201181,22.838820680233283,22.887762280154853,32.00263992756845,16.95629202221482,0.7504119662846506,0.5551720422469102,0.7196491033869307,0.7211912486226679,1.008400190725355,0.5342911755997561
3.5,39.0,14.0,True,True,0.5412948532284674,192,1.278761663414832,0.4541588870151264,0.24222924887794503,0.4399126095237751,0.46917564569696496,0.86044614443417,3.348858119675036e-05,0.3551552255659049,0.18942485985315743,0.34401454321755565,0.36689842925386773,0.6728745231041855,2.6188289933029236e-05
3.5,39.0,14.225,True,True,0.8494750408299353,253,1.8989069554787241,0.8541604100401539,0.32096326213963355,0.7272549616934861,0.7819841292722602,1.3219150896930645,8.755375684661329e-05,0.4498168841689327,0.16902527067668624,0.38298609607764666,0.41180750168726304,0.6961452670859289,4.610744965360377e-05
3.5,39.0,14.45,True,True,1.3022272612377812,306,2.705449163425459,1.5428734289582207,0.4388356317615835,1.1874809027610276,1.2841107026537804,1.9576736313922447,0.00023839352143713088,0.5702836519037516,0.16220435323425525,0.43892190576500006,0.47463863672379086,0.7236039242051656,8.811606023130477e-05
3.5,39.0,14.675,True,True,1.947598011005447,252,3.706781368617669,2.639955065168553,0.6482608563819832,1.9070229429772254,2.0623764129723248,2.782861567894166,0.0007195523476307593,0.7121960543772354,0.17488510702850874,0.5144686868026401,0.5563792972611775,0.7507487739779887,0.0001941178278607498
3.5,39.0,14.9,True,True,2.8478755030799663,131,4.922274014334614,4.297706625131392,0.9970211374818448,2.989689180627152,3.2103126732990233,3.7930543565495842,0.002223228992708032,0.8731140551329809,0.20255295308191426,0.6073796728748946,0.6522011297928502,0.7705898423174891,0.0004516670519019378
3.5,39.0,15.125,True,True,4.089326133934009,337,6.396534094719099,6.82872344189745,1.4597504016339826,4.52512881891186,4.8012599150494495,4.95401022834675,0.006502388665570321,1.0675661758037311,0.22820958663210048,0.7074344874746702,0.7506033492439775,0.7744835179471208,0.001016548738626847
3.5,39.0,15.35,True,True,5.80355889059251,375,8.1812557472145,10.8668631184945,1.9640889402527644,6.539065950475454,6.8526244777048335,6.196611589657753,0.018504272976165137,1.3282634664237671,0.24007181793839955,0.7992741154317088,0.8376005700638279,0.7574157050117317,0.0022617888436583036
3.5,39.0,15.575,True,False,8.183528230073223,337,10.331989069094675,17.397745080286217,2.4468961282382002,9.00907743378005,9.33560577930482,7.4786710253679916,0.052356692817886054,1.6838718047357235,0.2368272083792096,0.8719596365745532,0.9035632652022191,0.7238365212501429,0.005067435947497932
3.5,39.0,15.8,True,False,11.554251613530807,438,12.84067031491741,28.059974586973183,2.857886302385881,11.846381314018721,12.158521773954487,8.88915528663024,0.14771877071338452,2.1852421952127394,0.22256519576441305,0.9225672043192642,0.9468759399444707,0.6922656737244807,0.011503976590830696
3.75,39.0,14.0,True,True,0.41993444005847924,62,1.7132897871095236,0.5976696223471207,0.3278951951895591,0.5607203416580938,0.5996390964429956,1.1675105577352372,5.2445858239177585e-05,0.3488432761602134,0.19138338280924924,0.32727700000131343,0.34999280387624415,0.6814437151959764,3.061120111365313e-05
3.75,39.0,14.225,True,True,0.6615868527246735,152,2.5578774412476513,1.1265108725808999,0.4381479760125447,0.9152816202490257,0.9899014758773449,1.7994996649894748,0.00013866562640053396,0.4404084630542047,0.1712935768333099,0.357828567346284,0.38700113614298204,0.7035128563907018,5.421120815424889e-05
3.75,39.0,14.45,True,True,1.0203440408305264,47,3.659255499097919,2.0511807912210664,0.59424007012158,1.476504290209496,1.6093525695862825,2.673462864716834,0.00037923051553334885,0.5605459339274681,0.1623937083016128,0.4034985506132284,0.4398032796515632,0.7306029506209384,0.00010363597612324062
3.75,39.0,14.675,True,True,1.5379780492493003,252,5.010721210307693,3.562502874920556,0.8515917137407941,2.3482062680518876,2.560830036013792,3.808881761231721,0.0011430307990352288,0.710976070189663,0.16995392040350624,0.4686363837647418,0.5110701490926771,0.7601464143318062,0.00022811702169417617
3.75,39.0,14.9,True,True,2.2694230122032684,255,6.59928145867466,5.923241943033081,1.255945465265619,3.6589554731090796,3.9583439635265782,5.198058644889976,0.0035474053800873986,0.8975586175745035,0.19031548709211316,0.5544475555440108,0.5998143871138262,0.7876703967607265,0.0005375441860301905
3.75,39.0,15.125,True,True,3.2949999590320296,376,8.429660390675663,9.674018318907796,1.7610445941841806,5.51702251913058,5.892622932173962,6.801732547196953,0.01052833141133925,1.1476166144971345,0.20891050321933877,0.6544774360344515,0.699034440188361,0.8068809693354413,0.0012489627011528245
3.75,39.0,15.35,True,False,4.749087780247658,373,10.504543051121596,15.89743384633229,2.269096165932852,7.93176661117266,8.361495093660439,8.533477092929033,0.030505649193094397,1.5133865194293132,0.2160109349726141,0.7550796424529638,0.7959884645118058,0.8123606187722647,0.0029040434262237835
3.75,39.0,15.575,True,False,6.842393880834097,296,12.82851421291624,26.296997989810844,2.717067401955297,10.801050695434204,11.247527312151055,10.278546358701494,0.08779125951522657,2.0498864914016326,0.21179907172879378,0.8419564819563666,0.8767599369244657,0.8012265635838529,0.006843447187892964
3.75,39.0,15.8,True,False,9.917964874774325,51,15.35768742039398,43.66037664398465,3.0759825624041928,13.913127388472176,14.33089279326749,12.025276394192385,0.2507159889975487,2.8429004607820443,0.20028943669731772,0.9059389612264458,0.9331413253167937,0.7830134879697853,0.016325113419395076
4.0,39.0,14.0,True,False,0.31365119143297676,96,2.1502517364395133,0.7309492701637572,0.4082389354921342,0.6715120684303502,0.7194263024921074,1.4773536833104721,8.214930335717106e-05,0.33993660266685655,0.18985634499154744,0.31229462906620925,0.33457771027468947,0.6870608023583057,3.820450506562441e-05
4.0,39.0,14.225,True,False,0.4989821568669852,48,3.2491580120242416,1.3865532824417872,0.5494132862561671,1.0896891233001669,1.1837107358588057,2.297178114314738,0.00022001171759633694,0.42674233672555606,0.16909404966546393,0.33537584791737635,0.36431307171833976,0.7070072018084416,6.77134558498337e-05
4.0,39.0,14.45,True,True,0.7794714859531245,225,4.707435480159844,2.564660154072326,0.7423527653919204,1.749286560073949,1.9193985869019203,3.4477198954726456,0.0006044608958311675,0.5448104737455141,0.15769791609904624,0.37160075107700696,0.407737630179213,0.7323987572434187,0.0001284055614524626
4.0,39.0,14.675,True,True,1.1920253939088035,50,6.509513089403833,4.607021318030185,1.0448462837744676,2.774902466372213,3.051030131761485,4.9600176001998,0.0018153345990992906,0.7077367008493279,0.1605106663776843,0.42628418258950757,0.46870327931714945,0.7619644560318501,0.00027887409920939973
4.0,39.0,14.9,True,True,1.7866322423294116,223,8.591689744297158,8.036228297489727,1.499382790337315,4.323076948134363,4.716407256875513,6.818094768815771,0.005648710615059353,0.9353489868304281,0.17451547192245265,0.5031695832596679,0.5489499035979608,0.7935685495791288,0.0006574621271454495
4.0,39.0,15.125,True,True,2.6368312547924644,130,10.884356951692103,14.10166365157924,2.039343364510272,6.52900738215191,7.032211223527968,8.958497630969582,0.016970044835032765,1.2955899658717982,0.18736461635367735,0.5998523763167192,0.6460842156076778,0.8230617270942108,0.0015591224093761983
4.0,39.0,15.35,True,True,3.8677402786240003,51,13.322948963589852,26.153504785600084,2.544917127940268,9.408445510409534,9.99974138254019,11.26334277538855,0.049757107844872014,1.9630417302561711,0.1910175543639209,0.70618340850226,0.7505651646544904,0.8454091362332785,0.0037346917698816303
4.0,39.0,15.575,True,True,5.685633543243417,402,15.862733837262539,53.35572524240404,2.9582936790733325,12.796128003112855,13.425088983454673,13.55443245759068,0.14426993599375376,3.363589516774729,0.18649330622468863,0.8066786049863588,0.8463288309054465,0.8544827516269915,0.009094897353371384
4.0,39.0,15.8,True,True,8.425143527050535,55,18.44545227285775,128.52618091069112,3.2741281672891773,16.34049555788841,16.93522381663606,15.694008387357568,0.41182661582782254,6.967906181396039,0.17750327391576165,0.8858820763063231,0.9181246177170743,0.8508334821614053,0.022326729089414642
4.25,39.0,14.0,True,False,0.2300984091127921,97,2.5364972771084986,0.8391210397691047,0.4737331976369598,0.7615537840777573,0.817004890590575,1.7510983020049768,0.00013055188366875475,0.3308188214282918,0.18676668881623873,0.30023836057332454,0.32209965213206404,0.6903608049605936,5.146935691473656e-05
4.25,39.0,14.225,True,True,0.370615501299973,52,3.8924751936304376,1.6090217593278073,0.6419568160906831,1.2347198086504498,1.3459239334967732,2.7553259336781495,0.0003536182477935076,0.41336724816147213,0.16492251951693035,0.3172068535390845,0.34577585380613707,0.7078596000269713,9.084662848260686e-05
4.25,39.0,14.45,True,True,0.5880583445864405,90,5.743845131782041,3.0477306983035186,0.8681232874414465,1.983660774316677,2.189281499005531,4.196219805717855,0.0009731143806109737,0.5306080906394413,0.15113974480925974,0.3453541536732279,0.38115259878643376,0.7305593569191461,0.00016941863129743938
4.25,39.0,14.675,True,True,0.91623968746737,49,8.081920632358806,5.669894687038895,1.2108104141453,3.1539703087371107,3.4941154705253563,6.13009850311587,0.002908607962858196,0.7015528789453193,0.14981716218511174,0.39025009675411604,0.4323372660374118,0.7584952614570192,0.0003598906862822388
4.25,39.0,14.9,True,True,1.4007144637090383,50,10.79253725004401,10.494462773480898,1.7100078257041358,4.934745229572728,5.430010785071991,8.536025601128726,0.00905476789508221,0.9723814271234601,0.15844354168869446,0.45723680310231085,0.5031264344304068,0.7909192623906781,0.0008389841689029414
4.25,39.0,15.125,True,True,2.1078820083070853,50,13.698021685279047,20.429339032055623,2.2808810621327145,7.498177512968745,8.151683820342008,11.303434544502695,0.027415795447804644,1.4914079931710555,0.16651171348224142,0.5473912719109553,0.5950993513977597,0.8251873740753557,0.0020014419656867516
4.25,39.0,15.35,True,True,3.1498281510427963,50,16.62065371901907,45.75706112019841,2.784336754732839,10.887756715978565,11.684675173436377,14.241620735718215,0.08088138682796242,2.75302415258423,0.16752269807214099,0.6550739158664781,0.7030213956064534,0.8568628512741036,0.00486631802787694
4.25,39.0,15.575,True,True,4.716864732691903,52,19.44579175093521,133.38319737211881,3.1701099498119634,14.901811936604984,15.780645608043201,17.091607520408573,0.23459052288381793,6.859232016906897,0.16302293012366043,0.7663258008452296,0.8115198295941979,0.8789360566708003,0.012063819559958814
4.25,39.0,15.8,True,True,7.122758149489048,55,22.10635921311104,642.8814784480111,3.455868126175977,19.036834304025003,19.89046873587318,19.604993111183376,0.6621273845052741,29.081291598063107,0.1563291400841048,0.8611474246168254,0.8997623056842559,0.886848572493831,0.029951896561627098
4.5,39.0,14.0,True,True,0.17042922355611456,58,2.8381080014346596,0.9178191749804774,0.5212342889711342,0.8272429296057875,0.888413510379121,1.9645076396141599,0.00021246510043879498,0.3233912079866309,0.18365555105994946,0.29147690263641035,0.3130301982623738,0.6921891762473817,7.486152758506518e-05
4.5,39.0,14.225,True,True,0.27788429755599486,48,4.420668881421249,1.7743564373008684,0.7103646502513138,1.3431030643043333,1.4677191427938256,3.127898685197587,0.0005805730882203714,0.4013773672934335,0.16069166664727239,0.30382349375882783,0.33201291075253586,0.7075623099353158,0.00013133150294525488
4.5,39.0,14.45,True,True,0.44823160698800707,47,6.645834476421245,3.4085203743325043,0.9625105143463808,2.16371205778388,2.397628291080019,4.837400325108611,0.0016008888479767122,0.512880720461154,0.14482914339219125,0.3255741721315079,0.36077159303117823,0.7278845632209503,0.0002408860548147122
4.5,39.0,14.675,True,True,0.7125561642943705,47,9.537686780323162,6.502114408371256,1.3373441433766196,3.454837760929652,3.848305742208709,7.191266921512236,0.004770514265726692,0.6817286579158293,0.1402168234477613,0.36223015501590977,0.40348418131616587,0.753984387110328,0.0005001751866677525
4.5,39.0,14.9,True,True,1.1140876936142423,50,12.942787281339434,12.562207826089667,1.8725562471835873,5.43529394081872,6.019577123960783,10.178288080967803,0.014874639737666884,0.9705952476095719,0.14467951967992157,0.4199477147132892,0.4650912506798013,0.7864061936367128,0.0011492609292213852
4.5,39.0,15.125,True,True,1.7158991343711225,86,16.540972746564186,26.38877267509924,2.4687280108105827,8.311062217638945,9.101473927207762,13.628086618635912,0.04534110648714837,1.595357968326294,0.14924926415366807,0.5024530506747422,0.5502381308921676,0.8238987408685909,0.0027411390600692704
4.5,39.0,15.35,True,True,2.622449600672178,51,19.968753467559903,68.04646994522112,2.971840188279477,12.15089155126815,13.142028092790799,17.224018395870715,0.13424982284120143,3.407647355442869,0.1488245219265869,0.6084952458854177,0.658129618062569,0.8625485022814204,0.0067229946555900965
4.5,39.0,15.575,True,True,4.012206793237127,54,22.99586358762961,258.9671363093704,3.3402733896839707,16.72106224512606,17.843495361732526,20.57449984869596,0.3875443376861623,11.261466016378664,0.14525540112704602,0.7271334769145605,0.7759436949926617,0.8947043789111622,0.01685278468492211
4.5,39.0,15.8,True,True,6.183918270681824,56,25.56121640611659,2025.76042774767,3.6131132845096254,21.364619848593765,22.476085791652974,23.340634186693546,1.0703229517263613,79.25133121845181,0.1413513827786786,0.8358217194812915,0.8793042332005229,0.9131268956788896,0.041872927122131864
4.75,39.0,14.0,True,True,0.13105891159241545,101,3.049725537185035,0.9696673397391579,0.5526942187000661,0.8710869014098761,0.9361615427554887,2.114259856502168,0.0003547778293740548,0.3179523297805292,0.1812275275139071,0.28562796579193445,0.3069658339220869,0.6932623381098343,0.00011633106817262077
4.75,39.0,14.225,True,True,0.21590518690773933,87,4.806954694454322,1.883260040908392,0.7563520607805132,1.4168902813765354,1.550768564229034,3.399138270019718,0.0009754943663859095,0.39177819651203866,0.1573453691280053,0.2947584014076876,0.32260935723361855,0.7071292504464893,0.00020293396305800759
4.75,39.0,14.45,True,True,0.3532230468576563,125,7.340994268299018,3.6506352800176494,1.0271161030986262,2.2896328931842063,2.5436508675185427,5.3270161232834115,0.002693429112601434,0.4972943918213327,0.13991512124373573,0.3118968370635627,0.3464995032761321,0.7256532192495138,0.0003669024949702799
4.75,39.0,14.675,True,True,0.571784877703295,51,10.726920154709575,7.077035030029553,1.4256449198888097,3.6717568025737446,4.1044902287350755,8.04803421732017,0.008009051891814152,0.6597452882990308,0.13290347083108386,0.3422936639424585,0.3826345464996334,0.7502651368004022,0.0007466310717618083
4.75,39.0,14.9,True,True,0.9133363258034439,49,14.797220983788163,14.050611777731202,1.988325924044565,5.806657756328062,6.4590606763984235,11.580576540307986,0.025001783773369427,0.9495439578232328,0.1343715773538136,0.3924154246726353,0.43650498181212344,0.782618341173364,0.0016896269779819726
4.75,39.0,15.125,True,True,1.4398458208135958,48,19.08472294515626,30.937034545664734,2.606012920069741,8.926906278792458,9.82561913288485,15.701832688699668,0.07651025109388565,1.6210366078967164,0.13654968571242226,0.46775142109454226,0.5148421153988306,0.8227435490586896,0.0040089788735080435
4.75,39.0,15.35,True,True,2.252348181554299,50,22.984762137673233,86.64439506404962,3.1150520282082264,13.116295570877911,14.265178471657,19.932067425910738,0.22631649875045493,3.7696450607176355,0.13552683336681098,0.5706517862710275,0.6206363322888439,0.867186151700088,0.009846371147757509
4.75,39.0,15.575,True,True,3.5213098682274864,53,26.105413397883872,379.03655110356675,3.482850327578846,18.106382887282273,19.43064743643623,23.68677798832666,0.6448847245042693,14.519461742532366,0.13341486972434494,0.6935872882499532,0.7443148721793962,0.9073511929233319,0.024703103324789494
4.75,39.0,15.8,True,True,5.531099858268871,54,28.423824451997707,3605.5163091199083,3.7685742722730393,23.109684410242057,24.43754756502783,26.546428968589904,1.718339209444618,126.8483878799956,0.13258505302963103,0.8130392322563702,0.8597557871319562,0.9339499339162344,0.06045418737885036
5.0,39.0,14.0,True,True,0.10656798198336925,60,3.1862872567629434,1.001315304100939,0.5722190783192747,0.898441662871391,0.9659187433431706,2.2114433642621227,0.0006054478961872909,0.31425769976502654,0.1795880384308511,0.28197133229731086,0.3031486697544276,0.6940502177160268,0.0001900167333947115
5.0,39.0,14.225,True,True,0.176894125469783,46,5.06383972782063,1.9497698853241807,0.7852870158323323,1.4635964614110373,1.6032246227755405,3.580283926750439,0.0016713151894135472,0.38503783494808996,0.15507738357475687,0.28902898592348186,0.3166025602997381,0.7070294715451664,0.0003300489903405466
5.0,39.0,14.45,True,True,0.29248946425447725,89,7.822083310287527,3.7989599325351193,1.0684854162355824,2.3708909672402303,2.6376171267115853,5.666866928938009,0.004617734232982091,0.48567111622791903,0.13659857276517637,0.3031022392873338,0.33720135954607094,0.7244702854909512,0.0005903458260165667
5.0,39.0,14.675,True,True,0.4801858169424722,48,11.58924278613895,7.430649465166669,1.483423267729129,3.814743759513747,4.272951553836285,8.671865832087907,0.013705624966175372,0.6411678141779831,0.12800001648971784,0.3291624681533365,0.36869980486963755,0.7482685445557922,0.0011826160879611282
5.0,39.0,14.9,True,True,0.7805013836302884,48,16.204450119521823,14.963618197940997,2.0664208676960265,6.055762362115112,6.753649668584496,12.656049335179583,0.04277220819883005,0.9234264715909137,0.12752181360394133,0.37370983386962414,0.4167774666076598,0.7810230672334009,0.00263953468851754
5.0,39.0,15.125,True,True,1.254993452287515,49,21.07771514837963,33.65859411773979,2.7042482916498054,9.343055633949033,10.315805682679557,17.364943250036866,0.13085105242863246,1.5968805860025737,0.1282989295857192,0.44326700347628945,0.4894176437085304,0.8238532083669331,0.006208028313670979
5.0,39.0,15.35,True,True,2.003042762467535,51,25.35888542514691,96.96032837256381,3.2301698134501136,13.762938391705735,15.021509888963887,22.152292504113014,0.3838924293499,3.8235248413723255,0.12737822500065185,0.542726470858922,0.5923568657346409,0.8735515040478038,0.015138379424563215
5.0,39.0,15.575,True,True,3.1883041934348126,53,28.481883251647133,432.2845871352813,3.62190752286017,19.01149229835058,20.4777159584561,26.20683597921175,1.0667405838408794,15.17752823139888,0.12716531034339915,0.6674942148444881,0.7189733830986001,0.9201230040747458,0.037453302312064944
5.0,39.0,15.8,True,True,5.07727330585913,56,30.49748925935786,3884.271141940134,3.9582216012697007,24.216990895786857,25.699598346193888,29.037079651983728,2.6987667922170573,127.36363668849503,0.12978844152081007,0.7940650684336615,0.8426791506552695,0.9521137758274308,0.08849144168118583
5.25,39.0,14.0,True,True,0.09192775938119332,59,3.2689375307376336,1.0195405138830043,0.5838071300671221,0.9146527369903468,0.983420845708944,2.2714774746592363,0.0010495169781527794,0.3118874265097827,0.17859231771106573,0.2798012285000613,0.3008380663325297,0.6948672017438886,0.00032105752045862945
5.25,39.0,14.225,True,True,0.15336947449668215,86,5.2219531089597995,1.9872513369845397,0.8027203677725614,1.4914224635720854,1.6340981684336775,3.694665725239985,0.0029040577821506926,0.3805571010537847,0.15372033241647806,0.28560625353243996,0.31292854116784397,0.7075256418715627,0.0005561248294566119
5.25,39.0,14.45,True,True,0.2554117066461298,49,8.125524940966173,3.880026676162568,1.0939620046638334,2.4196110063859697,2.6930854930320374,5.887898123385927,0.008024920841657282,0.47751089367786864,0.13463277912648372,0.2977790387654959,0.33143526265661966,0.7246175682387138,0.0009876187569369606
5.25,39.0,14.675,True,True,0.42337730577893873,47,12.149427779846349,7.613868758315102,1.52008905149841,3.9006074434022198,4.372522835263638,9.093405913367707,0.023767101398160444,0.6266853794501418,0.12511610250648647,0.3210527700631799,0.3598953723990889,0.74846372011462,0.00195623216408477
5.25,39.0,14.9,True,True,0.6966160290482933,48,17.144770233329034,15.383454407189124,2.1187970495691038,6.203544933975368,6.926342096630968,13.415686070790771,0.07396222176731079,0.8972680413811581,0.12358270310617588,0.36183307501641643,0.40399153808234306,0.7824943634829815,0.00431398150927272
5.25,39.0,15.125,True,True,1.13592416974659,50,22.433906833900846,34.56369321785105,2.7792829875898617,9.582374719075554,10.596084778865439,18.58837156936621,0.2247992467807923,1.5406898795541204,0.12388760496187705,0.427138027719506,0.4723245423687522,0.8285837909104855,0.01002051263051019
5.25,39.0,15.35,True,True,1.8383616852567828,53,26.972059343799483,97.57155439645308,3.3400292794066195,14.115550425834781,15.435264575691235,23.821878430018167,0.6470321353503535,3.6175048094310043,0.12383293529177436,0.5233397363512682,0.5722686717742076,0.8832057695844607,0.02398897789386251
5.25,39.0,15.575,True,True,2.958704980759446,53,30.05833287584438,400.1588987121765,3.7918585887014884,19.4745100869597,21.021187726993073,28.084214933774682,1.7259651766840345,13.312744268453894,0.12614999655382483,0.6478905589141938,0.6993464279546329,0.9343237713740223,0.057420522415967484
5.25,39.0,15.8,True,True,4.740616292162784,56,31.83268276428767,2802.8146932572213,4.232074728258541,24.767922018482018,26.343483655056055,30.826579446967706,4.086882441338616,88.04833428622084,0.13294747287232747,0.7780658074558692,0.8275609017977643,0.9683940142660961,0.12838636540943987
5.5,39.0,14.0,True,True,0.08339728226681807,62,3.315897248954995,1.0291114882947843,0.5904310150603513,0.9237504558233688,0.9929728004875311,2.307889478868415,0.0018377028033170495,0.31035686905530885,0.17806070898198842,0.27858235236767026,0.2994582539614177,0.6960075375060992,0.000554209815728217
5.5,39.0,14.225,True,True,0.13957747804444454,47,5.311748477861859,2.00510833438142,0.8129700241052186,1.5068517202792735,1.6504591672139142,3.7654949255041026,0.005091940991334699,0.37748555729591654,0.15305130269128703,0.2836828073767957,0.31071862195520866,0.7088993278197971,0.0009586186191904103
5.5,39.0,14.45,True,True,0.23345782924158703,47,8.298707781324138,3.9127382940923954,1.1096051988118159,2.4460720633485282,2.7214592443419483,6.028288854579684,0.01406474610768258,0.47148765774086343,0.13370819024486336,0.2947533673680258,0.32793771223834,0.7264129565022246,0.0016948115873334697
5.5,39.0,14.675,True,True,0.38921990870883877,47,12.470910866809644,7.664424512708805,1.5440145236189668,3.945011673147102,4.420729660929273,9.370011017104988,0.04151190676296188,0.6145841786991736,0.12380928226567964,0.3163370915950047,0.3544833018328035,0.7513493695189932,0.0033286988581918728
5.5,39.0,14.9,True,True,0.6449469631446932,49,17.684633850016855,15.38185544906315,2.157280601229943,6.272256935829846,7.001990163786386,13.933678575005247,0.12822951901160876,0.8697864812761441,0.12198616151885365,0.3546727056395272,0.39593639445239137,0.787897487342774,0.007250900420055151
5.5,39.0,15.125,True,True,1.0596085567423335,52,23.209482748069195,33.80195526011545,2.849186623495096,9.675131738770194,10.69995525311037,19.451961877194876,0.3834518454041332,1.4563855483994983,0.12275959160408781,0.4168611529946772,0.4610165323051201,0.8381040667014904,0.01652134386476289
5.5,39.0,15.35,True,True,1.7255648088235231,53,27.892298724134754,89.57270400158828,3.4736760805091342,14.220196565674932,15.556582969496455,25.02009724666654,1.0664180262195577,3.211377623891661,0.12453889565951833,0.5098251924776077,0.5577375720573219,0.8970252862313229,0.03823342194800185
5.5,39.0,15.575,True,True,2.785323374100078,93,30.966696721221272,312.1068186043122,4.03741931518703,19.579825582258646,21.151808854060505,29.415750183646097,2.6855313002915633,10.078789527151194,0.13037939924732797,0.6322865418461221,0.6830502150255281,0.9499156609586865,0.0867232086285518
5.5,39.0,15.8,True,True,4.458371717162181,54,32.63289128229272,1512.920894374593,4.652553932309781,24.908147978737553,26.52264777041923,32.05428749658297,5.89799997293295,46.361840306670445,0.14257253186861665,0.7632835154957057,0.8127581323083979,0.9822693067339789,0.1807378917764889
5.75,39.0,14.0,True,True,0.07850656270708717,63,3.3396352158037477,1.0328213672461266,0.5940140535378652,0.928317775236712,0.9972605732606658,2.3305751103504333,0.003236685043927582,0.3092617308497144,0.17786794519559654,0.2779698126441317,0.2986136235902207,0.6978531964574267,0.0009691732284445358
5.75,39.0,14.225,True,True,0.1316255117190595,84,5.355307178207861,2.0084303457185606,0.8189681556923397,1.5140941215068855,1.6567013681424658,3.81098158503365,0.008973232583365657,0.3750355075599373,0.1529264575195489,0.28272778220232236,0.30935692631862743,0.7116270753882291,0.0016755775690851268
5.75,39.0,14.45,True,True,0.22064747319046826,86,8.379664300761473,3.9062320528772365,1.1198389606886059,2.4570795623805317,2.729862892786269,6.12119665381363,0.024746838018595157,0.46615615049427117,0.1336376876800237,0.29321933125140265,0.32577234538359756,0.7304823241257276,0.0029532015997760642
5.75,39.0,14.675,True,True,0.36878814316298947,48,12.614324505886469,7.597987966995212,1.561982712992904,3.9585679849868463,4.4287209698299375,9.559357258335158,0.07254800627065741,0.6023301496207438,0.12382610834722109,0.31381529650197143,0.3510866529367686,0.7578176107546851,0.005751239888969316
5.75,39.0,14.9,True,True,0.6124649584190652,52,17.911206258075346,14.990023302728376,2.1930559268423213,6.277818295354567,6.997425636954851,14.300963910691506,0.22056496565435163,0.8369075251964149,0.12244043730184685,0.3504966781633808,0.39067305329031266,0.7984366716922738,0.012314355743344139
5.75,39.0,15.125,True,True,1.0072351470735894,52,23.52402936926455,31.570850647036856,2.9340502219319538,9.647090855997414,10.654798530263916,20.078557740325763,0.6394676880547748,1.3420681530131877,0.12472566565341281,0.4100951713910829,0.4529325466743806,0.8535339513969283,0.0271835950387936
5.75,39.0,15.35,True,True,1.6381302844230479,53,28.286580419514614,75.81454178237404,3.665558315073837,14.126958725282565,15.43867113626429,25.88774030467143,1.6880679422516633,2.680230012181691,0.12958647742888735,0.4994226419654645,0.5457948931010874,0.9151951179935398,0.05967734230211451
5.75,39.0,15.575,True,True,2.6342022552596283,55,31.42005554150751,213.95228091128004,4.410666000920008,19.42469747811539,20.971977873528655,30.35156870553761,3.9607281794902107,6.809417654549913,0.14037740942543184,0.6182260706845144,0.6674710630547293,0.9659934771738906,0.12605732584584026
5.75,39.0,15.8,True,True,4.195548651506042,53,33.11402177656494,692.3539270943317,5.291420106898258,24.783212494923887,26.385767451201513,32.88423742065114,8.048610645160478,20.908179977833925,0.15979394295872085,0.7484204927491823,0.7968155492932282,0.9930608140121349,0.24305747877645428
6.0,39.0,14.0,True,True,0.07573046925986102,62,3.3471854807485046,1.0318581762690118,0.5956788181926939,0.9297606129908913,0.9976010074909035,2.346350694007462,0.005715816441355671,0.3082763659808495,0.17796409001495994,0.27777385458273923,0.2980417467835747,0.700992134287929,0.0017076485525616848
6.0,39.0,14.225,True,True,0.12705923820953094,46,5.365134177487211,1.9985269038248685,0.8225992013333476,1.5153537162191104,1.6547389265026247,3.8443346502931104,0.01583663641093254,0.3725026882292978,0.15332313677914694,0.2824447005589773,0.30842451870935883,0.7165402622034003,0.002951768937557068
6.0,39.0,14.45,True,True,0.21307716618006697,86,8.390914226963554,3.8606306936085946,1.1279240021337562,2.4560221284838244,2.7210056349632574,6.192145545615753,0.04349127450066529,0.46009655076710904,0.13442206315365013,0.2927001828467734,0.32427999635838445,0.7379583890534563,0.005183138967254538
6.0,39.0,14.675,True,True,0.35593765626063617,51,12.619928281710589,7.410520464639505,1.5798904014006356,3.9463247869179052,4.400326632654017,9.708852405089106,0.12574424855860464,0.5872078112661853,0.12519012518401465,0.3127058013980246,0.34868079551855957,0.7693270665539078,0.009963943197746955
6.0,39.0,14.9,True,True,0.5896264748868738,51,17.896557152182478,14.21565877707988,2.2375053189945677,6.22879295349716,6.919637775008323,14.596621747964129,0.37097825501381576,0.7943236599194883,0.12502434406618285,0.3480442020513181,0.3866463094643025,0.8156106017399037,0.02072902915679372
6.0,39.0,15.125,True,True,0.9647532466108002,52,23.50138590752208,28.18825251489407,3.0554985779289514,9.518560176803302,10.479500274367004,20.57752576111616,1.0236649432667586,1.1994293709236894,0.13001354856059696,0.4050212278654043,0.44590988444697777,0.875587756487583,0.04355764154909326
6.0,39.0,15.35,True,True,1.5581144491968804,53,28.331797415834703,60.018327998581285,3.9514430317384184,13.885671758017876,15.130926474615311,26.54747873903646,2.525391815274107,2.118408765870848,0.13947025576040398,0.4901091008880765,0.5340616499734889,0.9370206326619792,0.08913630781020127
6.0,39.0,15.575,True,True,2.4879584953989444,53,31.606254488343254,135.90915872938393,4.964866875897783,19.101714099378448,20.57281559073929,31.01849820691941,5.4874837668280225,4.300071644981179,0.157084949047945,0.6043650033389238,0.6509096355699717,0.9814037983640037,0.17362018548739677
6.0,39.0,15.8,True,True,3.9426021161065727,52,33.425820591780784,305.8735445144687,6.2266753006781235,24.510698103075654,26.043762333052385,33.45201997129493,10.350616870446002,9.150816318019764,0.18628339380871406,0.7332863537567929,0.7791510237285363,1.0007838066216568,0.3096593198669641
6.5,39.0,14.0,True,True,0.073210790845882,59,3.3209801421337093,1.0143032810197052,0.5951773760738284,0.9246184383219084,0.9863445305767055,2.3759291607207396,0.017722744430981596,0.30542286843305894,0.17921738480839894,0.2784173342656143,0.2970040434939142,0.7154301016669795,0.005336600543354903
6.5,39.0,14.225,True,True,0.12250577540566518,46,5.2948673192387075,1.9290636038602105,0.827487515428969,1.5011503534618786,1.6237526580107822,3.912674841913938,0.04851378783931076,0.3643270902844021,0.15628106721811957,0.2835104758919083,0.30666541012480825,0.7389561637734295,0.009162418038887902
6.5,39.0,14.45,True,True,0.20418781216238338,48,8.229195578688243,3.62149351467363,1.1488584713397516,2.418407955441811,2.644720698928191,6.342248328908742,0.12917674059713555,0.4400786784132923,0.13960762754442677,0.29388145321335435,0.3213826520027571,0.7707008866496905,0.015697371554963903
6.5,39.0,14.675,True,True,0.3370930234678057,50,12.290460062325453,6.624837998150884,1.639810017945204,3.8469125113644833,4.224790596599979,10.018637126289022,0.34801836763840815,0.5390227838954803,0.13342136987790992,0.3129998789188219,0.3437455209305334,0.8151555820924588,0.028316138360451278
6.5,39.0,14.9,True,True,0.5483860623734131,53,17.34462839213895,11.690673736228016,2.3984525348904926,5.989501706890583,6.55172342642536,15.161197263066782,0.91356069336307,0.6740227274933456,0.13828215172240504,0.3453231497081359,0.3777378954624808,0.874114851024323,0.052671102125031406
6.5,39.0,15.125,True,True,0.8788618152314229,52,22.84004223017537,20.04896677265841,3.4797190759300065,9.049993040103939,9.81274274159207,21.407298387536542,2.182109819378964,0.877799023776344,0.15235169186039146,0.3962336386640933,0.4296289228672203,0.9372705256759138,0.0955387821698528
6.5,39.0,15.35,True,True,1.3948888633729226,51,27.879787624146346,33.78668032916689,4.906347900214634,13.167535279351942,14.136580399765363,27.477269845453705,4.62224874992018,1.2118700753625777,0.17598225518638116,0.47229682868701983,0.5070548093961033,0.9855623800253046,0.16579210760977628
6.5,39.0,15.575,True,True,2.20546887760962,52,31.60677652830151,54.42243620240131,6.774051797665155,18.26773343068598,19.401236400897652,31.851120800919247,8.689603064729548,1.7218597459209444,0.21432276687878934,0.5779688863345045,0.6138315428504799,1.0077307558522757,0.2749284811422847
6.5,39.0,15.8,True,True,3.4923135461741452,49,33.80719854158672,78.73639133218624,9.245712653324459,23.852671801004384,25.030047589817862,34.151289176213325,14.455752885345722,2.3289830192623464,0.27348354942664577,0.7055500848928038,0.7403762710189677,1.0101780286291198,0.42759392996031576
7.0,39.0,14.0,True,True,0.07163892652545724,62,3.223369517557366,0.9637966054016953,0.5899203352742911,0.9048423769448484,0.951001750550136,2.428730729075305,0.05190979569386455,0.29900282922947347,0.18301356144899153,0.28071320151669366,0.2950334255412314,0.7534757389266902,0.01610420257780474
7.0,39.0,14.225,True,True,0.1182646400555918,47,5.080599574019588,1.7632762509043218,0.8351994803143481,1.4573158078239163,1.5407666120918986,4.031297314291859,0.13449755813994418,0.3470606618795744,0.16438994416825656,0.2868393359075414,0.30326472095357426,0.7934688131901805,0.026472772786054175
7.0,39.0,14.45,True,True,0.19352611701592803,49,7.813991402862773,3.1451001911639165,1.1940313053615328,2.3249023375617495,2.4683728005307533,6.5765625199978945,0.3278760100352404,0.4024959881593499,0.152806836327473,0.29753070072613425,0.31589141493378503,0.84163933397578,0.04196011911596398
7.0,39.0,14.675,True,True,0.3125313255686453,51,11.591701477343486,5.377864429418935,1.7662068116736855,3.6561693688863834,3.883827018088239,10.414295862460984,0.7719833047710505,0.46394090116366593,0.1523682105794234,0.3154126575837494,0.33505236704718094,0.8984268515555032,0.06659792837832543
7.0,39.0,14.9,True,True,0.4976704192129995,51,16.375496792026333,8.696691567881244,2.697125367944362,5.6368290298901575,5.9615636434665,15.704466088251637,1.7239248113394194,0.5310795561399942,0.16470494924206905,0.34422339068423746,0.3640539104968922,0.9590222689242968,0.1052746572048333
7.0,39.0,15.125,True,True,0.7858485057948235,50,21.816958168762437,13.312157189922814,4.1594457085194945,8.49418054271735,8.913934267896108,21.989774451234563,3.5309924766263845,0.6101747588709772,0.19065195415165606,0.3893384438385794,0.4085782352857557,1.0079211905314813,0.1618462321517427
7.0,39.0,15.35,True,True,1.2416463819556678,49,27.162536195312285,19.538695653874296,6.3259848175970825,12.451311556472161,12.957011256310455,27.982665081717148,6.555205250264932,0.7193251584970289,0.23289374644952418,0.4584001827716298,0.477017726295624,1.0301933840237791,0.24133259144616365
7.0,39.0,15.575,True,True,1.9753657378651925,52,31.40923391132768,27.360312791817197,9.38782857001752,17.553160704245688,18.120402029556992,32.27617981789269,11.066740729604776,0.8710913761557793,0.29888753722935657,0.5588535127536229,0.5769132122328493,1.0276016253377116,0.35234035827959426
7.0,39.0,15.8,True,False,3.1746710812550516,47,33.99612883746267,35.618139837872796,13.486301234886973,23.377249196063683,23.95335478612542,34.535160195769045,16.99249835244793,1.0477116382328426,0.3967010861550063,0.687644446455406,0.70459065797308,1.0158556687699212,0.499836273526612
7.5,39.0,14.0,True,True,0.06817721290879529,55,3.0286754779122327,0.8671384623001094,0.5788198085242401,0.8623709669337607,0.881571567081925,2.524858909722827,0.1276224282849931,0.28630946716610817,0.19111318222949392,0.28473534824808033,0.29107495124886135,0.8336511878332031,0.042138033346830375
7.5,39.0,14.225,True,True,0.10993158148650044,48,4.716843609175071,1.5028284730845312,0.8479886879575845,1.3768351853118836,1.401072401432719,4.211565686265451,0.2950812501052806,0.3186089252909025,0.17977884327309493,0.29189756951739987,0.2970360091454786,0.8928779572155482,0.06255904892231255
7.5,39.0,14.45,True,True,0.17634392995481182,49,7.211210028035673,2.5324535692756074,1.2654803545946292,2.1821435531944715,2.2132461490157525,6.8578423056446445,0.6336478666971342,0.3511828887842621,0.1754879347120257,0.3026043541528752,0.3069174438701848,0.9509974441158684,0.08786983935201502
7.5,39.0,14.675,True,True,0.28088751773877024,49,10.722259303091795,4.094153950103825,1.9480763706777353,3.4211108011305793,3.460778299076138,10.759003957758654,1.2913559403364785,0.38183687172378533,0.1816852508049308,0.31906622516992217,0.32276577176959453,1.0034269507599265,0.12043692507642603
7.5,39.0,14.9,True,True,0.4447427298684164,48,15.321910642765756,6.294475952404863,3.077617209254065,5.283357098953877,5.32912812631522,16.02316644797904,2.497771809979834,0.41081534145200105,0.2008638009325007,0.3448236464848733,0.34781093889431924,1.0457681696208287,0.1630196042919202
7.5,39.0,15.125,True,True,0.7052561423150909,47,20.813077882750846,9.248182390173636,4.917063350592829,8.025931430260547,8.072579660854485,22.21544055571869,4.543900793170913,0.4443447741017779,0.23624873640952065,0.3856196318235161,0.3878609260163658,1.067378918239194,0.21831950174638703
7.5,39.0,15.35,True,True,1.129343880136422,48,26.500344889381164,13.223667102595797,7.761009376255177,11.936398508653697,11.978377312685163,28.14971492668556,7.7291557869555385,0.4989998114286654,0.2928644668079417,0.4504242702681458,0.45200835546427043,1.062239568737285,0.291662460213967
7.5,39.0,15.575,True,False,1.8319550682005614,46,31.20362711136844,18.497368454609475,11.835584818967472,17.129659964371918,17.162695029094834,32.45460913514466,12.28559480698597,0.5927954589570875,0.37930157211292287,0.5489637439658756,0.5500224370660403,1.0400909169729324,0.3937232925883142
7.5,39.0,15.8,True,False,3.0054009228146024,46,34.07610695343108,24.764087564985417,17.126108356070844,23.179049440291287,23.201124539055556,34.719500232136376,18.149137721465845,0.7267287779918167,0.5025840651185783,0.6802141298584409,0.6808619473686522,1.0188810675933306,0.5326059618919711
3.5,42.0,14.0,True,True,0.5295822664271214,143,1.2718946555226003,0.4638690770469732,0.2267883872839318,0.4355865452848189,0.46551005298998827,0.9034284208814495,3.761431582109859e-05,0.3647071516755271,0.1783075243686343,0.3424706153088155,0.36599733395272266,0.7103012949686827,2.9573452217741646e-05
3.5,42.0,14.225,True,True,0.8312883204638158,184,1.891091100737155,0.8853370355592937,0.28606062293072876,0.7194155928230884,0.7754655729183814,1.3842849718845742,9.883143386257948e-05,0.4681620230850781,0.15126749992066546,0.38042355153734125,0.4100625150296047,0.7320033240836332,5.226159322734615e-05
3.5,42.0,14.45,True,True,1.2753707905562275,307,2.697008683348991,1.619205106203966,0.37356086104556335,1.1733833313190594,1.2722680759799747,2.043893139847644,0.0002695446368930461,0.6003707426678841,0.13850932826130052,0.43506842916872596,0.47173302920187304,0.7578370631382819,9.994207232523293e-05
3.5,42.0,14.675,True,True,1.9098008334312402,51,3.6971253001661646,2.7973883701540037,0.5436723631979172,1.8841801506735436,2.0422567103326124,2.8968161093274345,0.0008144170365644172,0.7566387782497599,0.14705272855466442,0.5096338364807004,0.5523904505592019,0.7835320347939625,0.00022028386122802324
3.5,42.0,14.9,True,True,2.796258390195205,288,4.9096651646615515,4.590325702147059,0.8450071688179809,2.957963814946861,3.179900240739127,3.9379776304596263,0.002521584207224615,0.9349569773488807,0.17211095675120883,0.6024777078969639,0.6476816919465695,0.802086801927783,0.0005135959627907621
3.5,42.0,15.125,False,True,4.694369821168628,85,5.11757910808411,6.703378142023759,0.9607732683622492,3.6939193350662642,4.010073526262369,4.174063616199069,0.004233497201913847,1.3098728911556252,0.18773979807064245,0.7218099138381806,0.7835879898617997,0.8156324559019336,0.0008272460693819659
3.5,42.0,15.35,True,True,5.710601930078214,374,8.152597284909879,11.823170428827842,1.6762605432308473,6.49305080590373,6.7993478600661215,6.408549544050532,0.021137927905460988,1.4502335900624017,0.20561061520032842,0.7964395368727581,0.8340100243454235,0.7860745870414196,0.0025927845037294335
3.5,42.0,15.575,True,False,8.06464431776408,463,10.280625013969171,19.146890105106923,2.076189370881988,8.947179662520911,9.261860150173186,7.731845396173853,0.06006887737230208,1.8624247143622488,0.20195166811948598,0.8702953030933048,0.9009043844696503,0.7520793128499413,0.0058429207650975805
3.5,42.0,15.8,True,False,11.405841403805708,336,12.754166564419025,31.22751385669827,2.412356193215854,11.756088024522905,12.05288886061746,9.201559703881369,0.17015792491848353,2.4484166565469923,0.18914259752148227,0.9217449031377313,0.9450157954061885,0.7214551932818133,0.013341359786940694
3.75,42.0,14.0,True,True,0.4095100125266862,140,1.7034781225862499,0.6105178459883867,0.30900504822134917,0.5545792377364658,0.5947782860068449,1.2257052210294324,5.88283526446783e-05,0.35839488508457507,0.18139654635083446,0.32555700621179334,0.3491552243147345,0.7195309436487188,3.4534257801540815e-05
3.75,42.0,14.225,True,True,0.6453261014614804,255,2.5470690680028363,1.1686308176201476,0.3956524164455755,0.9044408944353809,0.9816312233263286,1.88478063286656,0.00015635588357818604,0.45881394906046824,0.15533635165842113,0.3550908398194932,0.3853963897791073,0.7399801821410448,6.13865896070047e-05
3.75,42.0,14.45,False,True,1.0833760521329001,85,3.3378530083132736,1.9009032970756956,0.5870675682779914,1.387800059226784,1.518053233703255,2.5587096838787096,0.00026249112623692635,0.5694988042736742,0.1758817919230829,0.4157762656924443,0.4547993065969005,0.7665735062346887,7.864070873797157e-05
3.75,42.0,14.675,True,True,1.5038142846576101,293,5.003251351221276,3.793308465388797,0.7249014233723057,2.3195832051059786,2.5366815252138966,3.9681460271544338,0.0012941262148295025,0.7581686785459747,0.14488606957460967,0.4636151658740424,0.5070066137282313,0.7931134673427558,0.00025865704598542925
3.75,42.0,14.9,True,True,2.222502238282349,51,6.594098025553198,6.379087019043512,1.07188425899973,3.6207343518891033,3.9217005207964277,5.403549369387879,0.004025362064844124,0.9673934167074127,0.16255206623347193,0.5490871288018727,0.5947288780966257,0.8194523873391403,0.0006104492303943913
3.75,42.0,15.125,True,True,3.2310488233626797,375,8.424608248411984,10.551976585578219,1.5059671371004484,5.472252908743051,5.84340108871977,7.059436162788072,0.011986147103134193,1.2525183693339377,0.17875812057899776,0.6495557713053964,0.6936110162536324,0.8379542353341779,0.0014227542396874715
3.75,42.0,15.35,True,False,4.663851845562409,449,10.489522529241599,17.608946595907693,1.9312225889888328,7.879888999467004,8.298079981661685,8.847896483845325,0.03486653055606972,1.678717648665066,0.18410967549811458,0.7512152223802627,0.7910827169234025,0.8434984966360557,0.00332393876450262
3.75,42.0,15.575,True,False,6.73341217585786,332,12.784987037936435,29.604452325641237,2.2972150928067845,10.732729349037946,11.161310780259555,10.654850710319213,0.10076816499359148,2.315563734073175,0.1796806743714593,0.8394790950660412,0.8730013372044099,0.8333876818727665,0.007881757306017262
3.75,42.0,15.8,True,False,9.782786733542693,53,15.26715063019567,49.875542789108835,2.589067913268798,13.811809534910523,14.20756136489297,12.477855525260162,0.2888451193403026,3.266853389817482,0.16958422537261725,0.9046750025242598,0.9305967897371088,0.8173008721471061,0.018919386225810797
4.0,42.0,14.0,True,False,0.304373702416031,60,2.137008737202579,0.7467793066275134,0.3863559983836138,0.663547190731324,0.7133945272846641,1.5515873317615905,9.199796119103083e-05,0.3494507503067462,0.18079289600348927,0.31050279728848046,0.3338285496289188,0.7260556799560277,4.304987602037578e-05
4.0,42.0,14.225,True,False,0.48434174637188604,152,3.2348036457041465,1.4398206505461786,0.5002828739936364,1.075868582948628,1.1737754633901465,2.4080925447878525,0.00024769104904969424,0.44510295159901764,0.15465633429034165,0.33259161939470205,0.3628583345233126,0.744432370102533,7.657065966851824e-05
4.0,42.0,14.45,True,True,0.7569071330451922,50,4.698421095126532,2.7228835802451545,0.6512307784031407,1.7273310220610665,1.904231198489921,3.6063001584659817,0.0006814569727497514,0.5795316182003106,0.13860630310012742,0.36764074294080445,0.40529172671753433,0.7675557565937715,0.00014503956945378886
4.0,42.0,14.675,True,True,1.1585363858486215,86,6.5155827626767255,5.001394204149806,0.899319947773386,2.744272951086511,3.0285561358828637,5.1767457454236725,0.002046015380385349,0.7676050456759355,0.1380260186279835,0.4211861089090228,0.46481738413812657,0.7945176869024938,0.00031401878464433887
4.0,42.0,14.9,True,True,1.7372956543052354,129,8.626723024827443,8.988161172683899,1.288107078406849,4.289363620500486,4.688553415089448,7.103607638119295,0.006361707115046529,1.0418975023095385,0.14931591923140644,0.4972181914448661,0.5434918220506136,0.8234421828167349,0.0007374419112260509
4.0,42.0,15.125,True,True,2.562639689354567,371,10.965720041891435,16.55719266769312,1.748762288917964,6.506495057628994,7.011144460611887,9.324700420967005,0.019114207421838197,1.509904739902263,0.1594753725461996,0.5933486385547659,0.6393692738669043,0.8503500349584543,0.001743087307428766
4.0,42.0,15.35,True,True,3.7529128296777707,396,13.468548730523821,33.58034518305339,2.1685141841784104,9.423454600362005,10.01340875309272,11.72254332751089,0.05605135552273484,2.4932415403413235,0.1610057792836951,0.6996636971736677,0.7434660521663552,0.8703642509711568,0.00416164775019193
4.0,42.0,15.575,True,True,5.502824480461249,52,16.092564780574,81.29376696642987,2.5054359381125137,12.890692872002965,13.519350783783482,14.117021552777684,0.16245058349399621,5.051635216318218,0.15568903852647087,0.8010340829924049,0.8400991991098428,0.8772387587228434,0.010094760264075308
4.0,42.0,15.8,True,True,8.124873245835147,96,18.78849960351399,275.3757273242516,2.7645661973347755,16.568905012665933,17.167866578066477,16.371589881281157,0.46288352009169464,14.656610859589257,0.14714140328787734,0.8818641915167654,0.9137433504725194,0.8713622815426516,0.024636534574858874
4.25,42.0,14.0,True,False,0.22175304722112352,61,2.519748467186791,0.857423051628207,0.4495183996454364,0.7519990147423932,0.8099511092355334,1.8403178259984563,0.00014596396765840754,0.34028120774510845,0.1783981240585127,0.2984420963184366,0.321441254864544,0.7303577519597046,5.792799144803969e-05
4.25,42.0,14.225,True,True,0.3571403400494376,49,3.8747557751982233,1.6757471178848689,0.587767616827291,1.218498426806904,1.3349091893627172,2.8919736256265773,0.00039724163449410705,0.43247812639214445,0.1516915261058543,0.31447102669188703,0.34451440730981975,0.7463628144353514,0.00010252043161966385
4.25,42.0,14.45,True,True,0.5669898479612574,50,5.734735658815093,3.2391599015103716,0.7670073658294796,1.9581253545941295,2.1722402871008466,4.397272618391637,0.0010954776211943775,0.5648315971689696,0.13374764094845099,0.34144997626598816,0.3787864718335899,0.766778606723121,0.0001910249550056374
4.25,42.0,14.675,True,True,0.8840814392954818,49,8.101181308203477,6.174270835003413,1.0486165764925497,3.119646294254589,3.4694855161657285,6.413133333013126,0.003274029328957451,0.7621445070919691,0.12943995901322342,0.3850853567609393,0.42826908621986187,0.7916294042844112,0.00040414221141330084
4.25,42.0,14.9,True,True,1.3519460675526505,50,10.869970909916244,11.825614069243644,1.4733925837897626,4.899494464732351,5.400597010914493,8.9186235265342,0.010184020973080628,1.087915889310762,0.13554705858924102,0.4507366675896746,0.49683638122598306,0.8204827409793795,0.0009368949611254386
4.25,42.0,15.125,True,True,2.0327372104594845,49,13.869395121170786,24.420259415508653,1.9560468082515285,7.481416505996979,8.134003986629757,11.804470019989404,0.030829802936645643,1.7607299526878872,0.14103331768706642,0.5394190907847922,0.5864714297607468,0.8511164269861056,0.0022228657174519335
4.25,42.0,15.35,True,True,3.0309707658215608,51,16.91883426328308,61.36869693221166,2.3696479306989784,10.928812446629722,11.720354805487304,14.88148063924864,0.09091784374572592,3.6272414503990262,0.14005976380072127,0.6459554054706484,0.6927400920832109,0.879580732789855,0.0053737652565717265
4.25,42.0,15.575,True,True,4.523436489677685,51,19.89817738954732,225.62610520787797,2.6823521885476964,15.069193782707178,15.944851931497523,17.887730621420353,0.26331179103668206,11.339033761273093,0.13480391374723388,0.7573152800729955,0.8013222326519959,0.8989632704157582,0.013232960279819494
4.25,42.0,15.8,True,True,6.799991992034563,57,22.738868853966967,1725.9678270934564,2.9181095854677723,19.418254929544755,20.278092750319644,20.566366086927466,0.7402670210010962,75.90385599995878,0.12833134331388196,0.8539674974270804,0.8917810679391811,0.9044586262847243,0.032555138329668984
4.5,42.0,14.0,True,True,0.1627608977541632,60,2.81831337968821,0.938393011631411,0.49539903966156806,0.8164933460386686,0.8806126335775338,2.066075353975089,0.00023718874269407035,0.3329626216851816,0.17577855011864368,0.2897099208069605,0.3124608639777866,0.7330892898090909,8.415981856507048e-05
4.5,42.0,14.225,True,True,0.26536641508845504,47,4.399285961247335,1.8480236696613845,0.6524311315090632,1.324832727565338,1.4554982952325444,3.287189345202861,0.0006511866082688421,0.42007354964881893,0.14830386959525554,0.30114721780661574,0.33084875774246447,0.7472097458904081,0.0001480209774961322
4.5,42.0,14.45,True,True,0.4282457199171171,88,6.636391627681354,3.624990017405838,0.8540622163133159,2.1353098593946793,2.379002082399251,5.078949119208215,0.0017997170202105528,0.5462290685627228,0.12869376375422123,0.3217576627768608,0.3584782538263847,0.7653178721435275,0.0002711890920818584
4.5,42.0,14.675,True,True,0.681227769909905,89,9.571428588112651,7.094832415040355,1.1625917945160897,3.4175509677264237,3.8218615072257442,7.5428550614030465,0.005363034429403366,0.7412511465479528,0.12146481414070041,0.3570575631699213,0.39929896274547255,0.7880594826535074,0.0005603170289609693
4.5,42.0,14.9,True,True,1.065280574890158,48,13.071650064097554,14.226136978959309,1.6164088758391677,5.399096046786123,5.989077074459976,10.668583369541272,0.01670724421328078,1.0883199067601004,0.12365760006678714,0.41303860035354056,0.4581729961475566,0.8161619472084464,0.001278128172905172
4.5,42.0,15.125,True,True,1.6390739744729506,50,16.828959623314333,31.919278664991687,2.1173031294422735,8.300529521089134,9.087837508549788,14.285820951056998,0.050902124171055045,1.8966875778091286,0.1258130732281885,0.4932289165154232,0.5400118433916599,0.8488831912856842,0.0030246744487126094
4.5,42.0,15.35,True,True,2.498994598940585,50,20.469684031407112,93.79864073310277,2.527765728796839,12.218354325476865,13.200547078621414,18.077341805251482,0.15055116034218133,4.582319912177703,0.12348826317584723,0.5968999964400994,0.6448827963522792,0.8831275449838403,0.00735483557592717
4.5,42.0,15.575,True,True,3.808679370090709,53,23.737512248014724,463.63131841082856,2.8261347820178258,16.961863461941334,18.079375294055474,21.6448915291507,0.4333186168627102,19.53158838073287,0.11905774929106938,0.7145594401266684,0.7616373234548846,0.9118433011429393,0.018254592660566216
4.5,42.0,15.8,True,True,5.8414431816742525,56,26.547339032476003,5932.583543325245,3.0538153487356228,21.901571951373107,23.0237633301125,24.630502191550082,1.1885434675735613,223.4718717408088,0.1150328228753856,0.8250006497668328,0.8672719816455794,0.9277955188434891,0.04477071943517907
4.75,42.0,14.0,True,True,0.12387045204638819,103,3.0274920332456614,0.991268946388932,0.5257753496697996,0.8594739436465291,0.9277679142213482,2.2248764982394023,0.00039564242960367043,0.32742247890450416,0.17366696390812147,0.2838897457725493,0.3064476814582144,0.7348909505978766,0.00013068322732447192
4.75,42.0,14.225,True,True,0.2040538378992785,50,4.782423243483101,1.9613936743776137,0.6959525258982429,1.3971526620642494,1.5376347223945097,3.5760329403226305,0.0010928234075918797,0.41012548963548134,0.14552298917637654,0.2921432485023398,0.321517909250255,0.7477449732613292,0.00022850830048993368
4.75,42.0,14.45,True,True,0.333987117714308,50,7.330801600664242,3.8837027685780425,0.9137557308952605,2.259119191006483,2.523761385683038,5.602386140436158,0.0030245328078096967,0.5297787309134299,0.12464608656336645,0.30816809867038075,0.3442681337132846,0.7642255848157897,0.0004125787291168328
4.75,42.0,14.675,True,True,0.540968256673825,49,10.773367696293855,7.730578517334392,1.2422943210800732,3.632211307071953,4.076543218198319,8.461643279721995,0.008993687079497223,0.7175637864837554,0.11531160507103408,0.3371472513948883,0.37839079971258105,0.7854223041726205,0.0008348074003443827
4.75,42.0,14.9,True,True,0.8642261934598359,49,14.97699351397382,15.954889609642992,1.7185386719688802,5.769728437271533,6.427671797116083,12.176164591123444,0.028045725126857057,1.065293217544414,0.11474523711086948,0.3852394295215703,0.4291696989198094,0.8129912441881509,0.0018725871184153123
4.75,42.0,15.125,True,True,1.3611245189717354,50,19.497270543223713,37.6513318968631,2.235846256037108,8.921581998960427,9.815539336010874,16.522185293714788,0.08574036322249601,1.9311078344732124,0.11467483364301868,0.4575810741909784,0.5034314579700115,0.8474101673404272,0.004397557239225729
4.75,42.0,15.35,True,True,2.124305790354123,50,23.709536510350723,120.9168256367022,2.6501711637928715,13.205825097366594,14.343228020483915,21.01306191021626,0.2530787198028291,5.099923635534347,0.11177659093571496,0.5569836884665126,0.6049560696482692,0.8862704634079506,0.010674131891711342
4.75,42.0,15.575,True,True,3.3087857908852794,54,27.159667495018333,690.4975031114724,2.9495084213120277,18.407714299766308,19.726507113644857,25.04659565337494,0.7175255036762579,25.42363610445984,0.1085988413463836,0.6777591921234927,0.7263162230267776,0.9221981696929472,0.02641878821999082
4.75,42.0,15.8,True,True,5.172722594507032,92,29.76659819731402,10573.326544046447,3.1919620820332177,23.77324314711721,25.11735952946867,28.16963981737715,1.8922206139057969,355.20775581942473,0.10723301537094163,0.7986550223015534,0.8438102118009281,0.9463506589046183,0.0635685878971733
5.0,42.0,14.0,True,True,0.09968880321624149,60,3.162301367669674,1.0234891500008143,0.5446342463785709,0.886261176066548,0.9571153528698523,2.3281170488965017,0.0006746834057827249,0.32365326102838576,0.17222717984652944,0.2802582907269338,0.3026641807941153,0.7362097340558375,0.00021335202668552262
5.0,42.0,14.225,True,True,0.16548009216792134,47,5.036815067586038,2.030436641196411,0.7233779320333776,1.442867390062157,1.5894183778825068,3.769498596033839,0.0018706964590259748,0.40311915644135915,0.14361812421675157,0.2864642379561636,0.3155602015470179,0.748389318538237,0.00037140463446130287
5.0,42.0,14.45,True,True,0.273751983353448,48,7.810673849485779,4.041541903019863,0.95209054662201,2.338877760677978,2.616708077993831,5.967304993808413,0.005180856566714135,0.5174383133775251,0.1218960828436962,0.2994463481319169,0.335016943277705,0.7639936206274026,0.0006633046861962134
5.0,42.0,14.675,True,True,0.44969263867640047,48,11.644344473353575,8.119203925232476,1.2946690333106832,3.7733897338385227,4.243601955166126,9.13471754084701,0.015375597849095604,0.6972658653144553,0.11118436390072013,0.32405342717860913,0.3644345943970487,0.784476752791925,0.0013204348157408493
5.0,42.0,14.9,True,True,0.7310711540136974,48,16.424691007129685,17.004260466181442,1.7879112289696562,6.017601347611114,6.720865239564622,13.341555926982858,0.04791686076993147,1.0352864756359907,0.10885509067985229,0.36637531537116735,0.4091927961778524,0.8122865703343528,0.0029173675626002074
5.0,42.0,15.125,True,True,1.1746201047472293,49,21.5975589492485,41.00831876259173,2.3219408635810734,9.339749302765691,10.306638775700605,18.333113385888577,0.14632770649261084,1.8987478565960174,0.10750941201444743,0.4324446723221317,0.4772131332026868,0.8488511793841631,0.006775196531999854
5.0,42.0,15.35,True,True,1.871127025289051,52,26.283410568323944,135.20829096762498,2.751278173391239,13.864510717109388,15.109994182714905,23.447325888061073,0.42771614850016015,5.144244527023991,0.10467736545222198,0.527500442953112,0.5748871191368544,0.8920960172618981,0.016273236206857875
5.0,42.0,15.575,True,True,2.968687367763852,56,29.810212225692865,776.7338971718824,3.0739177807490723,19.347753002142603,20.808352901089073,27.83628446346375,1.1794442518182628,26.055966703330945,0.10311626624716613,0.6490310386139129,0.6980276672822457,0.9337835052201398,0.03956510751713877
5.0,42.0,15.8,True,True,4.707550976340443,93,32.134731927020255,10746.891125584916,3.3647422488644594,24.955201642869643,26.458405393422808,30.955776308952487,2.9437997771331275,334.43226319708214,0.10470733835608072,0.7765803585834877,0.8233585222839669,0.9633121066407139,0.09160803904693086
5.25,42.0,14.0,True,True,0.08524038292586575,60,3.2437066494252265,1.041953063163345,0.5558347292338027,0.9021037280848153,0.97432329931588,2.3919614039484305,0.0011689196286671158,0.3212229636573256,0.17135789061945375,0.2781089122978075,0.3003734321932369,0.737416068241645,0.00036036539521052075
5.25,42.0,14.225,True,True,0.14223267587838131,47,5.192925371482792,2.068993451142093,0.7399599493547011,1.4700208444640774,1.619757668053436,3.891881217930619,0.0032483748756004373,0.39842541595226333,0.142493853930239,0.2830814501084052,0.31191622297297317,0.7494583379347368,0.0006255385246703235
5.25,42.0,14.45,True,True,0.23700044854009167,47,8.112274618963525,4.126506882799938,0.9758628666860922,2.3864758586660137,2.6712363926811618,6.205312234229927,0.00899700510209461,0.5086744565024558,0.12029460447565254,0.29418085195085825,0.32928327973966637,0.7649287685261765,0.0011090607165914858
5.25,42.0,14.675,True,True,0.39311049857185815,48,12.208001535264103,8.315317767914076,1.3282513260705582,3.8575130820552817,4.341530792201304,9.591405389594888,0.02663762291071819,0.681136690873965,0.10880170044488968,0.3159823555814969,0.35562993497832823,0.7856654802908649,0.002181980632437881
5.25,42.0,14.9,True,True,0.6469919007728421,48,17.38869629872659,17.4611270586753,1.8352104228152302,6.162806542766374,6.890767492686548,14.169313220993015,0.0827301744942558,1.0041653933511976,0.10554042645219046,0.35441452521185784,0.3962785578807983,0.8148577085695989,0.004757698511320501
5.25,42.0,15.125,True,True,1.0544292133718713,50,23.024004157721315,41.95329227893533,2.3897096660364,9.575766050781468,10.582873851076599,19.674838187349355,0.2506815262831214,1.8221544780631,0.10379209670334379,0.4159035928409588,0.45964523714384115,0.8545359031631,0.010887833609040285
5.25,42.0,15.35,True,True,1.703764211519359,53,28.03429079447557,134.32316706219578,2.8515476668182234,14.214596252655166,15.520065945603607,25.293750593430254,0.7173355957366979,4.79138809135366,0.10171641892864108,0.5070431906719143,0.5536100791485685,0.9022432840860248,0.02558779178669488
5.25,42.0,15.575,True,True,2.73436789776084,56,31.57738597007255,690.7747065040671,3.2303106930332457,19.813317800508596,21.353707801262505,29.934546765458798,1.8936883556327453,21.875613996635074,0.10229823000848678,0.6274527542997592,0.6762341829529673,0.9479741861416029,0.059969763090190156
5.25,42.0,15.8,True,True,4.364131986288752,56,33.67305583888615,6993.677103249393,3.6170927830073674,25.524057074618273,27.12190002322034,32.97521647144854,4.415881679250869,207.69356772107955,0.10741801398464984,0.7579964585555288,0.8054481349417526,0.9792760309377169,0.13113991496285116
5.5,42.0,14.0,True,True,0.07682867125868614,65,3.2896835769889177,1.0514868510914863,0.5622498834749838,0.9109443116567466,0.983626212303144,2.4306950753122725,0.0020459125299437386,0.3196316078684757,0.17091305905767906,0.2769094018733995,0.2990032899162501,0.7388841566145743,0.0006219177261468971
5.5,42.0,14.225,True,True,0.12861836720802758,47,5.280852500437132,2.08670830940373,0.749807248788131,1.4849420601209986,1.6355973814760814,3.96770534257517,0.0056923590396362345,0.3951461074193985,0.14198602379560202,0.281193625460677,0.30972222408042865,0.7513380353355327,0.0010779242630172003
5.5,42.0,14.45,True,True,0.21526955258875596,48,8.282590297434083,4.158267740156535,0.9907375356795478,2.411935516070365,2.6985249716937187,6.356619620050291,0.015756613340693934,0.502049188820163,0.11961687106344916,0.2912054598206522,0.32580688827862364,0.7674675906665996,0.0019023774899955242
5.5,42.0,14.675,True,True,0.35914504601835107,48,12.527200367197104,8.358723922861252,1.3507456481198903,3.899801579396517,4.387418351342877,9.891452109512532,0.046470575252561076,0.6672459670038369,0.10782502143550472,0.31130671379762387,0.3502313543919581,0.7895979803606904,0.0037095738784737446
5.5,42.0,14.9,True,True,0.5953048672941208,51,17.933203298886745,17.40230676475557,1.8712191099084101,6.2267518742162276,6.961332619747441,14.734693947939721,0.14311584172789713,0.9703958893855771,0.10434382963943599,0.34721916494432264,0.38818121356933405,0.8216431667204943,0.007980495137574303
5.5,42.0,15.125,True,True,0.9775733441233643,52,23.82528040199725,40.66902090913186,2.455664460715603,9.658419976694152,10.676095288193919,20.624001042611273,0.42587384603361966,1.7069692453954335,0.10306969820635341,0.4053853643579572,0.44809946023967684,0.8656351864334147,0.017874872356084384
5.5,42.0,15.35,True,True,1.589514396873727,53,29.0175352776028,120.36137520860987,2.9775362478151837,14.300645409120936,15.621709991905131,26.622563019726037,1.1746301432320023,4.14788416924958,0.10261161808988638,0.4928277082223071,0.5383541311299018,0.91746465594115,0.04048001086221273
5.5,42.0,15.575,True,True,2.558528829005213,54,32.58738982820945,506.67049153814656,3.459279927512595,19.89060238257754,21.454734578052513,31.426964172655715,2.9216059155794407,15.548053839511395,0.10615394315865245,0.6103772805196914,0.6583753621003454,0.9643903466441731,0.08965449307174447
5.5,42.0,15.8,True,True,4.079140307792232,54,34.59784121279249,3301.0937499882816,4.005358835216501,25.636215434455508,27.271589904018334,34.36242627027579,6.320610553959423,95.41328690669025,0.1157690391889401,0.7409773134913563,0.7882454207557527,0.9931956753871206,0.18268800400246904
5.75,42.0,14.0,True,True,0.07201611703506283,63,3.312442833538552,1.0548696919043248,0.5657431543268127,0.9152932752986824,0.9876388729140374,2.4548026900667015,0.0036018038228755444,0.31845672360704536,0.17079333372900857,0.2763197197039355,0.2981602770360815,0.7410852997104656,0.0010873557685002761
5.75,42.0,14.225,True,True,0.12079070994672268,46,5.322213102181246,2.088626422034923,0.7557416307633674,1.4917016294468821,1.6411869395305785,4.016327360613855,0.010024471053489973,0.3924356995737214,0.1419976269746951,0.28027844823340986,0.3083655066081359,0.7546348264348548,0.0018835155340513445
5.75,42.0,14.45,True,True,0.2026326542632368,47,8.358962994777073,4.145770049808506,1.0009386068983708,2.4218004637250155,2.7054143005339673,6.45652774533472,0.02769529478250319,0.49596702992929936,0.11974435196372885,0.2897249892406783,0.3236542980540038,0.7724077435644767,0.003313245291288887
5.75,42.0,14.675,True,True,0.33891033698504197,48,12.661891907841873,8.26442901158386,1.3685803239983976,3.910381562606723,4.391885405378864,10.096118983067859,0.08106716475608795,0.6527009606254388,0.10808655878279899,0.30883074907509767,0.34685854510089786,0.7973625945120446,0.006402452757149248
5.75,42.0,14.9,True,True,0.5629644076449845,50,18.145577363859985,16.861085424357295,1.9064873924921364,6.224607018839762,6.948601464302427,15.1334856017947,0.24533255586762487,0.9292118451925936,0.10506622932204028,0.34303714310227074,0.38293636652982743,0.8340040825559852,0.013520239722779312
5.75,42.0,15.125,True,True,0.9251224743318947,52,24.124297948540832,37.45588220116718,2.5386550050086396,9.613043260576468,10.613203973084826,21.30808848888207,0.7061691216753404,1.5526206101857862,0.10523228532593178,0.398479710418181,0.4399383557491989,0.8832625320054505,0.02927211076490843
5.75,42.0,15.35,True,True,1.5016192829128605,53,29.411043637595096,98.4830454848305,3.1611782781156363,14.174699885836871,15.47011304251364,27.577612630384287,1.8449223377157697,3.3485056395259334,0.10748269653630428,0.48195161179924445,0.5259967389507642,0.9376618174518908,0.06272889736416802
5.75,42.0,15.575,True,True,2.4068504843546954,53,33.07538361919179,322.09033901906446,3.8085657135511255,19.684802822786466,21.22181473502142,32.46794949602491,4.273470712847942,9.738068127263489,0.11514804355409587,0.5951496451084086,0.641619609899478,0.9816348578096484,0.12920396516182164
5.75,42.0,15.8,True,True,3.8166898895867263,92,35.154020919819075,1301.6087326990744,4.59544679952367,25.452941269065928,27.071899451099554,35.29418244731084,8.571547066895222,37.02588490994655,0.13072321968531506,0.7240406816369649,0.7700939677098788,1.0039870695819249,0.2438283542712114
6.0,42.0,14.0,True,True,0.06930024059499726,92,3.3187400300307464,1.053197902865329,0.5674099812244168,0.9164914870030461,0.9875976440600616,2.471507645289725,0.006356708972181439,0.31734872069975656,0.17097150608062542,0.2761564565798651,0.29758210499269266,0.7447126388103463,0.0019153982881034966
6.0,42.0,14.225,True,True,0.11632831088265712,48,5.3289467722331585,2.075718930023763,0.7596289078458488,1.4923694808225445,1.638264787365231,4.051795689378163,0.0176738411787332,0.3895176699529893,0.1425476628522445,0.280049612917629,0.30742750066514485,0.7603370539353708,0.003316573036687842
6.0,42.0,14.45,True,True,0.19522334602588037,47,8.362959189640792,4.088046722261313,1.0097181555511328,2.419188476710254,2.6942645627928865,6.532240537864899,0.048592088868195944,0.48882777370541064,0.12073694641507661,0.28927421763661193,0.32216641283270586,0.7810920022133306,0.005810394116042923
6.0,42.0,14.675,True,True,0.3262779826196154,49,12.651453705887386,8.025966711013726,1.3876069236336346,3.893830065866884,4.35820514499155,10.255852413137381,0.14009172165942135,0.6343908690333999,0.10967964282143389,0.30777728444399083,0.3444825587879635,0.8106461637973503,0.01107317189914937
6.0,42.0,14.9,True,True,0.5403749374274742,51,18.099573721230588,15.852069159617255,1.9521075115369795,6.164551326800381,6.859162125452328,15.449343851002958,0.4105200224243205,0.8758255527876307,0.10785378382957055,0.3405909675966255,0.3789681586482123,0.8535750117076547,0.022681198394345903
6.0,42.0,15.125,True,True,0.8828807283808785,53,24.05428864680757,32.82259554341997,2.6592359128860803,9.460916551351797,10.41411465456387,21.84207180082056,1.1222003565242895,1.364521563092497,0.11055142606509828,0.3933151667990576,0.43294211720312115,0.9080323314287404,0.046652818256308126
6.0,42.0,15.35,True,True,1.4219237824174915,53,29.412103579352674,74.90356773964318,3.4359961018349363,13.891011661443768,15.119352014948277,28.28849417684874,2.7374136443161388,2.5466919609322183,0.11682252146857694,0.4722889549183851,0.5140520457558185,0.9617977204699936,0.09307099157089212
6.0,42.0,15.575,True,True,2.2615112751648443,53,33.25550164691135,188.83946518109033,4.328312246351589,19.297726459673274,20.75552178259183,33.19659965538573,5.878619268254613,5.678442838904794,0.13015326884276868,0.5802867346451704,0.6241229497291174,0.9982288046004837,0.1767713303702516
6.0,42.0,15.8,True,True,3.565924240751785,52,35.51451558534861,496.0305621911583,5.462369254406202,25.104592581162816,26.646864460460993,35.92679734246505,10.975285139469934,13.966980937670286,0.15380666649609837,0.7068825849765955,0.7503091066080615,1.0116088238941523,0.30903659978394155
6.5,42.0,14.0,True,True,0.06690518215173316,60,3.287837647981772,1.0322951976284094,0.5672155425458636,0.9105000032541001,0.9748319035420726,2.5024425455827797,0.01965672745186812,0.313973896570617,0.17251932828679875,0.2769297333805419,0.2964963626292405,0.7611210812428332,0.005978618641323223
6.5,42.0,14.225,True,True,0.11199541592947451,47,5.247159357812436,1.9929441450129495,0.7663379883794313,1.4760989237813344,1.6035708375284967,4.12326238312756,0.053892406337095,0.3798139162756088,0.14604816361036177,0.2813139116088761,0.3056074207353658,0.7858084921679541,0.010270777512570724
6.5,42.0,14.45,True,True,0.18667411856695557,48,8.17493412154971,3.8005691341768424,1.0350116465275645,2.3762794335698,2.609663692731515,6.6886452879216804,0.14327374696114137,0.4649051695913085,0.12660794951230248,0.2906787257533682,0.31922748904511117,0.8181895032389233,0.017525981840448297
6.5,42.0,14.675,True,True,0.3079051440229882,50,12.267172977937824,7.06860895126732,1.4543739951984527,3.781112692830429,4.165770694027547,10.575555848136528,0.38338250140653524,0.5762215111811027,0.11855820390028776,0.30823016025213446,0.3395868552208053,0.8621021214224643,0.03125271829915811
6.5,42.0,14.9,True,True,0.49983488751224386,52,17.4478047722036,12.710787998110634,2.119874778840466,5.89573471345901,6.45979178820148,16.02519547312637,0.9958570019748368,0.7285035661540877,0.12149807993138916,0.33790696253385455,0.3702352171255771,0.9184648545962864,0.05707634943058017
6.5,42.0,15.125,True,True,0.7982160448430948,52,23.245186437369195,22.315827032400993,3.0815644895434358,8.935996756054484,9.69139743307785,22.683362798920694,2.353304335972718,0.960019275067024,0.13256785433174595,0.3844235356051559,0.41692061533642344,0.9758305385090262,0.10123835067158345
6.5,42.0,15.35,True,True,1.260911519808344,53,28.806651992806945,38.85645309787055,4.358779192190735,13.077041979283402,14.029326116218568,29.24004966792375,4.93838520669109,1.3488708478712852,0.15131155100145366,0.4539591057839264,0.4870168917832488,1.0150450553998787,0.17143211255248306
6.5,42.0,15.575,True,True,1.982504146344449,52,33.18325662362265,65.5034218149866,6.04618886330864,18.31933195102548,19.433611387426037,34.08026619943785,9.213932876206991,1.973990152863891,0.18220601226355979,0.5520655238516954,0.5856450922779999,1.0270319934534888,0.27766813187490874
6.5,42.0,15.8,True,True,3.12006865623089,49,35.9513105761157,100.29967769061827,8.320411995194721,24.270529238679835,25.441051713520565,36.71140281732359,15.258128693541927,2.7898754199312132,0.23143556832452158,0.675094422143375,0.7076529702486662,1.0211422679459383,0.4244109171274185
7.0,42.0,14.0,True,True,0.06549691564325989,57,3.180283018494146,0.9742323088566912,0.5629345771245595,0.8888919452651762,0.936230599035223,2.556399180503808,0.0571567922130671,0.30633509759706457,0.17700769832463126,0.279500893504146,0.29438593785232525,0.8038275730926159,0.017972234508905643
7.0,42.0,14.225,True,True,0.10799767941692075,48,5.011696200775829,1.8014231820805167,0.7786357203386136,1.4284139232000397,1.513615284155574,4.243484122191236,0.14778668364361716,0.3594438110198399,0.15536371103621124,0.2850160636191228,0.30201656754877937,0.8467161520154254,0.029488356381366303
7.0,42.0,14.45,True,True,0.17635292184134632,49,7.718186740493148,3.247268498793561,1.0900518931074346,2.274636843291813,2.420068901999536,6.922099028942598,0.35857840280215614,0.42072945472501994,0.14123160397098483,0.2947112993986042,0.3135540747288148,0.8968556037425334,0.0464588918172826
7.0,42.0,14.675,True,True,0.28389043828176663,50,11.494585602282223,5.610252474779918,1.5947313209212517,3.5741330370929103,3.802698783077578,10.957913566027674,0.8369056979781927,0.48807783672218813,0.13873760882729183,0.31094057330638125,0.33082521759832395,0.9533108843742923,0.07280868810199012
7.0,42.0,14.9,True,True,0.4501017292317788,51,16.358410208044173,9.166953857563456,2.4310558024766467,5.5126607212213745,5.834748556235898,16.53114868466002,1.84951856166409,0.5603817083065717,0.14861198438960688,0.3369924492118769,0.3566818830210461,1.010559612726358,0.11306224371085875
7.0,42.0,15.125,True,True,0.706827005543917,52,22.05025780268183,14.169208844928027,3.762329328973672,8.324956980176061,8.735923650728415,23.21058006007355,3.755754628472742,0.6425869924842655,0.17062518554844672,0.3775446552449627,0.39618238158040586,1.0526217093593617,0.1703270166762383
7.0,42.0,15.35,True,True,1.1097505855972765,49,27.90220475743873,20.99878284246425,5.758070473865867,12.265304308761506,12.75462543381552,29.70814050558419,6.932969262453662,0.7525850743700092,0.206366146472019,0.43958190456227564,0.4571189103045749,1.0647237651592387,0.2484738866596315
7.0,42.0,15.575,True,True,1.7544010073309326,48,32.87286237422391,29.784397616978314,8.623009777855854,17.46135874211035,18.008037934805134,34.5208750246298,11.672144211820417,0.9060481949491778,0.26231393176814694,0.5311785308906369,0.5478086371001724,1.0501329221546014,0.35506929937968273
7.0,42.0,15.8,True,True,2.803719392277618,49,36.153937471116606,39.42861406966713,12.56913509382551,23.628468332812538,24.189231818531898,37.15782094175396,17.934423933813957,1.0905759324600997,0.3476560500185352,0.6535517286793265,0.6690621688953432,1.027766919479776,0.49605728139962
7.5,42.0,14.0,True,True,0.06219725140892168,56,2.970728262242328,0.8661974475495283,0.553626953323284,0.8434284811921009,0.8620454842436628,2.651114961235311,0.1387146574471948,0.2915774756509422,0.18636068480575274,0.2839130363796636,0.29017985091405984,0.8924124750589707,0.04669382225572255
7.5,42.0,14.225,True,True,0.09989565305312949,49,4.621952475734003,1.5100117370194248,0.7984249695199711,1.3429348079140753,1.365668368499116,4.417125222958307,0.3192936094684573,0.32670429757710195,0.17274625252246345,0.2905557369887942,0.2954743424275986,0.9556838254285237,0.06908197588460728
7.5,42.0,14.45,True,True,0.159519133127215,48,7.070494425344286,2.5597379075707942,1.1750960123002276,2.1232629253242505,2.1512583490239274,7.182065461301408,0.682274776042753,0.3620309632655077,0.16619714854566317,0.3002990735291983,0.3042585453872521,1.0157798067921806,0.09649604893218351
7.5,42.0,14.675,True,True,0.25277176830401715,50,10.548931645861103,4.160266343674473,1.7951348499952755,3.3238258966995913,3.357464146582024,11.253225179028759,1.3797384635308567,0.3943779790540934,0.17017219470747075,0.31508649484933404,0.31827527746843753,1.0667644418232616,0.1307941419899332
7.5,42.0,14.9,True,True,0.39788001482963475,48,15.18284619535332,6.422976270556451,2.8312871147606327,5.13163039717955,5.166676538523378,16.770285288652836,2.646690979800383,0.423041647653797,0.18647933848049797,0.33798869666150444,0.3402969688321435,1.1045547766785222,0.17432113490093823
7.5,42.0,15.125,True,True,0.6270336678798998,48,20.87752331304278,9.453552411732508,4.540070792753109,7.808086872152215,7.838365422962867,23.34987127050402,4.789445373679669,0.4528100517472111,0.21746213498019656,0.3739948822030189,0.3754451763953255,1.1184215158278232,0.22940677885329278
7.5,42.0,15.35,True,True,0.9980328120896579,47,27.064618474274848,13.510396873649707,7.231558274739922,11.672251000471519,11.691948031824586,29.822894608975517,8.134689235184076,0.4991903686538739,0.2671960176203326,0.4312734358907033,0.43200121379645096,1.1019144658300812,0.30056545016203234
7.5,42.0,15.575,True,False,1.6109802538218534,48,32.56345961252464,18.952323900276024,11.182829468997944,16.934563593422954,16.93944193410696,34.70193888786498,12.945867437067461,0.5820119890758332,0.3434165043291892,0.5200480475640107,0.5201978578342354,1.0656711326372041,0.3975581093382409
7.5,42.0,15.8,True,False,2.633594018453252,46,36.23161247710886,25.636589752965357,16.49939672211369,23.329070437216483,23.31845179777469,37.379378510337695,19.191378199808668,0.7075751809048675,0.4553867629418374,0.6438871704083221,0.643594093762934,1.031678579968087,0.5296860086460072
3.5,45.0,14.0,True,True,0.5190501796605108,149,1.2649598419468358,0.4736894815959578,0.21148358488466634,0.4315880576521568,0.4619496176636743,0.9418281859447312,4.1789473886716275e-05,0.37446997595348663,0.16718600691637978,0.3411871613156679,0.36518915648160893,0.7445518464010771,3.3036205973464115e-05
3.5,45.0,14.225,True,True,0.8149233698939086,49,1.8828112840068616,0.9169259880658633,0.25141293024624867,0.7121064440996171,0.7691009770670326,1.4398687548209037,0.00011035140242289504,0.4869983496776843,0.13353060520819166,0.37821445523959474,0.4084854300587619,0.7647440649265071,5.860991133856668e-05
3.5,45.0,14.45,True,True,1.2513202194706359,195,2.687176800707286,1.6971053927779005,0.3091320211136618,1.1599647076676098,1.2604820984554823,2.1205744906854784,0.00030163014473766743,0.6315570275581455,0.11503970301927875,0.4316666872690692,0.46907300558850973,0.78914587612074,0.00011224797142423828
3.5,45.0,14.675,True,True,1.8763966272592432,263,3.684253979641973,2.9592466326988247,0.4416730034502259,1.861832911983073,2.021663285094672,2.9980515681018525,0.0009128497192892994,0.8032146125241879,0.11988125842864575,0.5053486872161841,0.5487307053926648,0.8137472564780119,0.0002477705729120249
3.5,45.0,14.9,True,True,2.7516593888854057,49,4.890714508244875,4.893487039861444,0.6988487265119029,2.925577573479432,3.1475750381464045,4.066724995282179,0.0028327189792368016,1.0005668970478436,0.14289297102371612,0.598190217103744,0.6435818391852873,0.8315196048402343,0.0005792035037950674
3.5,45.0,15.125,True,True,3.9607050857144537,365,6.350208894051885,7.902126364050564,1.04681870610351,4.444617727001115,4.714638427087604,5.289928634194832,0.008339267315488052,1.2443884123957447,0.16484791659122336,0.6999167745748176,0.7424383206517368,0.8330322234202097,0.0013132272425398915
3.5,45.0,15.35,True,True,5.636426581370457,331,8.104749583913943,12.826930889646096,1.4101536965661605,6.4363346025576185,6.7346039392277435,6.597553928363803,0.023915625340356468,1.5826437025401245,0.17399102612189155,0.7941435495221539,0.8309453450103353,0.8140355059776831,0.00295081607306208
3.5,45.0,15.575,True,True,7.976891826825447,473,10.19819727671019,20.98879931672904,1.7424090800451448,8.863107677046969,9.165690512791194,7.958429584591402,0.06824804941645789,2.058089164901874,0.17085461604320173,0.869085725306355,0.8987559530470204,0.7803761163520747,0.006692167994466749
3.5,45.0,15.8,True,False,11.30939380311439,51,12.619392045381138,34.562735978121005,2.0204089916355916,11.626020760648919,11.90768313728089,9.481819323163597,0.1940615331029726,2.738859039629521,0.1601035124647774,0.9212821599360798,0.9436019654876525,0.751368947811877,0.01537804138306343
3.75,45.0,14.0,True,True,0.40020717043558307,101,1.6934924669209408,0.6235577172173191,0.29033556395002863,0.5488318257739057,0.5900380462135222,1.277636522220748,6.528163270290872e-05,0.3682081434652342,0.17144189869229734,0.3240828267584655,0.34841492226198817,0.7544388576724583,3.854852264067162e-05
3.75,45.0,14.225,True,True,0.6308115448616092,48,2.5353604318515286,1.2114620065707056,0.35366624507879835,0.8942150161377513,0.9734857930329798,1.9607543480166787,0.0001744142975328098,0.47782634427484394,0.13949347817995336,0.3526973935949304,0.3839634715455666,0.7733631571211257,6.879270313666532e-05
3.75,45.0,14.45,True,True,0.9747875554426351,193,3.636848078819908,2.2671554917962338,0.43740403578741455,1.4401681718087074,1.5804064310560635,2.8986629733682316,0.0004795647962332463,0.6233847118881812,0.12027008725900487,0.3959934923308691,0.43455387654490013,0.7970261365189595,0.00013186275198739028
3.75,45.0,14.675,True,True,1.473968515932671,94,4.9899656986521945,4.032294508046609,0.6026557272445995,2.2914573421238966,2.5115848592030523,4.109833567033685,0.0014511787244767217,0.8080806064730554,0.12077352102988978,0.45921304483973235,0.5033270789579655,0.8236196028649584,0.00029081937875218055
3.75,45.0,14.9,True,True,2.1825598472512513,51,6.577590001433583,6.855974936040425,0.8972371794236259,3.5813735361166446,3.88204024261302,5.586567825662507,0.004524912609425849,1.0423232421823447,0.13640819498145573,0.544481114714673,0.5901918851383152,0.8493335438123867,0.0006879286499218781
3.75,45.0,15.125,True,True,3.178594298603109,51,8.399598773863561,11.479878717201963,1.268461376351752,5.421625141024572,5.786541211787245,7.2894354972234,0.013517520623246198,1.3667175095223705,0.15101451991953876,0.645462394929465,0.6889068594315263,0.8678313921261838,0.0016093055141285693
3.75,45.0,15.35,True,True,4.593990559782161,93,10.451449158119171,19.713435954107727,1.624703172188783,7.818777217314666,8.225594071577378,9.129853805064537,0.03940826540186732,1.8861916329367028,0.1554524303384893,0.7481046024359862,0.7870290470855282,0.873549080796326,0.0037706029858312184
3.75,45.0,15.575,True,True,6.6365636110410104,52,12.734013348991272,35.25463740373036,1.9270009763665121,10.664745086453722,11.079637497572108,10.995082622882823,0.1139939415079051,2.768540949151986,0.15132707368483794,0.8375006994396258,0.8700821330966945,0.8634420525209988,0.008951925711381098
3.75,45.0,15.8,True,True,9.638103723631414,53,15.214499420217773,67.00560333050058,2.1694805347110346,13.748442742319954,14.131267468034126,12.891004670249638,0.32663482686535805,4.404062301350529,0.14259296180511352,0.903640820679933,0.9288026557913437,0.8472841803207432,0.021468654199119405
4.0,45.0,14.0,True,False,0.2961740854228198,62,2.123461511749517,0.762897632543143,0.36478464986116893,0.6560366438541777,0.7074964713842323,1.6178039107693198,0.00010194597089358211,0.35927076065277624,0.17178773801302544,0.3089468022962517,0.3331807369568601,0.7618710778687077,4.800933302981742e-05
4.0,45.0,14.225,True,True,0.47133332150836726,49,3.2192160320380467,1.4965048696777377,0.4520343883830382,1.062859311925924,1.1641433622842214,2.5069847065863953,0.0002758396507293816,0.46486624531697507,0.1404175376502647,0.33016091537449277,0.3616232494801588,0.7787562815407743,8.568534947148324e-05
4.0,45.0,14.45,True,True,0.7369955208427839,128,4.685416520375256,2.887712566276674,0.5625612144488092,1.706302556022461,1.8887965249563687,3.7476851742929598,0.0007604908011078603,0.6163192863898035,0.120066425685406,0.364173078018217,0.40312243676579146,0.7998616895628325,0.00016231018049318538
4.0,45.0,14.675,True,True,1.1291978418574509,50,6.5130562253494615,5.422959189454433,0.7601887110924456,2.714446109867442,3.0047338221841353,5.370262093723004,0.0022839007839976387,0.8326289535698674,0.1167176644558534,0.41676994884560464,0.46134007111583236,0.8245379600472986,0.00035066498813697783
4.0,45.0,14.9,True,True,1.694486130994652,49,8.646105780777086,10.047008275622709,1.0898482165874872,4.25488664570717,4.656820863646699,7.359393519464841,0.007097054744687151,1.1620269899959186,0.12605076137404542,0.49211595990036033,0.5386032720071762,0.8511801389045001,0.0008208382969898489
4.0,45.0,15.125,True,True,2.4989227456330863,51,11.021531940832004,19.478264250701482,1.4814874859696332,6.478146844348044,6.980553591778414,9.654432953605271,0.021324025561608933,1.7672919114392267,0.13441756499213098,0.587771906766258,0.6333560188595216,0.875961073781225,0.0019347605828377433
4.0,45.0,15.35,True,True,3.6554055199400484,52,13.575188815786843,43.543681281035894,1.8302987805966853,9.421671037289354,10.006065911522489,12.138663810343578,0.06253642222331773,3.2075930487536297,0.1348267641381309,0.6940360951983751,0.7370848425980083,0.8941801086572952,0.00460667052752835
4.0,45.0,15.575,True,True,5.349159052373295,415,16.266590761703473,127.95756466555838,2.107344140523417,12.950010762407057,13.573385162371945,14.630647078063289,0.18115318788981047,7.866280435775738,0.1295504492241084,0.7961109338839053,0.834433309426327,0.8994292222872112,0.011136518434846253
4.0,45.0,15.8,True,True,7.874550598734633,56,19.05506390683457,643.5982619483232,2.3233093415230344,16.73622525169633,17.333766655123014,16.99478864599973,0.5152125747067584,33.77570734451753,0.12192608499674053,0.8783085343362962,0.9096672013210007,0.891877808916932,0.027038092195637544
4.25,45.0,14.0,True,True,0.21444140679261492,62,2.502613764880336,0.8765340175987167,0.42572020093478075,0.7429740362052899,0.8030885001729643,1.9199178710542042,0.00016150431885113005,0.3502474212758231,0.17011022911685167,0.29687922548480655,0.320899897316502,0.7671650727718291,6.453425659106948e-05
4.25,45.0,14.225,True,True,0.34533897084386256,86,3.8549728908481034,1.7442422433915916,0.5346278878695061,1.203048279545442,1.3239391723402396,3.0139292865711864,0.00044160158761822097,0.4524655017762924,0.1386852522721338,0.3120769752756338,0.3434367010682064,0.7818289186225936,0.0001145537465818774
4.25,45.0,14.45,True,True,0.5485773763922488,50,5.7197849470309245,3.439275774903625,0.6691032801682159,1.9336127863297294,2.154740565100749,4.57692566162226,0.0012208965696316816,0.6012945952957399,0.11698049600895219,0.3380569032291058,0.37671705930469473,0.8001919135085822,0.0002134514812948405
4.25,45.0,14.675,True,True,0.856124917958779,48,8.107481771643489,6.716460761226699,0.8946119578686544,3.0861545346708614,3.4429704557245144,6.666715861308601,0.00365038659313392,0.8284274883870862,0.11034399867510344,0.3806551308527036,0.42466582752816734,0.8222918100939712,0.0004502491274049378
4.25,45.0,14.9,True,True,1.3098403908099914,52,10.92324381875195,13.321310943458071,1.2532518095494143,4.863005717877543,5.366075373219584,9.263014630915228,0.011347184379310926,1.219538002126196,0.11473256757282621,0.44519794655953887,0.49125291554946654,0.8480095093193284,0.0010388108667712056
4.25,45.0,15.125,True,True,1.968363671723554,52,14.001160003303136,29.262711414637856,1.6602628082669042,7.4568095021199765,8.104014525990488,12.258502191018657,0.03434146563423655,2.090020498853969,0.11858037533141662,0.5325851215442703,0.5788102217300994,0.8755347548436448,0.0024527586018683275
4.25,45.0,15.35,True,True,2.930059539775454,51,17.15809111096818,83.17219949800418,2.0008717152173583,10.947507225118718,11.728581599829354,15.46613367439106,0.10122583983837975,4.847404000835325,0.11661388800635965,0.6380375972080372,0.683559815831258,0.9013901123595532,0.005899597990458968
4.25,45.0,15.575,True,True,4.360494898731982,52,20.270091308356548,392.6889370190385,2.257176812440328,15.189173096847092,16.055367435187954,18.62204964822815,0.29270792246628935,19.372825264834823,0.1113550392103949,0.7493391552008059,0.7920717865029532,0.9186958936169677,0.014440384999431037
4.25,45.0,15.8,True,True,6.529652195722226,56,23.2683497328144,4875.401833307456,2.4550193116524768,19.718495077073854,20.57693822864217,21.461616453005888,0.819658274734827,209.5293344517629,0.10550895700997066,0.8474384863343217,0.8843316550130479,0.922352324055859,0.03522631747187883
4.5,45.0,14.0,True,True,0.15612048571808212,61,2.7979798792211534,0.9594349910035801,0.47002095107520947,0.8062870038159943,0.8729634078145783,2.1567181341015105,0.00026211227455074596,0.34290274856109715,0.16798582240199836,0.2881675489533658,0.31199774319234086,0.7708125959439905,9.367911345513593e-05
4.5,45.0,14.225,True,True,0.2545141524072912,47,4.375266832757631,1.9237749184293644,0.5957511581595857,1.3073884281527473,1.4432868218644235,3.4295366943678802,0.0007228876536472319,0.43969316431767275,0.13616338864162425,0.2988134159874154,0.3298740115822268,0.7838462945141843,0.00016522138678148055
4.5,45.0,14.45,True,True,0.410941283515593,48,6.61921658102194,3.8517920188058796,0.7494284727963046,2.1079998073216006,2.3597457205209094,5.2953120805415725,0.0020032105234270544,0.581910558698051,0.11322011655352128,0.31846666165380966,0.35649924604168015,0.7999907565683597,0.00030263559122245537
4.5,45.0,14.675,True,True,0.6541954388348052,49,9.587329904511444,7.734270388810013,0.9974648007526248,3.381078543147726,3.793028107716909,7.859024351545311,0.005972403355904027,0.8067178730514479,0.10403989543358205,0.35266112429871793,0.395629246671907,0.8197302512607961,0.0006229475167109493
4.5,45.0,14.9,True,True,1.0233578022492895,50,13.166138247282543,16.107616142523824,1.3795476686701769,5.361118384622499,5.9522583693616635,11.11219231603086,0.018591790966677738,1.2234123506828887,0.10477997745124026,0.4071898899989919,0.4520883996178754,0.8439978456343786,0.0014120914285944883
4.5,45.0,15.125,True,True,1.57345979628681,49,17.060017311280223,38.71035155127581,1.7996030180314366,8.280052480665544,9.059066013557278,14.885964219245999,0.0566076975440122,2.2690687145833204,0.10548658803772282,0.4853484219614892,0.5310115369910762,0.8725644263797597,0.0033181500646299305
4.5,45.0,15.35,True,True,2.3942970466979956,50,20.88806068188798,130.57742577369586,2.1357080766370133,12.257737747410745,13.224990501013128,18.863970759565955,0.16722380761688774,6.251294831162543,0.1022453979410776,0.5868298610430321,0.6331363501103052,0.9030982362054746,0.008005712457637936
4.5,45.0,15.575,True,True,3.6371671028996477,55,24.37261019868243,848.6084332296632,2.380471794898631,17.142791611814378,18.247566081647467,22.64290472474632,0.47984142057098816,34.81811863037708,0.09766995719758066,0.7033629747519249,0.7486914997161002,0.9290307661003162,0.019687732116477542
4.5,45.0,15.8,True,True,5.554054672557346,57,27.407110302230915,17854.291225772948,2.573809967042145,22.337242910629136,23.4601618162055,25.846915877708174,1.3072146313320143,651.4474174360375,0.09391030059935356,0.8150163466453048,0.8559881562667284,0.9430733701102468,0.04769618602314335
4.75,45.0,14.0,True,True,0.11769748871657282,94,3.004644502803402,1.0133888423149418,0.49935937447013545,0.8484316140622432,0.9195326731134852,2.3236309978215064,0.0004368134770842007,0.3372741239003239,0.16619582583038417,0.2823733767075064,0.30603709432365134,0.7733463961055977,0.00014537942065247445
4.75,45.0,14.225,True,True,0.19386663119214187,47,4.754799457308708,2.0418159223431416,0.6369521989508461,1.3782790702602967,1.5244835274386614,3.734293443820371,0.0012118169625942685,0.4294220903900839,0.13395984513537637,0.28987112550913446,0.32061994225547075,0.7853734899545145,0.00025486184506300427
4.75,45.0,14.45,True,True,0.31746362761210317,85,7.311227822253781,4.128192841515081,0.8046388299286921,2.2297388625774137,2.5031056094891344,5.8495839633816695,0.0033629538357631563,0.5646374236827586,0.11005522594707652,0.30497461121243896,0.3423646028195466,0.8000822988413537,0.00045997114541104284
4.75,45.0,14.675,True,True,0.514550863799748,48,10.797322278885124,8.436955600331784,1.0695948784896325,3.5934232194052727,4.045783448723273,8.834878946978257,0.010004792008779602,0.7813933290507413,0.09906112375484946,0.33280688735506664,0.37470248124713934,0.8182472208183917,0.0009265993688402386
4.75,45.0,14.9,True,True,0.8222439057413558,48,15.111907247464831,18.114865579729763,1.470066803781387,5.73046285785103,6.388880431813091,12.717744934882253,0.03116960843144376,1.1987147143699355,0.09727870742642396,0.3792018283339035,0.4227712840736822,0.8415711350409313,0.0020625860072475475
4.75,45.0,15.125,True,True,1.2940938498934227,49,19.83453024142207,45.93882238246829,1.902772269551945,8.904307782735703,9.787697254281813,17.27584298227858,0.09517858239863468,2.3161033724171847,0.09593230827207747,0.44892960278636246,0.49346756062018376,0.8709983433940889,0.00479863053171108
4.75,45.0,15.35,True,True,2.0158651403959156,51,24.327762447984203,170.22354345547245,2.241616220608263,13.261969383690431,14.38103708792233,22.018438414096156,0.28029347780034614,6.997090004451978,0.09214230965141651,0.5451372444155593,0.591136859325669,0.905074540298325,0.011521547795431193
4.75,45.0,15.575,True,True,3.1297239319498513,55,28.084659057053248,1279.0461216635445,2.488730425255286,18.637935141274962,19.94189445937859,26.32805846543469,0.7906372844059397,45.54251910501017,0.08861529777518379,0.6636340182521884,0.710063612268433,0.937453376661968,0.028151927456188122
4.75,45.0,15.8,True,True,4.871772000557465,57,30.96792992971411,31444.552953473583,2.6979250182022634,24.318074634154954,25.666012781428172,29.71857934309159,2.06407767338765,1015.3908583764312,0.08711996650488321,0.7852663929861667,0.828793298088721,0.9596566322173264,0.066652103581749
5.0,45.0,14.0,True,True,0.09381761007841356,91,3.1376535823584306,1.0462087763537355,0.5175837016537871,0.8746692036397931,0.9484750816534327,2.432308897282587,0.000744404659766347,0.3334366745379674,0.16495884203530942,0.2787653833290112,0.30228801770414293,0.7751999490824387,0.0002372488358663266
5.0,45.0,14.225,True,True,0.15573101930665337,47,5.0063775735099085,2.1134972027592274,0.662967477663438,1.423026691212786,1.575577216757335,3.938926838137376,0.0020727045607688895,0.4221609680305197,0.13242458602630722,0.2842427823946806,0.3147140209907735,0.7867818158541015,0.0004140128326988614
5.0,45.0,14.45,True,True,0.25775369932122594,88,7.788631889894485,4.296108327949712,0.8402252647964567,2.308017992633543,2.5949370251317916,6.237461536094858,0.005755703313135337,0.5515870294915058,0.10787841519209858,0.29633163118520556,0.3331698123387554,0.8008417427183555,0.0007389877188320055
5.0,45.0,14.675,True,True,0.4236874421502614,48,11.673131595736725,8.863747920277726,1.1172419613656117,3.7327180757913947,4.211122349112022,9.553564389246072,0.017087577347404116,0.7593290495855417,0.09571055994722548,0.31977006728465757,0.36075343746231847,0.8184234291280701,0.0014638383202708741
5.0,45.0,14.9,True,True,0.6889846473822411,48,16.59083098544085,19.319693482014475,1.5320521825373719,5.976600076751741,6.679810122033436,13.967560744664498,0.05318255805722096,1.1644801576827777,0.09234330600328651,0.3602351251722387,0.4026205877146991,0.8418843370125112,0.0032055391380872295
5.0,45.0,15.125,True,True,1.1063698771702493,50,22.025295860820464,50.07276278899003,1.9789149426343942,9.322778470162424,10.27752170817224,19.22795151450532,0.16207887954748595,2.2734206661923486,0.08984737163756208,0.42327597000620454,0.4666235483562486,0.8729940172430928,0.007358760607424974
5.0,45.0,15.35,True,True,1.759558469518503,53,27.080075619242276,189.90927967598108,2.33146711168264,13.928329045369225,15.153141521720775,24.661388778733837,0.47191988964895387,7.012878484764546,0.08609529546608691,0.5143386318859531,0.5595679175634729,0.9106838963629114,0.017426830570355645
5.0,45.0,15.575,True,True,2.783715940646134,55,30.992166302534955,1412.5871289734857,2.6011908152979464,19.604055546838133,21.048325636036616,29.386421036877493,1.2914080445309704,45.5788445113611,0.08393059039197225,0.6325487336209424,0.6791498674397278,0.948188672905833,0.04166885373305904
5.0,45.0,15.8,True,True,4.397025428288855,93,33.623519556622426,29905.42453882192,2.856337448029854,25.561408553422716,27.070657959308324,32.804630752368624,3.1817282299105814,889.4198148549206,0.08495057881194579,0.760224060136744,0.805110777107108,0.9756453573257022,0.0946280541676344
5.25,45.0,14.0,True,True,0.07955658227245824,61,3.2177863834273603,1.0649200645591301,0.5284195786942331,0.8901545682465749,0.9653923804540663,2.4995755226432825,0.0012890995575697533,0.3309480300009387,0.16421835253445183,0.27663569366542123,0.3000175479100008,0.7767997078727489,0.00040061688501419253
5.25,45.0,14.225,True,True,0.13276204266823016,47,5.160281112560883,2.1531474357349993,0.6787691555183046,1.4495225886841316,1.6053728256536106,4.068572424753594,0.003596885211821671,0.41725390318250727,0.1315372439431799,0.28089992716787865,0.31110181609019266,0.7884400744854947,0.0006970328037103102
5.25,45.0,14.45,True,True,0.2213478443920355,47,8.087540676685173,4.3850574111518075,0.8624838740697776,2.3545005894616255,2.648466545480671,6.491058187588843,0.009987938299791676,0.5421991166972534,0.10664352842838282,0.29112689303055983,0.3274748964312095,0.8025997577114287,0.0012349784315255422
5.25,45.0,14.675,True,True,0.36739744804546803,48,12.237479362404098,9.073093947128955,1.1481684850290914,3.815023757991807,4.307199280236196,10.04294727839564,0.02957384967027762,0.741418528966288,0.09382393637013901,0.31174914743572907,0.3519678483355604,0.8206712331012803,0.0024166618626654604
5.25,45.0,14.9,True,True,0.6048772586482706,48,17.571345419162554,19.81292284117594,1.5750942998363247,6.118821652756464,6.846310032917415,14.8596731913117,0.0916696043831423,1.1275700504737,0.08963993719676096,0.3482272704105822,0.38962924406751026,0.8456764599884525,0.005216994043220582
5.25,45.0,15.125,True,True,0.9853971755554098,51,23.50829704780689,51.00545254488845,2.0406970871884993,9.554215051009765,10.548128268342634,20.683608215249834,0.2768415837586828,2.169678749641578,0.08680752514903574,0.4064188499736983,0.44869810207399424,0.8798428985811809,0.011776335103971709
5.25,45.0,15.35,True,True,1.590094111174404,53,28.951192929648087,185.91058053620577,2.4237160680644334,14.272817212405744,15.555913253062943,26.682056535109755,0.7874511888587499,6.421517102523954,0.08371731258031773,0.49299582394027575,0.5373151044540406,0.9216220070774848,0.02719926570114987
5.25,45.0,15.575,True,True,2.545543107261693,56,32.937340784495426,1202.0162768038924,2.7458086733521436,20.066270263114582,21.588652927177506,31.70735937875832,2.0576642990361056,36.49402921348516,0.08336461317012807,0.6092255714996994,0.6554461414608164,0.9626569305098214,0.06247208335667185
5.25,45.0,15.8,True,True,4.0480670151531575,93,35.36228343087474,17465.630548131132,3.089487626082353,26.13927142775684,27.74312502719632,35.05958051306069,4.729709764262675,493.9056207236302,0.08736674576237709,0.739185055140831,0.784539976934121,0.9914399499001311,0.13375012316464766
5.5,45.0,14.0,True,True,0.07126111429793193,64,3.2627677329879106,1.0744077936930183,0.5346464702020419,0.8987454601167917,0.9744494568823625,2.540392358286967,0.0022553346543530877,0.3292933734848233,0.16386286550420012,0.2754549308031059,0.2986573169246102,0.7786004295073062,0.0006912335902892308
5.5,45.0,14.225,True,True,0.11932642104844875,47,5.246223873229432,2.1706515006333964,0.6882744051133081,1.4639452457602253,1.620689173282165,4.148927412931416,0.006299336340066229,0.4137550270604831,0.13119424975846963,0.27904742175233566,0.3089248976873175,0.7908407100395907,0.001200737233538707
5.5,45.0,14.45,True,True,0.19985277244436356,48,8.254460445077491,4.415479467176678,0.8767296802147363,2.3789568073187337,2.674643119510352,6.65238665191369,0.0174779315320949,0.5349204223045043,0.1062128392337951,0.2882025812768191,0.3240239791936204,0.8059141716380517,0.002117392366028937
5.5,45.0,14.675,True,True,0.3336683249327694,50,12.552548833241556,9.106880351833688,1.169503934564064,3.8551238706509308,4.350657875481383,10.364797790053723,0.05152577401389116,0.7255004917978828,0.0931686424885274,0.3071188108379888,0.34659557459438095,0.8257126044876043,0.004104805701089251
5.5,45.0,14.9,True,True,0.5532879085369535,53,18.115445171047153,19.676808478792232,1.6090931180559558,6.177718325772493,6.911450431085499,15.469832485870585,0.1582022781298714,1.0861896184721154,0.08882437626361368,0.34101940457118746,0.3815225276457276,0.8539581743536232,0.008733005269046148
5.5,45.0,15.125,True,True,0.9082433671492329,52,24.325068305966838,48.97144991174682,2.103297699761189,9.626044437889417,10.629833728297216,21.715229395539414,0.46832185611802585,2.013209142756418,0.0864662607851859,0.3957252788280224,0.4369909097311666,0.8927099041367443,0.019252643002985872
5.5,45.0,15.35,True,True,1.4748066774268125,53,29.983649694163862,162.25976489198968,2.542717160237884,14.338768452535785,15.636026102739345,28.139620167114014,1.2809714206784033,5.411608211377035,0.08480345742342396,0.4782195829658035,0.5214850847788154,0.9384988303338944,0.04272233146212807
5.5,45.0,15.575,True,True,2.3678516081242145,55,34.03853508628852,826.283175895806,2.959447612257243,20.112764206782263,21.65660414947916,33.36183064334423,3.148343653540725,24.27493350701368,0.0869440357745999,0.5908821914866758,0.6362378432144374,0.980119460451843,0.0924935120021939
5.5,45.0,15.8,True,True,3.76113108300638,92,36.410155884086365,7196.424744931355,3.4481472157321975,26.218333245896446,27.856877880319892,36.609434353440676,6.717141706948602,197.64883094270593,0.09470289626634817,0.7200829716127523,0.7650853780742857,1.0054731561707322,0.18448538721814248
5.75,45.0,14.0,True,True,0.06652532105010152,70,3.2845477170245134,1.0774346527322143,0.5380740044557865,0.9028818196095917,0.9781910924074316,2.565769757421539,0.0039686514593497615,0.3280313594312057,0.16381981655094666,0.2748877158732577,0.2978160698769142,0.7811637943704106,0.0012082794348760384
5.75,45.0,14.225,True,True,0.11162374912288224,46,5.2853366130645405,2.1709937838283198,0.6942118125643887,1.4702293763602994,1.6256324423888548,4.200377167387022,0.011085189392930572,0.4107579029993958,0.13134675487809114,0.2781713794209659,0.307574060348501,0.7947227347836909,0.0020973478520799767
5.75,45.0,14.45,True,True,0.18739723535182043,47,8.325964887552436,4.3960599823054025,0.8870241081677219,2.387673275813289,2.680023966492923,6.75867417241977,0.030685824779333782,0.5279940573467518,0.10653709451667868,0.2867743628588839,0.32188749324413296,0.8117586686588347,0.0036855577934528645
5.75,45.0,14.675,True,True,0.31365856720470114,48,12.67742993164223,8.979275319105875,1.187387350167273,3.8626702513695252,4.351598317499119,10.58357039489039,0.08970547578429604,0.7082883019289308,0.09366151945384557,0.304688747813821,0.34325556054841583,0.8348356450761624,0.00707599854765481
5.75,45.0,14.9,True,True,0.5211644420435256,50,18.310469453841428,18.948351369342824,1.644055754352789,6.167763431792056,6.890531787855551,15.897981536200701,0.2702029224671981,1.0348370049773667,0.08978774457406802,0.33684354447275494,0.37631650052587584,0.8682454361029722,0.014756744667216118
5.75,45.0,15.125,True,True,0.8558781849050693,52,24.601715727367196,44.43341229412275,2.1844271683888974,9.563345366460597,10.549216786600612,22.453733981043243,0.77199715909871,1.8061103049286347,0.0887916595979084,0.3887267649313676,0.4288000440093516,0.9126897583027302,0.031379809752046385
5.75,45.0,15.35,True,True,1.3867358985163558,91,30.365987239928526,128.08554685845797,2.718031151142663,14.18045134026633,15.450901963324558,29.179064840337436,1.9963911230660447,4.218059694434603,0.08950906583958179,0.4669846966681301,0.5088226455884174,0.9609127676234286,0.06574431805203985
5.75,45.0,15.575,True,True,2.216020518698035,56,34.55188387165091,485.8729970861673,3.2857116990817916,19.856617891029604,21.37039007450958,34.50644912739349,4.568427244143941,14.062127520775093,0.09509500874936803,0.5746898769627302,0.6185014442018177,0.9986850284509465,0.13221933892560456
5.75,45.0,15.8,True,True,3.49953585771617,54,37.03977831687953,2446.705637407227,3.992409321309754,25.97479807652198,27.59120708129438,37.64323183925625,9.054488569651527,66.05616309242949,0.10778707386297609,0.701267644052959,0.7449074572004308,1.0162920392561239,0.24445309829312004
6.0,45.0,14.0,True,True,0.06386887888527176,127,3.2896056922245958,1.0749987105210514,0.5397775962365418,0.9038415877754863,0.9777751540285486,2.583292390888311,0.006999452487997038,0.3267864939138294,0.1640858044209904,0.27475681657282863,0.29723171878612853,0.7852893728249114,0.0021277481688887945
6.0,45.0,14.225,True,True,0.10726549519369824,85,5.288990960448403,2.154775532386928,0.698446832513541,1.4703150464015877,1.6217705080301987,4.237717978892548,0.0195218563128164,0.407407679177475,0.1320567264600366,0.2779953789667536,0.3066313631764469,0.8012337344840674,0.003691036051829691
6.0,45.0,14.45,True,True,0.18015313839697816,48,8.322642397414807,4.324637753940044,0.8966411212490099,2.383506315879597,2.6666350450438627,6.838619447237491,0.05373940005827344,0.5196231614232723,0.10773514929916081,0.28638816881282386,0.3204072598231755,0.821688487944852,0.006457011786901485
6.0,45.0,14.675,True,True,0.3012601005341219,49,12.650558431554375,8.681365008113572,1.2076574871938566,3.8418037885398095,4.3127858510368435,10.752379276334292,0.15451636707372438,0.6862436196065135,0.09546278085096925,0.30368649805665276,0.34091663813665585,0.8499529356359921,0.012214193382033882
6.0,45.0,14.9,True,True,0.49887091811544054,53,18.231787598577807,17.654200819317875,1.6907936750922357,6.096874698307946,6.789871220297403,16.231669668407903,0.4497078835134431,0.9683197944174718,0.09273877648860544,0.33440904603252075,0.37241939023176507,0.8902950180087703,0.02466614318984953
6.0,45.0,15.125,True,True,0.8139857462704151,52,24.48072712057579,38.18291974161431,2.3035622094176738,9.388584921046059,10.327420448985325,23.018676789815224,1.2177821966998201,1.5597134657622966,0.09409696852842064,0.3835092346237973,0.42185922003539017,0.9402774956985764,0.04974452722346989
6.0,45.0,15.35,True,True,1.3075536326151038,91,30.315485048337973,93.44718110970219,2.9809292860558516,13.856607075886533,15.059300470392314,29.935937247120574,2.9382689707059235,3.082490052878945,0.0983302520577443,0.4570801705396501,0.4967527468678233,0.9874800683343113,0.09692304002462307
6.0,45.0,15.575,True,True,2.071833620029214,54,34.71717912420092,262.49427225198866,3.771347767757408,19.40833275436367,20.839456629273236,35.29275424233924,6.24067946396767,7.5609332000423715,0.10863059335164843,0.5590411791502484,0.600263533932868,1.0165789713524593,0.17975767678709154
6.0,45.0,15.8,True,True,3.2512538480279742,52,37.44659480477131,805.540788663762,4.793008570776529,25.55067982353397,27.082277583870916,38.339720938128124,11.542409865194351,21.511723372003985,0.1279958457041285,0.6823231847045914,0.7232240401314192,1.0238506635386515,0.3082365679809065
6.5,45.0,14.0,True,True,0.061597226276639744,89,3.2541314856172616,1.0505239143853806,0.5400305013165294,0.8970282019638176,0.9635432726498523,2.6153368518029145,0.021580142338314054,0.3228277403751285,0.16595226827907153,0.275658253493609,0.29609844497942345,0.8036973500801314,0.006631613514602841
6.5,45.0,14.225,True,True,0.10315158138104248,47,5.196056274884998,2.05758093395736,0.7073137278669644,1.4520417549160036,1.5835163052304655,4.311694633272474,0.05922992939435235,0.3959889626104751,0.13612510920748624,0.27945073688566646,0.3047534940844175,0.8298013734210188,0.011399016150121134
6.5,45.0,14.45,True,True,0.1719440521051198,49,8.109207412160337,3.983842464728183,0.9266998643458534,2.335433973350691,2.574156940637306,6.999806578567188,0.15721334279187132,0.4912739633165784,0.11427748943209919,0.2879978097302753,0.31743631773151754,0.8631924456723695,0.019387017103067145
6.5,45.0,14.675,True,True,0.2833715621300644,51,12.213443545007495,7.530460682453067,1.281293198884675,3.716251338357163,4.104658744344906,11.078379811098829,0.41792003247077736,0.616571457075372,0.10490843095667568,0.30427547518948983,0.3360771046444778,0.9070643975447328,0.034218034490494785
6.5,45.0,14.9,True,True,0.45907890140538243,52,17.48342255960475,13.797055512361151,1.8643126476783927,5.800377254268646,6.361814623527387,16.81131180323052,1.0744961276633143,0.789150720651178,0.10663316300470056,0.33176440336518276,0.36387695840666157,0.9615572549320444,0.061457996796687016
6.5,45.0,15.125,True,True,0.7306530725832511,53,23.52530751817339,24.80033090459761,2.7208770387595362,8.812119076536607,9.55423476928835,23.859061311462664,2.512675423374658,1.054197947696933,0.11565744833123429,0.374580398990713,0.4061258184152393,1.014187010861875,0.10680733594804688
6.5,45.0,15.35,True,True,1.1489360774724378,51,29.548309283629667,44.62149024570919,3.8663448313300735,12.955346366469337,13.882460502536182,30.894388547825233,5.225285482342822,1.5101199130344272,0.13084825917508935,0.43844628273357245,0.46982249878599086,1.0455552042343526,0.17683872983005938
6.5,45.0,15.575,True,True,1.7966768357193337,50,34.5537033216286,78.76707388555077,5.390532053254268,18.295155600250457,19.37730497561535,36.216961240731116,9.67935037115358,2.279555194196715,0.15600446652790786,0.5294701823986188,0.5607880809547348,1.0481354459642365,0.2801248329609542
6.5,45.0,15.8,True,True,2.810884635072502,51,37.92849329381177,127.93747809844984,7.472630733008186,24.542398455391336,25.68719317524355,39.208678771980345,15.962907781153573,3.3731231321894746,0.19701891860353402,0.6470702188266348,0.6772531926395966,1.0337526056796316,0.42086849212536487
7.0,45.0,14.0,True,True,0.06035001449291524,60,3.1371665913008986,0.9845861444433895,0.5370256943135525,0.873690554300038,0.921861995448294,2.6698888670477534,0.062269687707240805,0.31384566799020647,0.17118175866167898,0.278496703593207,0.29385178268968576,0.8510510326264256,0.019849021687247805
7.0,45.0,14.225,True,True,0.0993948882415681,50,4.940929215970158,1.8390575189638931,0.7247873013432736,1.4007831362278,1.4871371735141068,4.432089154424765,0.16059981557097172,0.37220883736193977,0.14669048465632809,0.2835060117234961,0.3009832985883214,0.8970153104196046,0.03250397011393691
7.0,45.0,14.45,True,True,0.16196567562790734,51,7.614398980830251,3.3490837290445565,0.9920858300448305,2.226300149913805,2.372668901534975,7.229072739103182,0.38787727527209837,0.43983559798693167,0.13029075998545278,0.2923802857610511,0.31160291278514884,0.949395054987642,0.050939972576772616
7.0,45.0,14.675,True,True,0.25991324428053514,51,11.373578762604543,5.845211824946623,1.4351105326825924,3.494546084451418,3.7222742606209627,11.44083354250866,0.8977736136546282,0.5139289881356633,0.12617932865608897,0.3072512317707086,0.3272737929120002,1.0059132469478511,0.07893501530111517
7.0,45.0,14.9,True,True,0.41033713065010946,52,16.28329119951623,9.651369719780693,2.185608091303951,5.390218107779092,5.706835365122274,17.26917618758607,1.9641494257574756,0.5927161531120583,0.1342239762541914,0.3310275571279615,0.3504718607066255,1.0605458058810082,0.12062361359820363
7.0,45.0,15.125,True,True,0.6409518534190648,50,22.166462624823055,15.070709097500725,3.3965876705275337,8.15222955394462,8.550325346282392,24.316173666396043,3.954743327786426,0.6798878717176926,0.15323092944581396,0.367773139626499,0.3857325136175464,1.0969803381783452,0.17841111568959664
7.0,45.0,15.35,True,True,1.0001924235706157,49,28.451669448608737,22.559024405826918,5.230806573592181,12.057899831909426,12.52515286111843,31.30907574142784,7.259454214697943,0.7928893046706627,0.18384884525108117,0.42380289331313903,0.4402255861907218,1.1004301803091145,0.2551503780054258
7.0,45.0,15.575,True,True,1.5715455030202394,48,34.108524095736605,32.404842361067466,7.896210362675003,17.303685219160595,17.8214266921194,36.662685452482584,12.190844462662223,0.9500511446966393,0.23150255169387376,0.5073126345365224,0.5224918745266667,1.0748833737155234,0.3574134262873608
7.0,45.0,15.8,True,True,2.4977686960759056,48,38.127460688428336,43.61093101928717,11.649747884169152,23.73455086769568,24.267691576216503,39.71783915289764,18.751399405773544,1.1438194475018648,0.305547436777106,0.6225054183820614,0.636488534458885,1.041712152756923,0.4918082418078418
7.5,45.0,14.0,True,True,0.0572114753920994,56,2.9141699233099607,0.865168052313318,0.5299229816984624,0.8255133780180428,0.8433990850150045,2.7619522855026766,0.1491647030949936,0.2968831863210798,0.18184354229302024,0.2832756495820297,0.2894131458391618,0.9477663822587281,0.051186000480565645
7.5,45.0,14.225,True,True,0.09153046312145546,49,4.5284247205106025,1.516634750575347,0.7521853597690146,1.3109389621092007,1.3320569751944835,4.596417348617161,0.3417053968404617,0.33491442260396875,0.166103094606418,0.28949116812554315,0.29415460284924144,1.0150146314232849,0.07545789494805441
7.5,45.0,14.45,True,True,0.14549363000412355,51,6.927653800340148,2.58596852672057,1.0910686981600923,2.0674946008171657,2.092301810496573,7.462765624645318,0.7266424459111532,0.3732820087795956,0.1574946915081872,0.2984408084473926,0.3020217047211338,1.0772428645725478,0.10489012107901163
7.5,45.0,14.675,True,True,0.22934257015202586,49,10.360582567949121,4.225334132436155,1.6533019442016874,3.2309728441754513,3.258413496378403,11.679410283137768,1.4585303957356037,0.40782785183406534,0.15957615639454903,0.3118524294348655,0.31450099210235877,1.12729281452459,0.14077687100797073
7.5,45.0,14.9,True,True,0.358918520451703,48,14.997325199680462,6.553377702976381,2.602657505732397,4.985153507705524,5.009152775943963,17.418828279051738,2.7755449260589176,0.4369697673233097,0.17354144629656026,0.3324028412621032,0.33400307783221833,1.1614623305909821,0.18506932997079067
7.5,45.0,15.125,True,True,0.5622719724429605,48,20.83439448277663,9.670522802266664,4.1861657725455705,7.592928230591883,7.606244838075358,24.356110389952338,4.996331805037225,0.46416145236479456,0.20092572289567562,0.3644419921523902,0.3650811567556372,1.1690337537808952,0.23981171179069258
7.5,45.0,15.35,True,True,0.8897636747000897,47,27.435070813465426,13.817337979624707,6.721025620093867,11.395187937088629,11.391637369177813,31.357398201993814,8.473433068628692,0.5036377734750738,0.2449793428925693,0.4153511399538925,0.4152217228317368,1.1429676422268706,0.30885406224174355
7.5,45.0,15.575,True,True,1.4292354593315042,49,33.67582661676182,19.410599679218798,10.521768207213096,16.67980324228007,16.65484499053064,36.837790019205706,13.504498737846449,0.5763956413042393,0.3124427598156117,0.49530493882451154,0.49456380625979507,1.0938941585139903,0.40101461774140135
7.5,45.0,15.8,True,False,2.3282369603095368,46,38.1876721553865,26.46534466200545,15.789438009539971,23.331289363495667,23.2846044432437,39.977063202733966,20.098639857839892,0.6930337244521574,0.41346950778493097,0.6109639065864011,0.6097413937277486,1.04685781945719,0.5263122553283183
3.5,48.0,14.0,True,True,0.5094487440692317,226,1.2582247424253246,0.4835858502607843,0.1963818584394829,0.42791601455156125,0.45859158474854517,0.9764208773810757,4.5989026248954504e-05,0.384339803498567,0.15607852223676813,0.3400950562510163,0.36447509676576123,0.7760305805932172,3.655072476186339e-05
3.5,48.0,14.225,True,True,0.7999878574727881,47,1.874539253666243,0.9487928137888437,0.21719757280952912,0.7053304694965818,0.7630505861984934,1.4898559962623064,0.00012204769466707982,0.5061472102721696,0.11586717769965707,0.37626871142713564,0.40706034013750914,0.7947851683278602,6.510810292629386e-05
3.5,48.0,14.45,True,True,1.2294642114958676,48,2.6767499567405175,1.776217953583528,0.24592843445412005,1.1472568027075012,1.2490367668457139,2.189444082676973,0.0003345028007098763,0.6635726094290971,0.09187575919627079,0.42860066171609,0.4666243717312572,0.8179486758423498,0.00012496602451324997
3.5,48.0,14.675,True,True,1.8464320117916866,296,3.669439941549002,3.124781092701869,0.34292788348041414,1.8401119053367527,2.0011299290037914,3.0889224899927226,0.0010145236532650016,0.8515689430749442,0.09345510185285986,0.5014694162183169,0.5453502335179364,0.8417967153561798,0.0002764791547008492
3.5,48.0,14.9,True,True,2.7125730754981037,258,4.86738559136277,5.205836983407864,0.5595263890702075,2.8929531602985876,3.114360056161837,4.182330792336725,0.003155792051469953,1.069534534647446,0.11495419431390298,0.5943546296048879,0.6398424775896744,0.8592561065550913,0.0006483546438297268
3.5,48.0,15.125,True,True,3.911058921299228,50,6.313089011144897,8.47086017767072,0.8588839349228626,4.399628941756816,4.665573271044752,5.4321053170955995,0.009320056059580792,1.341793243009337,0.13604812690057438,0.6969058940860602,0.7390317581152933,0.8604512477973871,0.0014763067720299056
3.5,48.0,15.35,True,True,5.577041698967157,305,8.042455953656328,13.874152829434626,1.1665603720292725,6.371688936488323,6.661949533468245,6.767900492764337,0.02682955106574942,1.7251139340249722,0.1450502655844725,0.7922566157905501,0.8283476554745114,0.8415216112793826,0.0033359898046506488
3.5,48.0,15.575,True,True,7.9135009734953226,53,10.092477407693677,22.916505689639354,1.4442980499945293,8.7626027174201,9.053566520785166,8.16315592435626,0.07686737956082859,2.270652166352108,0.14310639416378726,0.8682310956416123,0.8970608657378286,0.8088356896527051,0.007616304347853304
3.5,48.0,15.8,True,True,11.253312631895902,415,12.448924473255163,38.054373816206656,1.6771682114219322,11.46670624511973,11.734091586914726,9.735281403856746,0.21935224438973494,3.056840283508937,0.1347239446287189,0.9211001536521812,0.9425787434186657,0.7820178702804155,0.017620176334187238
3.75,48.0,14.0,True,True,0.391782552245822,99,1.6836650873201502,0.636738490088308,0.27196081175485654,0.5434749975875808,0.5855159105816978,1.3243255754434335,7.176754566816463e-05,0.3781859556770816,0.161529043871623,0.3227928176931061,0.34776269638853746,0.7865730455641455,4.262578478858603e-05
3.75,48.0,14.225,True,True,0.6176606935610064,50,2.5233819796325414,1.2548177385415415,0.3123929477240677,0.8846097392726159,0.9656362764155328,2.028991986560921,0.00019273843677350863,0.49727617485968967,0.12379930991246868,0.3505651329892726,0.3826754269506792,0.8040764350930277,7.638099912307985e-05
3.75,48.0,14.45,True,True,0.9554975989519457,50,3.622921095080176,2.3787557234375054,0.3618373191995465,1.4232010883829176,1.5660983322069553,2.9938491970826835,0.0005317647886995157,0.6565850210394557,0.09987446861343773,0.3928324826934774,0.4322750319717623,0.8263633456296483,0.0001467779106262174
3.75,48.0,14.675,True,True,1.4463147423991045,50,4.976525857415934,4.325703381224262,0.4863139599447638,2.265916037149708,2.489184801160164,4.237403827264933,0.001609494795638173,0.8692215222348684,0.09772157804024408,0.45532086079148537,0.5001852441800987,0.851478310104714,0.00032341734811640354
3.75,48.0,14.9,True,True,2.1434428237224368,169,6.567440159401018,7.565622359609709,0.7349088680673022,3.549171547179016,3.8513471189030883,5.752216102465975,0.005013074670251389,1.1519895386910888,0.11190187504263904,0.5404193203189716,0.5864304851548658,0.8758688260344354,0.0007633224739894099
3.75,48.0,15.125,True,True,3.1225464736727724,383,8.396297507772008,13.196137995051176,1.0526977544716456,5.387820600386576,5.7514103530401375,7.4991115514070525,0.014975366350242969,1.5716615547312622,0.12537642377455288,0.6416900539076129,0.6849936353156092,0.8931450492869651,0.001783567856710778
3.75,48.0,15.35,True,True,4.512176027406531,328,10.457769842636353,24.306411855527514,1.3525488557297844,7.790965926004612,8.194549046093003,9.389002656444891,0.04367836043778251,2.3242442912092227,0.12933434910906524,0.7449930571469286,0.7835847574961735,0.8978016152321411,0.004176641970040852
3.75,48.0,15.575,True,True,6.51410464969943,54,12.755246753736808,49.35760838568865,1.6049655760512878,10.65491849120049,11.066282076256027,11.310299831043404,0.12636565557707227,3.8695925950024233,0.12582787358316633,0.8353361324099041,0.8675866715799929,0.8867174465072509,0.009906954997954225
3.75,48.0,15.8,True,True,9.446645264432583,54,15.26513485098134,119.25978116402634,1.80955983241293,13.77547444609033,14.155905951092825,13.275930451933483,0.3618938840011881,7.812559949731433,0.11854201420936678,0.9024141994529943,0.9273357942319647,0.8696896936406704,0.023707218281004788
4.0,48.0,14.0,True,False,0.2888177090335743,86,2.10999399208936,0.7792342828148956,0.343600434059159,0.6489730920047528,0.7018221391797022,1.6772523565555315,0.00011193638786478882,0.3693063988505871,0.16284427128577686,0.30757106154701713,0.3326180746537308,0.794908593504895,5.305057184259899e-05
4.0,48.0,14.225,True,True,0.4595957730990458,49,3.203154267688424,1.5560867820583615,0.4048661220997649,1.0506454552583617,1.1549404799559504,2.5957966225128377,0.00030429147798007055,0.48579826384113595,0.12639607345291523,0.32800338898961817,0.3605634894348752,0.8103876384280768,9.499744706322383e-05
4.0,48.0,14.45,True,True,0.719152244865131,128,4.66994749664727,3.0586590308601322,0.4767895253089404,1.686256823597664,1.8734500920280444,3.874735260558414,0.0008411792038837126,0.6549664708342134,0.10209740594540849,0.36108689119273635,0.401171553507414,0.8297170928238984,0.00018012605162855185
4.0,48.0,14.675,True,True,1.1030919626090299,50,6.504620878565279,5.871651300527814,0.6280991352016478,2.685624571853803,2.9803294111740493,5.544522949936576,0.0025280112217310096,0.9026892435617125,0.09656198984193332,0.4128794932082452,0.4581864903141625,0.8523975575897866,0.0003886485114084945
4.0,48.0,14.9,True,True,1.6567455149651513,49,8.654162671985215,11.220513536164598,0.905254426193554,4.220287470778362,4.622824811498923,7.59056641161903,0.007851941094839145,1.2965452535907411,0.1046033522253972,0.4876598269223719,0.5341735517017354,0.8771000383654445,0.0009073022304349584
4.0,48.0,15.125,True,True,2.443313374851309,50,11.058213795619546,22.947317557512832,1.2376475333766517,6.445795292696851,6.943658276408619,9.953919302551634,0.023590853104617074,2.075137809923957,0.11192110735523281,0.5828966062539145,0.6279186136877899,0.9001380771363499,0.0021333330627015044
4.0,48.0,15.35,True,True,3.571249127465465,50,13.651946484179422,56.95294222158414,1.52855225393637,9.407439538992847,9.983781018874602,12.518902235407264,0.06918529089031905,4.171781825220611,0.11196588381794018,0.6890914456700128,0.7313082446114421,0.9170049303895831,0.00506779681347964
4.0,48.0,15.575,True,True,5.217849055580478,51,16.39708654543154,207.07564482187442,1.758968091262755,12.982422646939725,13.5975061473557,15.103238677990229,0.20029433129915025,12.62880721206955,0.10727320895630865,0.7917517914520498,0.8292635468917591,0.92109281951666,0.012215239014820902
4.0,48.0,15.8,True,True,7.662426860842367,55,19.260877237289044,1602.3951104416237,1.941879340700611,16.855644693960457,17.44813869236943,17.572011706206116,0.5685827843896384,83.19429539478026,0.10081988046427781,0.8751234165662996,0.9058849437340188,0.9123162714617543,0.029520087656696267
4.25,48.0,14.0,True,True,0.2079448362970366,105,2.4854875696871113,0.8961651399770962,0.4023997053057723,0.7344527775628354,0.7964711956376656,1.9913270149368683,0.00017709116351418842,0.3605590914662716,0.1618997053992223,0.2954964597369895,0.3204486738744505,0.801181643080013,7.125007007638416e-05
4.25,48.0,14.225,True,True,0.33484941093530907,48,3.834066309780118,1.8142256099188856,0.48275720229812363,1.1883725169578223,1.3131802197912303,3.123433362192913,0.00048645523101958015,0.473185767625112,0.12591258556657814,0.30995095570633857,0.34250326251309426,0.8146529323776981,0.00012687710428447915
4.25,48.0,14.45,True,True,0.5322446929655341,86,5.700937057916382,3.6475055301904966,0.5748491175059905,1.910185286317345,2.1371596952345135,4.738532839422988,0.001348763172026201,0.6398080689428998,0.10083414562659467,0.3350651422584716,0.37487866880881116,0.831184907197495,0.00023658622404071174
4.25,48.0,14.675,True,True,0.8314552554956581,48,8.104438989060698,7.296724397010298,0.7493488004599753,3.053727671371301,3.4154459472224064,6.895562730119138,0.004036084453831914,0.9003367669075372,0.09246152651299366,0.37679692271028215,0.42142904053353303,0.8508377618027242,0.0004980091107206539
4.25,48.0,14.9,True,True,1.2729335184515218,50,10.958346192317508,14.99566766277122,1.0499114055337087,4.826043390485921,5.328368855117463,9.575358907324407,0.012539607232886116,1.3684243406440406,0.09580929340138594,0.440398880067257,0.4862384124032316,0.8737959852041668,0.001144297416126274
4.25,48.0,15.125,True,True,1.9123687829152751,49,14.102185630492984,35.12740880630585,1.3928638052730082,7.42660685461372,8.06563617619141,12.672994287417295,0.03793638075894773,2.4909194735282933,0.09876935687623029,0.526628073775689,0.5719422781353255,0.8986546213102339,0.002690106466682608
4.25,48.0,15.35,True,True,2.8430520240362402,51,17.350470665905966,113.68711801792337,1.6747950949244312,10.94924336782172,11.716870234480787,16.004029130992123,0.11176091442052426,6.552393892191115,0.09652735808576296,0.6310631900803251,0.67530561332291,0.9223974057626212,0.0064413765235854245
4.25,48.0,15.575,True,True,4.221086674156501,52,20.5766626724563,697.9936341511334,1.8876753434225533,15.27206639648068,16.12498658300843,19.303556535888156,0.32264612862075503,33.92161524256604,0.09173865429350578,0.7422032736593239,0.7836541250488186,0.9381286384078059,0.015680197209659547
4.25,48.0,15.8,True,True,6.299726778677329,55,23.712401374077032,14167.182750302823,2.056516460842938,19.953133172817477,20.805145653467623,22.29982980923226,0.8999603658336259,597.4587949489894,0.08672746502558662,0.8414640448280671,0.8773951370531501,0.9404289956735875,0.037953151670985306
4.5,48.0,14.0,True,True,0.1502902301948812,129,2.7775438474350675,0.980842108865054,0.4451691997463565,0.7966053304773228,0.8655333478724054,2.2379918396242573,0.000287107738718749,0.3531328982513871,0.16027440940579554,0.28680207198635255,0.3116182481409556,0.8057449180112632,0.00010336749102408576
4.5,48.0,14.225,True,True,0.24497328013826136,47,4.349671266808758,2.0012859474877573,0.5405413657485812,1.2907699301552675,1.4312433292863898,3.5573926515642253,0.0007952975579700261,0.46010050524026136,0.12427177425414095,0.2967511453117863,0.3290463213180835,0.8178532200145306,0.0001828408422582968
4.5,48.0,14.45,True,True,0.3957460315952557,47,6.596647579092394,4.088285879247107,0.6490290073286292,2.081847634740791,2.3402521408986057,5.490199052612895,0.002210388359965129,0.6197520528767732,0.09838770368538112,0.3155917622974219,0.35476385737444405,0.8322710872131006,0.0003350775274051016
4.5,48.0,14.675,True,True,0.6305381193355848,86,9.58997192553636,8.420989284862745,0.8424109188912261,3.34567849350906,3.762776055669067,8.145063713593382,0.0065959932543409455,0.8781036430814958,0.08784289729233077,0.34887260562255906,0.39236570084730643,0.8493313407836525,0.000687801101562874
4.5,48.0,14.9,True,True,0.986830936974731,49,13.234058617625474,18.22696602432894,1.1619796940002276,5.322240689039284,5.911325449077781,11.516087577195664,0.020520459552649153,1.3772771113506919,0.08780221756405643,0.40216239347398547,0.4466751750067753,0.8701856255841447,0.0015505794666285863
4.5,48.0,15.125,True,True,1.51660679793688,87,17.24562393614731,47.03127133208617,1.5142219660383653,8.252274990594238,9.019737247621999,15.43691115362932,0.06243349919692076,2.7271423467322227,0.08780325789573282,0.47851414487226746,0.5230159999439844,0.8951204787246416,0.0036202516898248254
4.5,48.0,15.35,True,True,2.3042019662501656,51,21.238610258480644,183.14769142695008,1.7911739147866623,12.275428728790695,13.224235867511437,19.593115275352137,0.18419377966312156,8.623336894362879,0.08433574009728065,0.5779770229499398,0.6226507152100952,0.9225234154635209,0.008672590975653522
4.5,48.0,15.575,True,True,3.490510459298562,55,24.91785618542917,1575.774700536621,1.9949330911080942,17.27593961336856,18.363158542308394,23.577792197151876,0.5269030277695325,63.23877498972253,0.0800603822520912,0.6933156482165888,0.7369477697301398,0.9462207351103944,0.021145600321653732
4.5,48.0,15.8,True,True,5.309432934122489,55,28.157681524815022,54288.325737400104,2.1618822769750397,22.688961384327907,23.80572475676851,26.99854498453922,1.4258849684252621,1928.011213904684,0.07677770895554022,0.8057823000921579,0.8454433556892393,0.9588340915336275,0.05063928886221144
4.75,48.0,14.0,True,True,0.11232807669072274,101,2.9816281267217812,1.0359118764207285,0.473511791892959,0.8379367547180483,0.9115143138444315,2.412157185792693,0.0004780899127099487,0.3474316153435557,0.15880980852349696,0.28103328755465457,0.3057102613418852,0.8090067182337705,0.00016034525178550537
4.75,48.0,14.225,True,True,0.1849947368568557,88,4.725231523340146,2.124171949080429,0.5795631575141298,1.3602660999846572,1.5114669744376095,3.8765006059114837,0.0013318670242980523,0.449538173650993,0.12265285936813765,0.2878728996168043,0.31987151676521275,0.8203832101694106,0.00028186280772049646
4.75,48.0,14.45,True,True,0.303081468487833,48,7.284939604491004,4.383412343722338,0.7001655222479942,2.20155991624239,2.4820878587736948,6.072532000945455,0.0037070745940513804,0.6017088104642708,0.09611136951861038,0.3022070237734266,0.34071495352460335,0.8335734173007932,0.0005088682673176935
4.75,48.0,14.675,True,True,0.49160139921742296,48,10.80423886653288,9.196907398869406,0.9079052589769562,3.5556726139666512,4.013257313555408,9.17336564827262,0.011037943920832105,0.8512314020895696,0.08403232010995942,0.3290997781417692,0.37145210904090986,0.8490524655733002,0.0010216308670315637
4.75,48.0,14.9,True,True,0.7858689662485814,48,15.21149114413504,20.555174887336744,1.2426598341355768,5.689844498934658,6.345126071976636,13.212745700049592,0.03436006019550888,1.3512925651120022,0.08169217747036575,0.3740490951887015,0.41712715813683193,0.8686029249107451,0.0022588226144257253
4.75,48.0,15.125,True,True,1.2362360625465134,49,20.110342678138455,56.14213350115068,1.6048090719221029,8.878072918126225,9.747232480559445,17.97162506829116,0.1047832563955911,2.7917044676807845,0.07980018528807359,0.44146800779170203,0.4846875379779313,0.8936508619431806,0.005210416255586677
4.75,48.0,15.35,True,True,1.9227532693553493,52,24.855938548264458,241.12707267304637,1.8839581129985605,13.291946876687884,14.388639643531402,22.95745709976591,0.30783740644848573,9.700984422890876,0.07579509055111122,0.5347594037086152,0.5788813653361754,0.9236206090221805,0.012384863514638042
4.75,48.0,15.575,True,True,2.9767782850710613,54,28.89671409733795,2391.5412386555913,2.091181975805613,18.810539530281623,20.093762823230644,27.539752765161833,0.8639061377529268,82.76170192222331,0.07236746602958082,0.6509577340495786,0.6953649731781006,0.9530409814899639,0.029896345129168594
4.75,48.0,15.8,True,True,4.615668068615754,95,32.042245194949594,93540.41138498131,2.2745294974315473,24.76259395547896,26.105519453972146,31.200520005682595,2.233471150228457,2919.283927074027,0.07098533462911183,0.7728108253594529,0.8147219177414828,0.9737307674869279,0.06970395291090557
5.0,48.0,14.0,True,True,0.088746331536774,62,3.1127932435790053,1.0693512108382408,0.4911301676753739,0.8636393959246956,0.9400503141902347,2.5256981667988327,0.0008142837786607751,0.343534288068786,0.15777795993629365,0.2774483649712971,0.30199574486013414,0.8113928453194833,0.0002615926323858676
5.0,48.0,14.225,True,True,0.1473015112840875,47,4.973735984884634,2.1985765272072193,0.6042634046807994,1.4040686891769796,1.5618486984219675,4.09122107552511,0.0022763322944939395,0.4420372399919847,0.12149084843207965,0.28229658619677356,0.3140192207966975,0.8225649869551743,0.0004576705119475173
5.0,48.0,14.45,True,True,0.24392328680009548,48,7.758869986250696,4.561922781656632,0.7332729670773263,2.2783818045205146,2.5727169678919366,6.481367002656511,0.006339541267756133,0.5879622663790867,0.09450770129886715,0.29364866385929644,0.33158397710632936,0.8353493503747302,0.00081707017632597
5.0,48.0,14.675,True,True,0.4012285281304704,48,11.681760579896574,9.665033578188861,0.9514341126186553,3.6930289160266234,4.176616279536125,9.934176343106305,0.01883396392626072,0.8273610396382933,0.08144612330576279,0.316136329859563,0.3575331176298687,0.8504006117196299,0.0016122538890818005
5.0,48.0,14.9,True,True,0.6526908984829228,87,16.71383834921272,21.936045643688686,1.2984095044892259,5.933833283223179,6.633106047895158,14.541624975967222,0.058545987451547744,1.3124481154696552,0.07768469919121754,0.3550251689195429,0.39686312080477915,0.8700350375622835,0.003502845141152479
5.0,48.0,15.125,True,True,1.0476626492266163,51,22.37664401859066,61.21813813021927,1.6727953023327176,9.295423241071848,10.234041442281148,20.058212032031417,0.178032799231927,2.7358051582426235,0.07475630845013884,0.4154073878705471,0.45735372264842933,0.8963905407516393,0.00795618856357621
5.0,48.0,15.35,True,True,1.663964337548866,53,27.766176701163648,267.995473855328,1.9647151557887705,13.962278392851843,15.16189892907634,25.803140245465233,0.5163037384337322,9.651868052978882,0.07075929743350051,0.502852032641091,0.5460564157700878,0.9293011610195455,0.01859470045121821
5.0,48.0,15.575,True,True,2.625899886229698,55,32.04233953092216,2582.7932394878426,2.193816854310277,19.79497741195784,21.216040742711403,30.864478376772606,1.4022319970584438,80.60563858002135,0.06846618837532617,0.6177756587609616,0.662125208499119,0.9632404758393852,0.04376184815422834
5.0,48.0,15.8,True,True,4.132924836448957,56,34.97469014211747,82721.75446321572,2.4206937305467915,26.0548570193752,27.559589087343774,34.58904283848205,3.4125018281366155,2365.1890589189225,0.06921272842476814,0.7449631980584507,0.7879866547882799,0.9889735319435752,0.09757060932549017
5.25,48.0,14.0,True,True,0.07467066743095194,94,3.191628613105975,1.088314005667584,0.5016224610445887,0.8787769506458684,0.9566768314662198,2.596024837055747,0.0014095056517350092,0.3409901769894452,0.15716818021518747,0.27533809762116246,0.29974566199142366,0.8133856258825151,0.00044162583514481356
5.25,48.0,14.225,True,True,0.12461418087699397,47,5.125269518382482,2.2393255468913726,0.6193518899362923,1.4299208035479458,1.5910889975025673,4.227429923939607,0.003947875698564454,0.43691859303393205,0.12084279425987293,0.2789942652614343,0.31044006403876095,0.8248209989303684,0.0007702767014309893
5.25,48.0,14.45,True,True,0.20788183777519764,91,8.05440774860413,4.654900511249365,0.7541942609168282,2.323758000268313,2.625196309192359,6.749215399046762,0.010992996071911416,0.5779320660859371,0.09363745721062283,0.2885076187843895,0.3259328793786631,0.837953032638115,0.0013648422596703722
5.25,48.0,14.675,True,True,0.34528789823700523,48,12.244535112076896,9.887765380795415,0.9800835893086459,3.773459301560022,4.270674111594961,10.453839975780754,0.03256243298469851,0.8075247684204051,0.08004253165495688,0.30817497495990887,0.34878205440260096,0.8537555636122139,0.002659344163469456
5.25,48.0,14.9,True,True,0.5686965518767974,49,17.70480040821238,22.463348135608975,1.3378894101672876,6.072748650315137,6.795728237583844,15.49427254134908,0.10073932697928668,1.2687716109575196,0.07556647797885972,0.34300011919356566,0.3838353486567203,0.8751452817373786,0.005689944233009184
5.25,48.0,15.125,True,True,0.9261975762566258,51,23.903972622031148,62.05368606012751,1.7296284074902004,9.521255396335656,10.497785651965351,21.623080232868514,0.30315801803352443,2.5959570420079716,0.0723573623028703,0.39831267994175873,0.43916489605957987,0.9045810323987551,0.012682327863533368
5.25,48.0,15.35,True,True,1.492900999266308,54,29.740477730446866,258.07655383217815,2.050212750153252,14.29866084666462,15.554485771336509,27.994494057664568,0.8570860659148625,8.677619645900032,0.06893677931926236,0.48078114199310057,0.5230072600821936,0.9412926823635102,0.028818839888285288
5.25,48.0,15.575,True,True,2.384635531114177,55,34.15095421486396,2095.998973717694,2.328223449724502,20.248886517045246,21.745649361298963,33.408254499033646,2.217560682714994,61.37453614123102,0.06817447720717447,0.59292300852408,0.6367508569302092,0.9782524461495996,0.06493407676877785
5.25,48.0,15.8,True,True,3.779490107017552,56,36.908203643399766,43213.22700519589,2.636887285685139,26.633836645084696,28.231763469546234,37.08321313423774,5.029336902654596,1170.8298627241275,0.07144447644112556,0.7216237588373549,0.7649183835202685,1.0047417504392486,0.13626609821618843
5.5,48.0,14.0,True,True,0.06649027382852263,65,3.2356041760440686,1.097744651914405,0.5076801383133038,0.8871245809960402,0.9654895067834606,2.6387009303662685,0.002465022988363351,0.3392703780153156,0.1569042783638654,0.27417586723499077,0.29839543227561677,0.8155203129921815,0.0007618431842232169
5.5,48.0,14.225,True,True,0.11135925408231423,47,5.209140376877046,2.256542498793256,0.6285714144748542,1.4438541902270217,1.6058797869390924,4.311872065222097,0.006909901323732012,0.43318903610466447,0.12066701394054037,0.2771770552846251,0.3082811502004176,0.8277511745243322,0.0013264955105461369
5.5,48.0,14.45,True,True,0.18663447858109727,49,8.217523504009758,4.683549079608659,0.76793667552648,2.3472126849080928,2.650241658420212,6.919689986533091,0.01922038129964802,0.5699465389205534,0.09345110788569862,0.2856350436676896,0.32251099216534285,0.8420651286432723,0.002338950571941704
5.5,48.0,14.675,True,True,0.3118328851251993,49,12.55400667000889,9.90906432302329,1.0004918375956582,3.8113210304748586,4.311627547330138,10.795850142974352,0.05665368131454992,0.7893148843624339,0.0796950219873469,0.30359399438427725,0.34344633236737676,0.8599525575181733,0.00451279681489207
5.5,48.0,14.9,True,True,0.5173018153680978,51,18.24431451599265,22.225288053984308,1.3702553284790795,6.12640141964754,6.855208453121205,16.146477726334858,0.1734166071450157,1.2182035140044318,0.07510588174074381,0.33579784070688123,0.3757449175255145,0.8850142170143546,0.009505241043339925
5.5,48.0,15.125,True,True,0.8489488164366868,54,24.7273428440653,58.96511652721857,1.7893478418263613,9.581780426949132,10.567392632191043,22.733597838380735,0.5106049065309283,2.38461192126717,0.07236312664528023,0.38749737435896037,0.42735657845773245,0.9193708350202668,0.020649404578198593
5.5,48.0,15.35,True,True,1.3769273688718395,54,30.809096593876713,218.99624012655246,2.1628650593100724,14.343532362896903,15.611842041174206,29.57792307936371,1.3851087777498077,7.108168182058211,0.07020215775297807,0.4655616018857129,0.5067283291999237,0.9600386362916692,0.04495778620217956
5.5,48.0,15.575,True,True,2.205606581771095,55,35.331862844574765,1347.0599163812897,2.5279402951863954,20.262740845687773,21.778169300624192,35.22435405831223,3.3658464397227847,38.12592396577051,0.07154845772799559,0.5734976651195489,0.6163889347251965,0.9969571718667802,0.09526376954787746
5.5,48.0,15.8,True,True,3.4912654722364804,54,38.07551731427862,15537.86629383429,2.9688945848604855,26.676031604302075,28.304731383350585,38.79727424663848,7.090154047501208,408.08024131578816,0.07797384761328316,0.7006085139727924,0.7433840267939337,1.018955932401454,0.18621294069305644
5.75,48.0,14.0,True,True,0.06183049772747556,67,3.2564080835226012,1.1003863797638371,0.511064686916971,0.8910538034204352,0.9689639146447612,2.6652044663835626,0.004335580521843791,0.33791415312220335,0.1569412290501778,0.2736308781227882,0.29755604635294663,0.818449161783339,0.001331399631324401
5.75,48.0,14.225,True,True,0.10378253373195505,47,5.2459795077296,2.2551332489503566,0.6345733724562672,1.449671139925503,1.6101851679807142,4.365853289312935,0.012150173822212782,0.42987839461202026,0.12096375357952996,0.2763394591590588,0.3069369915776861,0.8322284299586268,0.0023160925055674187
5.75,48.0,14.45,True,True,0.174366993081578,48,8.283969172624566,4.656221940420686,0.7784323787461616,2.3547810716153017,2.6541295036156174,7.031744312983342,0.03370361892890266,0.5620762032538419,0.09396852674423159,0.28425758504715065,0.3203934549136816,0.8488375761006739,0.00406853504963304
5.75,48.0,14.675,True,True,0.292070647682645,50,12.66828613865276,9.742099395846541,1.0185642007919853,3.8158065384271347,4.309069474534638,11.027494375399419,0.09842040604426583,0.7690147893109232,0.08040268349198394,0.30120937407504245,0.3401462066275128,0.87048036764444,0.007769038760813196
5.75,48.0,14.9,True,True,0.485455939050035,51,18.41958953304882,21.26504523803551,1.405046959311654,6.108632727028222,6.826168354679635,16.601708282581246,0.2950564367812762,1.1544798650307222,0.07628003635969675,0.3316378313462405,0.37059285943543846,0.9013071791200399,0.016018621709885533
5.75,48.0,15.125,True,True,0.7968006946067759,53,24.976119167764736,52.66393827883966,1.8686222810671538,9.502003628880109,10.469282339716676,23.523024214045176,0.8366997564793175,2.108571709043174,0.07481635831874468,0.38044355750607595,0.41917170035082096,0.9418206269773494,0.033499990565355665
5.75,48.0,15.35,True,True,1.2889098141983824,55,31.17117987295757,166.5080677170343,2.3300362478746326,14.153623099763932,15.393850313726729,30.697804418079794,2.1422956821188412,5.341731317058283,0.07474969691141034,0.454061192340135,0.4938488172878435,0.9848136818430653,0.0687268076104293
5.75,48.0,15.575,True,True,2.053937592082379,55,35.86120780598295,731.681473339355,2.8327501999758793,19.9573766479788,21.439447811203983,36.46972734170039,4.846641370076197,20.403146410960648,0.07899204665112461,0.5565171356177576,0.5978451123898595,1.016968740679613,0.13514997588195013
5.75,48.0,15.8,True,True,3.230864430608859,55,38.775367922387964,4565.2701316887,3.4713338656452097,26.37166115535053,27.971683347732377,39.9321973759774,9.501958720277205,117.73634594071311,0.08952420187458608,0.6801137569638421,0.7213776386008758,1.029834132222934,0.24505141354934773
6.0,48.0,14.0,True,True,0.059232869510703376,128,3.260246745166044,1.0971326458448065,0.5128381282751462,0.8917816686164758,0.968181303454674,2.6834386970368693,0.007641176387913867,0.3365182857621194,0.15730040342361493,0.2735319558063258,0.296965652949487,0.823078406876901,0.0023437417426283493
6.0,48.0,14.225,True,True,0.09952839318894002,48,5.246594099694539,2.2352988548086623,0.6392393310098977,1.4491862970393536,1.6054079499179226,4.404831314007195,0.021371491335879147,0.4260476058056032,0.1218389147060404,0.27621467746546785,0.30599049962934827,0.8395601470797308,0.004073402845690581
6.0,48.0,14.45,True,True,0.16729065416522268,48,8.273351538495733,4.569467042173613,0.7890024060888817,2.349068884023062,2.6385680021615197,7.115395496474845,0.05890699289492534,0.5523114811345774,0.09536672078028716,0.2839319558818325,0.31892371427520244,0.860037853265035,0.007120088227948773
6.0,48.0,14.675,True,True,0.2799170727270401,49,12.624858087159375,9.375593678890866,1.0401498349958476,3.790659144417629,4.265307627770047,11.204201803122475,0.16894514222136664,0.7426296291145399,0.08238903184613015,0.300253604297784,0.3378499463774766,0.8874715046910637,0.013381943864636321
6.0,48.0,14.9,True,True,0.4634918397263833,52,18.30761741503384,19.62818055884738,1.4528024816662803,6.027219194610817,6.714776694086765,16.950769328877524,0.4883718466578924,1.072131895367724,0.07935508202576207,0.3292192019296508,0.36677501729813994,0.9258861458923595,0.026675882261820234
6.0,48.0,15.125,True,True,0.7553355686474141,54,24.801980065776476,44.34826227644333,1.9858699775509607,9.30575594830583,10.22599348367874,24.11457933139257,1.3101985727015277,1.788093618284864,0.08006900950183427,0.37520213804004177,0.41230552788764185,0.9722844413002157,0.05282636987961426
6.0,48.0,15.35,True,True,1.2103751482330172,91,31.06354122089971,116.39607823235522,2.580815679027583,13.792146565208979,14.963870380053512,31.494849203437578,3.1282920604342928,3.7470318469049286,0.08308182446665793,0.44399788379341476,0.4817181104254058,1.0138847010220355,0.10070622786334359
6.0,48.0,15.575,True,True,1.911059270466315,54,36.00355144069427,364.0753939961455,3.2859718048766178,19.451343949423066,20.84712950747044,37.30868659721301,6.576151704539092,10.112207808050753,0.09126799088943581,0.5402618122677061,0.5790298088178948,1.0362501782266837,0.1826528617703577
6.0,48.0,15.8,True,True,2.9852356707160217,55,39.224632207531876,1302.8295393073247,4.210098393338406,25.873167597251104,27.37984022704495,40.69079682680335,12.058854275158648,33.214576300275844,0.10733302408199476,0.6596153014350754,0.6980266910389921,1.0373786709207167,0.30743065253886864
6.5,48.0,14.0,True,True,0.0570825016500063,89,3.2203491351011606,1.0688773241940934,0.5136707238601711,0.8841763864302957,0.9525330007999103,2.716357883720982,0.023484575380909794,0.33191349116266455,0.15950777456433624,0.2745591702442913,0.2957856309483625,0.8434979468881884,0.007292555681287046
6.5,48.0,14.225,True,True,0.09562950392425267,47,5.142954780152911,2.1226210927129237,0.6505610978797265,1.4289831766945682,1.5637578652994257,4.480725161155574,0.06450021093145862,0.41272404356038567,0.12649558973185915,0.2778525648736273,0.3040582568087313,0.8712355742358584,0.012541469580944068
6.5,48.0,14.45,True,True,0.15941629703596216,52,8.035594113981263,4.170395018309256,0.8241235386368596,2.2959970152453346,2.538681963479464,7.279894033462133,0.17092851550412158,0.5189902525132668,0.10255912966073702,0.2857283459913053,0.31592959120002956,0.9059559169116973,0.02127142225945935
6.5,48.0,14.675,True,True,0.26251362170425624,51,12.137349973765241,8.008513693032334,1.1205193987700117,3.6528310894555784,4.04269820924118,11.533012688897404,0.45150343198671544,0.6598239080476921,0.09231993814069818,0.3009578777369966,0.3330791497303308,0.9502084650954199,0.037199506726149904
6.5,48.0,14.9,True,True,0.4244677558592137,52,17.46698608566755,14.947362470477149,1.6310352493463678,5.704986572731057,6.260671241576916,17.52702954361965,1.149415315436942,0.8557493775495781,0.09337817304868101,0.3266153957386075,0.35842882171378604,1.0034375396910271,0.065805016950239
6.5,48.0,15.125,True,True,0.6733814974647729,54,23.704194587367212,27.50839932345286,2.39593219632124,8.682488089859312,9.407495605860474,24.942013734777742,2.66081826332485,1.1604865637625605,0.10107629632765988,0.3662848808407315,0.3968705020196744,1.0522194138614693,0.11225094586183039
6.5,48.0,15.35,True,True,1.0542306347770967,52,30.130469420327504,51.140226062532925,3.426491693862771,12.811971268111579,13.70879433372899,32.445214049285035,5.485571788601195,1.6972927088892682,0.11372181581582298,0.42521645080869497,0.45498110708093914,1.0768240479982663,0.1820606148572102
6.5,48.0,15.575,True,True,1.6399535120287239,51,35.73254594695466,94.54544024910005,4.80572263023858,18.213706898975577,19.255743117371207,38.26176550987643,10.092698899859126,2.6459195040133374,0.13449146997173742,0.5097231785838607,0.5388852825084605,1.0707819579012485,0.28245115572906127
6.5,48.0,15.8,True,True,2.551067905076919,52,39.737720933008056,163.14317740218172,6.708491125596718,24.695731931766574,25.80217411652331,41.641512617591744,16.582742692979078,4.105499096871133,0.16881922183977904,0.6214682511208919,0.6493118757369597,1.047908929850134,0.4173048253304496
7.0,48.0,14.0,True,True,0.05599112097980831,61,3.094532002505541,0.9947953273591991,0.5122126531642397,0.8592137577973702,0.9079569753723056,2.770990907655689,0.06723236690720402,0.321468747634132,0.16552184716445584,0.2776554765314086,0.2934068785319275,0.8954474878308283,0.02172618245756327
7.0,48.0,14.225,True,True,0.09210643145747886,48,4.869721055167923,1.8759909947803068,0.6736954608573277,1.3744280774386899,1.4614991823489367,4.599993176091264,0.17289996253647205,0.38523582224272124,0.1383437476654598,0.282239590701011,0.30011969182463566,0.9446112259776329,0.0355051060579711
7.0,48.0,14.45,True,True,0.14977383563763572,51,7.506202781812108,3.4500259344050352,0.9001322609490413,2.1800119681861396,2.326595194492488,7.501997403626116,0.41572298207488156,0.4596233321546568,0.11991845772273901,0.2904280675001765,0.3099563470533917,0.9994397462594293,0.055383926355173675
7.0,48.0,14.675,True,True,0.23960428808107603,52,11.23666040165629,6.081498018366015,1.287132144706323,3.4178490553619056,3.643539019202406,11.869856029868261,0.9546580013381326,0.5412193481854805,0.11454757006953767,0.3041694714612994,0.32425461738305683,1.0563508734426679,0.08495922874001029
7.0,48.0,14.9,True,True,0.3766971583730226,51,16.165826927623307,10.147495849105537,1.9603433979644371,5.270814892634197,5.580115632454474,17.92768001003339,2.0685726711108097,0.6277127606609493,0.12126465331722106,0.3260467228946828,0.34517972123773444,1.10898626406791,0.12795959528529546
7.0,48.0,15.125,True,True,0.5853758853866156,52,22.191186624965788,16.014058189930218,3.0622333747233523,7.979643654913508,8.362408408001517,25.3161732411291,4.130715890175222,0.7216404629716329,0.1379932234573812,0.35958616318138464,0.376834666362255,1.1408210686961464,0.18614218157797996
7.0,48.0,15.35,True,True,0.9081151511031659,49,28.84136503068461,24.222439166376258,4.7468098147390885,11.83840294996819,12.280458729752786,32.79129222050506,7.5413004656075575,0.8398506499468998,0.1645833964408034,0.41046611134296856,0.4257932562029393,1.1369535452159802,0.26147515755874573
7.0,48.0,15.575,True,True,1.41848182200917,49,35.134202301329346,35.24019424361552,7.218531017004772,17.10007649452782,17.58422698218696,38.70098981805658,12.634707751653158,1.0030167738369902,0.20545595300826427,0.486707406870052,0.5004874404540455,1.1015189554080833,0.35961276830170436
7.0,48.0,15.8,True,True,2.2425884971711634,48,39.912001761481065,48.21554117361025,10.759260648040986,23.7274707605514,24.225242508326563,42.21169747816545,19.45893787683548,1.208046177732506,0.2695745683801986,0.5944946310222581,0.6069663619755163,1.057619152515267,0.4875460267095707
7.5,48.0,14.0,True,True,0.05300829709693334,56,2.8594278713827928,0.8640499135351584,0.5076569861951801,0.8085828080956712,0.8256604890871424,2.8593452724980657,0.1589851292910711,0.30217580313271264,0.17753795830131636,0.2827778298547003,0.28875024173554714,0.9999711134924739,0.055600328611956684
7.5,48.0,14.225,True,True,0.08447790411502723,49,4.437405392316749,1.522677279128759,0.7091434470054387,1.2807916448148837,1.3002900842983094,4.75280188085278,0.3623850158376062,0.34314585765935085,0.15981038113698198,0.2886352567724691,0.2930293649865139,1.071076780382097,0.08166597004300448
7.5,48.0,14.45,True,True,0.1336628310305114,90,6.7857482080271545,2.610981186560045,1.0131832959295104,2.0148362619788083,2.036544995489169,7.70555471813108,0.7669773952067677,0.3847742513451063,0.14931047614336354,0.29692175427248707,0.300120920060083,1.1355497554441891,0.11302768268051518
7.5,48.0,14.675,True,True,0.20958660410918997,49,10.164602367396373,4.288873660672486,1.5222771391242191,3.1427867914779397,3.1641817820913367,12.046337251228087,1.528545616307635,0.4219420992236085,0.1497625862873911,0.30918934926157404,0.3112942019493706,1.1851262662145547,0.15037928303133086
7.5,48.0,14.9,True,True,0.3261430482623144,48,14.780996264422638,6.6845654315994985,2.391706138029771,4.8449208577816645,4.858135847206555,17.98069481537641,2.88679789640668,0.4522405196521849,0.16180953538203152,0.32778039931200215,0.32867445199887674,1.2164738082408788,0.19530469020921856
7.5,48.0,15.125,True,True,0.5080254812934031,49,20.711333757151817,9.897834715337959,3.8572286170196852,7.38370603573552,7.380377884777963,25.246506637892313,5.170226193379541,0.47789460743541656,0.18623757707963873,0.3565055791342196,0.3563448868776715,1.2189705855700605,0.24963270130269682
7.5,48.0,15.35,True,True,0.7994737980624204,47,27.647262089626473,14.147916269265393,6.236572914033432,11.114665734496988,11.088127484432162,32.760095536892464,8.75525549803883,0.5117293793288064,0.22557651075234159,0.4020168687396833,0.4010569816456631,1.1849309139795212,0.3166771259177916
7.5,48.0,15.575,True,True,1.2780942650432825,47,34.56251026218981,19.8867452532203,9.87092969362717,16.38717910351044,16.33236850261396,38.86037203597118,13.975230013075336,0.5753848636097394,0.2855964343662163,0.4741316235191819,0.47254578381944107,1.124350394146084,0.40434649876585366
7.5,48.0,15.8,True,False,2.074711558851189,46,39.93706579446614,27.277202744189545,15.034844790675868,23.221608175256485,23.137685906335406,42.50759561778436,20.885845336422893,0.683004677523635,0.3764634304395783,0.5814550396557719,0.5793536767426081,1.0643645138215037,0.5229689492941398
