! MOLECULE
p-NH3
! MOLECULAR WEIGHT
17.0
! NUMBER OF ENERGY LEVELS
48 
! LEVEL | ENERGY [CM-1] | WEIGHT | J_K_sym_F
      1       15.379547      2.0   1_1_1_0
      2       15.379579     10.0   1_1_1_2
      3       15.379599      6.0   1_1_1_1
      4       16.169911      2.0   1_1_-1_0
      5       16.169942     10.0   1_1_-1_2
      6       16.169962      6.0   1_1_-1_1
      7       44.002538      6.0   2_2_1_1
      8       44.002563     14.0   2_2_1_3
      9       44.002606     10.0   2_2_1_2
     10       44.793840      6.0   2_2_-1_1
     11       44.793865     14.0   2_2_-1_3
     12       44.793908     10.0   2_2_-1_2
     13       55.145306     10.0   2_1_1_2
     14       55.145328     14.0   2_1_1_3
     15       55.145339      6.0   2_1_1_1
     16       55.915799     10.0   2_1_-1_2
     17       55.915822     14.0   2_1_-1_3
     18       55.915833      6.0   2_1_-1_1
     19      103.628680     10.0   3_2_1_2
     20      103.628680     14.0   3_2_1_3
     21      103.628681     18.0   3_2_1_4
     22      104.390346     10.0   3_2_-1_2
     23      104.390347     14.0   3_2_-1_3
     24      104.390348     18.0   3_2_-1_4
     25      114.743198     14.0   3_1_1_3
     26      114.743233     18.0   3_1_1_4
     27      114.743243     10.0   3_1_1_2
     28      115.484861     14.0   3_1_-1_3
     29      115.484896     18.0   3_1_-1_4
     30      115.484907     10.0   3_1_-1_2
     31      138.564605     14.0   4_4_1_3
     32      138.564624     22.0   4_4_1_5
     33      138.564688     18.0   4_4_1_4
     34      139.369809     14.0   4_4_-1_3
     35      139.369828     22.0   4_4_-1_5
     36      139.369892     18.0   4_4_-1_4
     37      183.035691     18.0   4_2_1_4
     38      183.035710     22.0   4_2_1_5
     39      183.035713     14.0   4_2_1_3
     40      183.759637     18.0   4_2_-1_4
     41      183.759657     22.0   4_2_-1_5
     42      183.759659     14.0   4_2_-1_3
     43      194.112923     18.0   4_1_1_4
     44      194.112964     22.0   4_1_1_5
     45      194.112972     14.0   4_1_1_3
     46      194.817888     18.0   4_1_-1_4
     47      194.817929     22.0   4_1_-1_5
     48      194.817937     14.0   4_1_-1_3
! NUMBER OF RADIATIVE TRANSITIONS
115
! TRANS | UP  | LOW | A_ul [s-1] |   FREQ [GHz]  |  E_up [K]
      1    4      3    1.677e-07      23.6929549     23.265
      2    5      2    1.259e-07      23.6944955     23.265
      3    5      3    4.195e-08      23.6938950     23.265
      4    6      1    5.591e-08      23.6960365     23.265
      5    6      2    6.993e-08      23.6950954     23.265
      6    6      3    4.193e-08      23.6944949     23.265
      7   10      7    1.681e-07      23.7226342     64.448
      8   10      9    5.605e-08      23.7205742     64.448
      9   11      8    1.997e-07      23.7226335     64.448
     10   11      9    2.494e-08      23.7213379     64.448
     11   12      7    3.364e-08      23.7246922     64.448
     12   12      8    3.493e-08      23.7239277     64.448
     13   12      9    1.558e-07      23.7226321     64.448
     14   13      5    3.020e-03    1168.4520043     79.342
     15   13      6    9.057e-03    1168.4514045     79.342
     16   14      5    1.209e-02    1168.4526809     79.342
     17   15      4    6.704e-03    1168.4539519     79.342
     18   15      5    3.354e-04    1168.4530118     79.342
     19   15      6    5.028e-03    1168.4524119     79.342
     20   16      2    3.398e-03    1215.2453196     80.450
     21   16      3    1.019e-02    1215.2447191     80.450
     22   16     13    3.601e-08      23.0988198     80.450
     23   16     14    8.072e-09      23.0981432     80.450
     24   16     15    7.772e-09      23.0978123     80.450
     25   17      2    1.360e-02    1215.2459955     80.450
     26   17     13    5.767e-09      23.0994957     80.450
     27   17     14    4.616e-08      23.0988191     80.450
     28   18      1    7.542e-03    1215.2472672     80.450
     29   18      2    3.774e-04    1215.2463261     80.450
     30   18      3    5.657e-03    1215.2457256     80.450
     31   18     13    1.296e-08      23.0998262     80.450
     32   18     15    3.885e-08      23.0988187     80.450
     33   19     10    2.765e-02    1763.8241280    149.098
     34   19     11    1.465e-04    1763.8233642    149.099
     35   19     12    5.123e-03    1763.8220700    149.099
     36   20     11    3.665e-03    1763.8233844    149.099
     37   20     12    2.929e-02    1763.8220903    149.099
     38   21     11    3.302e-02    1763.8234114    149.099
     39   22      7    2.990e-02    1810.3809472    150.194
     40   22      8    1.584e-04    1810.3801827    150.194
     41   22      9    5.540e-03    1810.3788871    150.194
     42   22     19    8.893e-08      22.8341850    150.194
     43   22     20    1.112e-08      22.8341648    150.194
     44   23      8    3.963e-03    1810.3802029    150.194
     45   23      9    3.168e-02    1810.3789073    150.194
     46   23     19    7.945e-09      22.8342052    150.194
     47   23     20    8.418e-08      22.8341850    150.194
     48   23     21    8.060e-09      22.8341580    150.194
     49   24      8    3.571e-02    1810.3802298    150.194
     50   24     20    6.269e-09      22.8342119    150.194
     51   24     21    9.412e-08      22.8341850    150.194
     52   25     16    4.692e-02    1763.6010452    165.090
     53   25     17    5.871e-03    1763.6003694    165.090
     54   26     17    5.289e-02    1763.6014159    165.090
     55   27     16    8.206e-03    1763.6024014    165.090
     56   27     17    2.346e-04    1763.6017255    165.090
     57   27     18    4.429e-02    1763.6013950    165.090
     58   28     13    5.064e-02    1808.9343717    166.157
     59   28     14    6.334e-03    1808.9336951    166.157
     60   28     25    1.946e-08      22.2345066    166.157
     61   28     26    1.863e-09      22.2334600    166.157
     62   28     27    1.836e-09      22.2331504    166.157
     63   29     14    5.706e-02    1808.9347406    166.157
     64   29     25    1.449e-09      22.2355521    166.157
     65   29     26    2.175e-08      22.2345055    166.157
     66   30     13    8.856e-03    1808.9357264    166.157
     67   30     14    2.532e-04    1808.9350498    166.157
     68   30     15    4.779e-02    1808.9347189    166.157
     69   30     25    2.572e-09      22.2358613    166.157
     70   30     27    2.055e-08      22.2345052    166.157
     71   34     31    2.648e-07      24.1394175    200.522
     72   34     33    1.767e-08      24.1369314    200.522
     73   35     32    2.724e-07      24.1394170    200.522
     74   35     33    1.133e-08      24.1374943    200.522
     75   36     31    1.375e-08      24.1419011    200.522
     76   36     32    1.386e-08      24.1413376    200.522
     77   36     33    2.555e-07      24.1394150    200.522
     78   37     23    1.035e-01    2357.7281041    263.347
     79   37     24    6.907e-03    2357.7280772    263.347
     80   38     24    1.107e-01    2357.7286646    263.347
     81   39     22    1.012e-01    2357.7287934    263.347
     82   39     23    8.862e-03    2357.7287732    263.347
     83   39     24    1.408e-04    2357.7287462    263.347
     84   40     20    1.095e-01    2402.2656477    264.389
     85   40     21    7.306e-03    2402.2656207    264.389
     86   40     37    4.668e-08      21.7033585    264.389
     87   40     38    2.532e-09      21.7027712    264.389
     88   40     39    2.512e-09      21.7026895    264.389
     89   41     21    1.170e-01    2402.2662075    264.389
     90   41     37    2.072e-09      21.7039453    264.389
     91   41     38    4.978e-08      21.7033580    264.389
     92   42     19    1.071e-01    2402.2663362    264.389
     93   42     20    9.374e-03    2402.2663160    264.389
     94   42     21    1.489e-04    2402.2662890    264.389
     95   42     37    3.229e-09      21.7040268    264.389
     96   42     39    4.840e-08      21.7033578    264.389
     97   43     28    1.295e-01    2357.2099911    279.285
     98   43     29    8.642e-03    2357.2089456    279.285
     99   44     29    1.384e-01    2357.2101633    279.285
    100   45     28    1.109e-02    2357.2114525    279.285
    101   45     29    1.762e-04    2357.2104070    279.285
    102   45     30    1.266e-01    2357.2100978    279.285
    103   46     25    1.368e-01    2400.5788088    280.299
    104   46     26    9.126e-03    2400.5777622    280.299
    105   46     43    1.079e-08      21.1343110    280.299
    106   46     44    5.853e-10      21.1330933    280.300
    107   46     45    5.806e-10      21.1328496    280.300
    108   47     26    1.462e-01    2400.5789787    280.299
    109   47     43    4.790e-10      21.1355275    280.299
    110   47     44    1.151e-08      21.1343098    280.300
    111   48     25    1.171e-02    2400.5802686    280.300
    112   48     26    1.861e-04    2400.5792220    280.299
    113   48     27    1.337e-01    2400.5789124    280.299
    114   48     43    7.467e-10      21.1357709    280.300
    115   48     45    1.119e-08      21.1343095    280.300
! NUMBER OF COLLISION PARTNERS
1
! COLLISIONS BETWEEN
2 p-NH3 + p-H2 from Loreau et al. MNRAS 526 3213 (2023) https://doi.org/10.1093/mnras/stad2979
! NUMBER OF COLLISIONAL TRANSITIONS
1127
! NUMBER OF TEMPERATURES
11
! TEMPERATURES
                           5.0      10.0      20.0      30.0      40.0      50.0      60.0      70.0      80.0      90.0     100.0
! TRANS | UP  | LOW | RATE COEFFICIENT [cm3.s-1]
      1     2     1   6.23e-12  6.03e-12  5.45e-12  4.69e-12  4.07e-12  3.58e-12  3.21e-12  2.91e-12  2.68e-12  2.49e-12  2.33e-12
      2     3     1   5.83e-12  6.42e-12  6.20e-12  5.30e-12  4.48e-12  3.84e-12  3.33e-12  2.93e-12  2.60e-12  2.34e-12  2.11e-12
      3     3     2   3.06e-11  3.06e-11  2.82e-11  2.42e-11  2.09e-11  1.82e-11  1.62e-11  1.46e-11  1.33e-11  1.23e-11  1.14e-11
      4     4     2   9.38e-12  1.27e-11  1.30e-11  1.12e-11  9.38e-12  7.92e-12  6.77e-12  5.86e-12  5.14e-12  4.54e-12  4.06e-12
      5     4     3   5.92e-11  7.03e-11  8.64e-11  9.14e-11  9.30e-11  9.38e-11  9.44e-11  9.52e-11  9.60e-11  9.70e-11  9.80e-11
      6     5     1   1.88e-12  2.55e-12  2.61e-12  2.24e-12  1.88e-12  1.58e-12  1.35e-12  1.17e-12  1.03e-12  9.09e-13  8.11e-13
      7     5     2   4.77e-11  5.72e-11  6.93e-11  7.24e-11  7.30e-11  7.31e-11  7.32e-11  7.34e-11  7.38e-11  7.43e-11  7.49e-11
      8     5     3   1.90e-11  2.33e-11  2.75e-11  2.79e-11  2.75e-11  2.70e-11  2.67e-11  2.64e-11  2.63e-11  2.63e-11  2.63e-11
      9     5     4   5.13e-12  5.66e-12  5.22e-12  4.50e-12  3.90e-12  3.44e-12  3.08e-12  2.81e-12  2.58e-12  2.40e-12  2.26e-12
     10     6     1   1.97e-11  2.34e-11  2.88e-11  3.05e-11  3.10e-11  3.13e-11  3.15e-11  3.17e-11  3.20e-11  3.23e-11  3.27e-11
     11     6     2   3.17e-11  3.88e-11  4.58e-11  4.65e-11  4.58e-11  4.50e-11  4.44e-11  4.40e-11  4.39e-11  4.38e-11  4.39e-11
     12     6     3   1.71e-11  2.08e-11  2.48e-11  2.56e-11  2.56e-11  2.54e-11  2.53e-11  2.53e-11  2.53e-11  2.54e-11  2.55e-11
     13     6     4   5.91e-12  7.03e-12  6.63e-12  5.58e-12  4.67e-12  3.97e-12  3.43e-12  3.01e-12  2.66e-12  2.39e-12  2.16e-12
     14     6     5   2.66e-11  3.00e-11  2.79e-11  2.38e-11  2.05e-11  1.79e-11  1.58e-11  1.43e-11  1.30e-11  1.20e-11  1.12e-11
     15     7     1   1.28e-12  1.02e-12  6.95e-13  5.32e-13  4.31e-13  3.61e-13  3.08e-13  2.68e-13  2.36e-13  2.10e-13  1.88e-13
     16     7     2   2.34e-11  2.30e-11  2.26e-11  2.23e-11  2.21e-11  2.21e-11  2.21e-11  2.22e-11  2.23e-11  2.25e-11  2.26e-11
     17     7     3   1.83e-12  1.53e-12  1.16e-12  9.66e-13  8.29e-13  7.21e-13  6.33e-13  5.61e-13  5.01e-13  4.51e-13  4.09e-13
     18     7     4   2.17e-13  1.83e-13  1.57e-13  1.42e-13  1.28e-13  1.14e-13  1.01e-13  9.07e-14  8.15e-14  7.36e-14  6.69e-14
     19     7     5   4.15e-12  3.41e-12  2.51e-12  2.02e-12  1.69e-12  1.44e-12  1.25e-12  1.09e-12  9.67e-13  8.64e-13  7.78e-13
     20     7     6   4.17e-12  3.38e-12  2.48e-12  2.01e-12  1.69e-12  1.45e-12  1.26e-12  1.11e-12  9.80e-13  8.76e-13  7.89e-13
     21     8     1   5.48e-12  5.41e-12  5.32e-12  5.26e-12  5.22e-12  5.21e-12  5.23e-12  5.25e-12  5.29e-12  5.32e-12  5.36e-12
     22     8     2   9.66e-12  9.01e-12  8.20e-12  7.77e-12  7.49e-12  7.31e-12  7.18e-12  7.10e-12  7.06e-12  7.03e-12  7.01e-12
     23     8     3   1.14e-11  1.12e-11  1.09e-11  1.08e-11  1.07e-11  1.06e-11  1.06e-11  1.07e-11  1.07e-11  1.08e-11  1.08e-11
     24     8     4   6.67e-13  5.51e-13  4.09e-13  3.29e-13  2.74e-13  2.33e-13  2.02e-13  1.77e-13  1.56e-13  1.40e-13  1.26e-13
     25     8     5   4.75e-12  3.87e-12  2.87e-12  2.35e-12  1.98e-12  1.70e-12  1.48e-12  1.30e-12  1.15e-12  1.03e-12  9.28e-13
     26     8     6   3.11e-12  2.54e-12  1.87e-12  1.50e-12  1.26e-12  1.07e-12  9.30e-13  8.15e-13  7.21e-13  6.44e-13  5.80e-13
     27     8     7   1.05e-12  1.16e-12  1.21e-12  1.18e-12  1.11e-12  1.04e-12  9.78e-13  9.23e-13  8.75e-13  8.34e-13  7.97e-13
     28     9     1   3.87e-13  3.39e-13  2.83e-13  2.52e-13  2.25e-13  2.00e-13  1.79e-13  1.60e-13  1.44e-13  1.31e-13  1.19e-13
     29     9     2   1.66e-11  1.62e-11  1.57e-11  1.54e-11  1.52e-11  1.51e-11  1.51e-11  1.51e-11  1.52e-11  1.52e-11  1.53e-11
     30     9     3   9.50e-12  9.04e-12  8.46e-12  8.14e-12  7.95e-12  7.84e-12  7.78e-12  7.75e-12  7.75e-12  7.77e-12  7.79e-12
     31     9     4   1.78e-12  1.44e-12  1.05e-12  8.48e-13  7.11e-13  6.07e-13  5.26e-13  4.61e-13  4.09e-13  3.65e-13  3.28e-13
     32     9     5   5.08e-12  4.15e-12  3.05e-12  2.47e-12  2.07e-12  1.77e-12  1.53e-12  1.34e-12  1.19e-12  1.06e-12  9.57e-13
     33     9     6   1.67e-12  1.38e-12  1.05e-12  8.64e-13  7.33e-13  6.32e-13  5.51e-13  4.85e-13  4.31e-13  3.86e-13  3.48e-13
     34     9     7   8.35e-12  8.38e-12  8.98e-12  8.96e-12  8.69e-12  8.35e-12  8.03e-12  7.74e-12  7.49e-12  7.26e-12  7.05e-12
     35     9     8   1.00e-11  1.02e-11  1.09e-11  1.08e-11  1.04e-11  1.00e-11  9.60e-12  9.23e-12  8.90e-12  8.61e-12  8.35e-12
     36    10     1   1.49e-13  1.57e-13  1.49e-13  1.37e-13  1.23e-13  1.10e-13  9.76e-14  8.72e-14  7.83e-14  7.06e-14  6.41e-14
     37    10     2   2.85e-12  2.82e-12  2.25e-12  1.86e-12  1.58e-12  1.35e-12  1.18e-12  1.03e-12  9.17e-13  8.20e-13  7.39e-13
     38    10     3   3.77e-12  3.22e-12  2.43e-12  2.00e-12  1.68e-12  1.44e-12  1.25e-12  1.10e-12  9.70e-13  8.67e-13  7.80e-13
     39    10     4   1.11e-12  9.25e-13  6.44e-13  4.98e-13  4.06e-13  3.41e-13  2.92e-13  2.54e-13  2.24e-13  1.99e-13  1.79e-13
     40    10     5   2.31e-11  2.27e-11  2.23e-11  2.21e-11  2.20e-11  2.19e-11  2.20e-11  2.21e-11  2.22e-11  2.24e-11  2.25e-11
     41    10     6   1.37e-12  1.28e-12  1.03e-12  8.88e-13  7.74e-13  6.79e-13  6.00e-13  5.34e-13  4.79e-13  4.32e-13  3.92e-13
     42    10     7   7.82e-11  7.83e-11  8.19e-11  8.45e-11  8.64e-11  8.79e-11  8.94e-11  9.09e-11  9.24e-11  9.39e-11  9.53e-11
     43    10     8   9.03e-13  1.11e-12  1.36e-12  1.45e-12  1.43e-12  1.37e-12  1.31e-12  1.24e-12  1.18e-12  1.12e-12  1.08e-12
     44    10     9   2.76e-11  2.79e-11  2.98e-11  3.10e-11  3.17e-11  3.22e-11  3.25e-11  3.29e-11  3.33e-11  3.37e-11  3.40e-11
     45    11     1   3.86e-13  4.23e-13  3.51e-13  2.92e-13  2.48e-13  2.13e-13  1.86e-13  1.63e-13  1.45e-13  1.30e-13  1.17e-13
     46    11     2   3.98e-12  3.54e-12  2.75e-12  2.28e-12  1.93e-12  1.66e-12  1.44e-12  1.27e-12  1.13e-12  1.01e-12  9.07e-13
     47    11     3   2.40e-12  2.22e-12  1.73e-12  1.42e-12  1.20e-12  1.03e-12  8.94e-13  7.85e-13  6.95e-13  6.22e-13  5.60e-13
     48    11     4   5.45e-12  5.35e-12  5.27e-12  5.21e-12  5.19e-12  5.18e-12  5.20e-12  5.22e-12  5.26e-12  5.30e-12  5.34e-12
     49    11     5   9.01e-12  8.60e-12  7.97e-12  7.61e-12  7.37e-12  7.21e-12  7.10e-12  7.03e-12  6.99e-12  6.97e-12  6.96e-12
     50    11     6   1.11e-11  1.10e-11  1.08e-11  1.07e-11  1.06e-11  1.06e-11  1.06e-11  1.06e-11  1.07e-11  1.07e-11  1.08e-11
     51    11     7   3.87e-13  4.76e-13  5.81e-13  6.20e-13  6.13e-13  5.88e-13  5.59e-13  5.31e-13  5.05e-13  4.82e-13  4.61e-13
     52    11     8   9.37e-11  9.40e-11  9.87e-11  1.02e-10  1.04e-10  1.06e-10  1.08e-10  1.09e-10  1.11e-10  1.13e-10  1.14e-10
     53    11     9   1.26e-11  1.29e-11  1.38e-11  1.44e-11  1.47e-11  1.48e-11  1.50e-11  1.51e-11  1.53e-11  1.54e-11  1.56e-11
     54    11    10   7.49e-13  9.54e-13  1.10e-12  1.10e-12  1.05e-12  9.93e-13  9.38e-13  8.89e-13  8.46e-13  8.09e-13  7.75e-13
     55    12     1   1.63e-12  1.38e-12  1.03e-12  8.41e-13  7.06e-13  6.04e-13  5.23e-13  4.58e-13  4.05e-13  3.62e-13  3.25e-13
     56    12     2   3.99e-12  3.67e-12  2.86e-12  2.35e-12  1.99e-12  1.70e-12  1.48e-12  1.30e-12  1.15e-12  1.03e-12  9.26e-13
     57    12     3   1.15e-12  1.15e-12  9.50e-13  8.04e-13  6.90e-13  5.97e-13  5.22e-13  4.61e-13  4.10e-13  3.68e-13  3.32e-13
     58    12     4   2.39e-13  2.59e-13  2.44e-13  2.28e-13  2.09e-13  1.88e-13  1.70e-13  1.53e-13  1.38e-13  1.26e-13  1.15e-13
     59    12     5   1.62e-11  1.58e-11  1.55e-11  1.52e-11  1.51e-11  1.50e-11  1.50e-11  1.50e-11  1.51e-11  1.52e-11  1.52e-11
     60    12     6   9.18e-12  8.80e-12  8.31e-12  8.03e-12  7.86e-12  7.76e-12  7.71e-12  7.70e-12  7.70e-12  7.72e-12  7.75e-12
     61    12     7   1.66e-11  1.68e-11  1.79e-11  1.86e-11  1.90e-11  1.93e-11  1.95e-11  1.97e-11  2.00e-11  2.02e-11  2.04e-11
     62    12     8   1.77e-11  1.80e-11  1.93e-11  2.01e-11  2.05e-11  2.08e-11  2.10e-11  2.12e-11  2.14e-11  2.16e-11  2.18e-11
     63    12     9   7.25e-11  7.26e-11  7.59e-11  7.83e-11  8.00e-11  8.14e-11  8.28e-11  8.41e-11  8.55e-11  8.69e-11  8.82e-11
     64    12    10   5.97e-12  7.17e-12  8.45e-12  8.65e-12  8.48e-12  8.21e-12  7.92e-12  7.66e-12  7.42e-12  7.20e-12  7.01e-12
     65    12    11   7.17e-12  8.68e-12  1.02e-11  1.04e-11  1.02e-11  9.80e-12  9.43e-12  9.09e-12  8.79e-12  8.52e-12  8.27e-12
     66    13     1   8.18e-12  8.53e-12  8.79e-12  8.62e-12  8.32e-12  8.01e-12  7.71e-12  7.45e-12  7.21e-12  6.99e-12  6.80e-12
     67    13     2   1.50e-11  1.56e-11  1.61e-11  1.58e-11  1.53e-11  1.47e-11  1.42e-11  1.37e-11  1.32e-11  1.28e-11  1.24e-11
     68    13     3   3.21e-12  3.08e-12  3.12e-12  3.11e-12  3.03e-12  2.92e-12  2.79e-12  2.67e-12  2.55e-12  2.44e-12  2.34e-12
     69    13     4   3.50e-13  4.02e-13  4.05e-13  3.96e-13  3.76e-13  3.49e-13  3.21e-13  2.94e-13  2.69e-13  2.46e-13  2.27e-13
     70    13     5   1.64e-11  1.70e-11  1.75e-11  1.76e-11  1.76e-11  1.76e-11  1.76e-11  1.76e-11  1.77e-11  1.78e-11  1.79e-11
     71    13     6   4.21e-11  4.36e-11  4.53e-11  4.58e-11  4.61e-11  4.64e-11  4.67e-11  4.71e-11  4.75e-11  4.80e-11  4.85e-11
     72    13     7   5.53e-12  6.00e-12  6.52e-12  6.65e-12  6.69e-12  6.72e-12  6.76e-12  6.81e-12  6.87e-12  6.94e-12  7.01e-12
     73    13     8   8.33e-12  9.08e-12  9.92e-12  1.01e-11  1.02e-11  1.02e-11  1.03e-11  1.03e-11  1.04e-11  1.05e-11  1.06e-11
     74    13     9   4.93e-13  7.91e-13  1.18e-12  1.23e-12  1.16e-12  1.06e-12  9.54e-13  8.61e-13  7.80e-13  7.09e-13  6.48e-13
     75    13    10   2.94e-13  6.11e-13  1.19e-12  1.35e-12  1.32e-12  1.22e-12  1.11e-12  1.01e-12  9.12e-13  8.29e-13  7.56e-13
     76    13    11   1.46e-12  2.00e-12  2.97e-12  3.29e-12  3.33e-12  3.29e-12  3.24e-12  3.20e-12  3.18e-12  3.17e-12  3.18e-12
     77    13    12   1.32e-12  1.70e-12  2.30e-12  2.45e-12  2.44e-12  2.40e-12  2.36e-12  2.34e-12  2.34e-12  2.36e-12  2.38e-12
     78    14     1   1.47e-13  1.56e-13  1.74e-13  1.85e-13  1.84e-13  1.77e-13  1.66e-13  1.55e-13  1.43e-13  1.33e-13  1.23e-13
     79    14     2   1.78e-11  1.82e-11  1.87e-11  1.84e-11  1.78e-11  1.71e-11  1.65e-11  1.59e-11  1.53e-11  1.48e-11  1.44e-11
     80    14     3   8.48e-12  8.84e-12  9.14e-12  8.99e-12  8.69e-12  8.36e-12  8.05e-12  7.76e-12  7.49e-12  7.26e-12  7.05e-12
     81    14     4   7.68e-13  7.59e-13  7.44e-13  7.19e-13  6.91e-13  6.66e-13  6.43e-13  6.23e-13  6.07e-13  5.93e-13  5.80e-13
     82    14     5   5.62e-11  5.83e-11  6.05e-11  6.12e-11  6.16e-11  6.19e-11  6.24e-11  6.29e-11  6.34e-11  6.40e-11  6.46e-11
     83    14     6   1.89e-12  1.92e-12  1.89e-12  1.83e-12  1.76e-12  1.68e-12  1.61e-12  1.54e-12  1.48e-12  1.43e-12  1.39e-12
     84    14     7   2.01e-12  2.21e-12  2.44e-12  2.50e-12  2.51e-12  2.52e-12  2.52e-12  2.53e-12  2.55e-12  2.56e-12  2.58e-12
     85    14     8   6.40e-12  7.18e-12  8.10e-12  8.28e-12  8.25e-12  8.18e-12  8.12e-12  8.09e-12  8.08e-12  8.09e-12  8.10e-12
     86    14     9   5.95e-12  6.49e-12  7.08e-12  7.24e-12  7.28e-12  7.31e-12  7.34e-12  7.39e-12  7.45e-12  7.51e-12  7.58e-12
     87    14    10   8.89e-13  1.05e-12  1.34e-12  1.46e-12  1.52e-12  1.56e-12  1.61e-12  1.66e-12  1.72e-12  1.78e-12  1.85e-12
     88    14    11   1.14e-12  1.83e-12  3.00e-12  3.28e-12  3.19e-12  3.00e-12  2.79e-12  2.60e-12  2.44e-12  2.31e-12  2.19e-12
     89    14    12   1.04e-12  1.43e-12  2.12e-12  2.35e-12  2.38e-12  2.35e-12  2.31e-12  2.28e-12  2.27e-12  2.27e-12  2.27e-12
     90    14    13   1.77e-12  2.38e-12  3.41e-12  3.94e-12  4.07e-12  4.01e-12  3.87e-12  3.70e-12  3.52e-12  3.35e-12  3.19e-12
     91    15     1   7.10e-13  5.37e-13  5.00e-13  5.16e-13  5.14e-13  4.95e-13  4.67e-13  4.36e-13  4.05e-13  3.76e-13  3.49e-13
     92    15     2   6.79e-12  7.08e-12  7.35e-12  7.27e-12  7.04e-12  6.77e-12  6.51e-12  6.26e-12  6.03e-12  5.82e-12  5.63e-12
     93    15     3   1.89e-11  1.96e-11  2.02e-11  1.98e-11  1.91e-11  1.84e-11  1.77e-11  1.71e-11  1.65e-11  1.60e-11  1.56e-11
     94    15     4   3.03e-11  3.14e-11  3.27e-11  3.31e-11  3.33e-11  3.36e-11  3.39e-11  3.42e-11  3.45e-11  3.49e-11  3.53e-11
     95    15     5   5.00e-12  5.06e-12  5.06e-12  4.97e-12  4.85e-12  4.74e-12  4.63e-12  4.55e-12  4.48e-12  4.42e-12  4.37e-12
     96    15     6   2.35e-11  2.45e-11  2.54e-11  2.57e-11  2.59e-11  2.60e-11  2.61e-11  2.63e-11  2.65e-11  2.67e-11  2.69e-11
     97    15     7   4.61e-13  7.28e-13  1.07e-12  1.10e-12  1.03e-12  9.32e-13  8.39e-13  7.55e-13  6.82e-13  6.19e-13  5.65e-13
     98    15     8   4.68e-12  5.15e-12  5.69e-12  5.83e-12  5.87e-12  5.88e-12  5.89e-12  5.91e-12  5.95e-12  5.98e-12  6.02e-12
     99    15     9   9.22e-12  1.00e-11  1.09e-11  1.11e-11  1.11e-11  1.12e-11  1.13e-11  1.13e-11  1.15e-11  1.16e-11  1.17e-11
    100    15    10   5.11e-13  8.40e-13  1.35e-12  1.43e-12  1.35e-12  1.23e-12  1.11e-12  9.96e-13  8.97e-13  8.12e-13  7.38e-13
    101    15    11   2.07e-12  2.45e-12  3.12e-12  3.40e-12  3.54e-12  3.64e-12  3.75e-12  3.87e-12  4.01e-12  4.16e-12  4.32e-12
    102    15    12   4.89e-13  1.02e-12  1.98e-12  2.25e-12  2.19e-12  2.03e-12  1.85e-12  1.68e-12  1.52e-12  1.38e-12  1.26e-12
    103    15    13   3.24e-12  4.32e-12  6.17e-12  7.10e-12  7.34e-12  7.22e-12  6.97e-12  6.66e-12  6.35e-12  6.04e-12  5.76e-12
    104    15    14   8.35e-13  1.15e-12  1.69e-12  1.97e-12  2.05e-12  2.02e-12  1.95e-12  1.86e-12  1.77e-12  1.68e-12  1.60e-12
    105    16     1   2.59e-13  3.76e-13  4.05e-13  3.99e-13  3.78e-13  3.49e-13  3.20e-13  2.92e-13  2.67e-13  2.45e-13  2.25e-13
    106    16     2   1.60e-11  1.67e-11  1.73e-11  1.75e-11  1.75e-11  1.75e-11  1.75e-11  1.76e-11  1.76e-11  1.77e-11  1.78e-11
    107    16     3   4.15e-11  4.31e-11  4.48e-11  4.54e-11  4.57e-11  4.61e-11  4.64e-11  4.69e-11  4.73e-11  4.78e-11  4.83e-11
    108    16     4   7.98e-12  8.48e-12  8.79e-12  8.63e-12  8.34e-12  8.02e-12  7.73e-12  7.47e-12  7.23e-12  7.02e-12  6.82e-12
    109    16     5   1.43e-11  1.53e-11  1.60e-11  1.58e-11  1.53e-11  1.47e-11  1.42e-11  1.37e-11  1.32e-11  1.28e-11  1.24e-11
    110    16     6   2.44e-12  2.70e-12  2.95e-12  3.01e-12  2.97e-12  2.87e-12  2.76e-12  2.64e-12  2.53e-12  2.42e-12  2.33e-12
    111    16     7   1.58e-13  5.59e-13  1.19e-12  1.36e-12  1.33e-12  1.23e-12  1.12e-12  1.01e-12  9.19e-13  8.34e-13  7.60e-13
    112    16     8   1.30e-12  1.96e-12  3.00e-12  3.33e-12  3.37e-12  3.32e-12  3.27e-12  3.22e-12  3.20e-12  3.19e-12  3.20e-12
    113    16     9   1.18e-12  1.66e-12  2.28e-12  2.44e-12  2.43e-12  2.40e-12  2.36e-12  2.34e-12  2.34e-12  2.36e-12  2.38e-12
    114    16    10   5.58e-12  6.02e-12  6.52e-12  6.64e-12  6.67e-12  6.70e-12  6.74e-12  6.79e-12  6.85e-12  6.91e-12  6.98e-12
    115    16    11   8.37e-12  9.09e-12  9.90e-12  1.01e-11  1.02e-11  1.02e-11  1.02e-11  1.03e-11  1.04e-11  1.05e-11  1.06e-11
    116    16    12   4.45e-13  7.95e-13  1.22e-12  1.26e-12  1.19e-12  1.08e-12  9.70e-13  8.75e-13  7.91e-13  7.19e-13  6.56e-13
    117    16    13   1.74e-11  1.76e-11  1.99e-11  2.14e-11  2.21e-11  2.25e-11  2.28e-11  2.30e-11  2.32e-11  2.35e-11  2.37e-11
    118    16    14   5.86e-12  6.34e-12  7.78e-12  8.64e-12  9.02e-12  9.18e-12  9.24e-12  9.25e-12  9.26e-12  9.26e-12  9.27e-12
    119    16    15   5.05e-12  5.34e-12  6.45e-12  7.12e-12  7.43e-12  7.56e-12  7.62e-12  7.65e-12  7.67e-12  7.69e-12  7.71e-12
    120    17     1   7.41e-13  7.47e-13  7.40e-13  7.17e-13  6.90e-13  6.65e-13  6.42e-13  6.23e-13  6.07e-13  5.92e-13  5.80e-13
    121    17     2   5.53e-11  5.76e-11  5.99e-11  6.07e-11  6.12e-11  6.16e-11  6.20e-11  6.25e-11  6.31e-11  6.37e-11  6.44e-11
    122    17     3   1.74e-12  1.87e-12  1.88e-12  1.83e-12  1.76e-12  1.68e-12  1.60e-12  1.54e-12  1.48e-12  1.43e-12  1.38e-12
    123    17     4   7.79e-14  1.19e-13  1.58e-13  1.74e-13  1.76e-13  1.70e-13  1.61e-13  1.50e-13  1.39e-13  1.29e-13  1.20e-13
    124    17     5   1.65e-11  1.76e-11  1.85e-11  1.83e-11  1.77e-11  1.71e-11  1.65e-11  1.59e-11  1.53e-11  1.48e-11  1.44e-11
    125    17     6   8.14e-12  8.71e-12  9.11e-12  8.98e-12  8.69e-12  8.37e-12  8.05e-12  7.77e-12  7.51e-12  7.27e-12  7.06e-12
    126    17     7   8.80e-13  1.07e-12  1.36e-12  1.48e-12  1.54e-12  1.58e-12  1.62e-12  1.67e-12  1.73e-12  1.80e-12  1.86e-12
    127    17     8   8.31e-13  1.71e-12  2.97e-12  3.27e-12  3.19e-12  3.00e-12  2.79e-12  2.60e-12  2.44e-12  2.31e-12  2.19e-12
    128    17     9   9.32e-13  1.40e-12  2.14e-12  2.38e-12  2.41e-12  2.37e-12  2.33e-12  2.30e-12  2.28e-12  2.28e-12  2.29e-12
    129    17    10   2.00e-12  2.20e-12  2.42e-12  2.48e-12  2.49e-12  2.50e-12  2.50e-12  2.51e-12  2.53e-12  2.55e-12  2.56e-12
    130    17    11   6.42e-12  7.22e-12  8.15e-12  8.32e-12  8.27e-12  8.19e-12  8.13e-12  8.09e-12  8.08e-12  8.08e-12  8.09e-12
    131    17    12   5.98e-12  6.49e-12  7.07e-12  7.22e-12  7.25e-12  7.27e-12  7.31e-12  7.35e-12  7.41e-12  7.48e-12  7.55e-12
    132    17    13   4.19e-12  4.53e-12  5.56e-12  6.17e-12  6.44e-12  6.56e-12  6.60e-12  6.61e-12  6.62e-12  6.62e-12  6.62e-12
    133    17    14   2.36e-11  2.41e-11  2.77e-11  3.00e-11  3.11e-11  3.16e-11  3.20e-11  3.23e-11  3.25e-11  3.28e-11  3.31e-11
    134    17    15   4.83e-13  6.18e-13  8.43e-13  9.67e-13  1.02e-12  1.03e-12  1.03e-12  1.02e-12  1.01e-12  9.91e-13  9.78e-13
    135    17    16   1.80e-12  2.41e-12  3.47e-12  3.99e-12  4.11e-12  4.04e-12  3.89e-12  3.71e-12  3.54e-12  3.36e-12  3.20e-12
    136    18     1   2.99e-11  3.11e-11  3.23e-11  3.28e-11  3.31e-11  3.34e-11  3.37e-11  3.40e-11  3.44e-11  3.47e-11  3.51e-11
    137    18     2   4.80e-12  4.97e-12  5.03e-12  4.95e-12  4.84e-12  4.72e-12  4.62e-12  4.54e-12  4.47e-12  4.41e-12  4.36e-12
    138    18     3   2.30e-11  2.41e-11  2.52e-11  2.55e-11  2.57e-11  2.58e-11  2.60e-11  2.62e-11  2.64e-11  2.66e-11  2.68e-11
    139    18     4   2.50e-13  3.06e-13  3.91e-13  4.51e-13  4.70e-13  4.63e-13  4.43e-13  4.17e-13  3.90e-13  3.63e-13  3.38e-13
    140    18     5   6.33e-12  6.87e-12  7.27e-12  7.23e-12  7.02e-12  6.76e-12  6.50e-12  6.25e-12  6.03e-12  5.82e-12  5.64e-12
    141    18     6   1.81e-11  1.93e-11  2.01e-11  1.98e-11  1.91e-11  1.84e-11  1.77e-11  1.71e-11  1.66e-11  1.61e-11  1.56e-11
    142    18     7   3.27e-13  7.58e-13  1.31e-12  1.41e-12  1.33e-12  1.21e-12  1.09e-12  9.83e-13  8.86e-13  8.02e-13  7.29e-13
    143    18     8   2.05e-12  2.49e-12  3.17e-12  3.45e-12  3.59e-12  3.68e-12  3.79e-12  3.90e-12  4.04e-12  4.19e-12  4.35e-12
    144    18     9   2.63e-13  9.31e-13  1.99e-12  2.27e-12  2.22e-12  2.05e-12  1.87e-12  1.69e-12  1.53e-12  1.39e-12  1.27e-12
    145    18    10   4.41e-13  7.49e-13  1.12e-12  1.16e-12  1.07e-12  9.70e-13  8.70e-13  7.82e-13  7.05e-13  6.39e-13  5.83e-13
    146    18    11   4.66e-12  5.12e-12  5.64e-12  5.78e-12  5.81e-12  5.82e-12  5.84e-12  5.86e-12  5.90e-12  5.94e-12  5.98e-12
    147    18    12   9.30e-12  1.00e-11  1.09e-11  1.11e-11  1.11e-11  1.12e-11  1.12e-11  1.13e-11  1.14e-11  1.15e-11  1.16e-11
    148    18    13   8.41e-12  8.90e-12  1.07e-11  1.19e-11  1.24e-11  1.26e-11  1.27e-11  1.28e-11  1.28e-11  1.28e-11  1.29e-11
    149    18    14   1.13e-12  1.44e-12  1.97e-12  2.26e-12  2.38e-12  2.41e-12  2.40e-12  2.38e-12  2.35e-12  2.31e-12  2.28e-12
    150    18    15   1.88e-11  1.89e-11  2.14e-11  2.30e-11  2.38e-11  2.42e-11  2.45e-11  2.48e-11  2.50e-11  2.53e-11  2.55e-11
    151    18    16   3.38e-12  4.43e-12  6.30e-12  7.22e-12  7.42e-12  7.29e-12  7.02e-12  6.70e-12  6.38e-12  6.07e-12  5.78e-12
    152    18    17   7.59e-13  1.11e-12  1.67e-12  1.96e-12  2.04e-12  2.02e-12  1.95e-12  1.86e-12  1.77e-12  1.68e-12  1.60e-12
    153    19     1   8.88e-14  7.98e-14  5.80e-14  4.60e-14  3.88e-14  3.38e-14  3.00e-14  2.70e-14  2.45e-14  2.23e-14  2.05e-14
    154    19     2   2.60e-12  2.51e-12  2.44e-12  2.38e-12  2.34e-12  2.31e-12  2.28e-12  2.27e-12  2.26e-12  2.25e-12  2.24e-12
    155    19     3   4.55e-12  4.57e-12  4.56e-12  4.50e-12  4.44e-12  4.40e-12  4.37e-12  4.35e-12  4.34e-12  4.33e-12  4.33e-12
    156    19     4   1.60e-13  1.26e-13  8.73e-14  7.32e-14  6.62e-14  6.10e-14  5.65e-14  5.24e-14  4.86e-14  4.52e-14  4.22e-14
    157    19     5   4.26e-12  4.13e-12  4.06e-12  4.07e-12  4.13e-12  4.24e-12  4.37e-12  4.52e-12  4.68e-12  4.85e-12  5.01e-12
    158    19     6   4.80e-13  3.46e-13  2.33e-13  1.89e-13  1.67e-13  1.51e-13  1.37e-13  1.26e-13  1.15e-13  1.06e-13  9.85e-14
    159    19     7   1.39e-11  1.42e-11  1.46e-11  1.45e-11  1.42e-11  1.39e-11  1.36e-11  1.33e-11  1.30e-11  1.27e-11  1.24e-11
    160    19     8   1.30e-12  1.28e-12  1.27e-12  1.26e-12  1.25e-12  1.24e-12  1.22e-12  1.20e-12  1.17e-12  1.15e-12  1.12e-12
    161    19     9   9.69e-12  1.00e-11  1.04e-11  1.04e-11  1.03e-11  1.01e-11  9.88e-12  9.67e-12  9.46e-12  9.27e-12  9.07e-12
    162    19    10   4.07e-11  4.22e-11  4.37e-11  4.39e-11  4.40e-11  4.41e-11  4.44e-11  4.46e-11  4.50e-11  4.53e-11  4.56e-11
    163    19    11   1.66e-12  1.59e-12  1.52e-12  1.49e-12  1.46e-12  1.44e-12  1.43e-12  1.41e-12  1.39e-12  1.38e-12  1.36e-12
    164    19    12   1.20e-11  1.21e-11  1.23e-11  1.22e-11  1.22e-11  1.21e-11  1.21e-11  1.21e-11  1.21e-11  1.21e-11  1.21e-11
    165    19    13   9.62e-12  9.38e-12  9.26e-12  9.22e-12  9.23e-12  9.26e-12  9.32e-12  9.38e-12  9.45e-12  9.52e-12  9.58e-12
    166    19    14   4.13e-12  3.97e-12  3.85e-12  3.79e-12  3.77e-12  3.77e-12  3.78e-12  3.81e-12  3.84e-12  3.87e-12  3.90e-12
    167    19    15   4.32e-12  4.11e-12  3.96e-12  3.91e-12  3.90e-12  3.90e-12  3.91e-12  3.92e-12  3.94e-12  3.96e-12  3.97e-12
    168    19    16   2.77e-12  2.31e-12  1.61e-12  1.28e-12  1.09e-12  9.66e-13  8.78e-13  8.12e-13  7.60e-13  7.20e-13  6.87e-13
    169    19    17   1.10e-12  9.37e-13  6.80e-13  5.48e-13  4.77e-13  4.33e-13  4.03e-13  3.83e-13  3.69e-13  3.59e-13  3.52e-13
    170    19    18   2.18e-12  1.77e-12  1.20e-12  9.39e-13  7.89e-13  6.85e-13  6.06e-13  5.43e-13  4.90e-13  4.45e-13  4.06e-13
    171    20     1   2.23e-12  2.24e-12  2.25e-12  2.23e-12  2.20e-12  2.18e-12  2.17e-12  2.16e-12  2.16e-12  2.16e-12  2.15e-12
    172    20     2   4.47e-12  4.42e-12  4.37e-12  4.30e-12  4.24e-12  4.19e-12  4.16e-12  4.14e-12  4.12e-12  4.11e-12  4.11e-12
    173    20     3   5.39e-13  4.90e-13  4.31e-13  4.00e-13  3.80e-13  3.66e-13  3.56e-13  3.47e-13  3.41e-13  3.35e-13  3.30e-13
    174    20     4   1.60e-13  1.10e-13  7.27e-14  5.81e-14  5.03e-14  4.48e-14  4.04e-14  3.67e-14  3.34e-14  3.06e-14  2.82e-14
    175    20     5   2.96e-12  2.80e-12  2.68e-12  2.66e-12  2.69e-12  2.74e-12  2.82e-12  2.90e-12  3.00e-12  3.10e-12  3.19e-12
    176    20     6   1.78e-12  1.69e-12  1.62e-12  1.61e-12  1.63e-12  1.66e-12  1.71e-12  1.76e-12  1.81e-12  1.87e-12  1.93e-12
    177    20     7   4.80e-12  4.99e-12  5.19e-12  5.21e-12  5.15e-12  5.07e-12  4.97e-12  4.87e-12  4.76e-12  4.67e-12  4.57e-12
    178    20     8   7.43e-12  7.65e-12  7.90e-12  7.90e-12  7.81e-12  7.68e-12  7.53e-12  7.37e-12  7.21e-12  7.06e-12  6.91e-12
    179    20     9   1.26e-11  1.29e-11  1.31e-11  1.30e-11  1.28e-11  1.25e-11  1.22e-11  1.19e-11  1.16e-11  1.14e-11  1.11e-11
    180    20    10   2.99e-12  2.91e-12  2.83e-12  2.77e-12  2.72e-12  2.67e-12  2.62e-12  2.58e-12  2.55e-12  2.51e-12  2.48e-12
    181    20    11   9.20e-12  9.28e-12  9.36e-12  9.31e-12  9.25e-12  9.21e-12  9.18e-12  9.17e-12  9.17e-12  9.17e-12  9.17e-12
    182    20    12   4.21e-11  4.37e-11  4.53e-11  4.56e-11  4.57e-11  4.58e-11  4.61e-11  4.64e-11  4.68e-11  4.71e-11  4.75e-11
    183    20    13   3.32e-12  3.09e-12  2.91e-12  2.84e-12  2.81e-12  2.79e-12  2.79e-12  2.80e-12  2.81e-12  2.82e-12  2.83e-12
    184    20    14   8.80e-12  8.55e-12  8.40e-12  8.35e-12  8.35e-12  8.37e-12  8.41e-12  8.47e-12  8.53e-12  8.60e-12  8.66e-12
    185    20    15   5.95e-12  5.81e-12  5.75e-12  5.74e-12  5.74e-12  5.77e-12  5.80e-12  5.84e-12  5.89e-12  5.93e-12  5.97e-12
    186    20    16   1.96e-12  1.60e-12  1.09e-12  8.52e-13  7.18e-13  6.25e-13  5.55e-13  4.98e-13  4.50e-13  4.10e-13  3.76e-13
    187    20    17   2.49e-12  2.08e-12  1.47e-12  1.17e-12  1.00e-12  8.92e-13  8.16e-13  7.60e-13  7.17e-13  6.83e-13  6.57e-13
    188    20    18   1.60e-12  1.34e-12  9.39e-13  7.44e-13  6.36e-13  5.66e-13  5.17e-13  4.80e-13  4.52e-13  4.30e-13  4.13e-13
    189    20    19   6.54e-13  5.23e-13  5.53e-13  7.03e-13  8.29e-13  9.02e-13  9.33e-13  9.38e-13  9.27e-13  9.08e-13  8.84e-13
    190    21     1   9.18e-14  6.62e-14  4.64e-14  3.85e-14  3.43e-14  3.14e-14  2.90e-14  2.68e-14  2.48e-14  2.31e-14  2.15e-14
    191    21     2   4.47e-12  4.44e-12  4.39e-12  4.31e-12  4.24e-12  4.19e-12  4.16e-12  4.14e-12  4.12e-12  4.11e-12  4.10e-12
    192    21     3   2.68e-12  2.65e-12  2.62e-12  2.58e-12  2.54e-12  2.51e-12  2.49e-12  2.48e-12  2.47e-12  2.47e-12  2.46e-12
    193    21     4   1.06e-12  1.04e-12  1.03e-12  1.04e-12  1.06e-12  1.08e-12  1.12e-12  1.16e-12  1.20e-12  1.25e-12  1.29e-12
    194    21     5   1.68e-12  1.50e-12  1.34e-12  1.28e-12  1.27e-12  1.28e-12  1.30e-12  1.32e-12  1.35e-12  1.38e-12  1.41e-12
    195    21     6   2.16e-12  2.07e-12  2.01e-12  2.01e-12  2.04e-12  2.08e-12  2.15e-12  2.22e-12  2.29e-12  2.37e-12  2.45e-12
    196    21     7   1.59e-13  1.30e-13  1.06e-13  1.03e-13  1.05e-13  1.07e-13  1.07e-13  1.06e-13  1.04e-13  1.02e-13  9.89e-14
    197    21     8   2.06e-11  2.11e-11  2.17e-11  2.16e-11  2.12e-11  2.08e-11  2.04e-11  1.99e-11  1.95e-11  1.90e-11  1.86e-11
    198    21     9   4.13e-12  4.26e-12  4.41e-12  4.42e-12  4.38e-12  4.31e-12  4.23e-12  4.14e-12  4.06e-12  3.97e-12  3.89e-12
    199    21    10   4.15e-13  3.84e-13  3.57e-13  3.46e-13  3.39e-13  3.34e-13  3.29e-13  3.24e-13  3.19e-13  3.14e-13  3.09e-13
    200    21    11   5.10e-11  5.28e-11  5.45e-11  5.47e-11  5.48e-11  5.49e-11  5.51e-11  5.54e-11  5.58e-11  5.61e-11  5.65e-11
    201    21    12   2.84e-12  2.75e-12  2.66e-12  2.60e-12  2.55e-12  2.50e-12  2.46e-12  2.42e-12  2.39e-12  2.36e-12  2.32e-12
    202    21    13   6.13e-12  5.96e-12  5.87e-12  5.83e-12  5.83e-12  5.85e-12  5.88e-12  5.92e-12  5.97e-12  6.01e-12  6.06e-12
    203    21    14   1.05e-11  1.02e-11  9.91e-12  9.83e-12  9.81e-12  9.83e-12  9.87e-12  9.93e-12  9.99e-12  1.01e-11  1.01e-11
    204    21    15   1.40e-12  1.34e-12  1.29e-12  1.26e-12  1.25e-12  1.25e-12  1.25e-12  1.26e-12  1.27e-12  1.28e-12  1.29e-12
    205    21    16   1.64e-12  1.38e-12  9.77e-13  7.78e-13  6.68e-13  5.98e-13  5.49e-13  5.13e-13  4.87e-13  4.66e-13  4.50e-13
    206    21    17   4.04e-12  3.32e-12  2.29e-12  1.80e-12  1.52e-12  1.33e-12  1.20e-12  1.09e-12  1.00e-12  9.28e-13  8.67e-13
    207    21    18   3.69e-13  3.18e-13  2.33e-13  1.89e-13  1.66e-13  1.51e-13  1.42e-13  1.36e-13  1.32e-13  1.29e-13  1.28e-13
    208    21    19   9.88e-14  1.02e-13  1.13e-13  1.39e-13  1.63e-13  1.78e-13  1.86e-13  1.89e-13  1.88e-13  1.86e-13  1.83e-13
    209    21    20   5.75e-13  4.75e-13  5.05e-13  6.39e-13  7.53e-13  8.19e-13  8.49e-13  8.54e-13  8.46e-13  8.29e-13  8.08e-13
    210    22     1   1.43e-13  1.16e-13  8.17e-14  6.96e-14  6.34e-14  5.87e-14  5.44e-14  5.05e-14  4.69e-14  4.37e-14  4.07e-14
    211    22     2   4.10e-12  4.06e-12  4.03e-12  4.05e-12  4.12e-12  4.23e-12  4.37e-12  4.52e-12  4.68e-12  4.85e-12  5.01e-12
    212    22     3   2.66e-13  2.35e-13  1.77e-13  1.55e-13  1.42e-13  1.32e-13  1.22e-13  1.13e-13  1.05e-13  9.71e-14  9.03e-14
    213    22     4   7.87e-14  7.36e-14  5.48e-14  4.42e-14  3.77e-14  3.31e-14  2.95e-14  2.66e-14  2.41e-14  2.21e-14  2.03e-14
    214    22     5   2.37e-12  2.40e-12  2.39e-12  2.35e-12  2.31e-12  2.29e-12  2.27e-12  2.25e-12  2.24e-12  2.24e-12  2.23e-12
    215    22     6   4.54e-12  4.56e-12  4.55e-12  4.49e-12  4.43e-12  4.39e-12  4.36e-12  4.34e-12  4.33e-12  4.32e-12  4.32e-12
    216    22     7   3.93e-11  4.13e-11  4.30e-11  4.34e-11  4.35e-11  4.37e-11  4.40e-11  4.43e-11  4.46e-11  4.50e-11  4.53e-11
    217    22     8   1.60e-12  1.56e-12  1.51e-12  1.48e-12  1.46e-12  1.44e-12  1.42e-12  1.41e-12  1.39e-12  1.38e-12  1.36e-12
    218    22     9   1.15e-11  1.19e-11  1.21e-11  1.21e-11  1.21e-11  1.20e-11  1.20e-11  1.20e-11  1.20e-11  1.21e-11  1.21e-11
    219    22    10   1.23e-11  1.34e-11  1.42e-11  1.43e-11  1.41e-11  1.39e-11  1.36e-11  1.33e-11  1.30e-11  1.27e-11  1.25e-11
    220    22    11   1.10e-12  1.18e-12  1.22e-12  1.24e-12  1.24e-12  1.23e-12  1.21e-12  1.19e-12  1.17e-12  1.15e-12  1.12e-12
    221    22    12   8.77e-12  9.58e-12  1.02e-11  1.03e-11  1.02e-11  1.01e-11  9.88e-12  9.68e-12  9.48e-12  9.29e-12  9.10e-12
    222    22    13   2.26e-12  2.04e-12  1.48e-12  1.19e-12  1.03e-12  9.23e-13  8.43e-13  7.82e-13  7.35e-13  6.97e-13  6.67e-13
    223    22    14   8.40e-13  8.18e-13  6.25e-13  5.14e-13  4.53e-13  4.14e-13  3.88e-13  3.70e-13  3.57e-13  3.49e-13  3.43e-13
    224    22    15   1.90e-12  1.60e-12  1.11e-12  8.86e-13  7.53e-13  6.59e-13  5.86e-13  5.26e-13  4.75e-13  4.32e-13  3.95e-13
    225    22    16   9.37e-12  9.23e-12  9.18e-12  9.17e-12  9.18e-12  9.22e-12  9.28e-12  9.34e-12  9.42e-12  9.49e-12  9.55e-12
    226    22    17   4.05e-12  3.93e-12  3.83e-12  3.78e-12  3.76e-12  3.76e-12  3.78e-12  3.80e-12  3.83e-12  3.87e-12  3.90e-12
    227    22    18   4.17e-12  4.02e-12  3.91e-12  3.88e-12  3.87e-12  3.87e-12  3.89e-12  3.90e-12  3.92e-12  3.94e-12  3.96e-12
    228    22    19   5.36e-11  5.45e-11  5.74e-11  5.88e-11  5.95e-11  6.00e-11  6.05e-11  6.09e-11  6.14e-11  6.19e-11  6.24e-11
    229    22    20   7.16e-12  7.39e-12  8.01e-12  8.44e-12  8.73e-12  8.92e-12  9.06e-12  9.17e-12  9.26e-12  9.34e-12  9.41e-12
    230    22    21   1.53e-13  1.83e-13  2.35e-13  2.97e-13  3.46e-13  3.78e-13  3.98e-13  4.09e-13  4.15e-13  4.17e-13  4.17e-13
    231    23     1   6.14e-14  5.97e-14  4.79e-14  4.25e-14  3.93e-14  3.65e-14  3.38e-14  3.13e-14  2.89e-14  2.67e-14  2.48e-14
    232    23     2   2.73e-12  2.68e-12  2.63e-12  2.63e-12  2.67e-12  2.73e-12  2.81e-12  2.90e-12  2.99e-12  3.09e-12  3.19e-12
    233    23     3   1.72e-12  1.67e-12  1.61e-12  1.60e-12  1.62e-12  1.66e-12  1.70e-12  1.76e-12  1.81e-12  1.87e-12  1.93e-12
    234    23     4   2.23e-12  2.24e-12  2.25e-12  2.22e-12  2.20e-12  2.18e-12  2.17e-12  2.16e-12  2.15e-12  2.15e-12  2.15e-12
    235    23     5   4.32e-12  4.35e-12  4.34e-12  4.28e-12  4.22e-12  4.17e-12  4.14e-12  4.12e-12  4.11e-12  4.10e-12  4.09e-12
    236    23     6   4.41e-13  4.41e-13  4.08e-13  3.85e-13  3.70e-13  3.59e-13  3.50e-13  3.42e-13  3.36e-13  3.31e-13  3.26e-13
    237    23     7   2.87e-12  2.86e-12  2.81e-12  2.76e-12  2.71e-12  2.67e-12  2.62e-12  2.58e-12  2.55e-12  2.51e-12  2.48e-12
    238    23     8   8.87e-12  9.10e-12  9.25e-12  9.23e-12  9.19e-12  9.15e-12  9.13e-12  9.12e-12  9.12e-12  9.13e-12  9.13e-12
    239    23     9   4.07e-11  4.28e-11  4.46e-11  4.50e-11  4.52e-11  4.54e-11  4.57e-11  4.60e-11  4.64e-11  4.68e-11  4.72e-11
    240    23    10   4.38e-12  4.79e-12  5.11e-12  5.17e-12  5.14e-12  5.07e-12  4.97e-12  4.88e-12  4.78e-12  4.68e-12  4.59e-12
    241    23    11   6.69e-12  7.29e-12  7.75e-12  7.83e-12  7.78e-12  7.66e-12  7.52e-12  7.37e-12  7.22e-12  7.08e-12  6.93e-12
    242    23    12   1.11e-11  1.21e-11  1.28e-11  1.28e-11  1.27e-11  1.24e-11  1.22e-11  1.19e-11  1.16e-11  1.14e-11  1.12e-11
    243    23    13   1.71e-12  1.44e-12  1.01e-12  8.06e-13  6.87e-13  6.03e-13  5.37e-13  4.83e-13  4.38e-13  3.99e-13  3.66e-13
    244    23    14   2.00e-12  1.83e-12  1.35e-12  1.09e-12  9.48e-13  8.53e-13  7.84e-13  7.33e-13  6.93e-13  6.62e-13  6.38e-13
    245    23    15   1.29e-12  1.17e-12  8.60e-13  6.96e-13  6.02e-13  5.40e-13  4.96e-13  4.62e-13  4.37e-13  4.17e-13  4.01e-13
    246    23    16   3.20e-12  3.03e-12  2.87e-12  2.82e-12  2.79e-12  2.78e-12  2.78e-12  2.79e-12  2.80e-12  2.81e-12  2.82e-12
    247    23    17   8.58e-12  8.43e-12  8.34e-12  8.31e-12  8.31e-12  8.34e-12  8.38e-12  8.44e-12  8.51e-12  8.57e-12  8.63e-12
    248    23    18   5.80e-12  5.73e-12  5.70e-12  5.70e-12  5.72e-12  5.74e-12  5.78e-12  5.82e-12  5.87e-12  5.91e-12  5.95e-12
    249    23    19   5.12e-12  5.28e-12  5.72e-12  6.03e-12  6.23e-12  6.37e-12  6.47e-12  6.55e-12  6.61e-12  6.67e-12  6.72e-12
    250    23    20   5.05e-11  5.14e-11  5.41e-11  5.53e-11  5.59e-11  5.63e-11  5.67e-11  5.71e-11  5.76e-11  5.81e-11  5.85e-11
    251    23    21   5.25e-12  5.42e-12  5.89e-12  6.24e-12  6.46e-12  6.62e-12  6.72e-12  6.81e-12  6.88e-12  6.94e-12  6.99e-12
    252    23    22   3.44e-13  3.85e-13  5.03e-13  6.79e-13  8.13e-13  8.89e-13  9.21e-13  9.26e-13  9.15e-13  8.96e-13  8.73e-13
    253    24     1   1.04e-12  1.03e-12  1.03e-12  1.04e-12  1.06e-12  1.09e-12  1.12e-12  1.16e-12  1.21e-12  1.25e-12  1.29e-12
    254    24     2   1.45e-12  1.37e-12  1.28e-12  1.25e-12  1.25e-12  1.26e-12  1.28e-12  1.31e-12  1.34e-12  1.37e-12  1.40e-12
    255    24     3   2.02e-12  2.00e-12  1.98e-12  1.99e-12  2.02e-12  2.08e-12  2.14e-12  2.21e-12  2.29e-12  2.37e-12  2.45e-12
    256    24     4   3.40e-14  3.88e-14  3.37e-14  3.06e-14  2.88e-14  2.72e-14  2.55e-14  2.40e-14  2.24e-14  2.10e-14  1.96e-14
    257    24     5   4.39e-12  4.40e-12  4.37e-12  4.29e-12  4.23e-12  4.18e-12  4.15e-12  4.13e-12  4.11e-12  4.10e-12  4.09e-12
    258    24     6   2.58e-12  2.59e-12  2.59e-12  2.56e-12  2.53e-12  2.50e-12  2.48e-12  2.47e-12  2.46e-12  2.46e-12  2.45e-12
    259    24     7   4.00e-13  3.79e-13  3.55e-13  3.45e-13  3.40e-13  3.34e-13  3.29e-13  3.24e-13  3.19e-13  3.14e-13  3.09e-13
    260    24     8   4.93e-11  5.17e-11  5.37e-11  5.40e-11  5.42e-11  5.44e-11  5.46e-11  5.50e-11  5.54e-11  5.58e-11  5.61e-11
    261    24     9   2.73e-12  2.70e-12  2.64e-12  2.59e-12  2.54e-12  2.50e-12  2.46e-12  2.42e-12  2.39e-12  2.36e-12  2.33e-12
    262    24    10   1.03e-13  1.02e-13  9.29e-14  9.48e-14  9.95e-14  1.03e-13  1.04e-13  1.03e-13  1.01e-13  9.91e-14  9.67e-14
    263    24    11   1.83e-11  2.00e-11  2.12e-11  2.13e-11  2.11e-11  2.07e-11  2.03e-11  1.99e-11  1.95e-11  1.91e-11  1.87e-11
    264    24    12   3.74e-12  4.08e-12  4.34e-12  4.39e-12  4.37e-12  4.31e-12  4.23e-12  4.15e-12  4.07e-12  3.98e-12  3.90e-12
    265    24    13   1.30e-12  1.21e-12  8.96e-13  7.28e-13  6.33e-13  5.71e-13  5.27e-13  4.95e-13  4.70e-13  4.52e-13  4.37e-13
    266    24    14   3.42e-12  2.97e-12  2.11e-12  1.69e-12  1.45e-12  1.28e-12  1.15e-12  1.05e-12  9.69e-13  9.01e-13  8.43e-13
    267    24    15   2.76e-13  2.76e-13  2.14e-13  1.78e-13  1.57e-13  1.45e-13  1.37e-13  1.31e-13  1.28e-13  1.26e-13  1.24e-13
    268    24    16   5.98e-12  5.88e-12  5.82e-12  5.80e-12  5.81e-12  5.83e-12  5.86e-12  5.90e-12  5.95e-12  6.00e-12  6.04e-12
    269    24    17   1.02e-11  9.97e-12  9.81e-12  9.76e-12  9.76e-12  9.78e-12  9.83e-12  9.89e-12  9.95e-12  1.00e-11  1.01e-11
    270    24    18   1.38e-12  1.33e-12  1.28e-12  1.26e-12  1.25e-12  1.25e-12  1.25e-12  1.26e-12  1.27e-12  1.28e-12  1.30e-12
    271    24    19   8.51e-14  1.02e-13  1.31e-13  1.65e-13  1.92e-13  2.10e-13  2.21e-13  2.27e-13  2.30e-13  2.32e-13  2.31e-13
    272    24    20   4.08e-12  4.22e-12  4.58e-12  4.85e-12  5.03e-12  5.15e-12  5.23e-12  5.30e-12  5.35e-12  5.40e-12  5.44e-12
    273    24    21   5.67e-11  5.78e-11  6.10e-11  6.26e-11  6.34e-11  6.40e-11  6.45e-11  6.50e-11  6.55e-11  6.61e-11  6.66e-11
    274    24    22   7.59e-14  9.03e-14  1.09e-13  1.37e-13  1.61e-13  1.77e-13  1.84e-13  1.87e-13  1.87e-13  1.84e-13  1.81e-13
    275    24    23   3.17e-13  3.59e-13  4.63e-13  6.19e-13  7.39e-13  8.08e-13  8.38e-13  8.44e-13  8.35e-13  8.19e-13  7.98e-13
    276    25     1   3.82e-13  3.11e-13  2.20e-13  1.67e-13  1.34e-13  1.11e-13  9.43e-14  8.18e-14  7.19e-14  6.40e-14  5.75e-14
    277    25     2   3.87e-12  3.74e-12  3.55e-12  3.39e-12  3.26e-12  3.16e-12  3.08e-12  3.01e-12  2.95e-12  2.90e-12  2.86e-12
    278    25     3   5.81e-12  5.82e-12  5.86e-12  5.80e-12  5.71e-12  5.62e-12  5.54e-12  5.47e-12  5.40e-12  5.34e-12  5.27e-12
    279    25     4   2.27e-12  2.27e-12  2.23e-12  2.16e-12  2.10e-12  2.04e-12  2.00e-12  1.96e-12  1.93e-12  1.91e-12  1.89e-12
    280    25     5   4.76e-12  4.70e-12  4.51e-12  4.30e-12  4.13e-12  4.00e-12  3.90e-12  3.81e-12  3.74e-12  3.68e-12  3.63e-12
    281    25     6   8.75e-13  8.05e-13  6.66e-13  5.74e-13  5.14e-13  4.72e-13  4.40e-13  4.15e-13  3.95e-13  3.78e-13  3.64e-13
    282    25     7   2.39e-12  2.44e-12  2.51e-12  2.52e-12  2.53e-12  2.52e-12  2.52e-12  2.53e-12  2.53e-12  2.54e-12  2.54e-12
    283    25     8   3.55e-12  3.60e-12  3.67e-12  3.70e-12  3.70e-12  3.71e-12  3.71e-12  3.72e-12  3.74e-12  3.75e-12  3.76e-12
    284    25     9   1.21e-12  1.20e-12  1.21e-12  1.22e-12  1.23e-12  1.23e-12  1.23e-12  1.24e-12  1.24e-12  1.25e-12  1.26e-12
    285    25    10   1.42e-12  1.43e-12  1.47e-12  1.53e-12  1.59e-12  1.64e-12  1.71e-12  1.77e-12  1.84e-12  1.91e-12  1.98e-12
    286    25    11   2.35e-12  2.35e-12  2.42e-12  2.51e-12  2.60e-12  2.69e-12  2.79e-12  2.90e-12  3.01e-12  3.12e-12  3.23e-12
    287    25    12   1.77e-13  1.65e-13  1.85e-13  2.11e-13  2.24e-13  2.27e-13  2.25e-13  2.19e-13  2.13e-13  2.07e-13  2.02e-13
    288    25    13   5.68e-12  5.67e-12  5.65e-12  5.50e-12  5.32e-12  5.16e-12  5.00e-12  4.85e-12  4.72e-12  4.60e-12  4.49e-12
    289    25    14   4.39e-12  4.32e-12  4.15e-12  3.96e-12  3.79e-12  3.64e-12  3.51e-12  3.39e-12  3.29e-12  3.19e-12  3.11e-12
    290    25    15   2.68e-12  2.66e-12  2.60e-12  2.51e-12  2.42e-12  2.34e-12  2.26e-12  2.19e-12  2.13e-12  2.07e-12  2.02e-12
    291    25    16   6.55e-11  6.79e-11  7.05e-11  7.09e-11  7.11e-11  7.13e-11  7.17e-11  7.22e-11  7.28e-11  7.34e-11  7.39e-11
    292    25    17   1.02e-11  1.03e-11  1.02e-11  1.00e-11  9.89e-12  9.81e-12  9.78e-12  9.78e-12  9.80e-12  9.84e-12  9.88e-12
    293    25    18   1.31e-12  1.21e-12  9.24e-13  7.50e-13  6.43e-13  5.71e-13  5.18e-13  4.78e-13  4.46e-13  4.20e-13  3.99e-13
    294    25    19   3.44e-12  3.71e-12  4.16e-12  4.46e-12  4.67e-12  4.84e-12  4.97e-12  5.10e-12  5.21e-12  5.32e-12  5.41e-12
    295    25    20   2.63e-12  2.83e-12  3.21e-12  3.48e-12  3.64e-12  3.75e-12  3.83e-12  3.89e-12  3.95e-12  4.00e-12  4.05e-12
    296    25    21   3.90e-12  4.19e-12  4.70e-12  5.04e-12  5.28e-12  5.46e-12  5.61e-12  5.75e-12  5.87e-12  5.99e-12  6.09e-12
    297    25    22   3.51e-13  3.54e-13  5.37e-13  7.41e-13  8.63e-13  9.21e-13  9.44e-13  9.48e-13  9.45e-13  9.38e-13  9.29e-13
    298    25    23   2.72e-13  2.73e-13  5.31e-13  8.05e-13  9.54e-13  1.01e-12  1.01e-12  9.93e-13  9.60e-13  9.22e-13  8.83e-13
    299    25    24   4.93e-13  4.97e-13  7.09e-13  9.46e-13  1.09e-12  1.16e-12  1.19e-12  1.21e-12  1.21e-12  1.21e-12  1.20e-12
    300    26     1   1.59e-13  1.56e-13  1.32e-13  1.13e-13  9.87e-14  8.88e-14  8.18e-14  7.66e-14  7.28e-14  7.00e-14  6.78e-14
    301    26     2   9.17e-12  9.07e-12  9.00e-12  8.84e-12  8.68e-12  8.52e-12  8.38e-12  8.25e-12  8.13e-12  8.03e-12  7.93e-12
    302    26     3   7.29e-13  6.44e-13  4.95e-13  3.99e-13  3.35e-13  2.91e-13  2.59e-13  2.36e-13  2.17e-13  2.03e-13  1.92e-13
    303    26     4   1.26e-13  1.04e-13  7.31e-14  5.52e-14  4.41e-14  3.64e-14  3.09e-14  2.67e-14  2.34e-14  2.08e-14  1.86e-14
    304    26     5   4.99e-12  4.92e-12  4.68e-12  4.44e-12  4.26e-12  4.11e-12  4.00e-12  3.91e-12  3.83e-12  3.76e-12  3.71e-12
    305    26     6   2.79e-12  2.75e-12  2.65e-12  2.54e-12  2.44e-12  2.37e-12  2.31e-12  2.26e-12  2.22e-12  2.19e-12  2.16e-12
    306    26     7   5.95e-13  5.84e-13  5.81e-13  5.83e-13  5.86e-13  5.91e-13  5.97e-13  6.05e-13  6.13e-13  6.21e-13  6.29e-13
    307    26     8   4.07e-12  4.14e-12  4.24e-12  4.27e-12  4.27e-12  4.27e-12  4.27e-12  4.27e-12  4.28e-12  4.29e-12  4.29e-12
    308    26     9   2.49e-12  2.52e-12  2.57e-12  2.59e-12  2.59e-12  2.60e-12  2.60e-12  2.61e-12  2.62e-12  2.63e-12  2.64e-12
    309    26    10   6.80e-13  6.78e-13  6.90e-13  7.09e-13  7.32e-13  7.58e-13  7.87e-13  8.18e-13  8.51e-13  8.83e-13  9.15e-13
    310    26    11   1.51e-12  1.51e-12  1.59e-12  1.67e-12  1.74e-12  1.80e-12  1.86e-12  1.92e-12  1.97e-12  2.03e-12  2.09e-12
    311    26    12   1.75e-12  1.76e-12  1.80e-12  1.86e-12  1.93e-12  2.00e-12  2.08e-12  2.16e-12  2.25e-12  2.33e-12  2.41e-12
    312    26    13   2.68e-12  2.62e-12  2.49e-12  2.35e-12  2.24e-12  2.14e-12  2.06e-12  1.99e-12  1.92e-12  1.87e-12  1.82e-12
    313    26    14   9.52e-12  9.55e-12  9.54e-12  9.31e-12  9.03e-12  8.75e-12  8.49e-12  8.25e-12  8.03e-12  7.83e-12  7.64e-12
    314    26    15   5.40e-13  4.83e-13  3.80e-13  3.12e-13  2.68e-13  2.36e-13  2.12e-13  1.94e-13  1.80e-13  1.69e-13  1.60e-13
    315    26    16   1.50e-12  1.38e-12  1.06e-12  8.71e-13  7.51e-13  6.71e-13  6.12e-13  5.67e-13  5.32e-13  5.03e-13  4.78e-13
    316    26    17   7.50e-11  7.77e-11  8.02e-11  8.06e-11  8.06e-11  8.08e-11  8.11e-11  8.17e-11  8.23e-11  8.29e-11  8.35e-11
    317    26    18   4.88e-13  4.45e-13  3.52e-13  2.95e-13  2.59e-13  2.34e-13  2.16e-13  2.02e-13  1.91e-13  1.83e-13  1.76e-13
    318    26    19   5.26e-13  5.60e-13  6.18e-13  6.61e-13  6.90e-13  7.11e-13  7.27e-13  7.41e-13  7.53e-13  7.65e-13  7.74e-13
    319    26    20   3.03e-12  3.26e-12  3.66e-12  3.92e-12  4.10e-12  4.24e-12  4.36e-12  4.47e-12  4.57e-12  4.66e-12  4.74e-12
    320    26    21   6.41e-12  6.91e-12  7.80e-12  8.40e-12  8.80e-12  9.08e-12  9.32e-12  9.53e-12  9.72e-12  9.89e-12  1.00e-11
    321    26    22   1.75e-13  1.77e-13  2.11e-13  2.49e-13  2.75e-13  2.92e-13  3.03e-13  3.12e-13  3.19e-13  3.27e-13  3.33e-13
    322    26    23   3.83e-13  3.87e-13  5.52e-13  7.36e-13  8.48e-13  9.04e-13  9.29e-13  9.38e-13  9.40e-13  9.39e-13  9.36e-13
    323    26    24   5.57e-13  5.61e-13  1.01e-12  1.51e-12  1.78e-12  1.90e-12  1.92e-12  1.90e-12  1.85e-12  1.80e-12  1.75e-12
    324    26    25   2.38e-12  2.65e-12  3.01e-12  3.21e-12  3.28e-12  3.26e-12  3.20e-12  3.11e-12  3.01e-12  2.92e-12  2.82e-12
    325    27     1   3.87e-12  3.89e-12  3.95e-12  3.93e-12  3.89e-12  3.84e-12  3.79e-12  3.74e-12  3.70e-12  3.66e-12  3.62e-12
    326    27     2   1.55e-12  1.47e-12  1.29e-12  1.16e-12  1.07e-12  1.00e-12  9.51e-13  9.12e-13  8.81e-13  8.57e-13  8.36e-13
    327    27     3   4.64e-12  4.51e-12  4.39e-12  4.26e-12  4.15e-12  4.06e-12  3.98e-12  3.91e-12  3.84e-12  3.79e-12  3.73e-12
    328    27     4   2.87e-13  2.59e-13  1.96e-13  1.57e-13  1.32e-13  1.15e-13  1.02e-13  9.18e-14  8.36e-14  7.66e-14  7.07e-14
    329    27     5   2.79e-12  2.71e-12  2.54e-12  2.40e-12  2.28e-12  2.20e-12  2.13e-12  2.08e-12  2.04e-12  2.00e-12  1.97e-12
    330    27     6   4.83e-12  4.80e-12  4.67e-12  4.48e-12  4.32e-12  4.20e-12  4.10e-12  4.02e-12  3.95e-12  3.89e-12  3.84e-12
    331    27     7   1.59e-12  1.61e-12  1.65e-12  1.67e-12  1.67e-12  1.67e-12  1.66e-12  1.66e-12  1.66e-12  1.66e-12  1.66e-12
    332    27     8   1.73e-12  1.71e-12  1.72e-12  1.73e-12  1.73e-12  1.74e-12  1.76e-12  1.77e-12  1.79e-12  1.81e-12  1.83e-12
    333    27     9   3.83e-12  3.92e-12  4.02e-12  4.05e-12  4.05e-12  4.05e-12  4.05e-12  4.05e-12  4.06e-12  4.07e-12  4.07e-12
    334    27    10   1.01e-13  9.43e-14  1.21e-13  1.51e-13  1.65e-13  1.67e-13  1.63e-13  1.55e-13  1.47e-13  1.38e-13  1.30e-13
    335    27    11   1.72e-12  1.72e-12  1.75e-12  1.80e-12  1.86e-12  1.93e-12  2.00e-12  2.08e-12  2.17e-12  2.25e-12  2.33e-12
    336    27    12   2.12e-12  2.13e-12  2.21e-12  2.29e-12  2.38e-12  2.47e-12  2.56e-12  2.66e-12  2.76e-12  2.86e-12  2.96e-12
    337    27    13   5.07e-12  5.06e-12  4.99e-12  4.83e-12  4.67e-12  4.51e-12  4.36e-12  4.23e-12  4.12e-12  4.01e-12  3.91e-12
    338    27    14   1.69e-12  1.56e-12  1.33e-12  1.17e-12  1.05e-12  9.67e-13  9.01e-13  8.49e-13  8.07e-13  7.72e-13  7.43e-13
    339    27    15   5.99e-12  6.03e-12  6.09e-12  5.98e-12  5.82e-12  5.66e-12  5.50e-12  5.35e-12  5.21e-12  5.08e-12  4.96e-12
    340    27    16   1.34e-11  1.37e-11  1.37e-11  1.35e-11  1.34e-11  1.33e-11  1.33e-11  1.33e-11  1.34e-11  1.35e-11  1.35e-11
    341    27    17   1.62e-12  1.52e-12  1.28e-12  1.13e-12  1.03e-12  9.63e-13  9.17e-13  8.83e-13  8.57e-13  8.36e-13  8.20e-13
    342    27    18   6.19e-11  6.43e-11  6.66e-11  6.71e-11  6.72e-11  6.74e-11  6.77e-11  6.82e-11  6.88e-11  6.93e-11  6.98e-11
    343    27    19   4.21e-12  4.53e-12  5.14e-12  5.54e-12  5.80e-12  5.99e-12  6.14e-12  6.27e-12  6.38e-12  6.49e-12  6.58e-12
    344    27    20   4.82e-12  5.19e-12  5.83e-12  6.25e-12  6.54e-12  6.77e-12  6.96e-12  7.14e-12  7.30e-12  7.45e-12  7.58e-12
    345    27    21   9.47e-13  1.01e-12  1.11e-12  1.19e-12  1.24e-12  1.28e-12  1.31e-12  1.33e-12  1.36e-12  1.38e-12  1.39e-12
    346    27    22   3.09e-13  3.11e-13  6.46e-13  1.01e-12  1.20e-12  1.28e-12  1.29e-12  1.26e-12  1.21e-12  1.17e-12  1.11e-12
    347    27    23   4.91e-13  4.95e-13  7.51e-13  1.04e-12  1.21e-12  1.29e-12  1.32e-12  1.33e-12  1.32e-12  1.31e-12  1.30e-12
    348    27    24   3.15e-13  3.18e-13  3.80e-13  4.49e-13  4.95e-13  5.25e-13  5.45e-13  5.61e-13  5.75e-13  5.88e-13  6.00e-13
    349    27    25   3.92e-12  4.39e-12  5.03e-12  5.37e-12  5.49e-12  5.47e-12  5.37e-12  5.23e-12  5.07e-12  4.91e-12  4.75e-12
    350    27    26   5.09e-13  5.43e-13  5.48e-13  5.55e-13  5.52e-13  5.40e-13  5.21e-13  4.99e-13  4.77e-13  4.55e-13  4.34e-13
    351    28     1   2.38e-12  2.32e-12  2.25e-12  2.17e-12  2.10e-12  2.04e-12  2.00e-12  1.96e-12  1.93e-12  1.91e-12  1.88e-12
    352    28     2   4.97e-12  4.78e-12  4.53e-12  4.31e-12  4.13e-12  4.00e-12  3.89e-12  3.81e-12  3.74e-12  3.68e-12  3.63e-12
    353    28     3   8.82e-13  7.93e-13  6.51e-13  5.61e-13  5.03e-13  4.62e-13  4.32e-13  4.08e-13  3.89e-13  3.72e-13  3.58e-13
    354    28     4   3.20e-13  2.88e-13  2.13e-13  1.65e-13  1.33e-13  1.10e-13  9.41e-14  8.17e-14  7.18e-14  6.39e-14  5.74e-14
    355    28     5   3.54e-12  3.62e-12  3.53e-12  3.40e-12  3.28e-12  3.18e-12  3.10e-12  3.03e-12  2.97e-12  2.92e-12  2.88e-12
    356    28     6   5.38e-12  5.67e-12  5.84e-12  5.82e-12  5.75e-12  5.67e-12  5.59e-12  5.51e-12  5.44e-12  5.38e-12  5.31e-12
    357    28     7   1.47e-12  1.45e-12  1.48e-12  1.54e-12  1.59e-12  1.65e-12  1.71e-12  1.78e-12  1.85e-12  1.92e-12  1.98e-12
    358    28     8   2.42e-12  2.39e-12  2.44e-12  2.52e-12  2.61e-12  2.70e-12  2.80e-12  2.91e-12  3.02e-12  3.13e-12  3.24e-12
    359    28     9   1.54e-13  1.53e-13  1.79e-13  2.08e-13  2.22e-13  2.25e-13  2.23e-13  2.17e-13  2.12e-13  2.06e-13  2.00e-13
    360    28    10   2.44e-12  2.47e-12  2.52e-12  2.53e-12  2.53e-12  2.52e-12  2.52e-12  2.53e-12  2.53e-12  2.53e-12  2.54e-12
    361    28    11   3.59e-12  3.62e-12  3.69e-12  3.70e-12  3.71e-12  3.71e-12  3.71e-12  3.72e-12  3.73e-12  3.75e-12  3.76e-12
    362    28    12   1.21e-12  1.20e-12  1.21e-12  1.22e-12  1.23e-12  1.23e-12  1.23e-12  1.24e-12  1.24e-12  1.25e-12  1.26e-12
    363    28    13   6.55e-11  6.75e-11  6.98e-11  7.03e-11  7.04e-11  7.07e-11  7.11e-11  7.16e-11  7.22e-11  7.28e-11  7.34e-11
    364    28    14   1.02e-11  1.03e-11  1.01e-11  9.94e-12  9.80e-12  9.72e-12  9.70e-12  9.70e-12  9.73e-12  9.77e-12  9.81e-12
    365    28    15   1.26e-12  1.18e-12  9.07e-13  7.38e-13  6.35e-13  5.64e-13  5.13e-13  4.74e-13  4.43e-13  4.17e-13  3.96e-13
    366    28    16   5.34e-12  5.47e-12  5.54e-12  5.44e-12  5.30e-12  5.14e-12  4.99e-12  4.85e-12  4.73e-12  4.61e-12  4.50e-12
    367    28    17   4.20e-12  4.21e-12  4.10e-12  3.94e-12  3.78e-12  3.64e-12  3.51e-12  3.39e-12  3.29e-12  3.20e-12  3.12e-12
    368    28    18   2.58e-12  2.61e-12  2.58e-12  2.51e-12  2.42e-12  2.34e-12  2.26e-12  2.20e-12  2.13e-12  2.08e-12  2.03e-12
    369    28    19   3.21e-13  3.41e-13  5.39e-13  7.53e-13  8.79e-13  9.38e-13  9.61e-13  9.64e-13  9.59e-13  9.51e-13  9.41e-13
    370    28    20   2.06e-13  2.40e-13  5.21e-13  8.08e-13  9.64e-13  1.02e-12  1.03e-12  1.01e-12  9.71e-13  9.32e-13  8.93e-13
    371    28    21   4.59e-13  4.84e-13  7.13e-13  9.63e-13  1.11e-12  1.18e-12  1.22e-12  1.23e-12  1.23e-12  1.22e-12  1.22e-12
    372    28    22   3.50e-12  3.73e-12  4.18e-12  4.48e-12  4.68e-12  4.84e-12  4.98e-12  5.10e-12  5.21e-12  5.32e-12  5.41e-12
    373    28    23   2.70e-12  2.86e-12  3.24e-12  3.50e-12  3.65e-12  3.75e-12  3.83e-12  3.89e-12  3.95e-12  4.00e-12  4.04e-12
    374    28    24   3.97e-12  4.23e-12  4.72e-12  5.06e-12  5.29e-12  5.46e-12  5.61e-12  5.75e-12  5.87e-12  5.98e-12  6.08e-12
    375    28    25   1.31e-11  1.35e-11  1.45e-11  1.50e-11  1.53e-11  1.55e-11  1.56e-11  1.57e-11  1.57e-11  1.58e-11  1.59e-11
    376    28    26   2.05e-12  2.22e-12  2.50e-12  2.70e-12  2.81e-12  2.88e-12  2.91e-12  2.94e-12  2.95e-12  2.96e-12  2.97e-12
    377    28    27   1.89e-12  2.03e-12  2.29e-12  2.47e-12  2.58e-12  2.64e-12  2.68e-12  2.70e-12  2.72e-12  2.73e-12  2.73e-12
    378    29     1   1.30e-13  1.07e-13  7.47e-14  5.62e-14  4.47e-14  3.68e-14  3.12e-14  2.69e-14  2.36e-14  2.09e-14  1.87e-14
    379    29     2   5.18e-12  4.97e-12  4.69e-12  4.44e-12  4.25e-12  4.10e-12  3.99e-12  3.89e-12  3.82e-12  3.75e-12  3.69e-12
    380    29     3   2.92e-12  2.81e-12  2.67e-12  2.55e-12  2.45e-12  2.37e-12  2.31e-12  2.26e-12  2.22e-12  2.19e-12  2.15e-12
    381    29     4   1.61e-13  1.55e-13  1.31e-13  1.11e-13  9.75e-14  8.78e-14  8.09e-14  7.59e-14  7.22e-14  6.95e-14  6.74e-14
    382    29     5   8.42e-12  8.81e-12  8.97e-12  8.88e-12  8.73e-12  8.58e-12  8.44e-12  8.31e-12  8.20e-12  8.09e-12  7.99e-12
    383    29     6   6.62e-13  6.14e-13  4.85e-13  3.93e-13  3.32e-13  2.89e-13  2.58e-13  2.34e-13  2.16e-13  2.02e-13  1.91e-13
    384    29     7   7.03e-13  6.88e-13  6.94e-13  7.12e-13  7.34e-13  7.60e-13  7.89e-13  8.20e-13  8.52e-13  8.85e-13  9.16e-13
    385    29     8   1.53e-12  1.52e-12  1.59e-12  1.68e-12  1.75e-12  1.81e-12  1.86e-12  1.92e-12  1.98e-12  2.03e-12  2.09e-12
    386    29     9   1.81e-12  1.78e-12  1.82e-12  1.87e-12  1.94e-12  2.01e-12  2.08e-12  2.17e-12  2.25e-12  2.33e-12  2.42e-12
    387    29    10   5.82e-13  5.79e-13  5.80e-13  5.84e-13  5.88e-13  5.92e-13  5.98e-13  6.06e-13  6.14e-13  6.22e-13  6.30e-13
    388    29    11   4.14e-12  4.17e-12  4.25e-12  4.28e-12  4.28e-12  4.27e-12  4.27e-12  4.27e-12  4.28e-12  4.28e-12  4.29e-12
    389    29    12   2.52e-12  2.54e-12  2.58e-12  2.59e-12  2.60e-12  2.60e-12  2.60e-12  2.61e-12  2.62e-12  2.63e-12  2.64e-12
    390    29    13   1.47e-12  1.36e-12  1.05e-12  8.61e-13  7.45e-13  6.65e-13  6.07e-13  5.63e-13  5.28e-13  5.00e-13  4.76e-13
    391    29    14   7.49e-11  7.71e-11  7.94e-11  7.98e-11  7.98e-11  8.01e-11  8.05e-11  8.10e-11  8.17e-11  8.23e-11  8.30e-11
    392    29    15   5.05e-13  4.50e-13  3.53e-13  2.95e-13  2.59e-13  2.34e-13  2.16e-13  2.02e-13  1.91e-13  1.83e-13  1.75e-13
    393    29    16   2.57e-12  2.55e-12  2.46e-12  2.34e-12  2.24e-12  2.14e-12  2.06e-12  1.99e-12  1.93e-12  1.87e-12  1.82e-12
    394    29    17   9.04e-12  9.27e-12  9.40e-12  9.24e-12  9.00e-12  8.74e-12  8.49e-12  8.26e-12  8.05e-12  7.85e-12  7.66e-12
    395    29    18   5.03e-13  4.58e-13  3.68e-13  3.05e-13  2.63e-13  2.32e-13  2.09e-13  1.92e-13  1.78e-13  1.67e-13  1.58e-13
    396    29    19   1.70e-13  1.76e-13  2.13e-13  2.54e-13  2.81e-13  2.97e-13  3.08e-13  3.17e-13  3.24e-13  3.31e-13  3.37e-13
    397    29    20   3.57e-13  3.76e-13  5.55e-13  7.49e-13  8.64e-13  9.21e-13  9.45e-13  9.53e-13  9.54e-13  9.52e-13  9.48e-13
    398    29    21   4.60e-13  5.12e-13  1.00e-12  1.52e-12  1.81e-12  1.93e-12  1.95e-12  1.92e-12  1.88e-12  1.82e-12  1.77e-12
    399    29    22   5.37e-13  5.65e-13  6.22e-13  6.64e-13  6.92e-13  7.12e-13  7.28e-13  7.41e-13  7.54e-13  7.64e-13  7.74e-13
    400    29    23   3.09e-12  3.29e-12  3.67e-12  3.93e-12  4.11e-12  4.25e-12  4.36e-12  4.47e-12  4.57e-12  4.65e-12  4.73e-12
    401    29    24   6.55e-12  6.97e-12  7.84e-12  8.43e-12  8.82e-12  9.09e-12  9.32e-12  9.53e-12  9.71e-12  9.88e-12  1.00e-11
    402    29    25   1.60e-12  1.72e-12  1.95e-12  2.10e-12  2.19e-12  2.24e-12  2.27e-12  2.28e-12  2.30e-12  2.30e-12  2.31e-12
    403    29    26   1.53e-11  1.58e-11  1.71e-11  1.78e-11  1.83e-11  1.85e-11  1.86e-11  1.87e-11  1.89e-11  1.89e-11  1.90e-11
    404    29    27   1.72e-13  2.02e-13  2.31e-13  2.48e-13  2.56e-13  2.59e-13  2.60e-13  2.59e-13  2.57e-13  2.55e-13  2.53e-13
    405    29    28   2.50e-12  2.70e-12  3.04e-12  3.23e-12  3.29e-12  3.27e-12  3.20e-12  3.11e-12  3.01e-12  2.91e-12  2.81e-12
    406    30     1   2.77e-13  2.44e-13  1.83e-13  1.46e-13  1.23e-13  1.07e-13  9.58e-14  8.65e-14  7.89e-14  7.25e-14  6.69e-14
    407    30     2   2.92e-12  2.77e-12  2.57e-12  2.41e-12  2.29e-12  2.20e-12  2.13e-12  2.08e-12  2.04e-12  2.00e-12  1.97e-12
    408    30     3   5.03e-12  4.88e-12  4.69e-12  4.49e-12  4.32e-12  4.20e-12  4.10e-12  4.01e-12  3.95e-12  3.89e-12  3.84e-12
    409    30     4   3.58e-12  3.79e-12  3.94e-12  3.95e-12  3.91e-12  3.87e-12  3.82e-12  3.77e-12  3.73e-12  3.69e-12  3.65e-12
    410    30     5   1.45e-12  1.43e-12  1.28e-12  1.16e-12  1.07e-12  1.00e-12  9.52e-13  9.14e-13  8.83e-13  8.59e-13  8.38e-13
    411    30     6   4.22e-12  4.37e-12  4.37e-12  4.28e-12  4.18e-12  4.09e-12  4.01e-12  3.94e-12  3.87e-12  3.82e-12  3.76e-12
    412    30     7   7.56e-14  8.17e-14  1.16e-13  1.49e-13  1.63e-13  1.66e-13  1.61e-13  1.54e-13  1.45e-13  1.37e-13  1.29e-13
    413    30     8   1.78e-12  1.74e-12  1.76e-12  1.81e-12  1.87e-12  1.93e-12  2.01e-12  2.09e-12  2.17e-12  2.25e-12  2.33e-12
    414    30     9   2.19e-12  2.16e-12  2.22e-12  2.30e-12  2.39e-12  2.48e-12  2.57e-12  2.66e-12  2.76e-12  2.86e-12  2.96e-12
    415    30    10   1.62e-12  1.63e-12  1.66e-12  1.67e-12  1.67e-12  1.67e-12  1.66e-12  1.66e-12  1.66e-12  1.66e-12  1.66e-12
    416    30    11   1.71e-12  1.71e-12  1.72e-12  1.73e-12  1.74e-12  1.75e-12  1.76e-12  1.77e-12  1.79e-12  1.81e-12  1.83e-12
    417    30    12   3.91e-12  3.96e-12  4.04e-12  4.06e-12  4.06e-12  4.05e-12  4.05e-12  4.05e-12  4.05e-12  4.06e-12  4.07e-12
    418    30    13   1.33e-11  1.36e-11  1.36e-11  1.34e-11  1.33e-11  1.32e-11  1.32e-11  1.32e-11  1.33e-11  1.34e-11  1.34e-11
    419    30    14   1.64e-12  1.52e-12  1.27e-12  1.12e-12  1.02e-12  9.59e-13  9.13e-13  8.79e-13  8.53e-13  8.33e-13  8.16e-13
    420    30    15   6.19e-11  6.38e-11  6.60e-11  6.64e-11  6.66e-11  6.68e-11  6.72e-11  6.77e-11  6.82e-11  6.88e-11  6.94e-11
    421    30    16   4.87e-12  4.94e-12  4.94e-12  4.81e-12  4.66e-12  4.51e-12  4.37e-12  4.24e-12  4.13e-12  4.02e-12  3.93e-12
    422    30    17   1.59e-12  1.50e-12  1.30e-12  1.15e-12  1.04e-12  9.60e-13  8.96e-13  8.45e-13  8.04e-13  7.70e-13  7.41e-13
    423    30    18   5.66e-12  5.85e-12  6.00e-12  5.93e-12  5.80e-12  5.65e-12  5.50e-12  5.35e-12  5.22e-12  5.10e-12  4.98e-12
    424    30    19   2.31e-13  2.71e-13  6.34e-13  1.01e-12  1.22e-12  1.30e-12  1.30e-12  1.27e-12  1.23e-12  1.18e-12  1.13e-12
    425    30    20   4.50e-13  4.77e-13  7.54e-13  1.05e-12  1.23e-12  1.31e-12  1.34e-12  1.35e-12  1.34e-12  1.33e-12  1.32e-12
    426    30    21   3.06e-13  3.17e-13  3.84e-13  4.57e-13  5.05e-13  5.35e-13  5.55e-13  5.70e-13  5.84e-13  5.96e-13  6.07e-13
    427    30    22   4.30e-12  4.57e-12  5.17e-12  5.57e-12  5.82e-12  6.00e-12  6.14e-12  6.26e-12  6.38e-12  6.48e-12  6.57e-12
    428    30    23   4.90e-12  5.23e-12  5.85e-12  6.27e-12  6.56e-12  6.78e-12  6.97e-12  7.14e-12  7.30e-12  7.44e-12  7.57e-12
    429    30    24   9.66e-13  1.02e-12  1.12e-12  1.20e-12  1.25e-12  1.28e-12  1.31e-12  1.33e-12  1.36e-12  1.38e-12  1.39e-12
    430    30    25   2.65e-12  2.84e-12  3.21e-12  3.46e-12  3.61e-12  3.69e-12  3.75e-12  3.78e-12  3.80e-12  3.82e-12  3.83e-12
    431    30    26   3.10e-13  3.64e-13  4.16e-13  4.46e-13  4.61e-13  4.66e-13  4.67e-13  4.65e-13  4.63e-13  4.59e-13  4.56e-13
    432    30    27   1.41e-11  1.45e-11  1.56e-11  1.63e-11  1.66e-11  1.68e-11  1.69e-11  1.70e-11  1.71e-11  1.72e-11  1.73e-11
    433    30    28   4.14e-12  4.48e-12  5.08e-12  5.40e-12  5.52e-12  5.48e-12  5.38e-12  5.23e-12  5.07e-12  4.91e-12  4.74e-12
    434    30    29   4.91e-13  5.27e-13  5.37e-13  5.46e-13  5.44e-13  5.31e-13  5.12e-13  4.91e-13  4.69e-13  4.47e-13  4.27e-13
    435    31     1   7.83e-12  8.18e-12  8.45e-12  8.48e-12  8.48e-12  8.48e-12  8.48e-12  8.49e-12  8.51e-12  8.52e-12  8.53e-12
    436    31     2   1.90e-12  1.97e-12  1.95e-12  1.92e-12  1.89e-12  1.87e-12  1.86e-12  1.86e-12  1.86e-12  1.85e-12  1.85e-12
    437    31     3   9.09e-12  9.47e-12  9.69e-12  9.68e-12  9.64e-12  9.62e-12  9.62e-12  9.62e-12  9.63e-12  9.64e-12  9.64e-12
    438    31     4   6.87e-13  4.82e-13  3.06e-13  2.21e-13  1.73e-13  1.44e-13  1.23e-13  1.09e-13  9.70e-14  8.78e-14  8.03e-14
    439    31     5   7.00e-13  6.50e-13  5.90e-13  5.60e-13  5.46e-13  5.43e-13  5.46e-13  5.52e-13  5.60e-13  5.70e-13  5.79e-13
    440    31     6   1.65e-12  1.40e-12  1.18e-12  1.07e-12  1.02e-12  9.94e-13  9.85e-13  9.86e-13  9.93e-13  1.00e-12  1.01e-12
    441    31     7   5.26e-15  8.84e-15  1.34e-14  1.41e-14  1.35e-14  1.25e-14  1.14e-14  1.04e-14  9.54e-15  8.77e-15  8.10e-15
    442    31     8   1.39e-12  1.39e-12  1.41e-12  1.43e-12  1.47e-12  1.51e-12  1.57e-12  1.62e-12  1.68e-12  1.74e-12  1.80e-12
    443    31     9   2.01e-14  2.57e-14  2.89e-14  2.84e-14  2.69e-14  2.51e-14  2.35e-14  2.19e-14  2.06e-14  1.93e-14  1.83e-14
    444    31    10   3.44e-15  6.95e-15  1.16e-14  1.24e-14  1.19e-14  1.10e-14  9.99e-15  9.08e-15  8.28e-15  7.57e-15  6.95e-15
    445    31    11   1.32e-13  9.00e-14  6.34e-14  5.19e-14  4.53e-14  4.07e-14  3.70e-14  3.40e-14  3.14e-14  2.91e-14  2.71e-14
    446    31    12   1.99e-14  2.13e-14  2.47e-14  2.55e-14  2.49e-14  2.38e-14  2.24e-14  2.10e-14  1.97e-14  1.84e-14  1.73e-14
    447    31    13   8.20e-12  8.40e-12  8.45e-12  8.41e-12  8.39e-12  8.41e-12  8.44e-12  8.48e-12  8.53e-12  8.57e-12  8.61e-12
    448    31    14   1.61e-12  1.65e-12  1.61e-12  1.56e-12  1.54e-12  1.53e-12  1.52e-12  1.52e-12  1.53e-12  1.54e-12  1.54e-12
    449    31    15   8.55e-12  8.79e-12  8.91e-12  8.90e-12  8.90e-12  8.93e-12  8.97e-12  9.03e-12  9.08e-12  9.12e-12  9.16e-12
    450    31    16   2.78e-12  2.58e-12  2.43e-12  2.37e-12  2.36e-12  2.39e-12  2.43e-12  2.48e-12  2.54e-12  2.60e-12  2.66e-12
    451    31    17   9.24e-13  8.94e-13  8.55e-13  8.37e-13  8.36e-13  8.46e-13  8.63e-13  8.84e-13  9.07e-13  9.31e-13  9.55e-13
    452    31    18   1.83e-12  1.62e-12  1.43e-12  1.34e-12  1.30e-12  1.28e-12  1.27e-12  1.27e-12  1.26e-12  1.26e-12  1.26e-12
    453    31    19   2.30e-14  4.56e-14  7.19e-14  7.48e-14  7.04e-14  6.45e-14  5.86e-14  5.34e-14  4.88e-14  4.48e-14  4.13e-14
    454    31    20   3.38e-13  3.59e-13  3.93e-13  4.10e-13  4.25e-13  4.39e-13  4.56e-13  4.74e-13  4.92e-13  5.10e-13  5.28e-13
    455    31    21   4.16e-13  4.21e-13  4.45e-13  4.66e-13  4.87e-13  5.11e-13  5.37e-13  5.63e-13  5.91e-13  6.17e-13  6.42e-13
    456    31    22   1.49e-14  3.49e-14  5.94e-14  6.25e-14  5.89e-14  5.39e-14  4.88e-14  4.42e-14  4.02e-14  3.67e-14  3.37e-14
    457    31    23   5.10e-14  6.59e-14  8.75e-14  8.79e-14  8.22e-14  7.53e-14  6.86e-14  6.25e-14  5.72e-14  5.25e-14  4.84e-14
    458    31    24   1.57e-13  1.54e-13  1.66e-13  1.74e-13  1.82e-13  1.92e-13  2.03e-13  2.16e-13  2.30e-13  2.45e-13  2.59e-13
    459    31    25   3.06e-12  3.06e-12  3.15e-12  3.27e-12  3.39e-12  3.51e-12  3.63e-12  3.74e-12  3.84e-12  3.93e-12  4.01e-12
    460    31    26   5.28e-13  5.28e-13  5.38e-13  5.51e-13  5.64e-13  5.79e-13  5.94e-13  6.09e-13  6.24e-13  6.38e-13  6.50e-13
    461    31    27   4.13e-12  4.16e-12  4.26e-12  4.41e-12  4.58e-12  4.74e-12  4.90e-12  5.04e-12  5.16e-12  5.27e-12  5.37e-12
    462    31    28   1.92e-12  1.81e-12  1.84e-12  1.93e-12  2.03e-12  2.13e-12  2.23e-12  2.33e-12  2.43e-12  2.53e-12  2.63e-12
    463    31    29   4.81e-13  4.63e-13  4.66e-13  4.81e-13  5.01e-13  5.24e-13  5.48e-13  5.74e-13  5.99e-13  6.25e-13  6.49e-13
    464    31    30   1.64e-12  1.55e-12  1.63e-12  1.72e-12  1.81e-12  1.87e-12  1.92e-12  1.97e-12  2.01e-12  2.05e-12  2.08e-12
    465    32     1   2.63e-14  2.83e-14  2.24e-14  1.85e-14  1.63e-14  1.49e-14  1.41e-14  1.35e-14  1.31e-14  1.29e-14  1.27e-14
    466    32     2   1.86e-11  1.94e-11  1.99e-11  1.99e-11  1.99e-11  1.99e-11  1.99e-11  1.99e-11  1.99e-11  1.99e-11  2.00e-11
    467    32     3   2.27e-13  2.21e-13  1.58e-13  1.19e-13  9.67e-14  8.27e-14  7.31e-14  6.61e-14  6.07e-14  5.65e-14  5.30e-14
    468    32     4   8.45e-15  9.09e-15  6.89e-15  5.33e-15  4.39e-15  3.76e-15  3.30e-15  2.95e-15  2.68e-15  2.45e-15  2.26e-15
    469    32     5   2.45e-12  1.96e-12  1.52e-12  1.31e-12  1.20e-12  1.14e-12  1.10e-12  1.09e-12  1.08e-12  1.08e-12  1.08e-12
    470    32     6   5.76e-13  5.67e-13  5.47e-13  5.37e-13  5.35e-13  5.39e-13  5.48e-13  5.58e-13  5.71e-13  5.83e-13  5.95e-13
    471    32     7   6.79e-13  6.80e-13  6.87e-13  6.99e-13  7.17e-13  7.41e-13  7.67e-13  7.96e-13  8.25e-13  8.53e-13  8.80e-13
    472    32     8   1.93e-13  2.01e-13  2.10e-13  2.13e-13  2.16e-13  2.20e-13  2.25e-13  2.30e-13  2.36e-13  2.42e-13  2.48e-13
    473    32     9   5.40e-13  5.44e-13  5.51e-13  5.59e-13  5.73e-13  5.90e-13  6.10e-13  6.31e-13  6.53e-13  6.74e-13  6.95e-13
    474    32    10   6.29e-14  4.22e-14  2.89e-14  2.32e-14  2.00e-14  1.78e-14  1.62e-14  1.48e-14  1.36e-14  1.26e-14  1.17e-14
    475    32    11   3.14e-14  3.08e-14  3.45e-14  3.45e-14  3.27e-14  3.04e-14  2.81e-14  2.60e-14  2.40e-14  2.22e-14  2.07e-14
    476    32    12   6.10e-14  4.52e-14  3.62e-14  3.21e-14  2.94e-14  2.71e-14  2.51e-14  2.33e-14  2.17e-14  2.03e-14  1.90e-14
    477    32    13   3.84e-12  3.93e-12  3.92e-12  3.88e-12  3.86e-12  3.86e-12  3.87e-12  3.89e-12  3.91e-12  3.93e-12  3.94e-12
    478    32    14   1.44e-11  1.48e-11  1.49e-11  1.49e-11  1.49e-11  1.49e-11  1.50e-11  1.51e-11  1.52e-11  1.52e-11  1.53e-11
    479    32    15   1.42e-13  1.47e-13  1.20e-13  1.02e-13  9.19e-14  8.57e-14  8.19e-14  7.97e-14  7.84e-14  7.76e-14  7.72e-14
    480    32    16   1.62e-12  1.53e-12  1.46e-12  1.43e-12  1.44e-12  1.46e-12  1.49e-12  1.53e-12  1.57e-12  1.62e-12  1.66e-12
    481    32    17   3.71e-12  3.35e-12  3.04e-12  2.91e-12  2.86e-12  2.85e-12  2.87e-12  2.89e-12  2.92e-12  2.96e-12  2.99e-12
    482    32    18   2.14e-13  2.15e-13  2.07e-13  2.03e-13  2.02e-13  2.04e-13  2.08e-13  2.13e-13  2.19e-13  2.24e-13  2.30e-13
    483    32    19   2.30e-13  2.32e-13  2.45e-13  2.56e-13  2.69e-13  2.82e-13  2.96e-13  3.11e-13  3.26e-13  3.41e-13  3.55e-13
    484    32    20   3.44e-13  3.57e-13  3.84e-13  4.02e-13  4.18e-13  4.35e-13  4.54e-13  4.74e-13  4.95e-13  5.15e-13  5.34e-13
    485    32    21   2.03e-13  2.36e-13  2.80e-13  2.93e-13  2.96e-13  2.98e-13  3.01e-13  3.05e-13  3.10e-13  3.16e-13  3.22e-13
    486    32    22   8.97e-14  8.77e-14  9.38e-14  9.84e-14  1.03e-13  1.09e-13  1.16e-13  1.24e-13  1.32e-13  1.41e-13  1.50e-13
    487    32    23   8.20e-14  8.93e-14  1.05e-13  1.08e-13  1.07e-13  1.06e-13  1.06e-13  1.07e-13  1.09e-13  1.11e-13  1.13e-13
    488    32    24   5.09e-14  7.81e-14  1.14e-13  1.18e-13  1.13e-13  1.05e-13  9.81e-14  9.19e-14  8.67e-14  8.23e-14  7.86e-14
    489    32    25   1.84e-12  1.84e-12  1.89e-12  1.96e-12  2.03e-12  2.10e-12  2.17e-12  2.23e-12  2.29e-12  2.35e-12  2.40e-12
    490    32    26   5.68e-12  5.71e-12  5.86e-12  6.07e-12  6.30e-12  6.52e-12  6.73e-12  6.92e-12  7.10e-12  7.26e-12  7.39e-12
    491    32    27   2.00e-13  2.00e-13  2.03e-13  2.06e-13  2.10e-13  2.14e-13  2.18e-13  2.23e-13  2.28e-13  2.33e-13  2.38e-13
    492    32    28   1.25e-12  1.19e-12  1.20e-12  1.26e-12  1.32e-12  1.38e-12  1.45e-12  1.52e-12  1.59e-12  1.66e-12  1.72e-12
    493    32    29   2.57e-12  2.44e-12  2.53e-12  2.67e-12  2.80e-12  2.91e-12  3.01e-12  3.10e-12  3.19e-12  3.28e-12  3.35e-12
    494    32    30   2.11e-13  2.04e-13  2.05e-13  2.10e-13  2.19e-13  2.28e-13  2.39e-13  2.49e-13  2.61e-13  2.72e-13  2.82e-13
    495    32    31   1.62e-13  1.94e-13  1.81e-13  1.65e-13  1.57e-13  1.50e-13  1.45e-13  1.41e-13  1.37e-13  1.34e-13  1.30e-13
    496    33     1   1.49e-13  1.41e-13  9.78e-14  7.14e-14  5.62e-14  4.65e-14  3.98e-14  3.48e-14  3.09e-14  2.77e-14  2.52e-14
    497    33     2   7.19e-12  7.50e-12  7.63e-12  7.60e-12  7.56e-12  7.54e-12  7.53e-12  7.53e-12  7.53e-12  7.54e-12  7.54e-12
    498    33     3   1.15e-11  1.20e-11  1.24e-11  1.24e-11  1.24e-11  1.24e-11  1.24e-11  1.24e-11  1.24e-11  1.24e-11  1.25e-11
    499    33     4   4.67e-13  4.59e-13  4.46e-13  4.39e-13  4.39e-13  4.44e-13  4.51e-13  4.61e-13  4.72e-13  4.82e-13  4.93e-13
    500    33     5   1.52e-12  1.32e-12  1.14e-12  1.05e-12  1.01e-12  9.89e-13  9.84e-13  9.89e-13  9.98e-13  1.01e-12  1.02e-12
    501    33     6   1.05e-12  7.51e-13  4.90e-13  3.63e-13  2.92e-13  2.48e-13  2.19e-13  1.97e-13  1.81e-13  1.68e-13  1.57e-13
    502    33     7   1.34e-14  1.67e-14  1.81e-14  1.76e-14  1.66e-14  1.56e-14  1.46e-14  1.37e-14  1.29e-14  1.22e-14  1.15e-14
    503    33     8   6.62e-13  6.68e-13  6.77e-13  6.88e-13  7.04e-13  7.25e-13  7.49e-13  7.75e-13  8.01e-13  8.27e-13  8.52e-13
    504    33     9   7.36e-13  7.40e-13  7.52e-13  7.66e-13  7.86e-13  8.10e-13  8.39e-13  8.69e-13  9.00e-13  9.30e-13  9.59e-13
    505    33    10   1.36e-14  1.39e-14  1.55e-14  1.58e-14  1.55e-14  1.49e-14  1.41e-14  1.33e-14  1.25e-14  1.18e-14  1.11e-14
    506    33    11   7.64e-14  5.79e-14  4.80e-14  4.32e-14  3.97e-14  3.67e-14  3.40e-14  3.16e-14  2.94e-14  2.74e-14  2.56e-14
    507    33    12   6.52e-14  4.64e-14  3.61e-14  3.07e-14  2.68e-14  2.38e-14  2.13e-14  1.92e-14  1.75e-14  1.60e-14  1.47e-14
    508    33    13   7.29e-12  7.51e-12  7.60e-12  7.58e-12  7.58e-12  7.61e-12  7.64e-12  7.68e-12  7.73e-12  7.77e-12  7.80e-12
    509    33    14   6.87e-12  7.05e-12  7.06e-12  7.01e-12  6.98e-12  6.99e-12  7.01e-12  7.05e-12  7.08e-12  7.12e-12  7.15e-12
    510    33    15   4.19e-12  4.29e-12  4.31e-12  4.28e-12  4.26e-12  4.27e-12  4.28e-12  4.30e-12  4.33e-12  4.35e-12  4.37e-12
    511    33    16   1.40e-12  1.21e-12  1.03e-12  9.49e-13  9.05e-13  8.77e-13  8.54e-13  8.33e-13  8.14e-13  7.96e-13  7.80e-13
    512    33    17   2.51e-12  2.35e-12  2.21e-12  2.16e-12  2.15e-12  2.18e-12  2.22e-12  2.27e-12  2.32e-12  2.38e-12  2.43e-12
    513    33    18   1.64e-12  1.54e-12  1.46e-12  1.44e-12  1.44e-12  1.46e-12  1.49e-12  1.54e-12  1.58e-12  1.62e-12  1.67e-12
    514    33    19   2.56e-13  2.70e-13  2.94e-13  3.08e-13  3.19e-13  3.31e-13  3.43e-13  3.57e-13  3.72e-13  3.86e-13  3.99e-13
    515    33    20   9.36e-14  1.10e-13  1.34e-13  1.40e-13  1.41e-13  1.41e-13  1.41e-13  1.42e-13  1.44e-13  1.46e-13  1.48e-13
    516    33    21   4.27e-13  4.45e-13  4.81e-13  5.03e-13  5.23e-13  5.44e-13  5.66e-13  5.91e-13  6.16e-13  6.40e-13  6.64e-13
    517    33    22   3.78e-14  4.79e-14  6.27e-14  6.28e-14  5.87e-14  5.37e-14  4.90e-14  4.47e-14  4.09e-14  3.75e-14  3.46e-14
    518    33    23   8.28e-14  9.47e-14  1.16e-13  1.24e-13  1.28e-13  1.32e-13  1.37e-13  1.44e-13  1.51e-13  1.58e-13  1.66e-13
    519    33    24   1.02e-13  1.13e-13  1.34e-13  1.37e-13  1.36e-13  1.35e-13  1.34e-13  1.35e-13  1.36e-13  1.38e-13  1.41e-13
    520    33    25   3.08e-12  3.13e-12  3.19e-12  3.30e-12  3.42e-12  3.53e-12  3.64e-12  3.74e-12  3.83e-12  3.91e-12  3.98e-12
    521    33    26   2.57e-12  2.57e-12  2.65e-12  2.74e-12  2.84e-12  2.94e-12  3.04e-12  3.13e-12  3.21e-12  3.28e-12  3.35e-12
    522    33    27   2.06e-12  2.05e-12  2.12e-12  2.20e-12  2.28e-12  2.36e-12  2.44e-12  2.51e-12  2.58e-12  2.64e-12  2.69e-12
    523    33    28   1.01e-12  9.66e-13  1.03e-12  1.10e-12  1.15e-12  1.18e-12  1.19e-12  1.20e-12  1.21e-12  1.21e-12  1.21e-12
    524    33    29   1.67e-12  1.59e-12  1.61e-12  1.68e-12  1.76e-12  1.85e-12  1.94e-12  2.03e-12  2.12e-12  2.20e-12  2.29e-12
    525    33    30   1.35e-12  1.28e-12  1.30e-12  1.36e-12  1.42e-12  1.50e-12  1.57e-12  1.65e-12  1.72e-12  1.79e-12  1.86e-12
    526    33    31   3.73e-12  3.84e-12  4.02e-12  4.02e-12  3.99e-12  3.95e-12  3.91e-12  3.86e-12  3.82e-12  3.77e-12  3.73e-12
    527    33    32   3.84e-12  3.98e-12  4.15e-12  4.13e-12  4.10e-12  4.06e-12  4.01e-12  3.97e-12  3.92e-12  3.87e-12  3.82e-12
    528    34     1   2.39e-13  2.41e-13  1.81e-13  1.40e-13  1.16e-13  1.00e-13  8.88e-14  8.02e-14  7.32e-14  6.75e-14  6.26e-14
    529    34     2   5.64e-13  5.70e-13  5.46e-13  5.32e-13  5.27e-13  5.29e-13  5.35e-13  5.44e-13  5.55e-13  5.65e-13  5.76e-13
    530    34     3   1.09e-12  1.10e-12  1.02e-12  9.71e-13  9.48e-13  9.42e-13  9.45e-13  9.54e-13  9.67e-13  9.82e-13  9.97e-13
    531    34     4   7.94e-12  8.22e-12  8.45e-12  8.48e-12  8.47e-12  8.47e-12  8.47e-12  8.48e-12  8.50e-12  8.51e-12  8.51e-12
    532    34     5   1.83e-12  1.90e-12  1.91e-12  1.89e-12  1.87e-12  1.86e-12  1.85e-12  1.85e-12  1.85e-12  1.84e-12  1.84e-12
    533    34     6   9.10e-12  9.43e-12  9.65e-12  9.64e-12  9.61e-12  9.60e-12  9.59e-12  9.60e-12  9.61e-12  9.62e-12  9.62e-12
    534    34     7   2.90e-15  6.37e-15  1.08e-14  1.18e-14  1.14e-14  1.05e-14  9.61e-15  8.76e-15  8.00e-15  7.33e-15  6.74e-15
    535    34     8   4.58e-14  4.55e-14  4.14e-14  3.82e-14  3.58e-14  3.36e-14  3.15e-14  2.95e-14  2.77e-14  2.60e-14  2.44e-14
    536    34     9   1.20e-14  1.66e-14  2.19e-14  2.36e-14  2.36e-14  2.28e-14  2.17e-14  2.05e-14  1.92e-14  1.81e-14  1.70e-14
    537    34    10   4.48e-15  7.99e-15  1.27e-14  1.37e-14  1.32e-14  1.22e-14  1.12e-14  1.02e-14  9.40e-15  8.66e-15  8.01e-15
    538    34    11   1.41e-12  1.39e-12  1.40e-12  1.43e-12  1.46e-12  1.51e-12  1.56e-12  1.62e-12  1.68e-12  1.74e-12  1.79e-12
    539    34    12   1.55e-14  2.19e-14  2.63e-14  2.65e-14  2.55e-14  2.41e-14  2.26e-14  2.12e-14  1.99e-14  1.88e-14  1.78e-14
    540    34    13   2.29e-12  2.32e-12  2.29e-12  2.29e-12  2.31e-12  2.35e-12  2.41e-12  2.47e-12  2.53e-12  2.60e-12  2.66e-12
    541    34    14   8.04e-13  8.21e-13  8.15e-13  8.12e-13  8.19e-13  8.35e-13  8.56e-13  8.80e-13  9.05e-13  9.30e-13  9.54e-13
    542    34    15   1.30e-12  1.33e-12  1.28e-12  1.25e-12  1.24e-12  1.24e-12  1.24e-12  1.24e-12  1.24e-12  1.25e-12  1.25e-12
    543    34    16   8.11e-12  8.28e-12  8.36e-12  8.34e-12  8.34e-12  8.36e-12  8.40e-12  8.44e-12  8.49e-12  8.54e-12  8.57e-12
    544    34    17   1.51e-12  1.57e-12  1.55e-12  1.52e-12  1.51e-12  1.50e-12  1.50e-12  1.51e-12  1.52e-12  1.52e-12  1.53e-12
    545    34    18   8.55e-12  8.72e-12  8.84e-12  8.84e-12  8.86e-12  8.89e-12  8.94e-12  8.99e-12  9.04e-12  9.09e-12  9.13e-12
    546    34    19   1.13e-14  3.21e-14  5.62e-14  5.96e-14  5.64e-14  5.17e-14  4.70e-14  4.27e-14  3.88e-14  3.55e-14  3.26e-14
    547    34    20   2.57e-14  5.16e-14  7.88e-14  8.20e-14  7.80e-14  7.21e-14  6.61e-14  6.06e-14  5.56e-14  5.11e-14  4.72e-14
    548    34    21   1.28e-13  1.40e-13  1.60e-13  1.71e-13  1.81e-13  1.92e-13  2.04e-13  2.18e-13  2.32e-13  2.47e-13  2.61e-13
    549    34    22   2.07e-14  4.16e-14  6.59e-14  6.93e-14  6.57e-14  6.05e-14  5.52e-14  5.04e-14  4.62e-14  4.25e-14  3.92e-14
    550    34    23   3.39e-13  3.55e-13  3.87e-13  4.05e-13  4.20e-13  4.35e-13  4.52e-13  4.70e-13  4.89e-13  5.07e-13  5.25e-13
    551    34    24   4.13e-13  4.16e-13  4.40e-13  4.62e-13  4.84e-13  5.08e-13  5.34e-13  5.61e-13  5.88e-13  6.14e-13  6.39e-13
    552    34    25   1.70e-12  1.70e-12  1.80e-12  1.91e-12  2.03e-12  2.14e-12  2.24e-12  2.35e-12  2.46e-12  2.56e-12  2.65e-12
    553    34    26   4.35e-13  4.37e-13  4.53e-13  4.76e-13  5.00e-13  5.26e-13  5.52e-13  5.78e-13  6.05e-13  6.30e-13  6.55e-13
    554    34    27   1.32e-12  1.38e-12  1.54e-12  1.68e-12  1.79e-12  1.86e-12  1.92e-12  1.97e-12  2.02e-12  2.06e-12  2.09e-12
    555    34    28   2.93e-12  2.97e-12  3.10e-12  3.24e-12  3.37e-12  3.49e-12  3.61e-12  3.71e-12  3.82e-12  3.91e-12  3.99e-12
    556    34    29   4.73e-13  4.94e-13  5.20e-13  5.39e-13  5.55e-13  5.71e-13  5.87e-13  6.03e-13  6.19e-13  6.33e-13  6.46e-13
    557    34    30   4.00e-12  4.05e-12  4.19e-12  4.36e-12  4.54e-12  4.71e-12  4.86e-12  5.00e-12  5.13e-12  5.24e-12  5.34e-12
    558    34    31   1.25e-10  1.28e-10  1.36e-10  1.40e-10  1.42e-10  1.44e-10  1.46e-10  1.48e-10  1.50e-10  1.52e-10  1.53e-10
    559    34    32   1.38e-13  1.78e-13  1.85e-13  1.86e-13  1.89e-13  1.90e-13  1.91e-13  1.91e-13  1.90e-13  1.89e-13  1.87e-13
    560    34    33   9.44e-12  9.91e-12  1.06e-11  1.09e-11  1.12e-11  1.13e-11  1.15e-11  1.16e-11  1.18e-11  1.19e-11  1.20e-11
    561    35     1   5.44e-15  6.43e-15  5.04e-15  4.04e-15  3.43e-15  3.02e-15  2.71e-15  2.46e-15  2.26e-15  2.09e-15  1.95e-15
    562    35     2   1.35e-12  1.36e-12  1.21e-12  1.11e-12  1.06e-12  1.03e-12  1.02e-12  1.02e-12  1.02e-12  1.03e-12  1.04e-12
    563    35     3   5.37e-13  5.41e-13  5.32e-13  5.28e-13  5.29e-13  5.36e-13  5.46e-13  5.57e-13  5.70e-13  5.84e-13  5.96e-13
    564    35     4   1.97e-14  2.20e-14  1.83e-14  1.58e-14  1.44e-14  1.35e-14  1.30e-14  1.26e-14  1.24e-14  1.23e-14  1.22e-14
    565    35     5   1.87e-11  1.94e-11  1.99e-11  1.99e-11  1.99e-11  1.98e-11  1.98e-11  1.99e-11  1.99e-11  1.99e-11  1.99e-11
    566    35     6   1.41e-13  1.59e-13  1.22e-13  9.55e-14  8.03e-14  7.06e-14  6.37e-14  5.86e-14  5.46e-14  5.14e-14  4.88e-14
    567    35     7   2.14e-14  2.08e-14  1.84e-14  1.67e-14  1.55e-14  1.44e-14  1.35e-14  1.26e-14  1.18e-14  1.11e-14  1.04e-14
    568    35     8   1.56e-14  2.20e-14  2.94e-14  3.10e-14  3.02e-14  2.85e-14  2.66e-14  2.47e-14  2.30e-14  2.14e-14  1.99e-14
    569    35     9   2.38e-14  2.57e-14  2.64e-14  2.60e-14  2.51e-14  2.40e-14  2.27e-14  2.14e-14  2.01e-14  1.89e-14  1.78e-14
    570    35    10   6.91e-13  6.82e-13  6.86e-13  6.98e-13  7.16e-13  7.39e-13  7.65e-13  7.94e-13  8.23e-13  8.51e-13  8.78e-13
    571    35    11   1.93e-13  1.98e-13  2.07e-13  2.11e-13  2.15e-13  2.19e-13  2.24e-13  2.29e-13  2.35e-13  2.41e-13  2.47e-13
    572    35    12   5.46e-13  5.43e-13  5.48e-13  5.57e-13  5.71e-13  5.88e-13  6.08e-13  6.29e-13  6.51e-13  6.72e-13  6.93e-13
    573    35    13   1.38e-12  1.40e-12  1.39e-12  1.39e-12  1.41e-12  1.44e-12  1.48e-12  1.52e-12  1.57e-12  1.62e-12  1.66e-12
    574    35    14   2.82e-12  2.87e-12  2.79e-12  2.75e-12  2.76e-12  2.78e-12  2.81e-12  2.85e-12  2.89e-12  2.93e-12  2.97e-12
    575    35    15   1.94e-13  2.00e-13  1.98e-13  1.97e-13  1.98e-13  2.02e-13  2.06e-13  2.12e-13  2.18e-13  2.24e-13  2.30e-13
    576    35    16   3.75e-12  3.84e-12  3.86e-12  3.84e-12  3.83e-12  3.83e-12  3.84e-12  3.86e-12  3.89e-12  3.91e-12  3.92e-12
    577    35    17   1.43e-11  1.46e-11  1.48e-11  1.48e-11  1.48e-11  1.48e-11  1.49e-11  1.50e-11  1.51e-11  1.52e-11  1.52e-11
    578    35    18   1.00e-13  1.15e-13  1.01e-13  8.95e-14  8.27e-14  7.88e-14  7.65e-14  7.53e-14  7.47e-14  7.45e-14  7.45e-14
    579    35    19   7.36e-14  8.01e-14  9.08e-14  9.71e-14  1.03e-13  1.09e-13  1.17e-13  1.25e-13  1.33e-13  1.42e-13  1.51e-13
    580    35    20   5.71e-14  7.61e-14  9.82e-14  1.04e-13  1.04e-13  1.05e-13  1.05e-13  1.06e-13  1.08e-13  1.10e-13  1.13e-13
    581    35    21   3.40e-14  6.79e-14  1.06e-13  1.12e-13  1.08e-13  1.02e-13  9.53e-14  8.96e-14  8.47e-14  8.06e-14  7.72e-14
    582    35    22   2.28e-13  2.29e-13  2.42e-13  2.54e-13  2.67e-13  2.80e-13  2.94e-13  3.09e-13  3.25e-13  3.39e-13  3.53e-13
    583    35    23   3.43e-13  3.53e-13  3.80e-13  3.98e-13  4.14e-13  4.32e-13  4.51e-13  4.71e-13  4.92e-13  5.12e-13  5.31e-13
    584    35    24   2.01e-13  2.30e-13  2.71e-13  2.84e-13  2.89e-13  2.92e-13  2.95e-13  3.00e-13  3.06e-13  3.12e-13  3.19e-13
    585    35    25   1.12e-12  1.12e-12  1.18e-12  1.25e-12  1.32e-12  1.39e-12  1.46e-12  1.53e-12  1.61e-12  1.67e-12  1.74e-12
    586    35    26   2.14e-12  2.21e-12  2.42e-12  2.62e-12  2.78e-12  2.91e-12  3.02e-12  3.12e-12  3.21e-12  3.30e-12  3.38e-12
    587    35    27   1.91e-13  1.92e-13  1.99e-13  2.08e-13  2.18e-13  2.29e-13  2.40e-13  2.51e-13  2.63e-13  2.74e-13  2.85e-13
    588    35    28   1.74e-12  1.77e-12  1.86e-12  1.94e-12  2.02e-12  2.09e-12  2.16e-12  2.22e-12  2.28e-12  2.34e-12  2.39e-12
    589    35    29   5.48e-12  5.56e-12  5.76e-12  6.00e-12  6.24e-12  6.47e-12  6.68e-12  6.88e-12  7.05e-12  7.21e-12  7.35e-12
    590    35    30   1.73e-13  1.84e-13  1.94e-13  2.00e-13  2.05e-13  2.10e-13  2.15e-13  2.21e-13  2.26e-13  2.31e-13  2.36e-13
    591    35    31   8.76e-14  1.13e-13  1.18e-13  1.19e-13  1.20e-13  1.21e-13  1.21e-13  1.21e-13  1.21e-13  1.20e-13  1.19e-13
    592    35    32   1.28e-10  1.32e-10  1.40e-10  1.44e-10  1.46e-10  1.48e-10  1.50e-10  1.52e-10  1.54e-10  1.56e-10  1.57e-10
    593    35    33   6.08e-12  6.39e-12  6.84e-12  7.06e-12  7.20e-12  7.31e-12  7.41e-12  7.50e-12  7.59e-12  7.66e-12  7.73e-12
    594    35    34   9.34e-14  1.33e-13  1.40e-13  1.38e-13  1.38e-13  1.37e-13  1.35e-13  1.33e-13  1.31e-13  1.28e-13  1.26e-13
    595    36     1   4.39e-13  4.41e-13  4.36e-13  4.34e-13  4.36e-13  4.42e-13  4.51e-13  4.61e-13  4.72e-13  4.83e-13  4.94e-13
    596    36     2   1.07e-12  1.07e-12  1.01e-12  9.66e-13  9.48e-13  9.45e-13  9.51e-13  9.63e-13  9.78e-13  9.94e-13  1.01e-12
    597    36     3   3.89e-13  3.94e-13  3.04e-13  2.43e-13  2.07e-13  1.84e-13  1.67e-13  1.55e-13  1.46e-13  1.38e-13  1.31e-13
    598    36     4   8.83e-14  9.94e-14  7.38e-14  5.59e-14  4.54e-14  3.85e-14  3.36e-14  2.99e-14  2.69e-14  2.44e-14  2.24e-14
    599    36     5   7.17e-12  7.43e-12  7.58e-12  7.56e-12  7.53e-12  7.51e-12  7.50e-12  7.51e-12  7.51e-12  7.52e-12  7.52e-12
    600    36     6   1.16e-11  1.20e-11  1.24e-11  1.24e-11  1.24e-11  1.24e-11  1.24e-11  1.24e-11  1.24e-11  1.24e-11  1.24e-11
    601    36     7   8.07e-15  1.07e-14  1.36e-14  1.46e-14  1.47e-14  1.43e-14  1.37e-14  1.30e-14  1.23e-14  1.15e-14  1.09e-14
    602    36     8   3.04e-14  3.36e-14  3.57e-14  3.55e-14  3.43e-14  3.27e-14  3.09e-14  2.91e-14  2.73e-14  2.56e-14  2.41e-14
    603    36     9   2.23e-14  2.42e-14  2.49e-14  2.35e-14  2.17e-14  1.99e-14  1.82e-14  1.67e-14  1.54e-14  1.42e-14  1.32e-14
    604    36    10   1.03e-14  1.42e-14  1.64e-14  1.64e-14  1.57e-14  1.49e-14  1.40e-14  1.32e-14  1.25e-14  1.18e-14  1.12e-14
    605    36    11   6.70e-13  6.66e-13  6.74e-13  6.85e-13  7.02e-13  7.22e-13  7.46e-13  7.72e-13  7.99e-13  8.25e-13  8.49e-13
    606    36    12   7.50e-13  7.42e-13  7.51e-13  7.65e-13  7.84e-13  8.08e-13  8.37e-13  8.67e-13  8.98e-13  9.28e-13  9.57e-13
    607    36    13   9.22e-13  9.53e-13  8.98e-13  8.62e-13  8.46e-13  8.34e-13  8.21e-13  8.07e-13  7.92e-13  7.78e-13  7.64e-13
    608    36    14   2.08e-12  2.11e-12  2.09e-12  2.09e-12  2.11e-12  2.14e-12  2.20e-12  2.25e-12  2.31e-12  2.37e-12  2.43e-12
    609    36    15   1.39e-12  1.40e-12  1.40e-12  1.40e-12  1.41e-12  1.45e-12  1.48e-12  1.53e-12  1.58e-12  1.62e-12  1.67e-12
    610    36    16   7.28e-12  7.44e-12  7.53e-12  7.53e-12  7.54e-12  7.57e-12  7.61e-12  7.65e-12  7.70e-12  7.74e-12  7.77e-12
    611    36    17   6.76e-12  6.92e-12  6.97e-12  6.94e-12  6.93e-12  6.94e-12  6.97e-12  7.01e-12  7.05e-12  7.09e-12  7.12e-12
    612    36    18   4.13e-12  4.22e-12  4.25e-12  4.24e-12  4.23e-12  4.24e-12  4.26e-12  4.28e-12  4.31e-12  4.33e-12  4.35e-12
    613    36    19   1.88e-14  3.72e-14  5.63e-14  5.85e-14  5.56e-14  5.15e-14  4.72e-14  4.33e-14  3.97e-14  3.66e-14  3.38e-14
    614    36    20   7.50e-14  9.09e-14  1.14e-13  1.23e-13  1.27e-13  1.32e-13  1.37e-13  1.44e-13  1.51e-13  1.59e-13  1.66e-13
    615    36    21   7.09e-14  9.59e-14  1.25e-13  1.32e-13  1.33e-13  1.32e-13  1.33e-13  1.34e-13  1.36e-13  1.38e-13  1.41e-13
    616    36    22   2.57e-13  2.68e-13  2.91e-13  3.04e-13  3.16e-13  3.28e-13  3.41e-13  3.55e-13  3.69e-13  3.84e-13  3.97e-13
    617    36    23   8.90e-14  1.05e-13  1.28e-13  1.35e-13  1.36e-13  1.37e-13  1.38e-13  1.39e-13  1.41e-13  1.43e-13  1.46e-13
    618    36    24   4.26e-13  4.40e-13  4.75e-13  4.97e-13  5.18e-13  5.39e-13  5.62e-13  5.87e-13  6.12e-13  6.37e-13  6.61e-13
    619    36    25   7.60e-13  8.28e-13  9.61e-13  1.06e-12  1.12e-12  1.16e-12  1.19e-12  1.20e-12  1.21e-12  1.21e-12  1.21e-12
    620    36    26   1.49e-12  1.49e-12  1.57e-12  1.67e-12  1.76e-12  1.86e-12  1.95e-12  2.04e-12  2.14e-12  2.22e-12  2.31e-12
    621    36    27   1.21e-12  1.21e-12  1.27e-12  1.34e-12  1.42e-12  1.50e-12  1.58e-12  1.66e-12  1.74e-12  1.81e-12  1.88e-12
    622    36    28   2.99e-12  3.04e-12  3.13e-12  3.25e-12  3.38e-12  3.50e-12  3.61e-12  3.71e-12  3.81e-12  3.89e-12  3.95e-12
    623    36    29   2.45e-12  2.49e-12  2.60e-12  2.71e-12  2.82e-12  2.92e-12  3.02e-12  3.11e-12  3.19e-12  3.27e-12  3.33e-12
    624    36    30   1.96e-12  1.99e-12  2.08e-12  2.18e-12  2.26e-12  2.34e-12  2.42e-12  2.50e-12  2.57e-12  2.63e-12  2.68e-12
    625    36    31   7.34e-12  7.71e-12  8.24e-12  8.51e-12  8.68e-12  8.82e-12  8.94e-12  9.05e-12  9.15e-12  9.24e-12  9.32e-12
    626    36    32   7.44e-12  7.82e-12  8.36e-12  8.63e-12  8.80e-12  8.94e-12  9.06e-12  9.17e-12  9.27e-12  9.37e-12  9.44e-12
    627    36    33   1.20e-10  1.23e-10  1.30e-10  1.34e-10  1.36e-10  1.38e-10  1.40e-10  1.42e-10  1.43e-10  1.45e-10  1.47e-10
    628    36    34   2.32e-12  3.04e-12  3.59e-12  3.75e-12  3.81e-12  3.83e-12  3.83e-12  3.81e-12  3.78e-12  3.75e-12  3.71e-12
    629    36    35   2.38e-12  3.14e-12  3.69e-12  3.85e-12  3.91e-12  3.93e-12  3.92e-12  3.90e-12  3.87e-12  3.84e-12  3.80e-12
    630    37     1   5.47e-14  3.25e-14  1.88e-14  1.34e-14  1.06e-14  8.91e-15  7.79e-15  6.97e-15  6.34e-15  5.83e-15  5.41e-15
    631    37     2   7.99e-13  7.51e-13  7.24e-13  7.14e-13  7.13e-13  7.18e-13  7.25e-13  7.35e-13  7.45e-13  7.55e-13  7.63e-13
    632    37     3   7.09e-13  7.03e-13  7.05e-13  7.06e-13  7.09e-13  7.15e-13  7.22e-13  7.30e-13  7.37e-13  7.44e-13  7.50e-13
    633    37     4   8.16e-13  8.18e-13  8.22e-13  8.26e-13  8.36e-13  8.51e-13  8.70e-13  8.91e-13  9.12e-13  9.32e-13  9.50e-13
    634    37     5   1.66e-12  1.64e-12  1.62e-12  1.62e-12  1.63e-12  1.66e-12  1.69e-12  1.73e-12  1.77e-12  1.81e-12  1.84e-12
    635    37     6   1.53e-13  1.28e-13  1.05e-13  9.46e-14  8.90e-14  8.61e-14  8.47e-14  8.41e-14  8.41e-14  8.42e-14  8.44e-14
    636    37     7   7.77e-13  6.25e-13  4.76e-13  3.95e-13  3.48e-13  3.20e-13  3.01e-13  2.89e-13  2.82e-13  2.76e-13  2.72e-13
    637    37     8   1.72e-12  1.49e-12  1.25e-12  1.12e-12  1.05e-12  1.00e-12  9.77e-13  9.61e-13  9.51e-13  9.44e-13  9.38e-13
    638    37     9   3.13e-12  2.99e-12  2.86e-12  2.80e-12  2.77e-12  2.77e-12  2.77e-12  2.78e-12  2.79e-12  2.80e-12  2.80e-12
    639    37    10   1.78e-12  1.75e-12  1.70e-12  1.64e-12  1.59e-12  1.56e-12  1.53e-12  1.51e-12  1.49e-12  1.47e-12  1.46e-12
    640    37    11   2.98e-12  2.92e-12  2.81e-12  2.71e-12  2.63e-12  2.57e-12  2.52e-12  2.48e-12  2.45e-12  2.42e-12  2.39e-12
    641    37    12   3.17e-12  3.07e-12  2.98e-12  2.89e-12  2.81e-12  2.76e-12  2.72e-12  2.68e-12  2.65e-12  2.62e-12  2.58e-12
    642    37    13   2.45e-12  2.47e-12  2.50e-12  2.51e-12  2.51e-12  2.51e-12  2.51e-12  2.52e-12  2.52e-12  2.52e-12  2.52e-12
    643    37    14   2.33e-12  2.30e-12  2.30e-12  2.29e-12  2.28e-12  2.28e-12  2.28e-12  2.29e-12  2.29e-12  2.29e-12  2.28e-12
    644    37    15   1.42e-12  1.40e-12  1.40e-12  1.40e-12  1.40e-12  1.40e-12  1.40e-12  1.40e-12  1.40e-12  1.40e-12  1.40e-12
    645    37    16   6.34e-13  5.74e-13  5.23e-13  5.05e-13  5.02e-13  5.07e-13  5.14e-13  5.23e-13  5.32e-13  5.41e-13  5.49e-13
    646    37    17   2.07e-12  2.03e-12  2.01e-12  2.02e-12  2.05e-12  2.10e-12  2.16e-12  2.23e-12  2.30e-12  2.36e-12  2.42e-12
    647    37    18   1.35e-12  1.33e-12  1.32e-12  1.33e-12  1.36e-12  1.39e-12  1.44e-12  1.48e-12  1.53e-12  1.57e-12  1.61e-12
    648    37    19   2.40e-12  2.24e-12  2.09e-12  2.00e-12  1.93e-12  1.88e-12  1.84e-12  1.81e-12  1.77e-12  1.74e-12  1.71e-12
    649    37    20   1.07e-11  1.04e-11  1.03e-11  1.02e-11  1.00e-11  9.91e-12  9.78e-12  9.66e-12  9.53e-12  9.40e-12  9.26e-12
    650    37    21   3.51e-12  3.27e-12  3.07e-12  2.93e-12  2.84e-12  2.76e-12  2.70e-12  2.65e-12  2.60e-12  2.56e-12  2.51e-12
    651    37    22   1.14e-12  9.96e-13  7.75e-13  6.44e-13  5.64e-13  5.12e-13  4.75e-13  4.47e-13  4.26e-13  4.08e-13  3.92e-13
    652    37    23   5.77e-11  6.01e-11  6.28e-11  6.36e-11  6.41e-11  6.46e-11  6.52e-11  6.58e-11  6.63e-11  6.68e-11  6.72e-11
    653    37    24   5.24e-12  5.23e-12  5.14e-12  5.03e-12  4.96e-12  4.93e-12  4.92e-12  4.93e-12  4.94e-12  4.95e-12  4.96e-12
    654    37    25   6.26e-12  6.15e-12  6.08e-12  6.04e-12  6.03e-12  6.05e-12  6.08e-12  6.11e-12  6.15e-12  6.17e-12  6.19e-12
    655    37    26   5.22e-12  5.12e-12  5.05e-12  5.02e-12  5.01e-12  5.02e-12  5.05e-12  5.08e-12  5.11e-12  5.13e-12  5.14e-12
    656    37    27   4.18e-12  4.11e-12  4.06e-12  4.04e-12  4.03e-12  4.04e-12  4.06e-12  4.09e-12  4.11e-12  4.13e-12  4.14e-12
    657    37    28   2.56e-12  2.08e-12  1.39e-12  1.05e-12  8.64e-13  7.50e-13  6.72e-13  6.14e-13  5.69e-13  5.32e-13  5.01e-13
    658    37    29   1.68e-12  1.42e-12  1.01e-12  7.96e-13  6.88e-13  6.27e-13  5.91e-13  5.69e-13  5.55e-13  5.46e-13  5.40e-13
    659    37    30   1.29e-12  1.09e-12  7.74e-13  6.15e-13  5.33e-13  4.87e-13  4.61e-13  4.46e-13  4.36e-13  4.31e-13  4.27e-13
    660    37    31   2.31e-13  2.27e-13  2.24e-13  2.25e-13  2.30e-13  2.37e-13  2.47e-13  2.57e-13  2.67e-13  2.76e-13  2.85e-13
    661    37    32   2.92e-13  2.87e-13  2.85e-13  2.88e-13  2.95e-13  3.06e-13  3.19e-13  3.33e-13  3.47e-13  3.60e-13  3.73e-13
    662    37    33   1.98e-13  1.67e-13  1.19e-13  9.31e-14  7.87e-14  6.98e-14  6.40e-14  6.02e-14  5.75e-14  5.56e-14  5.42e-14
    663    37    34   9.29e-14  8.92e-14  8.99e-14  9.29e-14  9.67e-14  1.01e-13  1.06e-13  1.12e-13  1.18e-13  1.24e-13  1.29e-13
    664    37    35   1.35e-13  1.31e-13  1.34e-13  1.41e-13  1.48e-13  1.57e-13  1.66e-13  1.77e-13  1.88e-13  1.98e-13  2.08e-13
    665    37    36   1.27e-13  1.08e-13  8.60e-14  7.62e-14  7.18e-14  7.02e-14  7.02e-14  7.12e-14  7.26e-14  7.44e-14  7.62e-14
    666    38     1   2.05e-13  2.03e-13  2.01e-13  2.01e-13  2.03e-13  2.06e-13  2.10e-13  2.15e-13  2.20e-13  2.25e-13  2.29e-13
    667    38     2   9.22e-13  8.79e-13  8.62e-13  8.55e-13  8.52e-13  8.53e-13  8.56e-13  8.60e-13  8.65e-13  8.68e-13  8.70e-13
    668    38     3   4.35e-13  4.04e-13  3.85e-13  3.78e-13  3.78e-13  3.82e-13  3.88e-13  3.96e-13  4.04e-13  4.12e-13  4.19e-13
    669    38     4   2.46e-14  1.67e-14  1.10e-14  8.20e-15  6.64e-15  5.67e-15  5.01e-15  4.51e-15  4.13e-15  3.81e-15  3.54e-15
    670    38     5   1.58e-12  1.55e-12  1.53e-12  1.53e-12  1.54e-12  1.56e-12  1.59e-12  1.62e-12  1.66e-12  1.69e-12  1.73e-12
    671    38     6   1.02e-12  1.01e-12  1.01e-12  1.01e-12  1.02e-12  1.03e-12  1.05e-12  1.08e-12  1.10e-12  1.13e-12  1.15e-12
    672    38     7   1.56e-13  1.36e-13  1.05e-13  8.37e-14  7.05e-14  6.20e-14  5.62e-14  5.22e-14  4.94e-14  4.72e-14  4.55e-14
    673    38     8   4.66e-12  4.30e-12  3.98e-12  3.82e-12  3.73e-12  3.70e-12  3.68e-12  3.68e-12  3.69e-12  3.69e-12  3.69e-12
    674    38     9   8.12e-13  6.62e-13  5.04e-13  4.16e-13  3.64e-13  3.32e-13  3.12e-13  2.98e-13  2.89e-13  2.82e-13  2.77e-13
    675    38    10   1.25e-13  1.13e-13  8.70e-14  6.99e-14  5.93e-14  5.23e-14  4.76e-14  4.41e-14  4.15e-14  3.94e-14  3.77e-14
    676    38    11   6.12e-12  5.98e-12  5.83e-12  5.65e-12  5.51e-12  5.40e-12  5.32e-12  5.25e-12  5.19e-12  5.13e-12  5.07e-12
    677    38    12   1.68e-12  1.65e-12  1.58e-12  1.51e-12  1.46e-12  1.43e-12  1.40e-12  1.38e-12  1.36e-12  1.34e-12  1.32e-12
    678    38    13   1.30e-12  1.28e-12  1.27e-12  1.26e-12  1.26e-12  1.25e-12  1.25e-12  1.25e-12  1.25e-12  1.25e-12  1.25e-12
    679    38    14   4.84e-12  4.85e-12  4.91e-12  4.91e-12  4.91e-12  4.92e-12  4.93e-12  4.94e-12  4.95e-12  4.95e-12  4.95e-12
    680    38    15   5.47e-14  3.97e-14  2.69e-14  2.06e-14  1.72e-14  1.50e-14  1.35e-14  1.23e-14  1.13e-14  1.05e-14  9.81e-15
    681    38    16   1.45e-12  1.43e-12  1.42e-12  1.43e-12  1.45e-12  1.49e-12  1.53e-12  1.58e-12  1.63e-12  1.67e-12  1.72e-12
    682    38    17   2.28e-12  2.19e-12  2.13e-12  2.12e-12  2.15e-12  2.19e-12  2.25e-12  2.32e-12  2.38e-12  2.44e-12  2.50e-12
    683    38    18   3.19e-13  3.15e-13  3.10e-13  3.10e-13  3.13e-13  3.20e-13  3.28e-13  3.38e-13  3.47e-13  3.56e-13  3.64e-13
    684    38    19   2.84e-13  2.31e-13  1.63e-13  1.22e-13  9.71e-14  8.09e-14  6.97e-14  6.15e-14  5.53e-14  5.04e-14  4.65e-14
    685    38    20   2.17e-12  2.01e-12  1.85e-12  1.75e-12  1.68e-12  1.63e-12  1.59e-12  1.55e-12  1.52e-12  1.49e-12  1.46e-12
    686    38    21   1.42e-11  1.36e-11  1.35e-11  1.32e-11  1.30e-11  1.28e-11  1.27e-11  1.25e-11  1.23e-11  1.22e-11  1.20e-11
    687    38    22   2.47e-13  2.18e-13  1.69e-13  1.38e-13  1.18e-13  1.06e-13  9.73e-14  9.10e-14  8.62e-14  8.24e-14  7.93e-14
    688    38    23   1.10e-12  9.59e-13  7.46e-13  6.18e-13  5.40e-13  4.89e-13  4.54e-13  4.27e-13  4.06e-13  3.89e-13  3.74e-13
    689    38    24   6.27e-11  6.52e-11  6.78e-11  6.86e-11  6.90e-11  6.95e-11  7.00e-11  7.06e-11  7.12e-11  7.17e-11  7.21e-11
    690    38    25   3.73e-12  3.66e-12  3.61e-12  3.58e-12  3.58e-12  3.59e-12  3.60e-12  3.63e-12  3.65e-12  3.66e-12  3.67e-12
    691    38    26   1.15e-11  1.14e-11  1.12e-11  1.12e-11  1.12e-11  1.12e-11  1.12e-11  1.13e-11  1.14e-11  1.14e-11  1.15e-11
    692    38    27   3.96e-13  3.73e-13  3.52e-13  3.42e-13  3.38e-13  3.37e-13  3.38e-13  3.40e-13  3.42e-13  3.44e-13  3.46e-13
    693    38    28   1.18e-12  9.97e-13  7.13e-13  5.67e-13  4.92e-13  4.50e-13  4.26e-13  4.12e-13  4.04e-13  3.99e-13  3.96e-13
    694    38    29   4.18e-12  3.43e-12  2.35e-12  1.80e-12  1.51e-12  1.34e-12  1.23e-12  1.15e-12  1.09e-12  1.04e-12  1.01e-12
    695    38    30   1.72e-13  1.51e-13  1.12e-13  9.07e-14  7.94e-14  7.32e-14  6.98e-14  6.80e-14  6.71e-14  6.67e-14  6.66e-14
    696    38    31   1.07e-13  1.04e-13  1.06e-13  1.09e-13  1.13e-13  1.19e-13  1.25e-13  1.32e-13  1.39e-13  1.46e-13  1.52e-13
    697    38    32   3.75e-13  3.42e-13  2.89e-13  2.62e-13  2.49e-13  2.44e-13  2.43e-13  2.45e-13  2.48e-13  2.52e-13  2.55e-13
    698    38    33   2.39e-13  2.35e-13  2.33e-13  2.36e-13  2.42e-13  2.50e-13  2.61e-13  2.72e-13  2.84e-13  2.95e-13  3.05e-13
    699    38    34   7.36e-14  7.30e-14  7.76e-14  8.33e-14  8.98e-14  9.71e-14  1.05e-13  1.13e-13  1.22e-13  1.30e-13  1.38e-13
    700    38    35   1.71e-13  1.48e-13  1.23e-13  1.11e-13  1.06e-13  1.03e-13  1.02e-13  1.02e-13  1.02e-13  1.03e-13  1.04e-13
    701    38    36   1.11e-13  1.07e-13  1.10e-13  1.15e-13  1.21e-13  1.28e-13  1.36e-13  1.45e-13  1.53e-13  1.62e-13  1.70e-13
    702    38    37   7.77e-13  8.10e-13  8.11e-13  8.13e-13  8.26e-13  8.35e-13  8.36e-13  8.30e-13  8.18e-13  8.02e-13  7.84e-13
    703    39     1   2.77e-13  2.76e-13  2.80e-13  2.81e-13  2.82e-13  2.82e-13  2.83e-13  2.83e-13  2.84e-13  2.84e-13  2.84e-13
    704    39     2   8.72e-13  8.38e-13  8.17e-13  8.11e-13  8.14e-13  8.25e-13  8.39e-13  8.56e-13  8.74e-13  8.91e-13  9.06e-13
    705    39     3   4.14e-13  3.72e-13  3.51e-13  3.42e-13  3.37e-13  3.34e-13  3.33e-13  3.32e-13  3.31e-13  3.30e-13  3.29e-13
    706    39     4   3.83e-14  2.89e-14  1.90e-14  1.41e-14  1.14e-14  9.57e-15  8.31e-15  7.35e-15  6.60e-15  5.98e-15  5.47e-15
    707    39     5   1.02e-12  9.87e-13  9.69e-13  9.63e-13  9.67e-13  9.80e-13  9.99e-13  1.02e-12  1.04e-12  1.06e-12  1.08e-12
    708    39     6   1.57e-12  1.57e-12  1.56e-12  1.57e-12  1.58e-12  1.61e-12  1.64e-12  1.68e-12  1.72e-12  1.75e-12  1.79e-12
    709    39     7   3.10e-12  2.92e-12  2.77e-12  2.69e-12  2.66e-12  2.65e-12  2.65e-12  2.66e-12  2.66e-12  2.67e-12  2.67e-12
    710    39     8   5.92e-13  5.05e-13  3.97e-13  3.30e-13  2.90e-13  2.64e-13  2.47e-13  2.36e-13  2.28e-13  2.22e-13  2.18e-13
    711    39     9   1.94e-12  1.68e-12  1.43e-12  1.30e-12  1.22e-12  1.18e-12  1.15e-12  1.14e-12  1.13e-12  1.13e-12  1.12e-12
    712    39    10   3.63e-12  3.54e-12  3.46e-12  3.36e-12  3.28e-12  3.22e-12  3.18e-12  3.14e-12  3.10e-12  3.06e-12  3.03e-12
    713    39    11   8.16e-13  7.83e-13  7.13e-13  6.60e-13  6.24e-13  6.00e-13  5.82e-13  5.68e-13  5.56e-13  5.46e-13  5.37e-13
    714    39    12   3.48e-12  3.42e-12  3.32e-12  3.21e-12  3.13e-12  3.06e-12  3.01e-12  2.97e-12  2.93e-12  2.90e-12  2.86e-12
    715    39    13   2.77e-12  2.75e-12  2.76e-12  2.76e-12  2.76e-12  2.76e-12  2.76e-12  2.77e-12  2.77e-12  2.77e-12  2.77e-12
    716    39    14   5.59e-13  5.24e-13  4.99e-13  4.85e-13  4.78e-13  4.73e-13  4.71e-13  4.69e-13  4.68e-13  4.66e-13  4.64e-13
    717    39    15   2.87e-12  2.90e-12  2.94e-12  2.95e-12  2.95e-12  2.95e-12  2.96e-12  2.97e-12  2.97e-12  2.98e-12  2.97e-12
    718    39    16   2.12e-12  2.08e-12  2.06e-12  2.07e-12  2.10e-12  2.15e-12  2.22e-12  2.29e-12  2.36e-12  2.42e-12  2.48e-12
    719    39    17   1.04e-12  1.03e-12  1.01e-12  1.02e-12  1.03e-12  1.05e-12  1.08e-12  1.11e-12  1.15e-12  1.18e-12  1.21e-12
    720    39    18   8.90e-13  8.30e-13  7.85e-13  7.73e-13  7.78e-13  7.92e-13  8.10e-13  8.30e-13  8.51e-13  8.70e-13  8.87e-13
    721    39    19   1.18e-11  1.13e-11  1.13e-11  1.11e-11  1.10e-11  1.08e-11  1.07e-11  1.05e-11  1.04e-11  1.03e-11  1.01e-11
    722    39    20   4.18e-12  3.93e-12  3.74e-12  3.59e-12  3.49e-12  3.42e-12  3.35e-12  3.29e-12  3.24e-12  3.18e-12  3.13e-12
    723    39    21   7.12e-13  6.07e-13  4.77e-13  3.99e-13  3.50e-13  3.18e-13  2.95e-13  2.78e-13  2.64e-13  2.53e-13  2.43e-13
    724    39    22   5.70e-11  5.93e-11  6.19e-11  6.26e-11  6.31e-11  6.35e-11  6.41e-11  6.46e-11  6.52e-11  6.57e-11  6.60e-11
    725    39    23   6.49e-12  6.50e-12  6.43e-12  6.32e-12  6.26e-12  6.23e-12  6.23e-12  6.24e-12  6.26e-12  6.28e-12  6.29e-12
    726    39    24   6.01e-13  5.43e-13  4.42e-13  3.79e-13  3.39e-13  3.14e-13  2.97e-13  2.85e-13  2.75e-13  2.68e-13  2.62e-13
    727    39    25   6.22e-12  6.11e-12  6.05e-12  6.01e-12  6.00e-12  6.02e-12  6.05e-12  6.09e-12  6.12e-12  6.15e-12  6.17e-12
    728    39    26   1.05e-12  1.01e-12  9.70e-13  9.50e-13  9.43e-13  9.42e-13  9.46e-13  9.51e-13  9.57e-13  9.62e-13  9.66e-13
    729    39    27   8.38e-12  8.26e-12  8.18e-12  8.13e-12  8.12e-12  8.15e-12  8.19e-12  8.24e-12  8.29e-12  8.32e-12  8.34e-12
    730    39    28   1.97e-12  1.65e-12  1.17e-12  9.23e-13  7.96e-13  7.25e-13  6.82e-13  6.56e-13  6.40e-13  6.29e-13  6.21e-13
    731    39    29   4.11e-13  3.57e-13  2.62e-13  2.11e-13  1.84e-13  1.69e-13  1.61e-13  1.56e-13  1.54e-13  1.53e-13  1.52e-13
    732    39    30   3.15e-12  2.57e-12  1.74e-12  1.33e-12  1.10e-12  9.70e-13  8.80e-13  8.15e-13  7.66e-13  7.27e-13  6.95e-13
    733    39    31   2.57e-13  2.26e-13  1.74e-13  1.46e-13  1.30e-13  1.21e-13  1.15e-13  1.12e-13  1.09e-13  1.08e-13  1.07e-13
    734    39    32   1.68e-13  1.64e-13  1.66e-13  1.71e-13  1.78e-13  1.87e-13  1.97e-13  2.08e-13  2.19e-13  2.29e-13  2.39e-13
    735    39    33   2.97e-13  2.92e-13  2.88e-13  2.89e-13  2.96e-13  3.05e-13  3.17e-13  3.30e-13  3.43e-13  3.55e-13  3.67e-13
    736    39    34   1.20e-13  9.88e-14  7.27e-14  5.93e-14  5.12e-14  4.55e-14  4.12e-14  3.76e-14  3.46e-14  3.20e-14  2.98e-14
    737    39    35   1.16e-13  1.15e-13  1.22e-13  1.31e-13  1.41e-13  1.53e-13  1.65e-13  1.78e-13  1.92e-13  2.05e-13  2.17e-13
    738    39    36   1.19e-13  1.15e-13  1.16e-13  1.19e-13  1.24e-13  1.30e-13  1.37e-13  1.44e-13  1.51e-13  1.59e-13  1.66e-13
    739    39    37   1.16e-12  1.21e-12  1.22e-12  1.22e-12  1.25e-12  1.26e-12  1.26e-12  1.25e-12  1.24e-12  1.21e-12  1.19e-12
    740    39    38   1.20e-13  1.26e-13  1.11e-13  1.00e-13  9.60e-14  9.42e-14  9.28e-14  9.12e-14  8.93e-14  8.72e-14  8.49e-14
    741    40     1   8.05e-13  8.12e-13  8.18e-13  8.23e-13  8.34e-13  8.49e-13  8.68e-13  8.89e-13  9.10e-13  9.30e-13  9.48e-13
    742    40     2   1.59e-12  1.61e-12  1.61e-12  1.61e-12  1.63e-12  1.65e-12  1.69e-12  1.73e-12  1.76e-12  1.80e-12  1.84e-12
    743    40     3   1.09e-13  1.09e-13  9.69e-14  8.94e-14  8.54e-14  8.34e-14  8.26e-14  8.24e-14  8.26e-14  8.30e-14  8.33e-14
    744    40     4   1.68e-14  1.55e-14  1.13e-14  8.85e-15  7.46e-15  6.60e-15  5.99e-15  5.52e-15  5.14e-15  4.82e-15  4.54e-15
    745    40     5   7.18e-13  7.15e-13  7.10e-13  7.07e-13  7.09e-13  7.15e-13  7.24e-13  7.34e-13  7.45e-13  7.54e-13  7.63e-13
    746    40     6   6.92e-13  6.96e-13  7.04e-13  7.07e-13  7.10e-13  7.16e-13  7.23e-13  7.31e-13  7.38e-13  7.45e-13  7.51e-13
    747    40     7   1.70e-12  1.72e-12  1.68e-12  1.63e-12  1.58e-12  1.55e-12  1.52e-12  1.50e-12  1.48e-12  1.47e-12  1.45e-12
    748    40     8   2.83e-12  2.86e-12  2.78e-12  2.68e-12  2.60e-12  2.55e-12  2.50e-12  2.47e-12  2.44e-12  2.41e-12  2.38e-12
    749    40     9   2.95e-12  2.97e-12  2.92e-12  2.84e-12  2.78e-12  2.73e-12  2.69e-12  2.66e-12  2.63e-12  2.60e-12  2.57e-12
    750    40    10   6.68e-13  5.68e-13  4.48e-13  3.78e-13  3.36e-13  3.10e-13  2.94e-13  2.84e-13  2.77e-13  2.72e-13  2.69e-13
    751    40    11   1.56e-12  1.40e-12  1.21e-12  1.10e-12  1.03e-12  9.95e-13  9.72e-13  9.58e-13  9.49e-13  9.43e-13  9.38e-13
    752    40    12   3.06e-12  2.96e-12  2.87e-12  2.82e-12  2.80e-12  2.79e-12  2.80e-12  2.81e-12  2.82e-12  2.82e-12  2.82e-12
    753    40    13   5.30e-13  5.27e-13  5.01e-13  4.91e-13  4.93e-13  4.99e-13  5.08e-13  5.18e-13  5.27e-13  5.36e-13  5.44e-13
    754    40    14   1.96e-12  1.97e-12  1.98e-12  2.00e-12  2.04e-12  2.09e-12  2.15e-12  2.22e-12  2.29e-12  2.35e-12  2.41e-12
    755    40    15   1.28e-12  1.30e-12  1.31e-12  1.32e-12  1.35e-12  1.39e-12  1.43e-12  1.48e-12  1.52e-12  1.57e-12  1.60e-12
    756    40    16   2.41e-12  2.45e-12  2.50e-12  2.50e-12  2.51e-12  2.51e-12  2.51e-12  2.52e-12  2.52e-12  2.52e-12  2.52e-12
    757    40    17   2.22e-12  2.25e-12  2.28e-12  2.28e-12  2.28e-12  2.28e-12  2.28e-12  2.28e-12  2.28e-12  2.28e-12  2.28e-12
    758    40    18   1.35e-12  1.37e-12  1.39e-12  1.39e-12  1.39e-12  1.39e-12  1.40e-12  1.40e-12  1.40e-12  1.40e-12  1.40e-12
    759    40    19   1.02e-12  9.39e-13  7.45e-13  6.24e-13  5.50e-13  5.01e-13  4.67e-13  4.40e-13  4.20e-13  4.03e-13  3.88e-13
    760    40    20   5.63e-11  5.92e-11  6.20e-11  6.29e-11  6.34e-11  6.39e-11  6.45e-11  6.52e-11  6.58e-11  6.63e-11  6.66e-11
    761    40    21   5.01e-12  5.10e-12  5.05e-12  4.96e-12  4.90e-12  4.87e-12  4.87e-12  4.88e-12  4.89e-12  4.91e-12  4.91e-12
    762    40    22   2.13e-12  2.12e-12  2.05e-12  1.97e-12  1.92e-12  1.88e-12  1.84e-12  1.81e-12  1.78e-12  1.75e-12  1.72e-12
    763    40    23   8.64e-12  9.40e-12  9.88e-12  9.93e-12  9.89e-12  9.82e-12  9.73e-12  9.63e-12  9.52e-12  9.40e-12  9.27e-12
    764    40    24   3.06e-12  3.07e-12  2.99e-12  2.89e-12  2.81e-12  2.75e-12  2.70e-12  2.65e-12  2.60e-12  2.56e-12  2.52e-12
    765    40    25   2.27e-12  1.92e-12  1.31e-12  9.97e-13  8.27e-13  7.22e-13  6.50e-13  5.95e-13  5.53e-13  5.18e-13  4.89e-13
    766    40    26   1.38e-12  1.27e-12  9.33e-13  7.50e-13  6.55e-13  6.01e-13  5.70e-13  5.51e-13  5.39e-13  5.32e-13  5.27e-13
    767    40    27   1.05e-12  9.67e-13  7.16e-13  5.78e-13  5.07e-13  4.67e-13  4.45e-13  4.31e-13  4.24e-13  4.19e-13  4.17e-13
    768    40    28   6.01e-12  6.04e-12  6.03e-12  6.01e-12  6.01e-12  6.03e-12  6.06e-12  6.10e-12  6.13e-12  6.16e-12  6.18e-12
    769    40    29   5.00e-12  5.03e-12  5.02e-12  5.00e-12  5.00e-12  5.01e-12  5.04e-12  5.07e-12  5.10e-12  5.12e-12  5.14e-12
    770    40    30   4.01e-12  4.04e-12  4.04e-12  4.02e-12  4.02e-12  4.04e-12  4.06e-12  4.08e-12  4.11e-12  4.13e-12  4.14e-12
    771    40    31   8.44e-14  8.61e-14  8.89e-14  9.23e-14  9.62e-14  1.01e-13  1.06e-13  1.12e-13  1.17e-13  1.23e-13  1.29e-13
    772    40    32   1.25e-13  1.28e-13  1.33e-13  1.40e-13  1.48e-13  1.56e-13  1.66e-13  1.77e-13  1.87e-13  1.98e-13  2.08e-13
    773    40    33   1.17e-13  1.04e-13  8.40e-14  7.47e-14  7.07e-14  6.93e-14  6.94e-14  7.04e-14  7.20e-14  7.38e-14  7.57e-14
    774    40    34   2.23e-13  2.23e-13  2.22e-13  2.24e-13  2.29e-13  2.37e-13  2.46e-13  2.56e-13  2.66e-13  2.76e-13  2.85e-13
    775    40    35   2.82e-13  2.82e-13  2.83e-13  2.87e-13  2.94e-13  3.05e-13  3.18e-13  3.32e-13  3.46e-13  3.60e-13  3.72e-13
    776    40    36   1.91e-13  1.64e-13  1.17e-13  9.22e-14  7.80e-14  6.92e-14  6.35e-14  5.98e-14  5.71e-14  5.53e-14  5.39e-14
    777    40    37   3.63e-11  3.74e-11  3.99e-11  4.09e-11  4.13e-11  4.15e-11  4.16e-11  4.17e-11  4.18e-11  4.18e-11  4.18e-11
    778    40    38   2.34e-12  2.46e-12  2.67e-12  2.79e-12  2.88e-12  2.94e-12  2.99e-12  3.03e-12  3.06e-12  3.09e-12  3.10e-12
    779    40    39   2.30e-12  2.42e-12  2.63e-12  2.75e-12  2.83e-12  2.89e-12  2.94e-12  2.98e-12  3.01e-12  3.03e-12  3.04e-12
    780    41     1   1.10e-14  1.09e-14  8.33e-15  6.53e-15  5.45e-15  4.75e-15  4.26e-15  3.89e-15  3.60e-15  3.35e-15  3.14e-15
    781    41     2   1.51e-12  1.52e-12  1.52e-12  1.52e-12  1.53e-12  1.55e-12  1.58e-12  1.62e-12  1.66e-12  1.69e-12  1.72e-12
    782    41     3   9.85e-13  9.94e-13  9.97e-13  1.00e-12  1.01e-12  1.03e-12  1.05e-12  1.07e-12  1.10e-12  1.12e-12  1.14e-12
    783    41     4   2.05e-13  2.03e-13  2.02e-13  2.02e-13  2.04e-13  2.07e-13  2.11e-13  2.16e-13  2.21e-13  2.26e-13  2.30e-13
    784    41     5   8.31e-13  8.40e-13  8.47e-13  8.47e-13  8.48e-13  8.50e-13  8.54e-13  8.59e-13  8.63e-13  8.67e-13  8.69e-13
    785    41     6   3.90e-13  3.84e-13  3.77e-13  3.74e-13  3.76e-13  3.80e-13  3.87e-13  3.96e-13  4.04e-13  4.12e-13  4.20e-13
    786    41     7   1.15e-13  1.09e-13  8.53e-14  6.88e-14  5.85e-14  5.18e-14  4.71e-14  4.38e-14  4.12e-14  3.92e-14  3.75e-14
    787    41     8   5.76e-12  5.82e-12  5.74e-12  5.58e-12  5.45e-12  5.36e-12  5.28e-12  5.21e-12  5.15e-12  5.10e-12  5.04e-12
    788    41     9   1.60e-12  1.62e-12  1.56e-12  1.50e-12  1.45e-12  1.42e-12  1.39e-12  1.37e-12  1.35e-12  1.33e-12  1.32e-12
    789    41    10   1.39e-13  1.25e-13  9.75e-14  7.87e-14  6.68e-14  5.91e-14  5.39e-14  5.04e-14  4.78e-14  4.59e-14  4.44e-14
    790    41    11   4.45e-12  4.21e-12  3.96e-12  3.82e-12  3.75e-12  3.72e-12  3.71e-12  3.71e-12  3.71e-12  3.71e-12  3.71e-12
    791    41    12   7.02e-13  6.02e-13  4.74e-13  3.97e-13  3.51e-13  3.22e-13  3.04e-13  2.92e-13  2.83e-13  2.78e-13  2.74e-13
    792    41    13   1.38e-12  1.39e-12  1.40e-12  1.41e-12  1.44e-12  1.48e-12  1.53e-12  1.57e-12  1.62e-12  1.67e-12  1.71e-12
    793    41    14   2.08e-12  2.09e-12  2.08e-12  2.09e-12  2.12e-12  2.17e-12  2.23e-12  2.30e-12  2.37e-12  2.43e-12  2.48e-12
    794    41    15   3.09e-13  3.10e-13  3.08e-13  3.09e-13  3.13e-13  3.20e-13  3.28e-13  3.38e-13  3.47e-13  3.56e-13  3.64e-13
    795    41    16   1.23e-12  1.24e-12  1.25e-12  1.25e-12  1.25e-12  1.25e-12  1.25e-12  1.25e-12  1.25e-12  1.25e-12  1.25e-12
    796    41    17   4.73e-12  4.81e-12  4.89e-12  4.91e-12  4.91e-12  4.92e-12  4.93e-12  4.94e-12  4.94e-12  4.94e-12  4.94e-12
    797    41    18   3.24e-14  2.98e-14  2.25e-14  1.80e-14  1.53e-14  1.36e-14  1.23e-14  1.13e-14  1.04e-14  9.71e-15  9.09e-15
    798    41    19   2.25e-13  2.10e-13  1.65e-13  1.35e-13  1.17e-13  1.04e-13  9.61e-14  9.00e-14  8.53e-14  8.17e-14  7.86e-14
    799    41    20   9.85e-13  9.06e-13  7.18e-13  6.00e-13  5.27e-13  4.80e-13  4.46e-13  4.20e-13  4.00e-13  3.84e-13  3.70e-13
    800    41    21   6.12e-11  6.41e-11  6.69e-11  6.77e-11  6.82e-11  6.87e-11  6.93e-11  7.00e-11  7.06e-11  7.11e-11  7.15e-11
    801    41    22   2.64e-13  2.20e-13  1.56e-13  1.17e-13  9.36e-14  7.81e-14  6.74e-14  5.95e-14  5.36e-14  4.89e-14  4.52e-14
    802    41    23   1.94e-12  1.90e-12  1.81e-12  1.72e-12  1.66e-12  1.62e-12  1.58e-12  1.55e-12  1.52e-12  1.49e-12  1.47e-12
    803    41    24   1.16e-11  1.25e-11  1.29e-11  1.30e-11  1.29e-11  1.27e-11  1.26e-11  1.25e-11  1.23e-11  1.22e-11  1.20e-11
    804    41    25   9.59e-13  8.89e-13  6.60e-13  5.34e-13  4.68e-13  4.32e-13  4.11e-13  3.99e-13  3.93e-13  3.89e-13  3.87e-13
    805    41    26   3.60e-12  3.13e-12  2.19e-12  1.71e-12  1.44e-12  1.29e-12  1.18e-12  1.11e-12  1.06e-12  1.02e-12  9.81e-13
    806    41    27   1.39e-13  1.36e-13  1.05e-13  8.62e-14  7.62e-14  7.07e-14  6.78e-14  6.63e-14  6.56e-14  6.53e-14  6.53e-14
    807    41    28   3.58e-12  3.60e-12  3.59e-12  3.57e-12  3.57e-12  3.58e-12  3.60e-12  3.62e-12  3.64e-12  3.66e-12  3.67e-12
    808    41    29   1.11e-11  1.11e-11  1.12e-11  1.11e-11  1.11e-11  1.12e-11  1.12e-11  1.13e-11  1.14e-11  1.14e-11  1.14e-11
    809    41    30   3.71e-13  3.63e-13  3.49e-13  3.40e-13  3.37e-13  3.36e-13  3.38e-13  3.40e-13  3.42e-13  3.44e-13  3.45e-13
    810    41    31   7.02e-14  7.22e-14  7.77e-14  8.35e-14  9.00e-14  9.73e-14  1.05e-13  1.14e-13  1.22e-13  1.31e-13  1.39e-13
    811    41    32   1.54e-13  1.41e-13  1.19e-13  1.09e-13  1.04e-13  1.01e-13  1.00e-13  1.00e-13  1.01e-13  1.02e-13  1.03e-13
    812    41    33   1.02e-13  1.04e-13  1.09e-13  1.15e-13  1.21e-13  1.28e-13  1.36e-13  1.44e-13  1.53e-13  1.62e-13  1.70e-13
    813    41    34   1.01e-13  1.02e-13  1.05e-13  1.08e-13  1.13e-13  1.19e-13  1.25e-13  1.32e-13  1.39e-13  1.46e-13  1.52e-13
    814    41    35   3.64e-13  3.37e-13  2.86e-13  2.60e-13  2.48e-13  2.43e-13  2.42e-13  2.44e-13  2.47e-13  2.51e-13  2.54e-13
    815    41    36   2.30e-13  2.31e-13  2.31e-13  2.34e-13  2.41e-13  2.50e-13  2.60e-13  2.72e-13  2.83e-13  2.94e-13  3.04e-13
    816    41    37   1.91e-12  2.02e-12  2.19e-12  2.29e-12  2.36e-12  2.41e-12  2.45e-12  2.48e-12  2.51e-12  2.53e-12  2.54e-12
    817    41    38   3.89e-11  4.02e-11  4.30e-11  4.41e-11  4.46e-11  4.49e-11  4.50e-11  4.52e-11  4.53e-11  4.54e-11  4.54e-11
    818    41    39   4.36e-14  5.28e-14  5.48e-14  5.68e-14  5.99e-14  6.31e-14  6.57e-14  6.78e-14  6.94e-14  7.06e-14  7.14e-14
    819    41    40   7.83e-13  8.11e-13  8.11e-13  8.12e-13  8.23e-13  8.29e-13  8.28e-13  8.20e-13  8.07e-13  7.91e-13  7.73e-13
    820    42     1   2.24e-14  2.18e-14  1.60e-14  1.24e-14  1.02e-14  8.75e-15  7.70e-15  6.89e-15  6.24e-15  5.69e-15  5.23e-15
    821    42     2   9.50e-13  9.58e-13  9.54e-13  9.53e-13  9.60e-13  9.74e-13  9.93e-13  1.02e-12  1.04e-12  1.06e-12  1.08e-12
    822    42     3   1.53e-12  1.55e-12  1.55e-12  1.56e-12  1.57e-12  1.60e-12  1.64e-12  1.67e-12  1.71e-12  1.75e-12  1.78e-12
    823    42     4   2.67e-13  2.72e-13  2.79e-13  2.81e-13  2.82e-13  2.82e-13  2.83e-13  2.83e-13  2.84e-13  2.84e-13  2.83e-13
    824    42     5   8.27e-13  8.19e-13  8.11e-13  8.08e-13  8.14e-13  8.25e-13  8.40e-13  8.58e-13  8.76e-13  8.93e-13  9.08e-13
    825    42     6   3.32e-13  3.36e-13  3.35e-13  3.33e-13  3.31e-13  3.30e-13  3.30e-13  3.29e-13  3.29e-13  3.28e-13  3.27e-13
    826    42     7   3.40e-12  3.43e-12  3.40e-12  3.32e-12  3.25e-12  3.19e-12  3.15e-12  3.11e-12  3.08e-12  3.04e-12  3.01e-12
    827    42     8   7.69e-13  7.64e-13  7.04e-13  6.53e-13  6.19e-13  5.95e-13  5.78e-13  5.64e-13  5.53e-13  5.43e-13  5.34e-13
    828    42     9   3.31e-12  3.35e-12  3.28e-12  3.18e-12  3.10e-12  3.04e-12  2.99e-12  2.95e-12  2.92e-12  2.88e-12  2.85e-12
    829    42    10   3.00e-12  2.88e-12  2.76e-12  2.70e-12  2.68e-12  2.67e-12  2.67e-12  2.68e-12  2.69e-12  2.69e-12  2.69e-12
    830    42    11   5.25e-13  4.66e-13  3.74e-13  3.15e-13  2.79e-13  2.56e-13  2.41e-13  2.31e-13  2.24e-13  2.19e-13  2.15e-13
    831    42    12   1.76e-12  1.59e-12  1.39e-12  1.28e-12  1.21e-12  1.17e-12  1.15e-12  1.14e-12  1.13e-12  1.13e-12  1.12e-12
    832    42    13   2.00e-12  2.02e-12  2.02e-12  2.04e-12  2.09e-12  2.14e-12  2.21e-12  2.28e-12  2.35e-12  2.41e-12  2.47e-12
    833    42    14   1.00e-12  1.01e-12  1.01e-12  1.01e-12  1.03e-12  1.05e-12  1.08e-12  1.11e-12  1.15e-12  1.18e-12  1.20e-12
    834    42    15   7.75e-13  7.75e-13  7.58e-13  7.56e-13  7.65e-13  7.82e-13  8.01e-13  8.22e-13  8.43e-13  8.63e-13  8.80e-13
    835    42    16   2.67e-12  2.71e-12  2.75e-12  2.75e-12  2.75e-12  2.76e-12  2.76e-12  2.77e-12  2.77e-12  2.77e-12  2.77e-12
    836    42    17   4.94e-13  4.96e-13  4.87e-13  4.78e-13  4.73e-13  4.70e-13  4.67e-13  4.66e-13  4.65e-13  4.63e-13  4.62e-13
    837    42    18   2.83e-12  2.88e-12  2.93e-12  2.94e-12  2.95e-12  2.95e-12  2.96e-12  2.97e-12  2.97e-12  2.97e-12  2.97e-12
    838    42    19   5.56e-11  5.84e-11  6.10e-11  6.19e-11  6.23e-11  6.28e-11  6.34e-11  6.40e-11  6.46e-11  6.51e-11  6.54e-11
    839    42    20   6.21e-12  6.34e-12  6.32e-12  6.23e-12  6.18e-12  6.16e-12  6.16e-12  6.18e-12  6.20e-12  6.22e-12  6.24e-12
    840    42    21   5.51e-13  5.22e-13  4.32e-13  3.72e-13  3.34e-13  3.10e-13  2.93e-13  2.81e-13  2.72e-13  2.65e-13  2.59e-13
    841    42    22   9.55e-12  1.03e-11  1.08e-11  1.09e-11  1.08e-11  1.07e-11  1.06e-11  1.05e-11  1.04e-11  1.03e-11  1.01e-11
    842    42    23   3.63e-12  3.69e-12  3.63e-12  3.54e-12  3.46e-12  3.40e-12  3.34e-12  3.29e-12  3.24e-12  3.19e-12  3.14e-12
    843    42    24   6.52e-13  5.77e-13  4.61e-13  3.88e-13  3.43e-13  3.13e-13  2.91e-13  2.75e-13  2.62e-13  2.51e-13  2.41e-13
    844    42    25   1.62e-12  1.48e-12  1.08e-12  8.69e-13  7.57e-13  6.95e-13  6.58e-13  6.35e-13  6.21e-13  6.12e-13  6.06e-13
    845    42    26   3.33e-13  3.20e-13  2.45e-13  2.00e-13  1.76e-13  1.63e-13  1.56e-13  1.52e-13  1.50e-13  1.49e-13  1.49e-13
    846    42    27   2.75e-12  2.36e-12  1.63e-12  1.26e-12  1.06e-12  9.33e-13  8.50e-13  7.90e-13  7.44e-13  7.08e-13  6.77e-13
    847    42    28   5.97e-12  6.01e-12  6.01e-12  5.99e-12  5.99e-12  6.01e-12  6.04e-12  6.08e-12  6.11e-12  6.14e-12  6.16e-12
    848    42    29   9.97e-13  9.86e-13  9.61e-13  9.45e-13  9.40e-13  9.40e-13  9.44e-13  9.50e-13  9.56e-13  9.61e-13  9.65e-13
    849    42    30   8.06e-12  8.11e-12  8.12e-12  8.09e-12  8.10e-12  8.13e-12  8.17e-12  8.22e-12  8.27e-12  8.31e-12  8.33e-12
    850    42    31   1.08e-13  9.33e-14  6.98e-14  5.72e-14  4.94e-14  4.40e-14  3.99e-14  3.65e-14  3.36e-14  3.11e-14  2.89e-14
    851    42    32   1.10e-13  1.13e-13  1.22e-13  1.31e-13  1.41e-13  1.53e-13  1.65e-13  1.79e-13  1.92e-13  2.05e-13  2.18e-13
    852    42    33   1.09e-13  1.11e-13  1.14e-13  1.19e-13  1.24e-13  1.30e-13  1.36e-13  1.44e-13  1.51e-13  1.58e-13  1.65e-13
    853    42    34   2.50e-13  2.22e-13  1.72e-13  1.45e-13  1.29e-13  1.20e-13  1.15e-13  1.11e-13  1.09e-13  1.07e-13  1.06e-13
    854    42    35   1.59e-13  1.60e-13  1.65e-13  1.70e-13  1.78e-13  1.87e-13  1.97e-13  2.08e-13  2.18e-13  2.29e-13  2.38e-13
    855    42    36   2.87e-13  2.87e-13  2.86e-13  2.88e-13  2.95e-13  3.04e-13  3.16e-13  3.29e-13  3.42e-13  3.54e-13  3.66e-13
    856    42    37   2.95e-12  3.11e-12  3.38e-12  3.53e-12  3.64e-12  3.72e-12  3.78e-12  3.83e-12  3.87e-12  3.90e-12  3.91e-12
    857    42    38   6.85e-14  8.30e-14  8.61e-14  8.92e-14  9.42e-14  9.91e-14  1.03e-13  1.07e-13  1.09e-13  1.11e-13  1.12e-13
    858    42    39   3.79e-11  3.91e-11  4.18e-11  4.28e-11  4.33e-11  4.35e-11  4.37e-11  4.38e-11  4.39e-11  4.40e-11  4.39e-11
    859    42    40   1.17e-12  1.21e-12  1.22e-12  1.22e-12  1.24e-12  1.25e-12  1.25e-12  1.24e-12  1.22e-12  1.20e-12  1.17e-12
    860    42    41   1.17e-13  1.25e-13  1.10e-13  9.91e-14  9.48e-14  9.27e-14  9.09e-14  8.91e-14  8.71e-14  8.48e-14  8.25e-14
    861    43     1   1.20e-13  1.24e-13  1.31e-13  1.34e-13  1.35e-13  1.37e-13  1.39e-13  1.42e-13  1.44e-13  1.47e-13  1.49e-13
    862    43     2   2.58e-13  2.77e-13  2.98e-13  2.99e-13  2.96e-13  2.95e-13  2.95e-13  2.97e-13  3.00e-13  3.03e-13  3.06e-13
    863    43     3   4.95e-14  6.73e-14  7.87e-14  7.27e-14  6.46e-14  5.75e-14  5.17e-14  4.71e-14  4.33e-14  4.03e-14  3.77e-14
    864    43     4   8.40e-15  1.64e-14  2.10e-14  1.99e-14  1.78e-14  1.58e-14  1.40e-14  1.25e-14  1.12e-14  1.01e-14  9.22e-15
    865    43     5   9.41e-13  9.85e-13  1.02e-12  1.02e-12  1.01e-12  1.01e-12  1.01e-12  1.00e-12  1.00e-12  9.97e-13  9.92e-13
    866    43     6   1.49e-12  1.53e-12  1.57e-12  1.58e-12  1.58e-12  1.58e-12  1.58e-12  1.58e-12  1.58e-12  1.58e-12  1.57e-12
    867    43     7   6.15e-13  6.10e-13  6.09e-13  6.12e-13  6.18e-13  6.26e-13  6.35e-13  6.44e-13  6.54e-13  6.62e-13  6.68e-13
    868    43     8   1.02e-12  1.02e-12  1.02e-12  1.02e-12  1.03e-12  1.04e-12  1.06e-12  1.07e-12  1.09e-12  1.10e-12  1.11e-12
    869    43     9   5.42e-13  5.48e-13  5.56e-13  5.59e-13  5.62e-13  5.64e-13  5.67e-13  5.69e-13  5.71e-13  5.72e-13  5.72e-13
    870    43    10   9.81e-13  9.80e-13  9.91e-13  1.01e-12  1.03e-12  1.05e-12  1.08e-12  1.11e-12  1.14e-12  1.17e-12  1.19e-12
    871    43    11   1.45e-12  1.45e-12  1.46e-12  1.48e-12  1.51e-12  1.54e-12  1.58e-12  1.63e-12  1.67e-12  1.71e-12  1.75e-12
    872    43    12   2.84e-13  2.84e-13  2.83e-13  2.85e-13  2.90e-13  2.96e-13  3.03e-13  3.10e-13  3.18e-13  3.24e-13  3.30e-13
    873    43    13   4.32e-12  4.60e-12  4.86e-12  4.98e-12  5.06e-12  5.13e-12  5.19e-12  5.23e-12  5.27e-12  5.29e-12  5.30e-12
    874    43    14   9.36e-13  1.03e-12  1.11e-12  1.12e-12  1.13e-12  1.13e-12  1.14e-12  1.14e-12  1.14e-12  1.14e-12  1.13e-12
    875    43    15   5.01e-14  8.06e-14  9.53e-14  9.10e-14  8.38e-14  7.68e-14  7.06e-14  6.52e-14  6.05e-14  5.64e-14  5.28e-14
    876    43    16   1.35e-12  1.39e-12  1.44e-12  1.43e-12  1.41e-12  1.39e-12  1.37e-12  1.35e-12  1.34e-12  1.32e-12  1.31e-12
    877    43    17   1.29e-12  1.36e-12  1.41e-12  1.41e-12  1.39e-12  1.37e-12  1.36e-12  1.34e-12  1.33e-12  1.31e-12  1.30e-12
    878    43    18   7.77e-13  8.16e-13  8.50e-13  8.49e-13  8.40e-13  8.30e-13  8.21e-13  8.13e-13  8.05e-13  7.96e-13  7.87e-13
    879    43    19   2.10e-12  2.13e-12  2.16e-12  2.17e-12  2.18e-12  2.18e-12  2.19e-12  2.19e-12  2.20e-12  2.20e-12  2.20e-12
    880    43    20   3.36e-12  3.42e-12  3.48e-12  3.49e-12  3.50e-12  3.51e-12  3.52e-12  3.53e-12  3.54e-12  3.54e-12  3.54e-12
    881    43    21   2.60e-12  2.64e-12  2.68e-12  2.69e-12  2.69e-12  2.70e-12  2.71e-12  2.72e-12  2.72e-12  2.73e-12  2.72e-12
    882    43    22   1.17e-12  1.18e-12  1.20e-12  1.24e-12  1.29e-12  1.35e-12  1.41e-12  1.47e-12  1.52e-12  1.58e-12  1.62e-12
    883    43    23   5.52e-13  5.58e-13  5.65e-13  5.87e-13  6.13e-13  6.39e-13  6.63e-13  6.85e-13  7.04e-13  7.21e-13  7.35e-13
    884    43    24   1.44e-12  1.45e-12  1.48e-12  1.53e-12  1.59e-12  1.66e-12  1.73e-12  1.80e-12  1.87e-12  1.93e-12  1.99e-12
    885    43    25   3.89e-12  3.72e-12  3.62e-12  3.52e-12  3.42e-12  3.34e-12  3.27e-12  3.20e-12  3.14e-12  3.08e-12  3.02e-12
    886    43    26   1.21e-12  1.27e-12  1.28e-12  1.24e-12  1.19e-12  1.15e-12  1.12e-12  1.09e-12  1.06e-12  1.04e-12  1.01e-12
    887    43    27   8.36e-13  8.95e-13  9.07e-13  8.79e-13  8.48e-13  8.19e-13  7.94e-13  7.72e-13  7.53e-13  7.34e-13  7.17e-13
    888    43    28   7.09e-11  7.47e-11  7.88e-11  8.01e-11  8.08e-11  8.15e-11  8.22e-11  8.29e-11  8.35e-11  8.41e-11  8.44e-11
    889    43    29   5.58e-12  6.05e-12  6.28e-12  6.27e-12  6.24e-12  6.23e-12  6.24e-12  6.26e-12  6.28e-12  6.29e-12  6.30e-12
    890    43    30   7.45e-13  9.26e-13  8.91e-13  8.08e-13  7.45e-13  6.99e-13  6.65e-13  6.39e-13  6.18e-13  6.00e-13  5.84e-13
    891    43    31   1.37e-12  1.58e-12  1.74e-12  1.73e-12  1.70e-12  1.68e-12  1.66e-12  1.66e-12  1.65e-12  1.65e-12  1.65e-12
    892    43    32   1.46e-12  1.69e-12  1.87e-12  1.87e-12  1.83e-12  1.81e-12  1.79e-12  1.78e-12  1.78e-12  1.78e-12  1.78e-12
    893    43    33   2.31e-12  2.66e-12  2.89e-12  2.84e-12  2.74e-12  2.66e-12  2.59e-12  2.54e-12  2.50e-12  2.47e-12  2.44e-12
    894    43    34   1.11e-12  1.37e-12  1.58e-12  1.61e-12  1.61e-12  1.61e-12  1.61e-12  1.63e-12  1.66e-12  1.68e-12  1.71e-12
    895    43    35   1.21e-12  1.50e-12  1.73e-12  1.76e-12  1.76e-12  1.75e-12  1.76e-12  1.78e-12  1.81e-12  1.84e-12  1.86e-12
    896    43    36   1.02e-12  1.45e-12  1.79e-12  1.78e-12  1.71e-12  1.64e-12  1.58e-12  1.54e-12  1.51e-12  1.49e-12  1.47e-12
    897    43    37   4.18e-12  4.48e-12  4.93e-12  5.29e-12  5.60e-12  5.85e-12  6.08e-12  6.27e-12  6.44e-12  6.57e-12  6.68e-12
    898    43    38   2.30e-12  2.47e-12  2.71e-12  2.91e-12  3.08e-12  3.23e-12  3.36e-12  3.47e-12  3.56e-12  3.64e-12  3.70e-12
    899    43    39   2.18e-12  2.34e-12  2.58e-12  2.77e-12  2.93e-12  3.07e-12  3.19e-12  3.30e-12  3.39e-12  3.46e-12  3.52e-12
    900    43    40   2.05e-13  1.91e-13  2.64e-13  4.53e-13  6.27e-13  7.43e-13  8.08e-13  8.38e-13  8.45e-13  8.38e-13  8.22e-13
    901    43    41   1.72e-13  1.75e-13  2.16e-13  3.06e-13  3.92e-13  4.54e-13  4.93e-13  5.16e-13  5.29e-13  5.35e-13  5.35e-13
    902    43    42   1.56e-13  1.57e-13  1.94e-13  2.79e-13  3.59e-13  4.15e-13  4.52e-13  4.73e-13  4.84e-13  4.89e-13  4.89e-13
    903    44     1   1.81e-15  2.57e-15  3.09e-15  2.96e-15  2.73e-15  2.51e-15  2.32e-15  2.15e-15  2.01e-15  1.89e-15  1.78e-15
    904    44     2   2.78e-13  3.12e-13  3.42e-13  3.37e-13  3.26e-13  3.18e-13  3.13e-13  3.10e-13  3.09e-13  3.09e-13  3.09e-13
    905    44     3   1.47e-13  1.53e-13  1.63e-13  1.66e-13  1.67e-13  1.69e-13  1.71e-13  1.74e-13  1.77e-13  1.80e-13  1.82e-13
    906    44     4   2.59e-14  2.69e-14  2.72e-14  2.67e-14  2.62e-14  2.58e-14  2.55e-14  2.53e-14  2.52e-14  2.50e-14  2.48e-14
    907    44     5   2.35e-12  2.44e-12  2.51e-12  2.52e-12  2.52e-12  2.51e-12  2.51e-12  2.51e-12  2.51e-12  2.50e-12  2.49e-12
    908    44     6   5.66e-14  6.81e-14  7.42e-14  7.20e-14  6.86e-14  6.54e-14  6.27e-14  6.06e-14  5.87e-14  5.71e-14  5.57e-14
    909    44     7   1.87e-13  1.86e-13  1.83e-13  1.82e-13  1.84e-13  1.86e-13  1.90e-13  1.94e-13  1.99e-13  2.03e-13  2.06e-13
    910    44     8   1.30e-12  1.30e-12  1.31e-12  1.32e-12  1.33e-12  1.34e-12  1.36e-12  1.37e-12  1.38e-12  1.39e-12  1.39e-12
    911    44     9   6.92e-13  6.87e-13  6.84e-13  6.86e-13  6.92e-13  7.01e-13  7.12e-13  7.24e-13  7.36e-13  7.46e-13  7.54e-13
    912    44    10   2.02e-13  2.01e-13  2.01e-13  2.01e-13  2.04e-13  2.08e-13  2.13e-13  2.18e-13  2.24e-13  2.29e-13  2.34e-13
    913    44    11   1.48e-12  1.48e-12  1.50e-12  1.52e-12  1.55e-12  1.59e-12  1.63e-12  1.67e-12  1.72e-12  1.76e-12  1.80e-12
    914    44    12   1.03e-12  1.03e-12  1.04e-12  1.05e-12  1.07e-12  1.10e-12  1.13e-12  1.16e-12  1.19e-12  1.22e-12  1.24e-12
    915    44    13   5.29e-14  8.39e-14  9.90e-14  9.46e-14  8.72e-14  8.01e-14  7.37e-14  6.82e-14  6.34e-14  5.92e-14  5.56e-14
    916    44    14   5.24e-12  5.62e-12  5.95e-12  6.09e-12  6.18e-12  6.25e-12  6.31e-12  6.36e-12  6.39e-12  6.42e-12  6.42e-12
    917    44    15   1.07e-14  1.57e-14  1.84e-14  1.76e-14  1.63e-14  1.51e-14  1.40e-14  1.31e-14  1.24e-14  1.18e-14  1.12e-14
    918    44    16   7.33e-13  7.73e-13  8.04e-13  8.02e-13  7.93e-13  7.83e-13  7.74e-13  7.65e-13  7.57e-13  7.49e-13  7.40e-13
    919    44    17   2.63e-12  2.73e-12  2.83e-12  2.82e-12  2.79e-12  2.75e-12  2.72e-12  2.69e-12  2.66e-12  2.63e-12  2.60e-12
    920    44    18   5.53e-14  6.10e-14  6.29e-14  6.11e-14  5.90e-14  5.73e-14  5.60e-14  5.49e-14  5.40e-14  5.32e-14  5.24e-14
    921    44    19   1.40e-13  1.43e-13  1.42e-13  1.41e-13  1.41e-13  1.41e-13  1.42e-13  1.43e-13  1.44e-13  1.45e-13  1.46e-13
    922    44    20   1.84e-12  1.87e-12  1.90e-12  1.90e-12  1.91e-12  1.91e-12  1.92e-12  1.92e-12  1.93e-12  1.93e-12  1.93e-12
    923    44    21   6.07e-12  6.18e-12  6.28e-12  6.31e-12  6.32e-12  6.34e-12  6.36e-12  6.37e-12  6.39e-12  6.39e-12  6.39e-12
    924    44    22   2.06e-13  2.08e-13  2.10e-13  2.15e-13  2.22e-13  2.31e-13  2.40e-13  2.49e-13  2.58e-13  2.67e-13  2.74e-13
    925    44    23   1.10e-12  1.11e-12  1.13e-12  1.16e-12  1.21e-12  1.26e-12  1.32e-12  1.37e-12  1.42e-12  1.47e-12  1.52e-12
    926    44    24   1.86e-12  1.87e-12  1.91e-12  1.98e-12  2.06e-12  2.15e-12  2.24e-12  2.33e-12  2.41e-12  2.49e-12  2.55e-12
    927    44    25   7.36e-13  7.94e-13  8.06e-13  7.79e-13  7.50e-13  7.23e-13  7.00e-13  6.79e-13  6.61e-13  6.44e-13  6.29e-13
    928    44    26   5.14e-12  5.02e-12  4.92e-12  4.78e-12  4.65e-12  4.53e-12  4.43e-12  4.33e-12  4.24e-12  4.16e-12  4.08e-12
    929    44    27   6.12e-14  7.65e-14  7.91e-14  7.35e-14  6.76e-14  6.24e-14  5.81e-14  5.45e-14  5.15e-14  4.89e-14  4.67e-14
    930    44    28   6.64e-13  8.28e-13  7.98e-13  7.22e-13  6.66e-13  6.24e-13  5.94e-13  5.70e-13  5.50e-13  5.34e-13  5.20e-13
    931    44    29   7.65e-11  8.08e-11  8.50e-11  8.64e-11  8.70e-11  8.77e-11  8.84e-11  8.92e-11  8.98e-11  9.04e-11  9.08e-11
    932    44    30   6.86e-14  9.03e-14  8.79e-14  7.88e-14  7.15e-14  6.61e-14  6.20e-14  5.87e-14  5.62e-14  5.40e-14  5.22e-14
    933    44    31   1.51e-13  1.87e-13  2.15e-13  2.16e-13  2.13e-13  2.10e-13  2.08e-13  2.08e-13  2.09e-13  2.10e-13  2.10e-13
    934    44    32   3.79e-12  4.36e-12  4.75e-12  4.69e-12  4.57e-12  4.45e-12  4.37e-12  4.31e-12  4.27e-12  4.23e-12  4.20e-12
    935    44    33   1.20e-12  1.39e-12  1.53e-12  1.53e-12  1.50e-12  1.48e-12  1.47e-12  1.46e-12  1.46e-12  1.46e-12  1.46e-12
    936    44    34   1.68e-13  2.13e-13  2.48e-13  2.51e-13  2.49e-13  2.48e-13  2.48e-13  2.50e-13  2.53e-13  2.57e-13  2.60e-13
    937    44    35   2.17e-12  2.88e-12  3.44e-12  3.46e-12  3.39e-12  3.32e-12  3.27e-12  3.25e-12  3.24e-12  3.25e-12  3.26e-12
    938    44    36   9.89e-13  1.23e-12  1.42e-12  1.44e-12  1.44e-12  1.44e-12  1.44e-12  1.46e-12  1.48e-12  1.50e-12  1.53e-12
    939    44    37   1.88e-12  2.02e-12  2.22e-12  2.38e-12  2.52e-12  2.64e-12  2.75e-12  2.84e-12  2.91e-12  2.98e-12  3.03e-12
    940    44    38   6.59e-12  7.07e-12  7.79e-12  8.36e-12  8.85e-12  9.26e-12  9.62e-12  9.93e-12  1.02e-11  1.04e-11  1.06e-11
    941    44    39   1.84e-13  1.97e-13  2.13e-13  2.27e-13  2.40e-13  2.51e-13  2.60e-13  2.67e-13  2.73e-13  2.79e-13  2.82e-13
    942    44    40   1.41e-13  1.43e-13  1.76e-13  2.51e-13  3.21e-13  3.71e-13  4.03e-13  4.22e-13  4.33e-13  4.37e-13  4.38e-13
    943    44    41   3.64e-13  3.50e-13  4.61e-13  7.41e-13  1.00e-12  1.18e-12  1.28e-12  1.33e-12  1.35e-12  1.35e-12  1.33e-12
    944    44    42   2.71e-14  2.96e-14  3.58e-14  4.61e-14  5.61e-14  6.36e-14  6.88e-14  7.23e-14  7.47e-14  7.62e-14  7.71e-14
    945    44    43   1.64e-12  2.02e-12  2.33e-12  2.44e-12  2.48e-12  2.48e-12  2.45e-12  2.40e-12  2.34e-12  2.28e-12  2.22e-12
    946    45     1   2.59e-14  3.72e-14  4.41e-14  4.00e-14  3.46e-14  2.99e-14  2.60e-14  2.28e-14  2.03e-14  1.82e-14  1.64e-14
    947    45     2   1.47e-13  1.57e-13  1.68e-13  1.70e-13  1.69e-13  1.69e-13  1.70e-13  1.72e-13  1.74e-13  1.76e-13  1.78e-13
    948    45     3   2.54e-13  2.74e-13  2.96e-13  2.96e-13  2.92e-13  2.90e-13  2.90e-13  2.91e-13  2.93e-13  2.96e-13  2.98e-13
    949    45     4   9.92e-13  1.02e-12  1.05e-12  1.05e-12  1.05e-12  1.05e-12  1.06e-12  1.06e-12  1.06e-12  1.05e-12  1.05e-12
    950    45     5   3.11e-13  3.30e-13  3.42e-13  3.40e-13  3.36e-13  3.32e-13  3.29e-13  3.27e-13  3.25e-13  3.23e-13  3.20e-13
    951    45     6   1.13e-12  1.18e-12  1.22e-12  1.22e-12  1.22e-12  1.22e-12  1.21e-12  1.21e-12  1.21e-12  1.21e-12  1.20e-12
    952    45     7   5.98e-13  6.02e-13  6.12e-13  6.17e-13  6.21e-13  6.25e-13  6.27e-13  6.30e-13  6.32e-13  6.32e-13  6.31e-13
    953    45     8   5.63e-13  5.59e-13  5.53e-13  5.53e-13  5.57e-13  5.65e-13  5.75e-13  5.87e-13  5.98e-13  6.08e-13  6.17e-13
    954    45     9   1.02e-12  1.01e-12  1.02e-12  1.02e-12  1.03e-12  1.04e-12  1.06e-12  1.07e-12  1.08e-12  1.09e-12  1.10e-12
    955    45    10   5.14e-13  5.14e-13  5.19e-13  5.26e-13  5.37e-13  5.51e-13  5.66e-13  5.82e-13  5.97e-13  6.11e-13  6.23e-13
    956    45    11   6.94e-13  6.92e-13  6.94e-13  6.99e-13  7.10e-13  7.26e-13  7.44e-13  7.64e-13  7.84e-13  8.03e-13  8.19e-13
    957    45    12   1.51e-12  1.50e-12  1.52e-12  1.54e-12  1.57e-12  1.61e-12  1.66e-12  1.70e-12  1.75e-12  1.79e-12  1.83e-12
    958    45    13   1.18e-12  1.30e-12  1.39e-12  1.41e-12  1.43e-12  1.43e-12  1.44e-12  1.44e-12  1.44e-12  1.44e-12  1.44e-12
    959    45    14   1.10e-13  1.34e-13  1.48e-13  1.47e-13  1.44e-13  1.40e-13  1.37e-13  1.35e-13  1.33e-13  1.31e-13  1.29e-13
    960    45    15   4.01e-12  4.28e-12  4.53e-12  4.64e-12  4.71e-12  4.77e-12  4.82e-12  4.86e-12  4.89e-12  4.91e-12  4.92e-12
    961    45    16   1.51e-12  1.58e-12  1.64e-12  1.64e-12  1.62e-12  1.60e-12  1.58e-12  1.57e-12  1.55e-12  1.53e-12  1.52e-12
    962    45    17   3.57e-13  3.81e-13  3.95e-13  3.91e-13  3.84e-13  3.77e-13  3.72e-13  3.67e-13  3.62e-13  3.58e-13  3.53e-13
    963    45    18   1.55e-12  1.61e-12  1.66e-12  1.65e-12  1.63e-12  1.61e-12  1.59e-12  1.58e-12  1.56e-12  1.54e-12  1.52e-12
    964    45    19   4.48e-12  4.56e-12  4.63e-12  4.66e-12  4.67e-12  4.68e-12  4.69e-12  4.71e-12  4.72e-12  4.72e-12  4.71e-12
    965    45    20   3.15e-12  3.20e-12  3.24e-12  3.26e-12  3.26e-12  3.27e-12  3.28e-12  3.29e-12  3.30e-12  3.30e-12  3.30e-12
    966    45    21   4.30e-13  4.38e-13  4.38e-13  4.37e-13  4.38e-13  4.39e-13  4.41e-13  4.44e-13  4.46e-13  4.48e-13  4.48e-13
    967    45    22   1.08e-12  1.09e-12  1.11e-12  1.15e-12  1.20e-12  1.25e-12  1.30e-12  1.35e-12  1.40e-12  1.44e-12  1.47e-12
    968    45    23   1.63e-12  1.64e-12  1.68e-12  1.73e-12  1.80e-12  1.88e-12  1.96e-12  2.04e-12  2.12e-12  2.19e-12  2.26e-12
    969    45    24   4.57e-13  4.61e-13  4.67e-13  4.79e-13  4.95e-13  5.14e-13  5.35e-13  5.57e-13  5.77e-13  5.96e-13  6.13e-13
    970    45    25   1.47e-12  1.54e-12  1.54e-12  1.50e-12  1.45e-12  1.40e-12  1.36e-12  1.33e-12  1.29e-12  1.26e-12  1.24e-12
    971    45    26   1.84e-13  2.15e-13  2.20e-13  2.08e-13  1.95e-13  1.84e-13  1.74e-13  1.66e-13  1.59e-13  1.53e-13  1.47e-13
    972    45    27   4.28e-12  4.14e-12  4.04e-12  3.93e-12  3.82e-12  3.73e-12  3.65e-12  3.57e-12  3.50e-12  3.44e-12  3.37e-12
    973    45    28   7.09e-12  7.67e-12  7.96e-12  7.96e-12  7.94e-12  7.93e-12  7.95e-12  7.97e-12  8.00e-12  8.02e-12  8.03e-12
    974    45    29   2.80e-13  3.38e-13  3.36e-13  3.15e-13  2.98e-13  2.86e-13  2.77e-13  2.70e-13  2.64e-13  2.60e-13  2.56e-13
    975    45    30   6.99e-11  7.37e-11  7.76e-11  7.89e-11  7.95e-11  8.02e-11  8.08e-11  8.15e-11  8.22e-11  8.27e-11  8.30e-11
    976    45    31   3.14e-12  3.61e-12  3.92e-12  3.87e-12  3.75e-12  3.65e-12  3.58e-12  3.52e-12  3.48e-12  3.45e-12  3.42e-12
    977    45    32   2.38e-13  2.95e-13  3.38e-13  3.39e-13  3.34e-13  3.30e-13  3.28e-13  3.27e-13  3.28e-13  3.29e-13  3.31e-13
    978    45    33   1.76e-12  2.03e-12  2.23e-12  2.23e-12  2.19e-12  2.16e-12  2.14e-12  2.13e-12  2.13e-12  2.13e-12  2.12e-12
    979    45    34   1.64e-12  2.22e-12  2.68e-12  2.69e-12  2.62e-12  2.55e-12  2.49e-12  2.46e-12  2.45e-12  2.44e-12  2.44e-12
    980    45    35   2.64e-13  3.35e-13  3.90e-13  3.95e-13  3.91e-13  3.89e-13  3.90e-13  3.93e-13  3.98e-13  4.03e-13  4.08e-13
    981    45    36   1.42e-12  1.76e-12  2.04e-12  2.07e-12  2.07e-12  2.06e-12  2.08e-12  2.10e-12  2.13e-12  2.16e-12  2.20e-12
    982    45    37   2.81e-12  3.01e-12  3.31e-12  3.56e-12  3.77e-12  3.95e-12  4.10e-12  4.24e-12  4.35e-12  4.45e-12  4.53e-12
    983    45    38   2.88e-13  3.10e-13  3.35e-13  3.57e-13  3.77e-13  3.94e-13  4.08e-13  4.20e-13  4.30e-13  4.38e-13  4.44e-13
    984    45    39   5.56e-12  5.97e-12  6.57e-12  7.06e-12  7.47e-12  7.81e-12  8.11e-12  8.38e-12  8.60e-12  8.79e-12  8.93e-12
    985    45    40   2.00e-13  2.02e-13  2.50e-13  3.58e-13  4.61e-13  5.34e-13  5.81e-13  6.08e-13  6.22e-13  6.28e-13  6.29e-13
    986    45    41   4.26e-14  4.66e-14  5.62e-14  7.25e-14  8.81e-14  9.99e-14  1.08e-13  1.14e-13  1.17e-13  1.20e-13  1.21e-13
    987    45    42   2.89e-13  2.74e-13  3.67e-13  6.07e-13  8.29e-13  9.78e-13  1.06e-12  1.11e-12  1.12e-12  1.11e-12  1.10e-12
    988    45    43   2.50e-12  3.08e-12  3.56e-12  3.72e-12  3.78e-12  3.78e-12  3.73e-12  3.66e-12  3.57e-12  3.47e-12  3.37e-12
    989    45    44   1.15e-13  1.66e-13  1.98e-13  2.08e-13  2.15e-13  2.16e-13  2.14e-13  2.10e-13  2.04e-13  1.97e-13  1.90e-13
    990    46     1   7.48e-15  1.55e-14  2.02e-14  1.91e-14  1.70e-14  1.50e-14  1.33e-14  1.18e-14  1.06e-14  9.60e-15  8.73e-15
    991    46     2   9.50e-13  9.81e-13  1.01e-12  1.01e-12  1.01e-12  1.00e-12  9.98e-13  9.95e-13  9.92e-13  9.89e-13  9.84e-13
    992    46     3   1.50e-12  1.53e-12  1.56e-12  1.57e-12  1.56e-12  1.56e-12  1.57e-12  1.57e-12  1.57e-12  1.56e-12  1.56e-12
    993    46     4   1.21e-13  1.25e-13  1.32e-13  1.34e-13  1.36e-13  1.37e-13  1.39e-13  1.42e-13  1.45e-13  1.47e-13  1.50e-13
    994    46     5   2.50e-13  2.77e-13  3.00e-13  3.00e-13  2.97e-13  2.96e-13  2.96e-13  2.98e-13  3.01e-13  3.04e-13  3.06e-13
    995    46     6   3.64e-14  6.58e-14  7.97e-14  7.35e-14  6.51e-14  5.78e-14  5.19e-14  4.72e-14  4.34e-14  4.03e-14  3.78e-14
    996    46     7   9.91e-13  9.81e-13  9.89e-13  1.00e-12  1.02e-12  1.05e-12  1.08e-12  1.11e-12  1.14e-12  1.16e-12  1.19e-12
    997    46     8   1.46e-12  1.45e-12  1.46e-12  1.47e-12  1.50e-12  1.54e-12  1.58e-12  1.62e-12  1.67e-12  1.71e-12  1.74e-12
    998    46     9   2.85e-13  2.84e-13  2.82e-13  2.84e-13  2.89e-13  2.95e-13  3.02e-13  3.10e-13  3.17e-13  3.24e-13  3.30e-13
    999    46    10   6.22e-13  6.13e-13  6.12e-13  6.14e-13  6.20e-13  6.28e-13  6.37e-13  6.46e-13  6.56e-13  6.63e-13  6.70e-13
   1000    46    11   1.04e-12  1.02e-12  1.02e-12  1.02e-12  1.03e-12  1.05e-12  1.06e-12  1.08e-12  1.09e-12  1.10e-12  1.11e-12
   1001    46    12   5.50e-13  5.52e-13  5.58e-13  5.61e-13  5.63e-13  5.66e-13  5.68e-13  5.70e-13  5.71e-13  5.72e-13  5.72e-13
   1002    46    13   1.30e-12  1.37e-12  1.42e-12  1.42e-12  1.40e-12  1.38e-12  1.36e-12  1.35e-12  1.33e-12  1.31e-12  1.30e-12
   1003    46    14   1.29e-12  1.35e-12  1.40e-12  1.40e-12  1.38e-12  1.36e-12  1.35e-12  1.33e-12  1.32e-12  1.31e-12  1.29e-12
   1004    46    15   7.81e-13  8.15e-13  8.47e-13  8.45e-13  8.36e-13  8.26e-13  8.17e-13  8.09e-13  8.01e-13  7.92e-13  7.83e-13
   1005    46    16   4.47e-12  4.70e-12  4.94e-12  5.06e-12  5.14e-12  5.21e-12  5.26e-12  5.31e-12  5.34e-12  5.36e-12  5.36e-12
   1006    46    17   9.56e-13  1.05e-12  1.12e-12  1.14e-12  1.14e-12  1.15e-12  1.15e-12  1.15e-12  1.15e-12  1.15e-12  1.15e-12
   1007    46    18   4.33e-14  7.72e-14  9.28e-14  8.87e-14  8.17e-14  7.49e-14  6.88e-14  6.35e-14  5.89e-14  5.50e-14  5.15e-14
   1008    46    19   1.18e-12  1.18e-12  1.21e-12  1.24e-12  1.29e-12  1.35e-12  1.41e-12  1.47e-12  1.52e-12  1.58e-12  1.62e-12
   1009    46    20   5.29e-13  5.45e-13  5.59e-13  5.83e-13  6.11e-13  6.38e-13  6.62e-13  6.84e-13  7.03e-13  7.20e-13  7.34e-13
   1010    46    21   1.45e-12  1.45e-12  1.48e-12  1.53e-12  1.59e-12  1.66e-12  1.73e-12  1.80e-12  1.87e-12  1.93e-12  1.99e-12
   1011    46    22   2.15e-12  2.16e-12  2.18e-12  2.18e-12  2.18e-12  2.19e-12  2.19e-12  2.20e-12  2.20e-12  2.20e-12  2.20e-12
   1012    46    23   3.46e-12  3.47e-12  3.50e-12  3.51e-12  3.51e-12  3.52e-12  3.53e-12  3.53e-12  3.54e-12  3.54e-12  3.54e-12
   1013    46    24   2.66e-12  2.67e-12  2.69e-12  2.70e-12  2.70e-12  2.71e-12  2.71e-12  2.72e-12  2.73e-12  2.73e-12  2.72e-12
   1014    46    25   7.11e-11  7.43e-11  7.81e-11  7.93e-11  8.00e-11  8.07e-11  8.14e-11  8.21e-11  8.28e-11  8.34e-11  8.37e-11
   1015    46    26   5.63e-12  6.05e-12  6.25e-12  6.23e-12  6.20e-12  6.19e-12  6.20e-12  6.21e-12  6.23e-12  6.25e-12  6.25e-12
   1016    46    27   7.73e-13  9.50e-13  9.06e-13  8.17e-13  7.51e-13  7.04e-13  6.69e-13  6.42e-13  6.21e-13  6.02e-13  5.86e-13
   1017    46    28   3.06e-12  3.32e-12  3.43e-12  3.41e-12  3.36e-12  3.30e-12  3.24e-12  3.18e-12  3.13e-12  3.07e-12  3.02e-12
   1018    46    29   1.04e-12  1.17e-12  1.23e-12  1.21e-12  1.17e-12  1.14e-12  1.11e-12  1.08e-12  1.06e-12  1.03e-12  1.01e-12
   1019    46    30   7.36e-13  8.34e-13  8.73e-13  8.58e-13  8.34e-13  8.10e-13  7.88e-13  7.68e-13  7.49e-13  7.32e-13  7.16e-13
   1020    46    31   1.12e-12  1.38e-12  1.58e-12  1.60e-12  1.60e-12  1.59e-12  1.60e-12  1.62e-12  1.65e-12  1.67e-12  1.70e-12
   1021    46    32   1.23e-12  1.50e-12  1.73e-12  1.75e-12  1.74e-12  1.74e-12  1.75e-12  1.77e-12  1.80e-12  1.83e-12  1.86e-12
   1022    46    33   1.03e-12  1.45e-12  1.78e-12  1.77e-12  1.69e-12  1.62e-12  1.57e-12  1.53e-12  1.50e-12  1.48e-12  1.46e-12
   1023    46    34   1.41e-12  1.62e-12  1.76e-12  1.75e-12  1.71e-12  1.68e-12  1.67e-12  1.66e-12  1.66e-12  1.65e-12  1.65e-12
   1024    46    35   1.50e-12  1.74e-12  1.90e-12  1.88e-12  1.84e-12  1.81e-12  1.80e-12  1.79e-12  1.78e-12  1.78e-12  1.78e-12
   1025    46    36   2.39e-12  2.75e-12  2.95e-12  2.88e-12  2.77e-12  2.67e-12  2.60e-12  2.54e-12  2.50e-12  2.47e-12  2.44e-12
   1026    46    37   1.49e-13  1.63e-13  2.53e-13  4.56e-13  6.40e-13  7.63e-13  8.31e-13  8.62e-13  8.69e-13  8.62e-13  8.45e-13
   1027    46    38   1.52e-13  1.67e-13  2.15e-13  3.13e-13  4.05e-13  4.69e-13  5.10e-13  5.33e-13  5.45e-13  5.50e-13  5.50e-13
   1028    46    39   1.36e-13  1.49e-13  1.93e-13  2.85e-13  3.70e-13  4.29e-13  4.67e-13  4.88e-13  4.99e-13  5.03e-13  5.02e-13
   1029    46    40   4.28e-12  4.52e-12  4.95e-12  5.31e-12  5.61e-12  5.87e-12  6.09e-12  6.28e-12  6.44e-12  6.57e-12  6.68e-12
   1030    46    41   2.35e-12  2.49e-12  2.72e-12  2.92e-12  3.09e-12  3.24e-12  3.36e-12  3.47e-12  3.57e-12  3.64e-12  3.71e-12
   1031    46    42   2.23e-12  2.36e-12  2.59e-12  2.78e-12  2.94e-12  3.08e-12  3.20e-12  3.30e-12  3.39e-12  3.47e-12  3.52e-12
   1032    46    43   1.08e-11  1.06e-11  1.09e-11  1.11e-11  1.12e-11  1.13e-11  1.13e-11  1.13e-11  1.13e-11  1.13e-11  1.12e-11
   1033    46    44   9.58e-13  1.06e-12  1.13e-12  1.17e-12  1.19e-12  1.20e-12  1.21e-12  1.22e-12  1.22e-12  1.22e-12  1.21e-12
   1034    46    45   9.26e-13  1.01e-12  1.08e-12  1.12e-12  1.14e-12  1.15e-12  1.16e-12  1.17e-12  1.17e-12  1.17e-12  1.17e-12
   1035    47     1   2.57e-14  2.67e-14  2.69e-14  2.64e-14  2.60e-14  2.56e-14  2.54e-14  2.52e-14  2.51e-14  2.49e-14  2.47e-14
   1036    47     2   2.38e-12  2.43e-12  2.49e-12  2.50e-12  2.49e-12  2.49e-12  2.49e-12  2.49e-12  2.49e-12  2.48e-12  2.47e-12
   1037    47     3   5.53e-14  6.66e-14  7.27e-14  7.05e-14  6.72e-14  6.42e-14  6.16e-14  5.96e-14  5.78e-14  5.63e-14  5.50e-14
   1038    47     4   1.42e-15  2.47e-15  3.07e-15  2.95e-15  2.73e-15  2.51e-15  2.32e-15  2.16e-15  2.02e-15  1.89e-15  1.78e-15
   1039    47     5   2.59e-13  3.11e-13  3.45e-13  3.39e-13  3.28e-13  3.19e-13  3.14e-13  3.11e-13  3.10e-13  3.09e-13  3.09e-13
   1040    47     6   1.47e-13  1.54e-13  1.64e-13  1.66e-13  1.67e-13  1.69e-13  1.71e-13  1.74e-13  1.77e-13  1.80e-13  1.83e-13
   1041    47     7   2.03e-13  2.01e-13  2.00e-13  2.01e-13  2.03e-13  2.07e-13  2.12e-13  2.18e-13  2.24e-13  2.29e-13  2.33e-13
   1042    47     8   1.50e-12  1.48e-12  1.49e-12  1.51e-12  1.54e-12  1.58e-12  1.62e-12  1.67e-12  1.71e-12  1.75e-12  1.79e-12
   1043    47     9   1.04e-12  1.03e-12  1.03e-12  1.05e-12  1.07e-12  1.09e-12  1.12e-12  1.15e-12  1.18e-12  1.21e-12  1.24e-12
   1044    47    10   1.92e-13  1.88e-13  1.84e-13  1.83e-13  1.85e-13  1.87e-13  1.91e-13  1.95e-13  2.00e-13  2.04e-13  2.07e-13
   1045    47    11   1.32e-12  1.31e-12  1.32e-12  1.33e-12  1.34e-12  1.35e-12  1.36e-12  1.37e-12  1.38e-12  1.39e-12  1.39e-12
   1046    47    12   7.02e-13  6.91e-13  6.87e-13  6.89e-13  6.95e-13  7.04e-13  7.15e-13  7.27e-13  7.38e-13  7.48e-13  7.56e-13
   1047    47    13   7.38e-13  7.72e-13  8.02e-13  7.99e-13  7.89e-13  7.79e-13  7.70e-13  7.62e-13  7.54e-13  7.45e-13  7.37e-13
   1048    47    14   2.58e-12  2.70e-12  2.81e-12  2.80e-12  2.77e-12  2.73e-12  2.70e-12  2.67e-12  2.64e-12  2.61e-12  2.58e-12
   1049    47    15   5.59e-14  6.14e-14  6.29e-14  6.10e-14  5.89e-14  5.71e-14  5.58e-14  5.47e-14  5.38e-14  5.30e-14  5.22e-14
   1050    47    16   4.58e-14  8.04e-14  9.64e-14  9.21e-14  8.49e-14  7.79e-14  7.18e-14  6.64e-14  6.18e-14  5.78e-14  5.43e-14
   1051    47    17   5.42e-12  5.73e-12  6.04e-12  6.18e-12  6.27e-12  6.33e-12  6.39e-12  6.44e-12  6.47e-12  6.49e-12  6.50e-12
   1052    47    18   9.43e-15  1.51e-14  1.78e-14  1.71e-14  1.58e-14  1.46e-14  1.36e-14  1.28e-14  1.21e-14  1.15e-14  1.10e-14
   1053    47    19   2.08e-13  2.09e-13  2.11e-13  2.16e-13  2.23e-13  2.31e-13  2.40e-13  2.50e-13  2.59e-13  2.67e-13  2.74e-13
   1054    47    20   1.11e-12  1.11e-12  1.13e-12  1.17e-12  1.21e-12  1.26e-12  1.32e-12  1.37e-12  1.43e-12  1.47e-12  1.52e-12
   1055    47    21   1.84e-12  1.86e-12  1.90e-12  1.97e-12  2.06e-12  2.15e-12  2.24e-12  2.33e-12  2.41e-12  2.49e-12  2.55e-12
   1056    47    22   1.40e-13  1.43e-13  1.42e-13  1.41e-13  1.41e-13  1.41e-13  1.42e-13  1.43e-13  1.44e-13  1.45e-13  1.46e-13
   1057    47    23   1.89e-12  1.89e-12  1.91e-12  1.91e-12  1.91e-12  1.92e-12  1.92e-12  1.93e-12  1.93e-12  1.93e-12  1.93e-12
   1058    47    24   6.25e-12  6.26e-12  6.32e-12  6.34e-12  6.34e-12  6.35e-12  6.37e-12  6.38e-12  6.39e-12  6.39e-12  6.38e-12
   1059    47    25   6.89e-13  8.51e-13  8.12e-13  7.32e-13  6.72e-13  6.29e-13  5.97e-13  5.73e-13  5.53e-13  5.36e-13  5.21e-13
   1060    47    26   7.68e-11  8.04e-11  8.43e-11  8.56e-11  8.62e-11  8.69e-11  8.76e-11  8.84e-11  8.91e-11  8.96e-11  9.00e-11
   1061    47    27   7.08e-14  9.41e-14  9.07e-14  8.07e-14  7.30e-14  6.72e-14  6.29e-14  5.95e-14  5.68e-14  5.46e-14  5.27e-14
   1062    47    28   6.49e-13  7.40e-13  7.75e-13  7.59e-13  7.36e-13  7.14e-13  6.93e-13  6.74e-13  6.57e-13  6.42e-13  6.27e-13
   1063    47    29   4.13e-12  4.52e-12  4.69e-12  4.64e-12  4.56e-12  4.47e-12  4.39e-12  4.31e-12  4.23e-12  4.15e-12  4.07e-12
   1064    47    30   5.46e-14  6.99e-14  7.38e-14  6.94e-14  6.43e-14  5.97e-14  5.58e-14  5.26e-14  4.98e-14  4.75e-14  4.54e-14
   1065    47    31   1.70e-13  2.14e-13  2.46e-13  2.47e-13  2.45e-13  2.44e-13  2.45e-13  2.47e-13  2.50e-13  2.54e-13  2.58e-13
   1066    47    32   2.20e-12  2.89e-12  3.42e-12  3.44e-12  3.36e-12  3.29e-12  3.24e-12  3.22e-12  3.22e-12  3.23e-12  3.24e-12
   1067    47    33   1.00e-12  1.23e-12  1.41e-12  1.43e-12  1.43e-12  1.42e-12  1.43e-12  1.45e-12  1.47e-12  1.50e-12  1.52e-12
   1068    47    34   1.55e-13  1.92e-13  2.18e-13  2.18e-13  2.14e-13  2.11e-13  2.09e-13  2.09e-13  2.09e-13  2.10e-13  2.11e-13
   1069    47    35   3.91e-12  4.49e-12  4.84e-12  4.75e-12  4.60e-12  4.48e-12  4.38e-12  4.32e-12  4.27e-12  4.24e-12  4.21e-12
   1070    47    36   1.23e-12  1.42e-12  1.55e-12  1.54e-12  1.51e-12  1.48e-12  1.47e-12  1.46e-12  1.46e-12  1.46e-12  1.46e-12
   1071    47    37   1.24e-13  1.36e-13  1.76e-13  2.56e-13  3.31e-13  3.84e-13  4.17e-13  4.36e-13  4.46e-13  4.50e-13  4.50e-13
   1072    47    38   2.88e-13  3.14e-13  4.49e-13  7.50e-13  1.03e-12  1.21e-12  1.32e-12  1.37e-12  1.39e-12  1.39e-12  1.37e-12
   1073    47    39   2.53e-14  2.93e-14  3.61e-14  4.74e-14  5.81e-14  6.60e-14  7.13e-14  7.48e-14  7.71e-14  7.85e-14  7.93e-14
   1074    47    40   1.92e-12  2.03e-12  2.23e-12  2.39e-12  2.53e-12  2.65e-12  2.75e-12  2.84e-12  2.92e-12  2.98e-12  3.03e-12
   1075    47    41   6.74e-12  7.14e-12  7.82e-12  8.40e-12  8.88e-12  9.28e-12  9.64e-12  9.94e-12  1.02e-11  1.04e-11  1.06e-11
   1076    47    42   1.86e-13  1.98e-13  2.14e-13  2.28e-13  2.41e-13  2.52e-13  2.61e-13  2.68e-13  2.74e-13  2.79e-13  2.83e-13
   1077    47    43   7.84e-13  8.64e-13  9.26e-13  9.55e-13  9.74e-13  9.85e-13  9.92e-13  9.96e-13  9.98e-13  9.97e-13  9.94e-13
   1078    47    44   1.19e-11  1.17e-11  1.21e-11  1.24e-11  1.25e-11  1.26e-11  1.26e-11  1.26e-11  1.26e-11  1.26e-11  1.25e-11
   1079    47    45   4.81e-14  6.92e-14  7.84e-14  7.97e-14  7.99e-14  7.95e-14  7.88e-14  7.79e-14  7.70e-14  7.60e-14  7.50e-14
   1080    47    46   1.70e-12  2.04e-12  2.34e-12  2.45e-12  2.48e-12  2.48e-12  2.45e-12  2.40e-12  2.34e-12  2.28e-12  2.21e-12
   1081    48     1   1.00e-12  1.02e-12  1.04e-12  1.05e-12  1.05e-12  1.05e-12  1.05e-12  1.05e-12  1.05e-12  1.05e-12  1.04e-12
   1082    48     2   3.12e-13  3.28e-13  3.38e-13  3.36e-13  3.32e-13  3.29e-13  3.26e-13  3.24e-13  3.22e-13  3.20e-13  3.18e-13
   1083    48     3   1.14e-12  1.18e-12  1.21e-12  1.21e-12  1.21e-12  1.21e-12  1.20e-12  1.20e-12  1.20e-12  1.20e-12  1.19e-12
   1084    48     4   1.74e-14  3.62e-14  4.48e-14  4.05e-14  3.49e-14  3.01e-14  2.61e-14  2.29e-14  2.03e-14  1.82e-14  1.64e-14
   1085    48     5   1.44e-13  1.57e-13  1.69e-13  1.70e-13  1.70e-13  1.70e-13  1.71e-13  1.72e-13  1.74e-13  1.76e-13  1.78e-13
   1086    48     6   2.46e-13  2.74e-13  2.98e-13  2.97e-13  2.93e-13  2.91e-13  2.91e-13  2.92e-13  2.94e-13  2.97e-13  2.99e-13
   1087    48     7   5.18e-13  5.14e-13  5.17e-13  5.25e-13  5.36e-13  5.49e-13  5.64e-13  5.80e-13  5.95e-13  6.09e-13  6.21e-13
   1088    48     8   6.99e-13  6.92e-13  6.93e-13  6.98e-13  7.08e-13  7.24e-13  7.42e-13  7.62e-13  7.82e-13  8.01e-13  8.17e-13
   1089    48     9   1.52e-12  1.51e-12  1.52e-12  1.54e-12  1.57e-12  1.61e-12  1.65e-12  1.70e-12  1.74e-12  1.79e-12  1.82e-12
   1090    48    10   6.04e-13  6.06e-13  6.15e-13  6.19e-13  6.23e-13  6.26e-13  6.28e-13  6.30e-13  6.32e-13  6.32e-13  6.31e-13
   1091    48    11   5.75e-13  5.64e-13  5.56e-13  5.56e-13  5.60e-13  5.68e-13  5.78e-13  5.89e-13  6.00e-13  6.11e-13  6.19e-13
   1092    48    12   1.03e-12  1.02e-12  1.02e-12  1.03e-12  1.03e-12  1.05e-12  1.06e-12  1.07e-12  1.09e-12  1.10e-12  1.11e-12
   1093    48    13   1.51e-12  1.57e-12  1.63e-12  1.63e-12  1.61e-12  1.59e-12  1.57e-12  1.56e-12  1.54e-12  1.53e-12  1.51e-12
   1094    48    14   3.59e-13  3.81e-13  3.94e-13  3.89e-13  3.82e-13  3.76e-13  3.70e-13  3.65e-13  3.61e-13  3.56e-13  3.52e-13
   1095    48    15   1.51e-12  1.58e-12  1.65e-12  1.64e-12  1.62e-12  1.60e-12  1.58e-12  1.56e-12  1.55e-12  1.53e-12  1.51e-12
   1096    48    16   1.21e-12  1.32e-12  1.41e-12  1.43e-12  1.44e-12  1.45e-12  1.45e-12  1.46e-12  1.46e-12  1.46e-12  1.45e-12
   1097    48    17   1.08e-13  1.33e-13  1.47e-13  1.47e-13  1.43e-13  1.40e-13  1.37e-13  1.35e-13  1.33e-13  1.31e-13  1.29e-13
   1098    48    18   4.15e-12  4.37e-12  4.60e-12  4.71e-12  4.78e-12  4.84e-12  4.89e-12  4.93e-12  4.96e-12  4.97e-12  4.98e-12
   1099    48    19   1.05e-12  1.07e-12  1.10e-12  1.14e-12  1.20e-12  1.25e-12  1.30e-12  1.35e-12  1.40e-12  1.44e-12  1.47e-12
   1100    48    20   1.64e-12  1.64e-12  1.68e-12  1.73e-12  1.80e-12  1.88e-12  1.96e-12  2.04e-12  2.12e-12  2.19e-12  2.26e-12
   1101    48    21   4.61e-13  4.63e-13  4.69e-13  4.80e-13  4.96e-13  5.16e-13  5.36e-13  5.58e-13  5.78e-13  5.97e-13  6.13e-13
   1102    48    22   4.62e-12  4.62e-12  4.67e-12  4.68e-12  4.68e-12  4.69e-12  4.70e-12  4.71e-12  4.72e-12  4.72e-12  4.71e-12
   1103    48    23   3.23e-12  3.24e-12  3.26e-12  3.27e-12  3.27e-12  3.28e-12  3.29e-12  3.30e-12  3.30e-12  3.30e-12  3.30e-12
   1104    48    24   4.34e-13  4.39e-13  4.39e-13  4.38e-13  4.38e-13  4.40e-13  4.42e-13  4.44e-13  4.46e-13  4.48e-13  4.48e-13
   1105    48    25   7.15e-12  7.66e-12  7.92e-12  7.91e-12  7.88e-12  7.87e-12  7.89e-12  7.91e-12  7.94e-12  7.96e-12  7.97e-12
   1106    48    26   2.86e-13  3.46e-13  3.41e-13  3.18e-13  3.00e-13  2.87e-13  2.77e-13  2.70e-13  2.65e-13  2.60e-13  2.56e-13
   1107    48    27   7.01e-11  7.33e-11  7.70e-11  7.81e-11  7.88e-11  7.94e-11  8.01e-11  8.08e-11  8.15e-11  8.20e-11  8.23e-11
   1108    48    28   1.26e-12  1.42e-12  1.48e-12  1.46e-12  1.42e-12  1.39e-12  1.35e-12  1.32e-12  1.29e-12  1.26e-12  1.23e-12
   1109    48    29   1.63e-13  1.98e-13  2.08e-13  1.99e-13  1.88e-13  1.78e-13  1.69e-13  1.62e-13  1.56e-13  1.50e-13  1.45e-13
   1110    48    30   3.41e-12  3.71e-12  3.84e-12  3.81e-12  3.75e-12  3.68e-12  3.62e-12  3.55e-12  3.49e-12  3.43e-12  3.36e-12
   1111    48    31   1.66e-12  2.23e-12  2.66e-12  2.67e-12  2.60e-12  2.53e-12  2.48e-12  2.45e-12  2.43e-12  2.43e-12  2.42e-12
   1112    48    32   2.68e-13  3.36e-13  3.86e-13  3.89e-13  3.85e-13  3.84e-13  3.85e-13  3.89e-13  3.94e-13  3.99e-13  4.05e-13
   1113    48    33   1.44e-12  1.77e-12  2.03e-12  2.06e-12  2.05e-12  2.05e-12  2.06e-12  2.09e-12  2.12e-12  2.15e-12  2.19e-12
   1114    48    34   3.25e-12  3.72e-12  4.00e-12  3.92e-12  3.78e-12  3.67e-12  3.59e-12  3.53e-12  3.48e-12  3.45e-12  3.42e-12
   1115    48    35   2.43e-13  3.02e-13  3.43e-13  3.42e-13  3.36e-13  3.31e-13  3.29e-13  3.28e-13  3.29e-13  3.30e-13  3.31e-13
   1116    48    36   1.81e-12  2.08e-12  2.27e-12  2.25e-12  2.20e-12  2.17e-12  2.14e-12  2.13e-12  2.13e-12  2.13e-12  2.13e-12
   1117    48    37   1.75e-13  1.92e-13  2.48e-13  3.66e-13  4.75e-13  5.52e-13  6.00e-13  6.27e-13  6.41e-13  6.47e-13  6.46e-13
   1118    48    38   3.98e-14  4.60e-14  5.68e-14  7.46e-14  9.13e-14  1.04e-13  1.12e-13  1.18e-13  1.21e-13  1.23e-13  1.25e-13
   1119    48    39   2.22e-13  2.41e-13  3.56e-13  6.13e-13  8.48e-13  1.01e-12  1.10e-12  1.14e-12  1.15e-12  1.14e-12  1.13e-12
   1120    48    40   2.87e-12  3.03e-12  3.33e-12  3.57e-12  3.78e-12  3.96e-12  4.11e-12  4.25e-12  4.36e-12  4.46e-12  4.53e-12
   1121    48    41   2.93e-13  3.12e-13  3.36e-13  3.59e-13  3.79e-13  3.95e-13  4.09e-13  4.21e-13  4.31e-13  4.39e-13  4.44e-13
   1122    48    42   5.69e-12  6.02e-12  6.60e-12  7.08e-12  7.49e-12  7.83e-12  8.13e-12  8.39e-12  8.61e-12  8.79e-12  8.93e-12
   1123    48    43   1.19e-12  1.30e-12  1.39e-12  1.43e-12  1.46e-12  1.48e-12  1.49e-12  1.50e-12  1.50e-12  1.50e-12  1.50e-12
   1124    48    44   7.56e-14  1.09e-13  1.23e-13  1.25e-13  1.25e-13  1.25e-13  1.24e-13  1.22e-13  1.21e-13  1.19e-13  1.18e-13
   1125    48    45   1.14e-11  1.13e-11  1.16e-11  1.19e-11  1.20e-11  1.20e-11  1.20e-11  1.20e-11  1.20e-11  1.20e-11  1.20e-11
   1126    48    46   2.60e-12  3.11e-12  3.57e-12  3.73e-12  3.78e-12  3.78e-12  3.73e-12  3.66e-12  3.57e-12  3.47e-12  3.37e-12
   1127    48    47   1.17e-13  1.65e-13  1.94e-13  2.04e-13  2.10e-13  2.12e-13  2.10e-13  2.06e-13  2.00e-13  1.94e-13  1.87e-13
